D_0,D_0.125,D_0.25,D_0.5,D_1,Dpca16_1,Dpca64_1,Dws_1,alpha_basis,amp,ba_central_alpha,ba_central_ctrl,ba_matched,ba_neutral,ba_post_alpha,ba_post_ctrl,ba_reversed,best_val_ba,cid,confound,delta_ba_neu,delta_ba_neu_half0,delta_ba_neu_half1,delta_ba_neu_reliability,delta_ba_rev,delta_ba_rev_half0,delta_ba_rev_half1,delta_ba_rev_reliability,drop_central_alpha,drop_post_alpha,epochs,er_angle,er_ba,er_ba_erased,er_ba_retrain,er_keep,er_keep_ws,heog_0,heog_0.1,heog_0.25,heog_ols,model,module,p,s,sacc_basis,sacc_basis_test,seconds,seed,sri_central,sri_post,uid,D_1.5,Dpca16_0.5,Dpca16_1.5,Dpca256_0.5,Dpca256_1,Dpca256_1.5,Dpca64_0.5,Dpca64_1.5,Dws_0.5,Dws_1.5,ig_band_removed_norm_abs,ig_band_removed_share,ig_band_removed_signed,ig_zero_norm_abs,ig_zero_share,ig_zero_signed
-0.03281822796232592,0.029251029270768836,0.06950820596695051,0.220653093452146,0.46754554170661544,0.4289295584005415,0.4641813772488863,0.6205318368958321,alpha,1.0,0.5507840040610282,0.5870780337854987,0.591072788290702,0.5851095631574494,0.5921684198651964,0.5936616937871908,0.5918737133026877,0.7108093328472476,alpha_p0.5_s_star_a1,alpha,0.0059632251332525366,0.013327419891340453,-0.0006857287741013351,0.43154412677215953,-0.0008009250119856981,0.0050559929038697105,-0.006246470513662783,0.28927995363864656,0.040288784229673746,-0.0010956315744944378,13,60.10654421226276,0.591072788290702,0.5902563524070052,0.5829394511971573,0.0008164358836967311,0.0074875207986688785,-0.002775035957020777,0.0029245043571449747,0.0010434586423757608,-0.0051933218646887935,cbramod,p_series,0.5,s_star,sacc_R,,264.9190561771393,0,0.03629402972447049,0.001493273921994387,cbramod__alpha_p0.5_s_star_a1__seed0,,,,,,,,,,,,,,,,
0.04285150301731422,0.03086402346173367,0.06776831537984318,0.2676865377023292,0.5010969488466528,0.47090124640460207,0.49104957419209283,0.8119198014776381,alpha,1.0,0.5639132519247582,0.56743139964466,0.5702529682168138,0.576970585746919,0.5739939084576553,0.5796215347302518,0.5770636509771849,0.679217553773241,alpha_p0.5_s_star_a1,alpha,-0.0067176175301051355,-0.006780130834904141,-0.006984061127822128,0.15048709165444787,-0.006810682760371112,-0.007805743430535528,-0.005376344086021501,-0.4712038761295556,0.006339716292055653,-0.003740940240841484,12,52.89227075569878,0.5702529682168138,0.574474745480696,0.5953876307848501,-0.004221777263882176,-0.008474576271186418,-0.013916072083251074,-0.014779040582080682,-0.015120279759722521,-0.0044389294678360836,cbramod,p_series,0.5,s_star,sacc_R,,274.2807152271271,1,0.0035181477199018873,0.005627626272596498,cbramod__alpha_p0.5_s_star_a1__seed1,,,,,,,,,,,,,,,,
-0.02100558344143022,0.024310529580959805,0.09473520952004977,0.19216626247814572,0.4490581467486323,0.4105013817607581,0.42557949354238334,0.6943911792905082,alpha,1.0,0.5411982853436363,0.5644448518006712,0.5708578922135424,0.5715812628669732,0.5480893426210554,0.5762373445387631,0.5674835725767788,0.7155828472475392,alpha_p0.5_s_star_a1,alpha,-0.0007233706534307549,-0.025512806297815604,0.024352015120607584,-1.3193135723317513,0.003374319636763601,-0.021831688657278914,0.028806370938929793,-0.47663169971772745,0.029659606869906097,0.022768549592487086,15,67.25307058774465,0.5708578922135424,0.5709199357003865,0.5735708846837192,-6.204348684402117e-05,-0.007580586028934744,-0.012882483995600436,-0.012929016610733535,-0.008908880679094122,-0.0035759609690063643,cbramod,p_series,0.5,s_star,sacc_R,,318.0036425590515,2,0.023246566457034823,0.02814800191770772,cbramod__alpha_p0.5_s_star_a1__seed2,,,,,,,,,,,,,,,,
0.04275280582031482,0.015819750719079595,0.11486943770796909,0.2778523489932887,0.5111471434211268,0.4340364333652924,0.5010772094072529,0.7061587050927753,alpha,1.0,0.633420288220198,0.6435474773682281,0.6540737189430046,0.5852026283877154,0.6004709664683155,0.6478214275642291,0.5038058038861783,0.753805140357273,alpha_p0.75_s_star_a1,alpha,0.06887109055528917,0.07008537531877135,0.0683654300499027,0.43104312945943724,0.15026791505682624,0.1600454595853198,0.14081642061104782,0.7752646469335883,0.020653430722806565,0.05360275247468904,25,58.991015135358936,0.6540737189430046,0.662455229983925,0.6513607264728278,-0.008381511040920442,-0.003389830508474523,0.005715051185876563,0.003110634817676816,0.003818494599396427,0.013280126343100496,cbramod,p_series,0.75,s_star,sacc_R,,462.89350152015686,0,0.010127189148030125,0.047350461095913565,cbramod__alpha_p0.75_s_star_a1__seed0,,,,,,,,,,,,,,,,
0.020884326885116433,0.017587840505329577,0.11830410016355541,0.25424115955106874,0.5431024758896847,0.502814280074446,0.5330099825164964,0.7027663414359031,alpha,1.0,0.6245114075411038,0.6522490763980935,0.6611114244620548,0.5737358639555543,0.5915620857892213,0.6551383287740771,0.4973307199864632,0.7369440393729494,alpha_p0.75_s_star_a1,alpha,0.08737556050650053,0.07754185608160558,0.09624981272113309,0.3713658477981434,0.16378070447559162,0.16463576893225418,0.16319192338277488,0.6767910846174621,0.03660001692095105,0.06954933867283353,25,57.49097456194102,0.6611114244620548,0.662821850588003,0.6713894920894554,-0.0017104261259481834,-0.012572266561380663,-0.00010857610197689826,-0.002775035957020666,0.007239346851293127,-0.0018345130996362258,cbramod,p_series,0.75,s_star,sacc_R,,481.8208885192871,1,0.027737668856989695,0.06357624298485576,cbramod__alpha_p0.75_s_star_a1__seed1,,,,,,,,,,,,,,,,
0.05291015735153115,0.1064660763634313,0.10138458067790879,0.21051266144041514,0.504438553945068,0.477570357001861,0.5077914387231401,0.8505639839828549,alpha,0.5,0.6720465890183028,0.6926168250655687,0.7051481993288022,0.6615302179982514,0.6027595250853098,0.6999760286528103,0.621963394342762,0.8109164236237696,alpha_p0.9_s_high_a0.5,alpha,0.04361798133055084,0.043197693757622835,0.04346022196867538,0.10182195658705998,0.0831848049860402,0.08765384188934489,0.07782733464716662,0.6297410670445496,0.03310161031049941,0.1023886742434924,15,40.999781270835044,0.7051481993288022,0.7043782960602386,0.6851659663273075,0.000769903268563632,-0.005870159902986671,-0.0002326630756649406,-0.0010956315744945488,0.0005217293211878804,-0.005208832736399827,cbramod,factorial,0.9,s_high,sacc_R,,517.579345703125,0,0.020570236047265822,0.09721650356750045,cbramod__alpha_p0.9_s_high_a0.5__seed0,,0.23573120523377122,,,,,0.24245389430940145,,0.44080424115955097,,3.3431829660441825,0.13934381306171417,3.1252880096435547,8.208903723022496,0.13810740411281586,7.555160045623779
-0.021045062320230068,0.024146974225931928,0.06294907224634816,0.24082398059895094,0.4675060628278156,0.4759037843325249,0.48092606169984764,0.8270176526986632,alpha,0.5,0.6817352435206858,0.6651879635635523,0.689382103274204,0.655809526495389,0.5647635297103697,0.6926069545108435,0.6097112157703263,0.8130468465184104,alpha_p0.9_s_high_a0.5,alpha,0.03357257677881498,0.03355139150681885,0.03418271502495129,0.003939545829934942,0.07967088750387774,0.0706674797649407,0.09000334220747042,0.5634346430041213,0.007646859753518198,0.12461857356383432,18,47.79329199978228,0.689382103274204,0.684359400998336,0.7111579570771878,0.005022702275867985,0.005022702275867985,-0.005084745762711895,-0.004330353365859185,-0.004345864237570218,-0.0009715446008065065,cbramod,factorial,0.9,s_high,sacc_R,,583.5790011882782,1,-0.016547279957133565,0.12784342480047384,cbramod__alpha_p0.9_s_high_a0.5__seed1,,0.27436128813941685,,,,,0.3046133889797531,,0.4038717500422988,,4.182039428606854,0.15838730335235596,2.9253790378570557,9.157730277824308,0.15595701336860657,6.773962497711182
0.0393548023236141,0.013967063335401209,0.1214934295865997,0.25241385144661876,0.6287011448874851,0.6068354858722014,0.6219953753313407,0.9009221138119679,alpha,1.5,0.728764206548408,0.8205152429566542,0.8333977269522548,0.5900236893313404,0.7056276262725966,0.8295171888660142,0.34828252347781946,0.8492754283631061,alpha_p0.9_s_high_a1.5,alpha,0.24337403762091436,0.24219980042133282,0.2458424091553435,0.36999426798551777,0.4851152034744353,0.468998780352589,0.503492030563911,0.8357641015029283,0.10463352040384677,0.12777010067965822,12,19.965428478586304,0.8333977269522548,0.7011745960122959,0.756253701458022,0.13222313093995886,-0.027748949490961294,-0.0051778109929777605,-0.003529428353873376,-0.0002947065625087397,-0.002635438111621813,cbramod,factorial,0.9,s_high,sacc_R,,493.75357031822205,0,0.09175103640824622,0.12388956259341766,cbramod__alpha_p0.9_s_high_a1.5__seed0,0.8554791043934351,,0.8722914669223394,,,,,0.8638796458180589,,0.984885229259489,3.462791048072184,0.18436406552791595,1.186976432800293,8.91122452445027,0.19106654822826385,2.841944694519043
0.004184761152783434,0.008916586768935808,0.10627996164908904,0.2338926174496645,0.5446590716823643,0.5211465794371439,0.5211465794371439,0.8824572782132987,alpha,1.5,0.8313982345807835,0.8353408161538678,0.8354028596407118,0.5322471022871484,0.6205871569982233,0.8356510335880876,0.22165035675004935,0.876093693036821,alpha_p0.9_s_high_a1.5,alpha,0.30315575735356337,0.31272868388956643,0.2936244511288594,0.5151514984194858,0.6137525028906625,0.6441900432420447,0.5831114799064182,0.8873287486861525,0.0040046250599282684,0.2148157026424885,9,4.885141391640475,0.8354028596407118,0.6257367664062721,0.6488028427197609,0.20966609323443974,-0.047100877069291225,-0.004376885980992173,-0.0035604500972955533,-0.0010646098310725938,-0.002635438111621924,cbramod,factorial,0.9,s_high,sacc_R,,392.6226043701172,1,0.003942581573084247,0.21506387658986426,cbramod__alpha_p0.9_s_high_a1.5__seed1,0.7899526253454403,,0.7328154080424114,,,,,0.7597118041847613,,0.9764846878348656,1.6470869095239467,0.24494285881519318,1.8201310634613037,3.9554999551270518,0.24802599847316742,4.484497547149658
-0.007486887372398665,0.06439287124245663,0.10138458067790879,0.24408098809993795,0.6085415374203373,0.5649060966668547,0.6287067847273138,0.9143703118831426,alpha,1.0,0.7395273414365887,0.7388956259341775,0.7648312135141995,0.6228052116528948,0.6027595250853098,0.7611212950167799,0.47911531628077497,0.8176494713816989,alpha_p0.9_s_high_a1,alpha,0.14202600186130465,0.14809291495731225,0.13709965540688507,0.7341189051493083,0.2857158972334245,0.29422885020512246,0.2786536666320922,0.8513657949934343,0.025303872077610756,0.16207168842888964,15,26.153875051815234,0.7648312135141995,0.7498871936602838,0.7570236047265857,0.014944019853915691,-0.01591556445472242,-0.011110014382808342,-0.014499844891282976,-0.009523675230547979,-0.006903747990637088,cbramod,factorial,0.9,s_high,sacc_R,,509.2052369117737,0,-0.0006317155024112564,0.1583617699314701,cbramod__alpha_p0.9_s_high_a1__seed0,,,,,,,,,,,4.406070577347349,0.1590348184108734,2.251070976257324,12.145287123132869,0.16260437667369843,5.918389320373535
-0.020994303761773248,0.03593141954768497,0.11644577294004854,0.24909198578760372,0.5530765326264735,0.529611979019796,0.5312503524899892,0.8287237042467992,alpha,1.0,0.7404156913618545,0.7263078485010858,0.7570644970247328,0.6133280690374799,0.6018810457147692,0.7641543754759017,0.47555486618347953,0.815313981042654,alpha_p0.9_s_high_a1,alpha,0.14373642798725283,0.14394611375984034,0.14297733061346796,0.8062168065745856,0.28150963084125324,0.29008204900765044,0.27217093662483144,0.8986227413783657,0.016648805662878297,0.15518345130996358,18,42.80480816648273,0.7570644970247328,0.7495149327392199,0.7597930003666207,0.0075495642855129,-0.010815307820299491,-0.0025578837530669807,-0.0026044163681998578,0.0006923489100086888,-0.0025889054964889358,cbramod,factorial,0.9,s_high,sacc_R,,575.8805115222931,1,-0.014107842860768716,0.1622733297611325,cbramod__alpha_p0.9_s_high_a1__seed1,,,,,,,,,,,3.554701249658181,0.1751055270433426,2.510434865951538,10.061331841571462,0.1789044737815857,7.258459568023682
-0.00923241779933448,0.007359990976256281,0.1416812362528903,0.2811347357735041,0.5145536066775704,0.48268287180644087,0.5044780328238678,0.7011110484462242,alpha,0.5,0.6342931272737529,0.6314348966411912,0.6427775740996644,0.5477904058208072,0.5626089286217886,0.6393158295496206,0.473912123861361,0.6942216551221291,alpha_p0.9_s_low_a0.5,alpha,0.09498716827885723,0.09133495952988135,0.09933271099125274,-0.00511665592082835,0.1688654502383034,0.16279521011198572,0.17536793094307884,0.6049559089520484,0.00848444682591154,0.08016864547787583,15,23.611362728308993,0.6427775740996644,0.629388871654587,0.6142121887250063,0.013388702445077394,3.1021743422066095e-05,-0.0025268620096449146,0.0032037000479427924,-0.007043345836035941,-0.005069234891000862,cbramod,factorial,0.9,s_low,sacc_R,,507.91479110717773,0,-0.0028582306325616313,0.07670690092783206,cbramod__alpha_p0.9_s_low_a0.5__seed0,,0.25596131069877615,,,,,0.2744176865377024,,0.2728892899441657,,3.971176388222668,0.16706378757953644,2.1422536373138428,8.29400233438456,0.17499302327632904,4.804768085479736
-0.009285996277705655,0.022658056511195124,0.11326772319666123,0.24247645366871584,0.5128785742484914,0.4894168405617281,0.4927499859004003,0.6255456545034122,alpha,0.5,0.6158507008093855,0.619989283397727,0.624459234608985,0.5590089963055924,0.5474787783073408,0.6125694464028878,0.4851462252178572,0.7064459533357638,alpha_p0.9_s_low_a0.5,alpha,0.06545023830339258,0.04871937021842787,0.08338807638672807,-0.11930338168475156,0.13931300939112778,0.12523561370440195,0.1542313499060725,0.6632445685416851,0.008608533799599472,0.07698045630164418,20,46.2923137686534,0.624459234608985,0.6111480865224626,0.619989283397727,0.01331114808652245,0.0016794043825263394,-0.006764150145238235,-0.011016949152542366,-0.007766716489466807,-0.00017061958882091943,cbramod,factorial,0.9,s_low,sacc_R,,588.605616569519,1,0.004138582588341433,0.06509066809554698,cbramod__alpha_p0.9_s_low_a0.5__seed1,,0.21228075122666512,,,,,0.24919350290451758,,0.1872511420675651,,3.5455948000176742,0.166383758187294,2.711142063140869,9.80293762908022,0.1911652833223343,6.787670135498047
0.04114827138909272,0.0443686199311939,0.14997180080085726,0.19538097118041842,0.5329338446788112,0.48755569341830696,0.4892363656872145,0.8656392758445661,alpha,1.5,0.8202727093262642,0.8210271017231169,0.8218745593502355,0.5054696973969937,0.5483826391043176,0.820458839786796,0.2023449617868524,0.8665466642362377,alpha_p0.9_s_low_a1.5,alpha,0.3164048619532418,0.3416897660494512,0.2907259505122797,0.6010854129993884,0.619529597563383,0.6356857744761061,0.6020352891009462,0.8988992283881392,0.0016018500239712852,0.27349192024591784,9,1.4185076176855107,0.8218745593502355,0.5769875066978765,0.5921261174878028,0.244887052652359,-0.03127837784483489,0.0032037000479425704,0.005715051185876674,0.017594968837248537,-9.306523026597624e-05,cbramod,factorial,0.9,s_low,sacc_R,,435.60723900794983,0,0.00075439239685271,0.2720762006824784,cbramod__alpha_p0.9_s_low_a1.5__seed0,0.7630534092831764,,0.7042383396311545,,,,,0.763050589363262,,0.9815323444814168,1.7016506584417341,0.29807037115097046,1.448958158493042,3.978862724354381,0.29679200053215027,3.461322546005249
-0.010977948226270406,0.02596300265072471,0.06594100727539343,0.21883988494726747,0.5447013704810784,0.5194743669279793,0.5228723704246798,0.8639586035756586,alpha,1.5,0.8284680899066528,0.8283750246763868,0.8283905355480978,0.5068699060887222,0.5670732395160608,0.8294241236357484,0.1936687441834231,0.8760595151294204,alpha_p0.9_s_low_a1.5,alpha,0.32152062945937565,0.3247976494068078,0.31847779737002857,0.6675057332992056,0.6347217913646748,0.64246590531101,0.6269404971821735,0.9573259690510871,-7.755435855494319e-05,0.261317296032037,9,1.755396086094106,0.8283905355480978,0.5304605318818918,0.6059392537860628,0.29793000366620603,-0.048733748836684576,-0.0017569587410812826,-0.0026044163681998578,0.0024648185228010044,-0.0008784793705405303,cbramod,factorial,0.9,s_low,sacc_R,,448.81235909461975,1,-9.306523026597624e-05,0.26235088411968754,cbramod__alpha_p0.9_s_low_a1.5__seed1,0.840369973492753,,0.7849134284586317,,,,,0.7849134284586317,,0.98824375387739,1.79954899313274,0.33864638209342957,1.897089958190918,4.1980858461912,0.3361760377883911,4.4959330558776855
-0.019203654616208876,0.022438102757881717,0.1365574417686537,0.2810162991371046,0.6085612768597373,0.6052083920816649,0.6001748350346849,0.8538943094016129,alpha,1.0,0.7336670520883274,0.7283284920612538,0.7371443075100821,0.5204546095490566,0.5696311232691278,0.7485645393271101,0.3046123692151499,0.7846791833758658,alpha_p0.9_s_low_a1,alpha,0.21668969796102544,0.2227685996230181,0.2106051700492111,0.7175694398232686,0.4325319382949322,0.44702849539860295,0.41744171305420136,0.9100220644867317,0.003477255421754699,0.1675131842409543,12,12.006888021194882,0.7371443075100821,0.6559956569559209,0.6659169745339688,0.0811486505541612,-0.04101356496235087,-0.005100256634422928,-0.004252799007304242,0.0025113511379339926,-0.00935305564172706,cbramod,factorial,0.9,s_low,sacc_R,,452.561110496521,0,-0.005338560027073558,0.1789334160579823,cbramod__alpha_p0.9_s_low_a1__seed0,,,,,,,,,,,4.465691859200866,0.18199226260185242,1.946035623550415,12.056219857300984,0.18400433659553528,4.915694713592529
-0.036140093621341185,0.012286391066493652,0.10797191359765379,0.2977666234278946,0.638759799221702,0.625317240990356,0.6370791269527945,0.9109835880660988,alpha,1.0,0.7257508671987366,0.7415211934910741,0.7477636143151245,0.5126780225048647,0.5743337375560507,0.7433148142925632,0.2910121548831044,0.758647010572366,alpha_p0.9_s_low_a1,alpha,0.2350855918102598,0.2327641645415235,0.23688183567864107,0.24477477303486547,0.4567514594320201,0.4795542743097905,0.4342564740863673,0.8302746857962446,0.0220127471163879,0.17342987675907384,15,24.743160049784816,0.7477636143151245,0.6776474237852167,0.7053131786006374,0.07011619052990781,-0.03109224738430305,0.0016328717673933513,-0.0009560337290955845,-0.0010025663442285726,0.0016328717673933513,cbramod,factorial,0.9,s_low,sacc_R,,509.4694561958313,1,0.015770326292337544,0.16898107673651253,cbramod__alpha_p0.9_s_low_a1__seed1,,,,,,,,,,,4.749129833221642,0.20287325978279114,2.6308562755584717,10.035767721465636,0.22531521320343018,5.326481819152832
0.014356212283571201,0.050967232530596096,0.07788900795217413,0.24913710450623205,0.5111358637414698,0.4960182730810445,0.5245897016524732,0.8606254582369861,alpha,0.5,0.6589878451168956,0.6412264869285654,0.6645421472686766,0.5805098846555177,0.5604331763445106,0.6761485095462365,0.5132716658676217,0.7676130149471382,alpha_p0.9_s_star_a0.5,alpha,0.08403226261315888,0.09019292604501605,0.07930251587548542,0.7246791418189983,0.1512704814010548,0.159929038696086,0.14426811418824692,0.6934192656650722,0.005554302151780988,0.10410897092416593,14,23.296867172395647,0.6645421472686766,0.648859245889619,0.6681237485546687,0.01568290137905759,-0.004144222905327233,-0.009306523026594071,-0.006040779491807369,-0.009632251332524877,-0.010200513268845635,cbramod,factorial,0.9,s_star,sacc_R,,512.093344449997,0,-0.017761358188330134,0.11571533320172589,cbramod__alpha_p0.9_s_star_a0.5__seed0,,0.2374175173425075,,,,,0.2525322880830183,,0.39884383283514735,,4.021610769054603,0.1668524444103241,1.8912074565887451,8.654369865291661,0.170465350151062,4.289772987365723
-0.010977948226270406,0.03429304607749151,0.12654672607297957,0.21553211888782364,0.4809119621002762,0.4372483221476511,0.47924256951102584,0.7649230161863403,alpha,0.5,0.640659635071491,0.665684311458304,0.6753320736625399,0.6039806537127386,0.5555035392989086,0.6687441834231084,0.5309963619955442,0.7513329383886256,alpha_p0.9_s_star_a0.5,alpha,0.07135141994980132,0.07525778911187486,0.06818103239636275,0.2244120100636278,0.14433571166699566,0.1436190264996119,0.1456395717364496,0.6775296973330588,0.03467243859104885,0.11982853436363128,16,35.33535639661759,0.6753320736625399,0.6638554386756537,0.6436095208550721,0.011476634986886225,0.0024337967793790494,-0.0002947065625087397,0.0021390902168701986,-0.0005583913815956354,0.0005992836797428236,cbramod,factorial,0.9,s_star,sacc_R,,550.7190008163452,1,0.02502467638681294,0.11324064412419976,cbramod__alpha_p0.9_s_star_a0.5__seed1,,0.17867294568834247,,,,,0.22060797473351768,,0.31486943770796905,,3.545365183834117,0.1469622254371643,3.325247287750244,10.010062756586331,0.1595894992351532,8.961413383483887
-0.0028283796740172784,0.018862444306581683,0.12813716090463023,0.2490130280300038,0.5110625458236986,0.5026563645592466,0.5127375782527777,0.8790874739157408,alpha,1.5,0.8037522208748131,0.7926266956202939,0.7901463662257819,0.49802306889647197,0.5102005132688457,0.8029202741194055,0.20995092924222342,0.8663074188844331,alpha_p0.9_s_star_a1.5,alpha,0.29212329732930997,0.31216875485087037,0.2735942560130922,0.7142998622056673,0.5801954369835585,0.5782514691207451,0.584586661134737,0.9639676758218584,-0.01360585464903119,0.2799458529569362,9,2.690802155893694,0.7901463662257819,0.6518570743675794,0.639139569643814,0.1382892918582025,-0.056975662032206165,-0.0025889054964889358,-0.006810682760371112,-0.006764150145238124,-0.0059477142615413925,cbramod,factorial,0.9,s_star,sacc_R,,434.2414479255676,0,-0.011125525254519264,0.29271976085055973,cbramod__alpha_p0.9_s_star_a1.5__seed0,0.7227370142687948,,0.6790310755174551,,,,,0.7008910946929108,,0.9798516722125092,1.650025219734266,0.24158138036727905,1.9086376428604126,3.9443702514778325,0.23947595059871674,4.72819185256958
-0.004308837629011353,0.03756415317804973,0.10112796796570978,0.2943883593705938,0.6387400597823021,0.6337065027353224,0.6370593875133945,0.8420901246404602,alpha,1.5,0.8639527341436588,0.8561549959107702,0.8578809329084294,0.5211370879043402,0.6850714910177952,0.8613793395188809,0.17092698609661863,0.8807988516223113,alpha_p0.9_s_star_a1.5,alpha,0.33674384500408916,0.3351424769930147,0.3407207643282739,0.2630072268086832,0.6869539468118108,0.6654396274531544,0.7100116401018797,0.9573212380252506,-0.006071801235229435,0.17280944189063419,10,4.586731731317374,0.8578809329084294,0.6765264107842861,0.6702938605149609,0.18135452212414327,-0.07218336670520897,-0.005115767506133961,-0.005100256634422928,-0.007642629515778876,-0.0017259369976593275,cbramod,factorial,0.9,s_star,sacc_R,,456.1893775463104,1,-0.007797738232888651,0.17630784850108572,cbramod__alpha_p0.9_s_star_a1.5__seed1,0.8605183012802438,,0.8605154813603293,,,,,0.8605183012802438,,0.9882465737973041,1.880469469811785,0.2398589849472046,2.141049861907959,4.328915687933993,0.23613540828227997,5.6368632316589355
-0.019451807568665047,-0.022832891545880196,0.1416925159325475,0.30283683943376016,0.6471688004060685,0.6203259827420902,0.6370932265523659,0.857264113699171,alpha,1.0,0.7470247327899828,0.7268605995656956,0.7501142164189627,0.5718336670520883,0.5721890070221947,0.7530288502213824,0.3768211173467949,0.789008384979949,alpha_p0.9_s_star_a1,alpha,0.17828054936687443,0.18588535314336396,0.1720199610459957,0.7191616550663741,0.3732930990721678,0.39933473777580664,0.34720349433553455,0.8611131347575122,0.003089483628979872,0.17792520939676804,15,30.050016557219568,0.7501142164189627,0.7147536591556445,0.73481908683268,0.035360557263318215,-0.0014777630502834649,0.000769903268563632,-0.007720183874333708,-0.0010335880876506387,-0.0059632251332525366,cbramod,p_series,0.9,s_star,sacc_R,,537.1999084949493,0,-0.02016413322428723,0.18083984319918778,cbramod__alpha_p0.9_s_star_a1__seed0,,,,,,,,,,,3.502740371955471,0.16924689710140228,2.2066619396209717,7.903864409067397,0.154105082154274,5.416897773742676
0.026067339687552815,-0.012813716090463112,0.10464440809881004,0.3229597879420225,0.64214934295866,0.6186650499125825,0.6337572612937792,0.8102588686481305,alpha,1.0,0.7476296567867114,0.7622733297611326,0.7694097408274345,0.5427521926732283,0.5927916748921289,0.7659014636622579,0.3294057926055444,0.7894526977761576,alpha_p0.9_s_star_a1,alpha,0.22665754815420625,0.2429925712384965,0.2096831817815119,0.6478094973483628,0.4400039482218901,0.4695587093912851,0.41101084488699885,0.8750170635820161,0.02178008404072307,0.1766180659353056,24,51.704161755065215,0.7694097408274345,0.775295411602132,0.7741377365407935,-0.005885670774697482,-0.030244789757184365,-0.011879917651371974,-0.015347302518401551,-0.017057728644349845,-0.008505598014608484,cbramod,p_series,0.9,s_star,sacc_R,,677.2705338001251,1,0.014643672974421151,0.17310978877012895,cbramod__alpha_p0.9_s_star_a1__seed1,,,,,,,,,,,3.4726588211943374,0.17506512999534607,2.4959261417388916,9.30996484194245,0.19028249382972717,7.8601484298706055
0.014353392363656958,0.08963961423495581,0.13496700693700303,0.2625373639388642,0.6186312108736112,0.5581834075912244,0.6169618182843608,0.8791072133551405,alpha,1.0,0.7422812262049128,0.7553695817704955,0.751504554555966,0.5549521983135453,0.6377069291294171,0.7503525198116134,0.3576454496742717,0.7843715822092598,alpha_p0.9_s_star_a1,alpha,0.19655235624242073,0.20829914624681234,0.1861206191151218,0.8077088872572926,0.3938591048816943,0.41142587870052116,0.3777501181297468,0.9210157764912105,0.009223328351053217,0.11379762542654892,15,22.66385129980269,0.751504554555966,0.7322612030796131,0.7473137990355059,0.01924335147635292,-0.037685777940720255,-0.008521108886319517,-0.002712992470176978,0.0013536760765955336,-0.007704673002622897,cbramod,p_series,0.9,s_star,sacc_R,,518.4326643943787,2,0.013088355565582743,0.11264559068219637,cbramod__alpha_p0.9_s_star_a1__seed2,,,,,,,,,,,3.4539500433254373,0.17420338094234467,1.6340023279190063,8.699707202564287,0.18679209053516388,5.0482282638549805
-0.02098020416220181,0.15686932491117256,0.2307286673058484,0.6186960690316394,0.9513028030003947,0.9362021318594551,0.9546585076983813,0.9378658846088772,alpha_group,1.0,0.875522434360811,0.8851701965650469,0.8850771313347809,0.5820144392114837,0.7306226909952339,0.8818268986717054,0.3007684931893172,0.8951193948231863,alpha_p0.9_s_star_a1_alpha_group_group,alpha,0.3030626921232973,0.2834405144694534,0.32422293676312963,-1.0860280072605655,0.5843086381454637,0.5961691983590198,0.5727275870414549,0.6924741845387012,0.009554696973969934,0.15445444033954703,15,29.316869893915225,0.8850771313347809,0.8710271017231168,0.8689133929326829,0.014050029611664128,-0.06303195239572468,1.5510871710922025e-05,-0.0032347217913647475,-0.0023717532925351392,-0.0008784793705407523,cbramod,group_template,0.9,s_star,sacc_R,,414.0038056373596,0,0.00964776220423591,0.15120420767647147,cbramod__alpha_p0.9_s_star_a1_alpha_group_group__seed0,,,,,,,,,,,3.2811728378069627,0.23380716145038605,1.695152759552002,6.933946871144443,0.2453639954328537,3.626608371734619
-0.046362303310585995,0.10474874513563814,0.2592521572387345,0.5901218205402967,0.9176893576222436,0.8992217021036604,0.9210535220799729,0.9496305904912301,alpha_group,1.0,0.8764009137313518,0.8926422064920049,0.8900998336106489,0.586158662116811,0.7938873064666234,0.8909938238529005,0.2613412673792267,0.9140767407947503,alpha_p0.9_s_star_a1_alpha_group_group,alpha,0.3039411714938379,0.3161769597516355,0.29146354112643924,0.013056756372623931,0.6287585662314222,0.6260394722253022,0.6313948530004956,0.6120597605301105,0.013698919879297167,0.0962125271440255,16,31.357412763064723,0.8900998336106489,0.8850461095913591,0.8848910008742491,0.005053724019289829,-0.059595589272117167,-0.0015863391522603632,-0.004991680532445919,-0.004113201161905278,3.1021743422066095e-05,cbramod,group_template,0.9,s_star,sacc_R,,447.7321503162384,1,0.016241292760653114,0.09710651738627707,cbramod__alpha_p0.9_s_star_a1_alpha_group_group__seed1,,,,,,,,,,,3.5036375101980237,0.2393532693386078,1.299432635307312,8.308574932058239,0.2501685321331024,3.8451128005981445
0.030931701539676393,0.054421634425582344,0.08118831425187523,0.2844255823134625,0.6337685409734364,0.6119564604365237,0.6220038350910835,0.8875021149399358,alpha_m2,1.0,0.7145379170309372,0.7273315660340112,0.7269184128148002,0.5465297949744776,0.6801009616740461,0.7325925717025297,0.370931216334358,0.7991364382063435,alpha_p0.9_s_star_a1_alpha_m2,alpha,0.18038861784032256,0.18509258232620018,0.17531606910302056,0.7623998381074965,0.3559871964804422,0.3666204679010976,0.346414041881317,0.9057606317246824,0.012380495783863021,0.046817451140754085,15,24.15967101440105,0.7269184128148002,0.6843495304436109,0.7230942778984178,0.042568882371189276,-0.031061225640880985,-0.015083617699314655,-0.016763022081840995,-0.018519980822922277,-0.006764150145238124,cbramod,mismatch,0.9,s_star,sacc_R,,418.80017137527466,0,0.012793649003074004,0.05249161002848357,cbramod__alpha_p0.9_s_star_a1_alpha_m2__seed0,,,,,,,,,,,3.3498451656121118,0.12235242128372192,1.2776098251342773,10.436982599964676,0.14089389145374298,4.465639591217041
0.014316733404771353,0.050967232530596096,0.06596638655462184,0.27425131126276003,0.5396593536743555,0.5463820427499859,0.541340025943263,0.8740595567085894,alpha_m2,1.0,0.7629247863729942,0.7627076341690403,0.7627541667841733,0.5369285653853747,0.6010956315744945,0.7600468146309822,0.3109478552694661,0.8089910681735326,alpha_p0.9_s_star_a1_alpha_m2,alpha,0.2258256013987986,0.2265661381527886,0.22544341873249663,0.907475201208766,0.4518063115147072,0.45921388180507816,0.44500916225841025,0.9618777168482333,-0.00017061958882091943,0.16165853520967877,9,3.5269507204471395,0.7627541667841733,0.6259172565498181,0.6251826052624158,0.13683691023435518,-0.021046842832567192,-0.008691728475140215,-0.006195888208917255,-0.004500972954679994,-0.006872726247215022,cbramod,mismatch,0.9,s_star,sacc_R,,345.97775769233704,1,-0.00021715220395390755,0.1589511830564877,cbramod__alpha_p0.9_s_star_a1_alpha_m2__seed1,,,,,,,,,,,1.6216463227650877,0.14175160229206085,2.21405029296875,4.338900023714443,0.1463349461555481,6.213533878326416
0.02281879194630876,0.012517624499464253,0.14840110540860652,0.269370029891151,0.7110258868648129,0.684154870001692,0.7059979696576617,0.8471941796852969,alpha_p2,1.0,0.7766237062522914,0.7649553004878875,0.780318113878,0.5392072534476438,0.6530542316478186,0.7724484616035421,0.2964169886347613,0.8060061975938753,alpha_p0.9_s_star_a1_alpha_p2,alpha,0.24111086043035623,0.2455094799866948,0.2360117092509998,0.6570288552031487,0.4839011252432387,0.4864286506264553,0.48116838963224196,0.9532050147723596,0.0036944076257086067,0.12726388223018137,19,39.088960014866956,0.780318113878,0.7693942299557235,0.766050932062382,0.0109238839222765,-0.020876223243746272,0.004976169660734886,0.0033122761499195796,0.001539806537127486,0.0032967652782086576,cbramod,mismatch,0.9,s_star,sacc_R,,493.3683137893677,0,-0.011668405764403866,0.11939422995572346,cbramod__alpha_p0.9_s_star_a1_alpha_p2__seed0,,,,,,,,,,,2.510252223207363,0.1771986484527588,1.8012200593948364,7.047790180487223,0.18618866801261902,5.53195333480835
-0.031038858496418742,0.030974000338390262,0.16341153911228923,0.32634651175906604,0.7143985110822852,0.7126924595341491,0.7160679036715356,0.9177090970616435,alpha_p2,1.0,0.7914027468343721,0.7987295185989453,0.804046927437322,0.5595307256267803,0.6894018443836544,0.8063467666882879,0.29930060069375897,0.7918907218374043,alpha_p0.9_s_star_a1_alpha_p2,alpha,0.24451620181054168,0.26125956314447285,0.22926390761677562,0.6324275134324671,0.504746326743563,0.53596296706952,0.4745531238114995,0.9365367393061039,0.012644180602949917,0.1146450830536676,14,17.808325557471235,0.804046927437322,0.748967821991596,0.7646662342423645,0.05507910544572603,-0.03440452353422263,-0.010247045883978623,-0.009430610000282003,-0.00691925886234801,-0.002650948983332957,cbramod,mismatch,0.9,s_star,sacc_R,,444.70371079444885,1,0.007326771764573192,0.11694492230463349,cbramod__alpha_p0.9_s_star_a1_alpha_p2__seed1,,,,,,,,,,,2.9388284253900885,0.17931769788265228,1.7102206945419312,8.681415196099946,0.18939051032066345,5.759320259094238
0.01589870847667929,0.04931193954091695,0.1351362021318594,0.3012858834809091,0.4842845863177485,0.423910100953133,0.449075066268118,0.8320963284642717,alpha,0.5,0.7109309343185086,0.7191770777517696,0.7263134888180716,0.6600468146309822,0.5679206971431795,0.7229137877548719,0.5954750556981302,0.836880240612468,alpha_p1_s_high_a0.5,alpha,0.06626667418708931,0.06871050005543855,0.06441240535214199,0.7310550414452867,0.13083843311994137,0.12903315223417222,0.13364796182968575,0.8942603557781743,0.01538255449956294,0.15839279167489206,26,nan,0.7263134888180716,0.7263134888180716,0.7299049606587891,0.0,0.0,-0.0009405228573845514,-0.00610282297865139,-0.00037226092106379394,-0.006872726247215022,cbramod,corner,1.0,s_high,sacc_R,,562.7705941200256,0,0.008246143433261022,0.15499309061169242,cbramod__alpha_p1_s_high_a0.5__seed0,,0.28289436580001137,,,,,0.27780723027466014,,0.3736591280807624,,2.99564267360136,0.1503920704126358,2.409874677658081,8.699167073637165,0.1640516072511673,6.236892223358154
0.047848401105408556,-0.0094721109920477,0.1114122158930686,0.23409001184366374,0.5682730810444983,0.48425074727877737,0.5531244712650161,0.8136117534262026,alpha,0.5,0.7172607800558392,0.7268041963958374,0.7407047576073775,0.6626357201274712,0.5883217236808709,0.7472263741222256,0.5820087988944979,0.8392157309515129,alpha_p1_s_high_a0.5,alpha,0.07806903747990634,0.08008094023727685,0.07640401525890572,0.7592718362670908,0.15869595871287967,0.15832132165428536,0.15979209164563368,0.8851892348918411,0.023443977551538375,0.15238303392650665,25,nan,0.7407047576073775,0.7407047576073775,0.7418003891818721,0.0,0.0,-0.010216024140556668,-0.011032460024253399,-0.005332919710087758,-0.01104797089596432,cbramod,corner,1.0,s_high,sacc_R,,526.5311214923859,1,0.009543416339998223,0.1589046504413547,cbramod__alpha_p1_s_high_a0.5__seed1,,0.25756584512999825,,,,,0.2525238283232756,,0.3635694546274886,,2.9787706004407184,0.15462903678417206,2.1515586376190186,8.602418862391163,0.16105718910694122,8.285170555114746
-0.0344030229541481,0.05089673453273935,0.04760588799278098,0.29943883593705944,0.7009136540522249,0.6975551294343241,0.7009136540522249,0.8302803000394787,alpha,1.5,0.9849939366592403,0.9916495107025015,0.9916495107025015,0.5112623029414253,0.8093375447700161,0.9858569051580699,0.026699850531599876,0.9928226394458621,alpha_p1_s_high_a1.5,alpha,0.48038720776107624,0.5029936800088701,0.45971487512821396,-2.6403656874178663,0.9649496601709017,0.9694312007983146,0.960861598036165,0.9173835320827208,0.006655574043261225,0.18231196593248544,16,nan,0.9916495107025015,0.9916495107025015,0.9908020530753828,0.0,0.0,0.0,0.0008319467554076532,0.004190755520460221,0.0,cbramod,corner,1.0,s_high,sacc_R,,442.4009521007538,0,0.006655574043261225,0.17651936038805383,cbramod__alpha_p1_s_high_a1.5__seed0,0.9697704585189779,,0.973128983136879,,,,,0.973128983136879,,0.9949608031131916,0.929093809266265,0.3889615833759308,1.2439249753952026,2.7414862145582815,0.42387792468070984,3.7131106853485107
0.02098020416220181,0.06268681969432066,0.11307596864249048,0.2843550843156053,0.7530060346286165,0.7513281822796232,0.7530060346286165,0.8218910382945124,alpha,1.5,0.9800177669985053,0.9891226486928566,0.988290701937449,0.5079655376632166,0.9246228038015736,0.9791703093713867,0.02935079951493274,0.9928568173532628,alpha_p1_s_high_a1.5,alpha,0.48032516427423233,0.5081660938019736,0.4541541333886525,-1.4421273375737282,0.9589399024225163,0.9615090364785452,0.9565397780313245,0.8748612055941125,0.008272934938943655,0.06366789813587537,28,nan,0.988290701937449,0.988290701937449,0.9907865422036719,0.0,0.0,-0.0016638935108153063,-0.0008319467554076532,-0.0008319467554076532,0.0,cbramod,corner,1.0,s_high,sacc_R,,568.0302073955536,1,0.009104881694351308,0.05454750556981314,cbramod__alpha_p1_s_high_a1.5__seed1,0.9630364897636907,,0.9630364897636907,,,,,0.9630364897636907,,0.986568721448311,0.7440935635065623,0.2904990017414093,0.7376844882965088,2.055792641574551,0.3183269202709198,2.257582426071167
0.0209745643223731,-0.009410072753933685,0.1349472674976031,0.28275336980429744,0.5800236873272799,0.554838982572895,0.5884242287519035,0.8186481303930968,alpha,0.5,0.6632505146789249,0.6505019882117375,0.663446515694182,0.5533291971008771,0.547628246707465,0.6759778899574156,0.4188682703967963,0.74635435654393,alpha_p1_s_low_a0.5,alpha,0.11011731859330487,0.12073954983922819,0.09859512037709328,0.8032988874516561,0.2445782452973857,0.24492737554052546,0.24318016803236187,0.9235529967420871,0.00019600101525707458,0.11581826898671699,14,nan,0.663446515694182,0.663446515694182,0.6793987422093122,0.0,0.0,-0.00935305564172717,-0.009368566513438092,-0.01702670690092789,-0.007673651259200831,cbramod,corner,1.0,s_low,sacc_R,,422.68330216407776,0,-0.012748526467187382,0.12834964324995057,cbramod__alpha_p1_s_low_a0.5__seed0,,0.30291015735153115,,,,,0.2877925666911061,,0.3585020585415375,,4.660932185619468,0.17721611261367798,2.1035406589508057,10.667214347158293,0.17870566248893738,5.1834187507629395
-0.016003045513507397,-0.056429417404545656,0.13175511815464436,0.2728272517060515,0.5565760532400881,0.5364305453725113,0.5297078562968811,0.6675483616265296,alpha,0.5,0.6592614004907076,0.6526001861304604,0.6571011590851406,0.5420231817028116,0.5504187935361967,0.6545489156490595,0.4403959502524042,0.7226234961720743,alpha_p1_s_low_a0.5,alpha,0.11507797738232894,0.11626566138152794,0.11380216436745849,0.759321586621154,0.21670520883273636,0.2127730347045127,0.22098906291417447,0.9205973049877556,-0.0021602414055670316,0.10668236554894384,31,nan,0.6571011590851406,0.6571011590851406,0.6585380298372769,0.0,0.0,-0.011817874164528064,-0.008443554527764463,-0.012711864406779627,-0.0059632251332524255,cbramod,corner,1.0,s_low,sacc_R,,600.4613347053528,1,-0.006661214360247136,0.10413012211286277,cbramod__alpha_p1_s_low_a0.5__seed1,,0.2560205290169759,,,,,0.25102927076871007,,0.323295358411821,,3.4814858015753445,0.17636477947235107,2.0364489555358887,9.587300482111877,0.18828530609607697,5.231364727020264
-0.005797755343748268,0.039168687609271835,0.10811008967345326,0.32636061135863725,0.7647707405109694,0.7614206756528115,0.7563842986859175,0.8672466301957025,alpha,1.5,0.9883527454242929,0.9924969683296201,0.9916650215742124,0.4987986124820215,0.8958867988380947,0.9825136072647283,0.007580586028934825,0.990521327014218,alpha_p1_s_low_a1.5,alpha,0.4928664090921909,0.4694422885020513,0.5174601528195554,-11.290097240214505,0.9840844355452776,0.9898880141922608,0.9781776901888923,0.7339120260041853,0.0033122761499195796,0.09577822273611769,16,nan,0.9916650215742124,0.9916650215742124,0.9907865422036719,0.0,0.0,0.0025268620096449146,0.0025268620096449146,0.008459065399475385,0.0,cbramod,corner,1.0,s_low,sacc_R,,447.5355842113495,0,0.004144222905327233,0.0866268084266335,cbramod__alpha_p1_s_low_a1.5__seed0,0.9916022784952907,,0.9882409339574756,,,,,0.9882409339574756,,0.9983193277310924,0.9368712062019766,0.3399023413658142,1.2737942934036255,2.858075865395043,0.40801742672920227,4.181268215179443
-0.0378179459703345,0.029093113755569444,0.08262083356832672,0.22706559133720594,0.6958547177260166,0.6924933731882015,0.6958547177260166,0.8638993852574588,alpha,1.5,0.9407710313319608,0.9348078061987084,0.9365182323246566,0.5048182407851322,0.5627273752784907,0.962019515496771,0.0732733579627175,0.9808375865840321,alpha_p1_s_low_a1.5,alpha,0.43169999153952443,0.4251968067413239,0.43765630582350845,0.7263296040428233,0.8632448743619391,0.8700576560594302,0.8568901335730503,0.98172478576526,-0.004252799007304242,0.3737908570461659,10,nan,0.9365182323246566,0.9365182323246566,0.9534518739953186,0.0,0.0,-0.0025113511379339926,-0.0016949152542373724,0.009322033898304993,-0.004237288135593209,cbramod,corner,1.0,s_low,sacc_R,,359.15769481658936,1,-0.0059632251332524255,0.3992921402182803,cbramod__alpha_p1_s_low_a1.5__seed1,0.8823557610963848,,0.8756358919406688,,,,,0.873952399751847,,0.9848795894196605,2.566005874121175,0.4229634404182434,2.949033737182617,5.5164304501303345,0.40302005410194397,6.769498825073242
0.005597541029834785,0.08112909593367545,0.1482008910946928,0.3346878348654898,0.6908155208392082,0.7042693587502113,0.6924961931081157,0.9143392927640854,alpha,1.0,0.8385388758848247,0.8179672297583125,0.830787670267069,0.5258129106855804,0.5525423728813559,0.8622832003158578,0.21751036408246144,0.8559059423988333,alpha_p1_s_star_a1,alpha,0.30497475958148856,0.3307628340170752,0.2795237930597333,0.9069718387253839,0.6132773061846075,0.6095908637321211,0.6177148520785073,0.9794411685154834,-0.007751205617755663,0.27824529738571313,13,nan,0.830787670267069,0.830787670267069,0.8749175103640825,0.0,0.0,0.007642629515778765,0.008474576271186418,0.006748639273527091,-0.005084745762711895,cbramod,p_series,1.0,s_star,sacc_R,,488.47250056266785,0,-0.02057164612651219,0.30974082743450193,cbramod__alpha_p1_s_star_a1__seed0,,,,,,,,,,,3.815986302573698,0.24094969034194946,3.3022243976593018,8.217507927907164,0.2196396440267563,7.868392467498779
0.0325728949297841,0.04607185155941562,0.14997180080085726,0.32129603519260064,0.7714906096666856,0.7731684620156787,0.7815718233602165,0.9412074897072924,alpha,1.0,0.9031938294932175,0.8909881835359148,0.895303026030063,0.5265264107842861,0.6729899320341803,0.9133633210186411,0.14691897684649877,0.8874293656580386,alpha_p1_s_star_a1,alpha,0.3687766152457769,0.38924492737554045,0.34931254249789667,0.8362656093558885,0.7483840491835642,0.759990021066637,0.7381322822667081,0.9846375163874233,-0.007890803463154517,0.22231309399588262,15,nan,0.895303026030063,0.895303026030063,0.9027905468287318,0.0,0.0,0.0059632251332525366,0.005131278377844883,0.009384077385149014,-0.003405341380185556,cbramod,p_series,1.0,s_star,sacc_R,,523.5810096263885,1,-0.012205645957302669,0.2403733889844608,cbramod__alpha_p1_s_star_a1__seed1,,,,,,,,,,,4.477564533533964,0.24891111254692078,2.263049840927124,10.823466581537156,0.255607932806015,5.486883640289307
-0.029513281822796222,0.0039084090011842765,0.13823811403756125,0.31960690316395013,0.6992245220235747,0.7244571654165022,0.7261350177654955,0.9277818509954319,alpha,1.0,0.887557460729293,0.899586846780789,0.9005739022533067,0.5268056064750839,0.6822809441890634,0.9143348656194478,0.15218985306974253,0.8777114473204521,alpha_p1_s_star_a1,alpha,0.3737682957782228,0.37796873267546294,0.3671299657711856,0.28488963233667486,0.7483840491835642,0.7627397715933031,0.7338104622618677,0.8481578545027085,0.013016441524013711,0.21829295806424331,20,nan,0.9005739022533067,0.9005739022533067,0.8892777574099664,0.0,0.0,-0.008443554527764463,-0.004252799007304131,-0.005084745762711784,-0.007642629515778654,cbramod,p_series,1.0,s_star,sacc_R,,606.3762567043304,2,0.01202938605149606,0.2320539214303844,cbramod__alpha_p1_s_star_a1__seed2,,,,,,,,,,,4.009019401263468,0.2811231315135956,2.7363641262054443,8.322788702118945,0.2905886173248291,7.185708045959473
0.004238339631154497,0.010904630308499197,0.10644633692403138,0.2592465173989058,0.4792820483898259,0.4708984264846878,0.47760701596074684,0.6373131803056793,alpha,1.0,,,0.5991440818974026,,,,,0.7204247174626321,alpha_pnone_s_star_a1,alpha,,,,,,,,,,,15,,,,,,,,,,,cbramod,p_series,,s_star,sacc_R,,231.8127362728119,0,,,cbramod__alpha_pnone_s_star_a1__seed0,,,,,,,,,,,,,,,,
-0.014367491963228285,0.03592013986802778,0.0629152332073768,0.2508967345327393,0.49272178670125766,0.4238875415938188,0.4692008346962946,0.7599120184986745,alpha,1.0,,,0.6026269776361431,,,,,0.741512486328837,alpha_pnone_s_star_a1,alpha,,,,,,,,,,,17,,,,,,,,,,,cbramod,p_series,,s_star,sacc_R,,313.56490421295166,1,,,cbramod__alpha_pnone_s_star_a1__seed1,,,,,,,,,,,,,,,,
0.009068862444306713,0.08129265128870333,0.10815238847216735,0.2072471941796854,0.5027917207151318,0.4490835260278607,0.4591562799616491,0.7632395239975185,alpha,1.0,,,0.5916100284836008,,,,,0.7490999817717827,alpha_pnone_s_star_a1,alpha,,,,,,,,,,,14,,,,,,,,,,,cbramod,p_series,,s_star,sacc_R,,269.40905022621155,2,,,cbramod__alpha_pnone_s_star_a1__seed2,,,,,,,,,,,,,,,,
0.04458293384467882,0.03286052676104001,0.1587925102927077,0.4107128757543286,0.6222237888443969,0.28802943996390495,0.5365546218487394,0.3518047487451357,alpha,1.0,0.6212104120251558,0.6463845568120928,0.662243718096957,0.6672664203728249,0.5789432866127077,0.6662074508587382,0.6656180377337206,0.8014719285453883,saccade_p0.5_s_star_a1,saccade,-0.005022702275867874,-0.008387847876704657,-0.001607717041800516,-0.053444189113175306,-0.003374319636763601,-0.009762723140037566,0.0035842293906810374,0.016228846006528547,0.04103330607180122,0.08330043148424937,14,59.625082462875916,0.662243718096957,0.6638921007360614,0.6679432584111227,-0.0016483826391043843,-0.0017259369976593275,-0.006981302349192142,-0.008769282833695269,-0.0029456555458416966,-0.00610282297865139,cbramod,p_series,0.5,s_star,sacc_R,,286.56662583351135,0,0.025174144786937025,0.08726416424603056,cbramod__saccade_p0.5_s_star_a1__seed0,,,,,,,,,,,,,,,,
0.019353110371665316,0.09328295076419835,0.19745079239749597,0.338480627150189,0.6423721166318876,0.2711804184761153,0.555025097287237,0.3081439287124246,alpha,1.0,0.5749005894131249,0.655856059110522,0.6861220000564032,0.6869074141966778,0.5711920809949519,0.6883132632053921,0.6911291914605601,0.8061770871308787,saccade_p0.5_s_star_a1,saccade,-0.000785414140274554,0.0,-0.0010545240811810075,-0.47353389143835956,-0.005007191404156841,-0.0017241379310345417,-0.008222982862543082,-0.59074723905766,0.11122141064327828,0.11492991906145134,14,87.60577269963026,0.6861220000564032,0.6869694576835218,0.6753842465946587,-0.0008474576271185752,-0.0017104261259481834,0.002294198933980196,0.0004441749626329372,0.01039651428410282,0.00226317719055813,cbramod,p_series,0.5,s_star,sacc_R,,294.1906991004944,1,0.08095546969739709,0.11712118221044021,cbramod__saccade_p0.5_s_star_a1__seed1,,,,,,,,,,,,,,,,
-0.0076194236083695355,0.0697140601206927,0.135246179008516,0.3183181997631266,0.509771022502961,0.14200270712311758,0.4325193164514127,0.17043595961874702,alpha,1.0,0.5928932005978736,0.6611170647790405,0.6649722214388449,0.6683155193321865,0.6311190388899857,0.664559068219634,0.6708578922135424,0.8113949143273789,saccade_p0.5_s_star_a1,saccade,-0.0033432978933415347,-0.005172413793103403,-0.0017921146953405742,-0.5670824773242216,-0.005885670774697482,-0.004939572014635685,-0.0067996634742822915,-0.3252194124155845,0.07207902084097129,0.03385318254885927,15,83.8374528335612,0.6649722214388449,0.6649877323105559,0.6634267745847316,-1.5510871710922025e-05,-1.5510871710922025e-05,0.0020305141148933004,-0.0014058490087142106,-0.005627626272596498,0.003849516342818493,cbramod,p_series,0.5,s_star,sacc_R,,311.01843070983887,2,0.06822386418116688,0.03344002932964829,cbramod__saccade_p0.5_s_star_a1__seed2,,,,,,,,,,,,,,,,
-0.004232699791326011,0.21079465343184256,0.4458744571654165,0.7028170999943602,0.8992499013028028,0.8505611640629405,0.8774209012464045,0.8404658507698382,alpha,1.0,0.663810316139767,0.7079232352858231,0.7075721255534562,0.6404735046109591,0.6766645985504385,0.7062029386051496,0.5604613779294396,0.8232432555596063,saccade_p0.75_s_star_a1,saccade,0.06709862094249708,0.06307240270539971,0.07010568290518504,-0.8312330001184168,0.14711074762401655,0.1308515356469675,0.16392951399693445,0.09133408106855767,0.04376180941368912,0.030907527003017687,14,58.44565365761701,0.7075721255534562,0.6898840914859414,0.7083420288220198,0.017688034067514735,-0.021894300459685767,0.07969767900956037,0.09226994557094115,0.102315350122677,0.05054288050988465,cbramod,p_series,0.75,s_star,sacc_R,,280.06760263442993,0,0.044112919146056084,0.02953834005471112,cbramod__saccade_p0.75_s_star_a1__seed0,,,,,,,,,,,,,,,,
0.0025802267215611074,0.14703062433026903,0.29153742033726227,0.5785968078506571,0.7565450341210309,0.6642857142857141,0.7280271840279737,0.6540860639557837,alpha,1.0,0.6671070814179757,0.7087396711695197,0.7134577963281536,0.6377450012690713,0.7050706449702473,0.7146309822612031,0.562140782311966,0.8373587313160773,saccade_p0.75_s_star_a1,saccade,0.07571279505908235,0.07502494733340725,0.07824799179430442,-1.1604660924569796,0.1513170140161877,0.1460195143585763,0.15749864582973183,-0.08429867182562056,0.04635071491017795,0.008387151357906353,28,53.54700404396665,0.7134577963281536,0.710114498434812,0.7043684255055134,0.0033432978933416457,-0.026839448376998698,0.08815674440903587,0.09559773259257165,0.08704560196283029,0.05160749034095713,cbramod,p_series,0.75,s_star,sacc_R,,484.0161461830139,1,0.04163258975154405,0.009560337290955845,cbramod__saccade_p0.75_s_star_a1__seed1,,,,,,,,,,,,,,,,
-0.01769499746207215,0.3451694771868479,0.5684958547177259,0.8170012971631606,0.932852067001297,0.9076730020867407,0.9143787716428853,0.8757317692177542,alpha,0.5,0.7640161877097493,0.8146507233706535,0.8090752700301758,0.5924321046842833,0.825724075693054,0.8067190276093517,0.36646690544008576,0.885469832300401,saccade_p0.9_s_high_a0.5,saccade,0.21664316534589245,0.22507484200022176,0.20936624831449024,0.5138899847622521,0.44260836459009,0.4341667590641979,0.4521776210397723,0.9201318808634765,0.045059082320426436,-0.016648805662878186,12,16.634274754746706,0.8090752700301758,0.7597422375137483,0.7787994585295694,0.04933303251642751,-0.04289461067711997,0.21257790687836664,0.22505710820948144,0.22323810598155625,0.1480005076285289,cbramod,factorial,0.9,s_high,sacc_R,,496.242369890213,0,0.050634535660904145,-0.01900504808370229,cbramod__saccade_p0.9_s_high_a0.5__seed0,,0.7582172466301957,,,,,0.7867830353617957,,0.7296317184591958,,0.8441809445114548,0.0593789778649807,1.1099269390106201,0.8654139754730361,0.036378778517246246,0.974475085735321
0.01258248265749251,0.3166093282950764,0.5298460323726806,0.7967909311375556,0.9143562122835713,0.8707179516101742,0.9093311149963341,0.8589335062884214,alpha,0.5,0.7217420119010689,0.8041301221128627,0.7978002763755323,0.590494655799656,0.8080416819425251,0.7928706393299303,0.3923559604049747,0.8784633612832665,saccade_p0.9_s_high_a0.5,saccade,0.20730562057587631,0.22001884909635216,0.1944761377911467,0.5684797389755121,0.4054443159705576,0.4132664375207895,0.39809724671253566,0.9319131661610173,0.0760582644744634,-0.010241405566992823,14,22.09368902725,0.7978002763755323,0.7784948814123354,0.7923277588200457,0.019305394963196942,-0.03608392791674886,0.19981950985645391,0.20311627513466257,0.20970980569107978,0.12003440593361347,cbramod,factorial,0.9,s_high,sacc_R,,485.6099512577057,1,0.08238811021179382,-0.015171042612594832,cbramod__saccade_p0.9_s_high_a0.5__seed1,,0.7565450341210309,,,,,0.7850487846145169,,0.6809570808189047,,0.9302421217172897,0.06020336225628853,1.1774519681930542,1.1503895847463168,0.04183825105428696,1.2846580743789673
-0.0043229372285826795,0.23604985618408447,0.46611866222999265,0.7062038238114039,0.847236478484011,0.8170125768428176,0.8489030511533473,0.8136145733461171,alpha,1.5,0.7898065371273866,0.8367621760342931,0.8277038269550749,0.5723568064525226,0.859007586226346,0.8253475845342508,0.28024901999492374,0.9070019139628145,saccade_p0.9_s_high_a1.5,saccade,0.2553470205025523,0.2620523339616365,0.2472657285436043,0.24341774709088335,0.5474548069601513,0.5506652622241934,0.5441056137560649,0.5442575069707012,0.03789728982768836,-0.03130375927127105,19,40.84479227224309,0.8277038269550749,0.8293832313376012,0.8258848247271496,-0.0016794043825262284,-0.059642121887250044,0.23727826503849525,0.24219239121238623,0.23715417806480732,0.15226881750754395,cbramod,factorial,0.9,s_high,sacc_R,,608.7910149097443,0,0.04695563890690657,-0.033660001692095154,cbramod__saccade_p0.9_s_high_a1.5__seed0,0.9563363600473747,,0.8942501832947944,,,,,0.9479414584625796,,0.9059669505386048,0.8565279032743922,0.07665815204381943,1.1784626245498657,1.3546077375788093,0.03716525062918663,1.6368004083633423
0.05114488748519541,0.3250380689188428,0.5533951835767863,0.8103237268061587,0.9496418701708871,0.907664542326998,0.946280525633072,0.9009164739721391,alpha,1.5,0.8386587326207733,0.8492258664936969,0.8509052708762233,0.5368876730872275,0.8591937166868778,0.8517837502467638,0.21784737302236387,0.8972498177178272,saccade_p0.9_s_high_a1.5,saccade,0.31401759778899574,0.3371937021842777,0.2887494381633995,-0.41545515453457627,0.6330578978538594,0.6286728018627342,0.6365867994329772,0.79164193445354,0.012246538255449968,-0.008288445810654577,11,14.995371877444994,0.8509052708762233,0.7667080289912294,0.7907103979243634,0.08419724188499389,-0.04805691079838681,0.2989565413576243,0.302175752277278,0.29453312276149923,0.23450322908147436,cbramod,factorial,0.9,s_high,sacc_R,,479.0241825580597,1,0.010567133872923629,-0.007409966440114046,cbramod__saccade_p0.9_s_high_a1.5__seed1,0.9764903276746941,,0.9630646889628336,,,,,0.973140262816536,,0.9395380971180418,0.748904226518748,0.0784069374203682,1.432552695274353,0.777356109648593,0.05295020714402199,1.4378199577331543
0.004249619310811692,0.2813744289662172,0.560131972251988,0.7716682646212847,0.9110089673453274,0.8640037222942869,0.9093367548361626,0.8522220968924483,alpha,1.0,0.7731986237626555,0.8165938125722665,0.8093854874643955,0.5717885445162019,0.8252178572435771,0.7895118305648777,0.34417496263289993,0.8973523514400292,saccade_p0.9_s_high_a1,saccade,0.23759694294819367,0.23863510367002994,0.23817261925342004,-0.13908256041524827,0.4652105248314956,0.4599124071404812,0.4729454067696989,0.7312705734664423,0.03618686370174007,-0.015832369779181565,15,36.650169545884,0.8093854874643955,0.7960278067627401,0.8109408048732338,0.013357680701655439,-0.026085055980145988,0.24199074988014335,0.2477988662962859,0.2494627598071012,0.15972531656279088,cbramod,factorial,0.9,s_high,sacc_R,,484.8109509944916,0,0.04339518880961102,-0.035706026678699376,cbramod__saccade_p0.9_s_high_a1__seed0,,,,,,,,,,,0.8415966117482648,0.06263983249664307,1.397639513015747,1.1498691516318584,0.03004685789346695,1.8659775257110596
-0.017748575940443212,0.2931193954091702,0.4996841689696012,0.7565732333201738,0.9059613106987761,0.8572782132987422,0.8874880153403644,0.8539196886808416,alpha,1.0,0.7898530697425195,0.8291505682619362,0.8202473278998279,0.5657167432809724,0.8330776389633098,0.81537973434107,0.32986124820214896,0.9117412504557054,saccade_p0.9_s_high_a1,saccade,0.25453058461885547,0.26160882581217426,0.24947850038608255,-0.20360712731790695,0.49038607969767894,0.482536866614924,0.498853277092049,0.7438402836005328,0.03039425815730845,-0.01283031106348187,20,55.73563388259068,0.8202473278998279,0.8252700301756959,0.8142996136382865,-0.005022702275867985,-0.03609943878845989,0.2566612143602469,0.2700499168053244,0.2725147353281254,0.17014298203559042,cbramod,factorial,0.9,s_high,sacc_R,,609.5310945510864,1,0.039297498519416774,-0.017697904622239746,cbramod__saccade_p0.9_s_high_a1__seed1,,,,,,,,,,,0.9579779836447407,0.0769079178571701,1.2625819444656372,1.5592403812505349,0.048513807356357574,1.7546287775039673
-0.06469178275336984,0.36867350967232526,0.5550561164062939,0.8035953978907,0.9177316564209577,0.9177485759404433,0.9311742146523039,0.9076391630477694,alpha,0.5,0.8009419329366311,0.8088426069545108,0.8063777884317098,0.5075678953157168,0.8105375222087481,0.8063622775599988,0.21861727629092756,0.8208735873131607,saccade_p0.9_s_low_a0.5,saccade,0.29880989311599304,0.3112373877369996,0.2853496064262583,0.43051056878231525,0.5877605121407823,0.5642255238940015,0.6124710438059677,0.840395874057902,0.005435855495078745,-0.004159733777038266,13,14.905930497292468,0.8063777884317098,0.7720197975126202,0.7888293522095942,0.03435799091908964,-0.05210806847344829,0.29663132068022213,0.30160749034095713,0.2989565413576243,0.23476691390056115,cbramod,factorial,0.9,s_low,sacc_R,,485.06523513793945,0,0.00790067401787975,-0.004175244648749299,cbramod__saccade_p0.9_s_low_a0.5__seed0,,0.7784163329761435,,,,,0.808631774857594,,0.7985054424454345,,1.4046036976717542,0.12590783834457397,1.2706496715545654,1.252100570890877,0.08750416338443756,1.0641993284225464
0.01759630026507253,0.2897467711916981,0.5617816254018386,0.7615870509277536,0.9361993119395409,0.8925610512661439,0.9177288365010434,0.8807709661045626,alpha,0.5,0.7752601596209707,0.7829747031783186,0.7839772695225472,0.506829013790575,0.7892114836853831,0.7815589836148792,0.26664316534589244,0.8402068902661319,saccade_p0.9_s_low_a0.5,saccade,0.2771482557319722,0.26631555604834234,0.28917009531053717,0.4111932509183629,0.5173341041766548,0.5042521343829693,0.5321658656893591,0.9047462676128323,0.00871710990157648,-0.005234214162835871,14,22.703634644098834,0.7839772695225472,0.7495727459883246,0.7645322767139513,0.03440452353422263,-0.03782537578611922,0.3024859697114979,0.30499732084943176,0.29898756310104635,0.1998660424715869,cbramod,factorial,0.9,s_low,sacc_R,,509.33893275260925,1,0.007714543557347908,-0.007652500070503887,cbramod__saccade_p0.9_s_low_a0.5__seed1,,0.7112373808583836,,,,,0.7347442332637755,,0.6960408324403589,,1.3507352131384227,0.10848521441221237,1.4650261402130127,1.5859867400708774,0.08422357589006424,1.7088499069213867
-0.007512266651627075,0.3333286334668095,0.6121059161919802,0.8371073261519373,0.9462664260335005,0.9345129998308048,0.9429050814956854,0.9277762111556034,alpha,1.5,0.8908697368792127,0.890006768380383,0.890006768380383,0.5079655376632166,0.890006768380383,0.890006768380383,0.11667982740630023,0.8734506015311703,saccade_p0.9_s_low_a1.5,saccade,0.38204123071716634,0.3843053553609048,0.3796747686385691,-2.284704094130738,0.7733269409740827,0.7796318882359464,0.7652272124837212,-0.2009514595606306,-0.0008629684988297193,0.0,9,1.0849617019946358,0.890006768380383,0.5894610677120053,0.6289757184353761,0.3005457006683776,-0.083985729998026,0.3678022504864773,0.36949716574071456,0.37784765503821316,0.34827970331932656,cbramod,factorial,0.9,s_low,sacc_R,,445.13377118110657,0,-0.0008629684988297193,0.0,cbramod__saccade_p0.9_s_low_a1.5__seed0,0.9748124753257008,,0.9731318030567933,,,,,0.9748124753257008,,0.9647284417122552,0.80399444185674,0.22527208924293518,1.1951638460159302,0.7472573920593023,0.17246782779693604,1.1361202001571655
0.019152896057752056,0.3938694941063674,0.6087727708533079,0.8237098866392194,0.9479527381422366,0.9361993119395409,0.9445970334442502,0.9361936720997124,alpha,1.5,0.887619504216137,0.8900998336106489,0.8900998336106489,0.5088905496488902,0.8925646521334498,0.8900998336106489,0.124353478665501,0.8783608275610645,saccade_p0.9_s_low_a1.5,saccade,0.3812092839617587,0.3692537975385298,0.39327409558713355,-4.537788761739792,0.765746354945148,0.7755072624459475,0.7561341031935368,0.6900570493605265,0.0024803293945119265,-0.0024648185228008934,11,6.677916934480041,0.8900998336106489,0.7397233424518458,0.774990834484898,0.15037649115880314,-0.07729913421134271,0.378080318113878,0.38308750951803494,0.3838729236583096,0.34838827942130346,cbramod,factorial,0.9,s_low,sacc_R,,462.96882605552673,1,0.0024803293945119265,-0.0024648185228008934,cbramod__saccade_p0.9_s_low_a1.5__seed1,0.9748124753257008,,0.9630534092831762,,,,,0.9764931475946084,,0.9596920647453611,0.8726543556721801,0.21167248487472534,1.0006396770477295,0.8651687411762468,0.18355746567249298,0.9514651298522949
0.0159720263944505,0.3133015622356323,0.5903022954148103,0.8001889346342563,0.9395465568777848,0.9345073599909761,0.9395437369578703,0.9445716541650218,alpha,1.0,0.8692080994951916,0.8632914069770721,0.8624594602216644,0.4955949124340788,0.8674976733692434,0.8641233537324797,0.1336910234355171,0.8688137987604811,saccade_p0.9_s_low_a1,saccade,0.3668645477875856,0.36317219203902873,0.37126738812248605,-2.2666281652461224,0.7287684367861473,0.7459862512473666,0.7123050859177816,0.8275232952143744,-0.006748639273527202,-0.005038213147579018,12,7.917244794142686,0.8624594602216644,0.7621760342931273,0.7743915508051553,0.10028342592853712,-0.07309286781917146,0.36108463295637205,0.37109901576468596,0.3667996841422488,0.31014411009898757,cbramod,factorial,0.9,s_low,sacc_R,,487.9478716850281,0,-0.0059166925181195484,-0.003374319636763712,cbramod__saccade_p0.9_s_low_a1__seed0,,,,,,,,,,,1.1688891830869088,0.16981469094753265,1.456666111946106,1.2855912743336355,0.11650533229112625,1.394639015197754
0.0210225029609159,0.28480345158197506,0.5047120861767525,0.7884439681913034,0.9513225424397946,0.927815690034403,0.9244628052563306,0.8958857368450737,alpha,1.0,0.8359302292788855,0.8330931498350207,0.8339871400772723,0.5123269127724979,0.842182520657661,0.8348190868326799,0.17566062212696354,0.8637668611009843,saccade_p0.9_s_low_a1,saccade,0.3216602273047744,0.32456480762834017,0.31976858094480753,-0.757261897738471,0.6583265179503087,0.6567025169087481,0.6591466998582443,0.4219759668524598,-0.001943089201613235,-0.008195380580388711,14,22.612340979477032,0.8339871400772723,0.7880594489410304,0.8097831298118954,0.045927691136241844,-0.047147409684424435,0.32647846808990655,0.33479793564398314,0.3346428269268732,0.2873868411404721,cbramod,factorial,0.9,s_low,sacc_R,,498.751273393631,1,-0.0028370794438647984,-0.007363433824981058,cbramod__saccade_p0.9_s_low_a1__seed1,,,,,,,,,,,1.114386458177773,0.11603597551584244,1.4555680751800537,1.2963491145653867,0.08225033432245255,1.4321014881134033
0.022584738593423914,0.3116293497264677,0.5617534262026957,0.7716541650217135,0.9227539337882804,0.8975889684732954,0.9194038689301225,0.8774124414866618,alpha,0.5,0.7830578978538594,0.8231873431286838,0.820092219182718,0.5647762204235878,0.8248202148960772,0.8192912941707324,0.3044685411320116,0.8806963179001093,saccade_p0.9_s_star_a0.5,saccade,0.25531599875913025,0.24781572236389837,0.2633947608016688,0.4061576710387912,0.5156236780507064,0.5141312784122408,0.518013345780175,0.7328442073995333,0.037034321328858644,-0.004727995713359134,13,15.001015270704325,0.820092219182718,0.7898164076821117,0.7914337685777941,0.03027581150060632,-0.04112214106432788,0.2509151414309484,0.2550283425928537,0.24059054118841472,0.17451986801658248,cbramod,factorial,0.9,s_star,sacc_R,,473.4955759048462,0,0.04012944527482443,-0.0055289207253447215,cbramod__saccade_p0.9_s_star_a0.5__seed0,,0.7414274434606059,,,,,0.7682956404038124,,0.7548446224127234,,1.2134340455880193,0.08724729716777802,1.518129825592041,1.1304509895415136,0.04980864003300667,1.3376109600067139
0.06467768315379852,0.2611838023800124,0.5668321019683042,0.8069116237098866,0.9345214595905476,0.8975946083131239,0.9278044103547458,0.8992442614629743,alpha,0.5,0.7175357455088975,0.7920076708311007,0.7804379706139485,0.5832087763332299,0.8220296680673453,0.7688372486533743,0.39175667672523196,0.8620465730951513,saccade_p0.9_s_star_a0.5,saccade,0.1972291942807186,0.2054329748309125,0.19002178197282438,0.6299387576774029,0.38868129388871653,0.38281405920833794,0.39432861966831473,0.9180353963337802,0.06290222510505095,-0.04159169745339686,12,20.511935694771815,0.7804379706139485,0.7219380129163259,0.7521771623565244,0.05849995769762262,-0.02526862009644948,0.19041992159959387,0.1945176118897881,0.19274514227699602,0.09880143264051433,cbramod,factorial,0.9,s_star,sacc_R,,475.2598464488983,1,0.07447192532220315,-0.053192419413971015,cbramod__saccade_p0.9_s_star_a0.5__seed1,,0.726335232079409,,,,,0.8069059838700581,,0.7279538661102025,,1.0525030581896055,0.0757405236363411,1.2913135290145874,1.2028850445583001,0.050285011529922485,1.50639009475708
-0.005935931419547624,0.22435000845975983,0.4107495347132142,0.7062094636512324,0.8774462805256331,0.8237380858383623,0.869059838700581,0.7951497377474479,alpha,1.5,0.8014072590879607,0.8483628979948673,0.8426943794241236,0.5438069319495755,0.854367015426267,0.8402916043881665,0.25579683578217094,0.890209168793292,saccade_p0.9_s_star_a1.5,saccade,0.2988874474745481,0.2998669475551613,0.2986319999078012,-0.14273708818001035,0.5868975436419527,0.571471338285841,0.6046168562505042,0.8529579588824427,0.041287120336162886,-0.01167263600214341,26,62.45143203527815,0.8426943794241236,0.8427098902958345,0.8334964324995064,-1.5510871710922025e-05,-0.05962661101553912,0.24988155334329787,0.25066696748357253,0.2506359457401506,0.18793959220508194,cbramod,factorial,0.9,s_star,sacc_R,,700.527177810669,0,0.04695563890690657,-0.014075411038100505,cbramod__saccade_p0.9_s_star_a1.5__seed0,0.9379053634876771,,0.9009587727708532,,,,,0.9244712650160736,,0.8673481473126163,0.8292308932614241,0.07630892843008041,1.4271819591522217,1.297140516212106,0.045026980340480804,1.6612777709960938
-0.0010292707687100666,0.19240595567085883,0.4308358242625909,0.7179431504145284,0.8875190344594213,0.8270966104562629,0.8824770176526986,0.8438469347470532,alpha,1.5,0.805473927634733,0.8292281226204913,0.8235751149214585,0.5506951690685017,0.8126300798104853,0.8253165627908288,0.2525310922473843,0.8927497265767408,saccade_p0.9_s_star_a1.5,saccade,0.27287994585295683,0.26769043131167536,0.2776798165243347,-0.06529057611854745,0.5710440226740743,0.5921388180507817,0.5498507531491661,0.839132196693379,0.018101187286725495,0.010945035110973222,16,40.45541511535822,0.8235751149214585,0.8193533376575763,0.8307524182859076,0.004221777263882176,-0.051968470628049324,0.2534264925688823,0.2634563862489071,0.26515130150314437,0.1813305507769536,cbramod,factorial,0.9,s_star,sacc_R,,559.4788777828217,1,0.02375419498575826,0.012686482980343472,cbramod__saccade_p0.9_s_star_a1.5__seed1,0.9412300490666063,,0.9076701821668265,,,,,0.9412300490666063,,0.8891630477694434,0.9135787009263715,0.07331331819295883,1.5126216411590576,1.1524228431033698,0.044264450669288635,1.6795843839645386
-0.04285150301731433,0.2763775308781229,0.47618013648412383,0.7615983306074108,0.9076504427274266,0.8757684281766398,0.8908747391574079,0.8455360667757037,alpha,1.0,0.8097422375137482,0.829842917171945,0.8299980258890549,0.5546067288981641,0.8351857074367579,0.8301686454778758,0.28411404720945316,0.8734506015311703,saccade_p0.9_s_star_a1,saccade,0.2753912969908908,0.3010089810400265,0.24868904793186497,0.1579439295973283,0.5458839786796017,0.5549063089034261,0.5356982332399819,0.7122725755639432,0.020255788375306727,-0.005187681547702994,19,50.05993101022872,0.8299980258890549,0.8325559096421219,0.8284582193519276,-0.0025578837530669807,-0.04539045094334315,0.2617304492512479,0.27006542767703534,0.26909388307622883,0.20060492399672858,cbramod,p_series,0.9,s_star,sacc_R,,1452.7203960418701,0,0.02010067965819684,-0.005017061958882074,cbramod__saccade_p0.9_s_star_a1__seed0,,,,,,,,,,,0.9458091324622314,0.0717487707734108,1.5507712364196777,1.517853367841622,0.04712279886007309,2.3121442794799805
-0.004294738029440026,0.22759573628108964,0.5013648412385088,0.7297219558964525,0.8958941966048164,0.869071118380238,0.9042919181095257,0.845530426935875,alpha,1.0,0.7831354522124143,0.8281945345328408,0.8301376237344539,0.5747906032319017,0.8357539693730788,0.8236216475365916,0.31868919033249665,0.8997561975938753,saccade_p0.9_s_star_a1,saccade,0.2553470205025522,0.24965628118416683,0.2623402367204878,0.42050510623638865,0.5114484334019572,0.5019458920057656,0.5208599845566966,0.8528026839948623,0.04700217152203956,-0.005616345638624898,20,48.243387505806304,0.8301376237344539,0.8317860063735583,0.8200767083110071,-0.0016483826391043843,-0.037747821427564276,0.24901858484446826,0.2532248512366395,0.24889449787078033,0.17863306917848776,cbramod,p_series,0.9,s_star,sacc_R,,695.9892117977142,1,0.045059082320426436,-0.012132321836487159,cbramod__saccade_p0.9_s_star_a1__seed1,,,,,,,,,,,0.7505392671814255,0.07767042517662048,1.2801660299301147,0.9991470025571579,0.04238738864660263,1.5323370695114136
0.002512548643618384,0.32502396931927136,0.5248998928430433,0.7263408719192377,0.9227511138683662,0.8724155433985676,0.8959167559641306,0.8387908183407591,alpha,1.0,0.8081403874897769,0.8224019289884091,0.8209086550664147,0.5791830000846048,0.8447869370258609,0.8236216475365916,0.31204912716094646,0.8828950966095517,saccade_p0.9_s_star_a1,saccade,0.24172565498180998,0.2619580884798758,0.22204358699535554,0.6403716887348917,0.5088595279054683,0.5175795542743098,0.5006453917873895,0.7677957774461972,0.012768267576637848,-0.02387828195944619,14,28.416341707049746,0.8209086550664147,0.8025748047040244,0.8165472799571336,0.018333850362390325,-0.034544121379621484,0.2505428805098847,0.2706336896133563,0.2630065709692885,0.15037226092106382,cbramod,p_series,0.9,s_star,sacc_R,,605.6500570774078,2,0.014261541498632235,-0.021165289489269323,cbramod__saccade_p0.9_s_star_a1__seed2,,,,,,,,,,,1.0040986629860382,0.0642634779214859,1.4125274419784546,1.2665051582313718,0.04256995767354965,1.628889799118042
-0.0007134397383115054,0.3418899103265467,0.5853702554847442,0.8019372849811066,0.9345468388697762,0.8791692515932548,0.9311911341717896,0.9244543454965879,alpha,1.0,0.7657886573225415,0.8296158944132661,0.8138554386756536,0.568677909698525,0.8377957641219436,0.8097577483854592,0.3084632956372148,0.8904142362376959,saccade_p0.9_s_star_a1_sacmis,saccade,0.24517752897712852,0.2381694201130945,0.25301086793670546,-1.4837609666819418,0.5053921430384387,0.4959807073954984,0.5147460498565155,0.8005817548634535,0.04806678135311204,-0.02394032544628999,13,29.58443088592153,0.8138554386756536,0.7821018641247638,0.8208155898361488,0.031753574550889785,-0.036176993147014835,0.12168278857271786,0.13004878874192727,0.13932429002509938,0.06223666770072478,cbramod,mismatch,0.9,s_star,sacc_R,sacc_R_mis,482.28207087516785,0,0.06382723709072458,-0.028038015736484345,cbramod__saccade_p0.9_s_star_a1_sacmis__seed0,,,,,,,,,,,0.7076436987895535,0.0653471127152443,1.2578556537628174,0.8562089424113144,0.03822997584939003,1.5207018852233887
0.006060007895775765,0.3318030567931871,0.555168913202865,0.7885313857086458,0.9110540860639558,0.8741300547064463,0.9076899216062264,0.9009277536517963,alpha,1.0,0.8106052060125779,0.8484559632251332,0.8435573479229532,0.5429904960658789,0.8506260751854254,0.8411855946304182,0.2475239008432274,0.887702788917244,saccade_p0.9_s_star_a1_sacmis,saccade,0.3005668518570743,0.3073456037254684,0.2965229517454391,0.06818099601728818,0.5960334470797258,0.6197250249473333,0.572727587041455,0.7444360120272004,0.03295214191037532,-0.0070687272624722075,22,50.66220037610314,0.8435573479229532,0.8469316675597168,0.8385811782622183,-0.003374319636763601,-0.060458557770946775,0.11512027975972239,0.13356270622408972,0.14709100651456608,0.07009644942045745,cbramod,mismatch,0.9,s_star,sacc_R,sacc_R_mis,652.7554006576538,1,0.037850757212555264,-0.009440480555007236,cbramod__saccade_p0.9_s_star_a1_sacmis__seed1,,,,,,,,,,,0.8828277356038543,0.09669028222560883,1.399647831916809,1.2081055817044013,0.046763621270656586,1.7579069137573242
0.024262590942417228,0.353606677570357,0.6256161525012689,0.8069482826687722,0.9496362303310586,0.934524279510462,0.9429220010151711,0.9328351474818115,alpha,0.5,0.8926168250655686,0.9247370202205364,0.9173270537804225,0.5301855664288333,0.9235948560309089,0.9173890972672665,0.13968527031219155,0.945053317535545,saccade_p1_s_high_a0.5,saccade,0.38714148735158915,0.3944173411686439,0.3805967569062684,0.5161238431181897,0.7776417834682309,0.7848043020290498,0.770286623102721,0.8929516810824631,0.024710228714853844,-0.006267802250486398,27,nan,0.9173270537804225,0.9173270537804225,0.9189909472912378,0.0,0.0,0.4196466341408387,0.42369779181590006,0.41180236329281705,0.318892241743986,cbramod,corner,1.0,s_high,sacc_R,,709.5952422618866,0,0.03212019515496778,-0.006205758763642377,cbramod__saccade_p1_s_high_a0.5__seed0,,0.7918250521685184,,,,,0.8069370029891152,,0.7632282443178613,,1.1475692098107906,0.21358612179756165,2.145475387573242,1.0915171703588828,0.15118972957134247,2.1589908599853516
0.027674694038689385,0.38713552535108,0.625596413061869,0.822040494049969,0.9445970334442502,0.9060007895775759,0.9362021318594551,0.9143646720433138,alpha,0.5,0.8892580163005162,0.9070955187681548,0.9046772328604868,0.5434812036436447,0.9108829916241292,0.9023054795679517,0.16472122733297612,0.9427178271965002,saccade_p1_s_high_a0.5,saccade,0.36119602921684213,0.33787005211220755,0.38252140741509066,0.44253924244181453,0.7399560055275107,0.7496451934804302,0.7304106305247265,0.8823212880326736,0.015419216559970694,-0.006205758763642377,25,nan,0.9046772328604868,0.9046772328604868,0.9064031698581461,0.0,0.0,0.38485433881384146,0.3957006683775629,0.3779195690797823,0.3052708762232439,cbramod,corner,1.0,s_high,sacc_R,,694.3060550689697,1,0.0178375024676386,-0.008577512056177516,cbramod__saccade_p1_s_high_a0.5__seed1,,0.8153234448141673,,,,,0.8002086740736565,,0.7733122779313066,,1.3813506033019538,0.1684662252664566,2.3605246543884277,1.422645954319103,0.14059026539325714,2.5830745697021484
0.009105521403192096,0.35021713383339925,0.6071033782640574,0.8556370199086345,0.9630618690429191,0.9630590491230049,0.9647369014719982,0.9647199819525125,alpha,1.5,0.9941143292253025,0.9941143292253025,0.9941143292253025,0.5029273245156378,0.9941143292253025,0.9941143292253025,0.006686595786683212,0.9928568173532628,saccade_p1_s_high_a1.5,saccade,0.4911870047096647,0.48794212218649513,0.49563784300844776,-2.7924868278022923,0.9874277334386193,0.9864397383301918,0.9880083900932362,0.9582140936978022,0.0,0.0,16,nan,0.9941143292253025,0.9941143292253025,0.9941143292253025,0.0,0.0,0.49408330748188056,0.4932358498547619,0.49406779661016953,0.4864561888378127,cbramod,corner,1.0,s_high,sacc_R,,553.970694065094,0,0.0,0.0,cbramod__saccade_p1_s_high_a1.5__seed0,0.9882409339574756,,0.9882409339574756,,,,,0.9882409339574756,,0.993280130844284,0.7972433830046871,0.47930198907852173,2.2399559020996094,0.8072296997196716,0.3940258324146271,2.2416024208068848
0.0008177767751396114,0.34016129941909656,0.6004173481473125,0.8589673453273927,0.9764875077547797,0.9697760983588066,0.9714539507077999,0.9781681800236872,alpha,1.5,0.9941453509687245,0.9941453509687245,0.9941453509687245,0.5012634310048225,0.9941453509687245,0.9941453509687245,0.007565075157223836,0.9904871491068173,saccade_p1_s_high_a1.5,saccade,0.49288191996390196,0.4978212662157667,0.4888381795341654,-12.118216493453861,0.9865802758115007,0.9881638762612263,0.984608558356095,0.770162306856985,0.0,0.0,17,nan,0.9941453509687245,0.9941453509687245,0.9924814574579092,0.0,0.0,0.49496178685242115,0.4932513607264729,0.4965481260046815,0.476317719055811,cbramod,corner,1.0,s_high,sacc_R,,582.851104259491,1,0.0,0.0,cbramod__saccade_p1_s_high_a1.5__seed1,0.9832045569905814,,0.9832045569905814,,,,,0.9832045569905814,,0.9865630816084825,0.8057178303764104,0.48256248235702515,2.1902050971984863,0.7617950506603844,0.3748151957988739,2.0522758960723877
0.0024589701652473206,0.4257120297783543,0.6826603124471267,0.8556031808696631,0.9630590491230049,0.9597061643449325,0.959700524505104,0.9529862951892167,alpha,0.5,0.9322865845060493,0.9355833497842578,0.9355833497842578,0.4939310189232635,0.9338884345300206,0.9338884345300206,0.06572943399419047,0.92135663507109,saccade_p1_s_low_a0.5,saccade,0.4416523308609943,0.4217485308792549,0.4597955491016378,0.3334267877025618,0.8698539157900673,0.8638596296706953,0.8767359310352777,0.9546797369077054,0.0032967652782085466,0.0016949152542372614,13,nan,0.9355833497842578,0.9355833497842578,0.9372162215516512,0.0,0.0,0.44354606728898155,0.445163428184664,0.4466877238500804,0.378338362615979,cbramod,corner,1.0,s_low,sacc_R,,502.27979707717896,0,0.0032967652782085466,0.0,cbramod__saccade_p1_s_low_a0.5__seed0,,0.8539196886808416,,,,,0.8556031808696631,,0.8555806215103492,,1.4227362785367348,0.2853163778781891,2.97865629196167,1.47962050771064,0.23871298134326935,3.151263475418091
-0.010930009587727607,0.4325249562912412,0.7112176414189837,0.8808076250634482,0.9630562292030906,0.9681095256894703,0.961384016693926,0.9697648186791494,alpha,0.5,0.9355988606559689,0.9355213062974139,0.9363532530528216,0.5022659973490511,0.9354747736822809,0.9355057954257029,0.06310950675427959,0.945053317535545,saccade_p1_s_low_a0.5,saccade,0.4340872557037705,0.4369386849983368,0.43375514296580575,0.32493803647828806,0.873243746298542,0.8583379532098903,0.8881743479814219,0.916762308893265,0.00075439239685271,0.0008784793705406413,14,nan,0.9363532530528216,0.9363532530528216,0.9297907442398263,0.0,0.0,0.4418666629064553,0.447628246707465,0.44587128796638376,0.40633548605431624,cbramod,corner,1.0,s_low,sacc_R,,503.2494249343872,1,-7.755435855494319e-05,3.102174342195507e-05,cbramod__saccade_p1_s_low_a0.5__seed1,,0.867376346511759,,,,,0.8690541988607525,,0.8774209012464045,,1.2405092216834013,0.27328556776046753,2.941666603088379,1.2623421503217302,0.22674527764320374,3.0414493083953857
0.02765495459928946,0.3786842253679996,0.6541029834752692,0.8841576899216061,0.9781709999436017,0.9731374428966217,0.9781709999436017,0.9697648186791494,alpha,1.5,0.9966567021066584,0.9966567021066584,0.9966567021066584,0.5037592712710455,0.9966567021066584,0.9966567021066584,0.005022702275867904,0.9928568173532628,saccade_p1_s_low_a1.5,saccade,0.4928974308356129,0.48426100454595855,0.5022531088291902,-5.821927904292114,0.9916339998307905,0.9898880141922608,0.9933847341792575,0.9339588853757199,0.0,0.0,23,nan,0.9966567021066584,0.9966567021066584,0.9966567021066584,0.0,0.0,0.49832059561747366,0.4966256803632364,0.499937956513156,0.48815110409205,cbramod,corner,1.0,s_low,sacc_R,,678.5538606643677,0,0.0,0.0,cbramod__saccade_p1_s_low_a1.5__seed0,0.9899244261462976,,0.9899244261462976,,,,,0.9899244261462976,,0.9899244261462976,0.8400701488476277,0.5959083437919617,2.316046714782715,0.7936666417002525,0.4895687401294708,2.1929070949554443
-0.024327449100445486,0.39723929840392547,0.6658592295978794,0.8723958039591675,0.9781709999436017,0.9815295245615023,0.9815295245615023,0.9647284417122552,alpha,1.5,0.9932513607264728,0.9932513607264728,0.9932513607264728,0.5003849516342819,0.9932513607264728,0.9932513607264728,0.004159733777038269,0.9928568173532628,saccade_p1_s_low_a1.5,saccade,0.4928664090921909,0.5002217540747311,0.4837787689151656,-4.365425936776862,0.9890916269494345,0.9897715933030269,0.9878239924396962,0.8873818267985444,0.0,0.0,16,nan,0.9932513607264728,0.9932513607264728,0.9940988183535915,0.0,0.0,0.49408330748188045,0.49408330748188045,0.49403677486674746,0.49323584985476177,cbramod,corner,1.0,s_low,sacc_R,,572.2513017654419,1,0.0,0.0,cbramod__saccade_p1_s_low_a1.5__seed1,0.9949636230331058,,0.9949636230331058,,,,,0.9949636230331058,,0.9932829507641983,0.7765852899500427,0.5240651369094849,2.1718926429748535,0.7802093610938506,0.43884897232055664,2.1562161445617676
-0.016011505273250348,0.38212170774349996,0.5886808414641025,0.8220489538097118,0.9613896565337545,0.9529975748688737,0.9630703288026621,0.9664119339010773,alpha,1.0,0.9783073408725571,0.9765658930031869,0.9765814038748978,0.5072731887532079,0.9815575735356328,0.9765814038748978,0.028658450604923995,0.985679456799125,saccade_p1_s_star_a1,saccade,0.46930821512168985,0.47163210999002114,0.46843918911131854,0.23343923527535518,0.9479229532699738,0.9482980374764387,0.9470260115940025,0.9149809577485264,-0.0017259369976593275,-0.004976169660734997,20,nan,0.9765814038748978,0.9765814038748978,0.9757804788629121,0.0,0.0,0.47303646464931326,0.4771961984263516,0.473713302687611,0.4314955300487887,cbramod,p_series,1.0,s_star,sacc_R,,602.5734462738037,0,-0.0017414478693702495,-0.004976169660734997,cbramod__saccade_p1_s_star_a1__seed0,,,,,,,,,,,1.0030421076741192,0.37634962797164917,2.5023083686828613,0.9260039906784159,0.25576677918434143,2.3720505237579346
0.005848513902205088,0.3502284135130562,0.5903333145338672,0.8572979527381421,0.9680982460098133,0.9647453612317411,0.9680982460098133,0.9680897862500704,alpha,1.0,0.9808031811387801,0.983283510533292,0.9824515637778843,0.5021574212470741,0.9857638399278039,0.9824515637778843,0.024421162469330775,0.9809059423988333,saccade_p1_s_star_a1,saccade,0.48029414253081026,0.46506264552611154,0.49397826412658896,-4.311341214292492,0.9580304013085535,0.9681727464242155,0.9472104092475423,0.7128893338372007,0.0016483826391042733,-0.0033122761499195796,23,nan,0.9824515637778843,0.9824515637778843,0.980787670267069,0.0,0.0,0.485670774697538,0.4822809441890634,0.48301982571420515,0.45433035336585914,cbramod,p_series,1.0,s_star,sacc_R,,669.0052826404572,1,0.0024803293945119265,-0.0033122761499195796,cbramod__saccade_p1_s_star_a1__seed1,,,,,,,,,,,0.8510328211152062,0.41077569127082825,2.0973410606384277,0.7631839012619854,0.29509156942367554,1.8746795654296875
-0.005969770458518986,0.3283627544977723,0.600411708307484,0.8774547402853758,0.9563476397270319,0.961384016693926,0.9563476397270319,0.959700524505104,alpha,1.0,0.9757959897346231,0.9774288615020164,0.9774288615020164,0.492897430835613,0.9782297865140022,0.978260808257424,0.019398460193462874,0.9833439664600803,saccade_p1_s_star_a1,saccade,0.48453143066640336,0.46655394167867836,0.5009623252544112,-13.786562566948653,0.9580304013085534,0.9600177403259784,0.955986585070705,0.7033839457382849,0.0016328717673932402,-0.0008009250119858091,17,nan,0.9774288615020164,0.9774288615020164,0.9741165853520968,0.0,0.0,0.4773357962717504,0.4781212104120251,0.48309738007276004,0.44850672607800557,cbramod,p_series,1.0,s_star,sacc_R,,578.4054679870605,2,0.0016328717673932402,3.102174342184405e-05,cbramod__saccade_p1_s_star_a1__seed2,,,,,,,,,,,1.0499474101669055,0.3591408431529999,2.706003427505493,1.045208000744082,0.26793941855430603,2.742088556289673
0.015876149117365124,-0.014257515086571582,0.05446957306412514,0.21920647453612307,0.46096948846652763,0.15196548418024936,0.2897157520726412,0.18558174947831474,alpha,1.0,,,0.6771933782678586,,,,,0.8044226212176449,saccade_pnone_s_star_a1,saccade,,,,,,,,,,,11,,,,,,,,,,,cbramod,p_series,,s_star,sacc_R,,171.38526606559753,0,,,cbramod__saccade_pnone_s_star_a1__seed0,,,,,,,,,,,,,,,,
0.03780102645084882,0.05132536235970897,0.12347019344650612,0.24110033275054987,0.4660735435113643,0.14174891433083303,0.3064999154024026,0.16539958265185284,alpha,1.0,,,0.679285935869596,,,,,0.8018478855267954,saccade_pnone_s_star_a1,saccade,,,,,,,,,,,13,,,,,,,,,,,cbramod,p_series,,s_star,sacc_R,,226.2227234840393,1,,,cbramod__saccade_pnone_s_star_a1__seed1,,,,,,,,,,,,,,,,
-0.0026648243189894005,0.05784501720151147,0.06633297614347766,0.15374485364615653,0.32333483729062085,0.07469121876938711,0.1469121876938695,0.08648976369071137,alpha,1.0,,,0.6676640627203249,,,,,0.8012668611009843,saccade_pnone_s_star_a1,saccade,,,,,,,,,,,12,,,,,,,,,,,cbramod,p_series,,s_star,sacc_R,,199.5029580593109,2,,,cbramod__saccade_pnone_s_star_a1__seed2,,,,,,,,,,,,,,,,
0.02428797022164564,-0.02439512717838821,0.01589870847667929,0.032510856691669865,0.28275900964412615,0.20536066775703565,0.23070046810670575,0.1804917940330495,alpha,1.0,0.5718717391917425,0.5911813643926789,0.5954186525282721,0.5995628754335993,0.5750895400321498,0.5919978002763755,0.5971601003976423,0.6820657127232956,alpha_p0.5_s_star_a1,alpha,-0.004144222905327233,-0.013327419891340453,0.005745139393101173,0.18965565644541513,-0.0017414478693702495,-0.0030990131943675614,-0.00036879530707967234,0.16230887652539294,0.023546913336529585,0.020329112496122237,20,79.47381162207907,0.5954186525282721,0.5855748893087791,0.5799627739078936,0.009843763219492985,-0.005053724019289829,0.007285879466426004,0.00796271750472377,0.0051256380608590835,0.0006458162948758117,csoanet,p_series,0.5,s_star,sacc_R,,109.47182512283325,0,0.019309625200936376,0.016908260244225648,csoanet__alpha_p0.5_s_star_a1__seed0,,,,,,,,,,,,,,,,
-0.05639275844566005,0.010941289267384802,0.05117026676442382,0.025917883932096375,0.17373808583836237,0.05596977045851892,0.18707630703288025,0.13013930404376506,alpha,1.0,0.5792760653148707,0.5827998533517584,0.5819834174680617,0.5828774077103134,0.5807636989198792,0.5777771510758904,0.5837558870808539,0.7015699052132701,alpha_p0.5_s_star_a1,alpha,-0.0008939902422516743,-0.0027497505266660394,0.0019765123488804104,0.688510941468267,-0.0017724696127922046,-0.009646302250803984,0.006246470513662783,0.3097925237551266,0.002707352153190956,0.0012197185481824802,32,84.54326143874187,0.5819834174680617,0.5828618968386023,0.5876054034236724,-0.0008784793705406413,-0.0025733946247780137,0.012386136100848932,0.007993739248145726,0.007730054429058941,0.005854649031275527,csoanet,p_series,0.5,s_star,sacc_R,,134.35916328430176,1,0.0035237880368876873,-0.002986547843988774,csoanet__alpha_p0.5_s_star_a1__seed1,,,,,,,,,,,,,,,,
0.0309880999379617,0.0007416389374541588,0.030892222660876545,0.03602165698494164,0.1299644690090802,0.08787998420844856,0.13172409903558746,0.09990130280300047,alpha,1.0,0.558653656335486,0.6005654417778279,0.5990876787275445,0.5915536253137426,0.577290673735864,0.6022913787754872,0.5965453058461885,0.6629032993073278,alpha_p0.5_s_star_a1,alpha,0.007534053413801978,0.008620689655172376,0.006984061127822128,0.8109456699010384,0.0025423728813560587,0.004939572014635907,0.00018439765353983617,0.3213427962217715,0.04043402239205851,0.02179700499168058,21,81.20000933460204,0.5990876787275445,0.6007981048534927,0.6056812092839619,-0.0017104261259481834,-0.005007191404156841,0.008071293606700669,0.005265235906257937,0.01892749372514735,0.006422910967596396,csoanet,p_series,0.5,s_star,sacc_R,,108.61457896232605,2,0.041911785442341865,0.02500070503962326,csoanet__alpha_p0.5_s_star_a1__seed2,,,,,,,,,,,,,,,,
-0.002591506401218302,0.06625965822570645,0.0963848626699002,0.20218825785347683,0.4808922226608765,0.47252834019513834,0.4808922226608765,0.5297557949354239,alpha,1.0,0.6356623142220592,0.6487196480442201,0.6487196480442201,0.5622846103951042,0.5951380467582278,0.6503680306833244,0.4606573789446967,0.6745807510025519,alpha_p0.75_s_star_a1,alpha,0.08643503764911586,0.09054218871271758,0.08357247404026769,0.22933920383926507,0.1880622690995234,0.18819159552056763,0.1882296672774838,0.6664920803182955,0.0130573338221609,0.05358160128599232,13,22.77871824146472,0.6487196480442201,0.5569319495755661,0.583616289235455,0.09178769846865398,0.008748131644998436,0.0007078597817198329,0.007208325107871061,0.010256916438703856,0.00157082828054933,csoanet,p_series,0.75,s_star,sacc_R,,91.7272629737854,0,0.0130573338221609,0.05522998392509659,csoanet__alpha_p0.75_s_star_a1__seed0,,,,,,,,,,,,,,,,
-0.04288252213637134,0.009212678359934445,0.04438553945067958,0.16518808865828216,0.4858693813095709,0.4052845299193504,0.46570977384242296,0.5650245333032542,alpha,1.0,0.6486999069347698,0.6402972447051525,0.641160213203982,0.5654939507600327,0.618102597365972,0.6436560534702049,0.4908612764037339,0.7296983230040102,alpha_p0.75_s_star_a1,alpha,0.07566626244394925,0.06421443619026501,0.08660351047032933,0.5013196454673883,0.15029893680024808,0.13786450826033936,0.16245433276861554,0.7617017001818573,-0.007539693730787778,0.023057615838010026,25,44.9134928601053,0.641160213203982,0.5914760709551876,0.5853112044896923,0.04968414224879436,-0.02195634394652979,-0.0009715446008066175,0.003802983727685394,0.00185989452607227,-0.003374319636763712,csoanet,p_series,0.75,s_star,sacc_R,,120.11967539787292,1,-0.008402662229617275,0.025553456104232986,csoanet__alpha_p0.75_s_star_a1__seed1,,,,,,,,,,,,,,,,
-0.03777846709153465,0.036041396424341565,0.06294061248660521,0.16866786983249682,0.4590970616434493,0.4305115334724494,0.41542496193108125,0.439098189611415,alpha,0.5,0.7112101300093066,0.7239939084576553,0.7266913900561212,0.6873417186045856,0.6937068163230773,0.7258594433007135,0.6563115147071266,0.8516109187021509,alpha_p0.9_s_high_a0.5,alpha,0.03934967145153556,0.0366504047011863,0.0411149143127153,0.6012769454116692,0.07037987534899459,0.06514580330413566,0.07492883403058703,0.8985238240103428,0.015481260046814604,0.032984573733043865,31,45.195276010733636,0.7266913900561212,0.7090653994754506,0.739459657632759,0.017625990580670603,-0.004221777263882176,0.008980794720663265,0.009657632758961032,0.02202825798809893,0.008148847965255612,csoanet,factorial,0.9,s_high,sacc_R,,181.75358986854553,0,0.01278377844834877,0.03215262697763621,csoanet__alpha_p0.9_s_high_a0.5__seed0,,0.16364559246517407,,,,,0.17201793469065496,,0.11164908916586769,,1.5674658456300592,0.16614322364330292,2.2065062522888184,1.9426988983424134,0.16462074220180511,2.798201084136963
-0.010938469347470559,0.03768822965427798,0.09301505837234236,0.17529186171112743,0.4271332694151486,0.43547741244148663,0.41200439907506636,0.5532795668603012,alpha,0.5,0.7074945711949012,0.7162271919681886,0.7153797343410699,0.6700358160128599,0.6493499534673848,0.7094320200795285,0.6238289291858202,0.8206685198687569,alpha_p0.9_s_high_a0.5,alpha,0.04534391832821005,0.04480541079942346,0.04562113197109574,0.6048966465493636,0.09155080515524971,0.09247699301474654,0.08908135393977124,0.86476952000075,0.007885163146168717,0.06602978087368516,26,40.33966824597165,0.7153797343410699,0.7087862037846527,0.7176175301051919,0.006593530556417204,0.0033743196367634898,-0.0017879804845033487,-0.0035914718407175084,0.0012295891029074912,-0.0051778109929778715,csoanet,factorial,0.9,s_high,sacc_R,,138.84666919708252,1,0.008732620773287403,0.06008206661214377,csoanet__alpha_p0.9_s_high_a0.5__seed1,,0.16353279566860301,,,,,0.1820060910270147,,0.061288139416840526,,0.9988176366160648,0.15437814593315125,1.284915804862976,1.262255734494167,0.15253689885139465,1.6771819591522217
0.00927189667813444,-0.02274547402853766,0.0057131577463200856,0.14502566127121996,0.3297360554960238,0.2759855620100389,0.29789069990412265,0.36183520388020973,alpha,1.5,0.7593953580191206,0.7585422600750162,0.7585422600750162,0.5743295073183112,0.568985306974252,0.7602061535858315,0.3827688316083364,0.8345447502734232,alpha_p0.9_s_high_a1.5,alpha,0.184212752756705,0.18691096573899546,0.18185066095033942,0.8451615083524822,0.3757734284666798,0.382675462911631,0.36884140649310243,0.9436633153029631,-0.0008530979441043751,0.18955695310076426,30,27.17723728832016,0.7585422600750162,0.6211779802024874,0.6448856425731126,0.13736427987252886,-0.025299641839871434,-0.011988493753348983,-0.013807495981274176,-0.014102202543782916,-0.006040779491807369,csoanet,factorial,0.9,s_high,sacc_R,,153.83592081069946,0,-0.0008530979441043751,0.19122084661157956,csoanet__alpha_p0.9_s_high_a1.5__seed0,0.5665529298967908,,0.4925243923072584,,,,,0.5312757317692176,,0.8017934690654784,1.4521288014738183,0.20516125857830048,2.1959073543548584,1.8192238877787463,0.20431749522686005,2.849033832550049
-0.007678641926569307,-0.04968416896960126,0.03088940274096208,0.11640347414133423,0.4204218600191756,0.34979696576617236,0.3969544864925836,0.5533190457391011,alpha,1.5,0.7667277701006796,0.7713006570969289,0.7704687103415212,0.5434233903945402,0.6944710792746552,0.7721326038523365,0.31815054006035137,0.8656580386438206,alpha_p0.9_s_high_a1.5,alpha,0.22704531994698096,0.23838008648408915,0.21566458066821093,0.8313220753350596,0.45231817028116983,0.4752688768156115,0.42879945602692204,0.9634732030023634,0.003740940240841595,0.07599763106686597,18,17.48479290861476,0.7704687103415212,0.6213077074931611,0.6496037677317466,0.1491610028483601,-0.020245917820581494,-0.0017724696127922046,0.001539806537127375,0.0005217293211877694,-0.0017259369976593275,csoanet,factorial,0.9,s_high,sacc_R,,126.2527425289154,1,0.004572886996249248,0.07766152457768127,csoanet__alpha_p0.9_s_high_a1.5__seed1,0.6068665049912583,,0.5933252495629124,,,,,0.6370678472731375,,0.8958575376459308,1.2968196185209797,0.23660452663898468,1.7406381368637085,1.6140976254918955,0.23096835613250732,2.1922097206115723
0.011051266144041616,-0.0010433703682815043,0.010616998477243289,0.17682025830466408,0.47408775590773233,0.40525915064012175,0.46570131408268,0.5751001071569566,alpha,1.0,0.7531797287007529,0.7805973095687977,0.7814912998110494,0.6514848134465157,0.6837643475563326,0.7831396824501538,0.5322471022871484,0.8224571636893911,alpha_p0.9_s_high_a1,alpha,0.1300064863645337,0.14028717152677683,0.11949544192050143,0.7620923006397816,0.24924419752390092,0.2521953653398381,0.24745012619714402,0.8496381592952553,0.028311571110296474,0.09772695225471673,27,28.289132831323254,0.7814912998110494,0.6773738684114048,0.7025748047040243,0.10411743139964458,-7.755435855494319e-05,0.007285879466426004,0.012044896923207093,0.01580134803575961,0.00731690120984807,csoanet,factorial,0.9,s_high,sacc_R,,139.8878779411316,0,0.0274175808680448,0.09937533489382111,csoanet__alpha_p0.9_s_high_a1__seed0,,,,,,,,,,,1.7103005717920081,0.22238300740718842,2.196023941040039,2.1317207168824224,0.22255733609199524,2.905651807785034
0.02088150696520219,0.010631098076814727,0.01245840618126448,0.1735265918447917,0.4523207940894478,0.4053183689583215,0.44727877728272514,0.5583300434267666,alpha,1.0,0.7452734143658875,0.7487041371725092,0.7479187230322344,0.6285879466426013,0.692198031529372,0.7469937110465608,0.5109831072506275,0.8396258658403208,alpha_p0.9_s_high_a1,alpha,0.11933077638963308,0.1194810954651292,0.11936290610701983,0.7858677055357938,0.23693561578160693,0.22551835014968402,0.24818771681130358,0.9031295516562349,0.002645308666346935,0.05572069150286241,37,50.03737088210989,0.7479187230322344,0.6757875292591444,0.6930567697904622,0.07213119377308996,-0.009337544770016137,0.005746072929298629,0.00639188922417433,0.006174737020220533,0.0015863391522603632,csoanet,factorial,0.9,s_high,sacc_R,,160.21048545837402,1,0.003430722806621711,0.05479567951718878,csoanet__alpha_p0.9_s_high_a1__seed1,,,,,,,,,,,1.188186973960324,0.16393789649009705,1.6174246072769165,1.5504771327797362,0.16600166261196136,2.2412543296813965
0.041122892109864084,0.046066211719587136,0.10979922170210354,0.24582369860695952,0.5364079860131972,0.5212734758332864,0.5347244938243754,0.7077914387231403,alpha,0.5,0.6109210637637835,0.6186356073211314,0.6178191714374348,0.5473462308581742,0.5767167714825573,0.6211779802024874,0.45587298006147947,0.664897010572366,alpha_p0.9_s_low_a0.5,alpha,0.07047294057926057,0.07858964408471003,0.06262029065680141,0.818327146995588,0.16194619137595534,0.1632608936689211,0.1601090251126555,0.7330807165856755,0.006898107673651288,0.04110239995487752,35,29.191234170130627,0.6178191714374348,0.5772554217547026,0.5854663132068022,0.04056374968273224,0.0007078597817198329,-0.002666459855043879,0.00042866409092190416,0.0068515750585183,-0.0059166925181195484,csoanet,factorial,0.9,s_low,sacc_R,,154.30766534805298,0,0.007714543557347908,0.04446120871993009,csoanet__alpha_p0.9_s_low_a0.5__seed0,,0.24749591111612412,,,,,0.24079296147989382,,0.19724493824375378,,1.3332416441043065,0.13215605914592743,0.5828574299812317,1.7108942879999633,0.14031094312667847,0.7779913544654846
0.014232135807343171,0.061262760137612116,0.09289098189611411,0.15675370819468726,0.4909424172353505,0.48422536799954896,0.4976651063109807,0.6607720940725283,alpha,0.5,0.6049677091852562,0.60558250373671,0.6072463972475253,0.5342000620434868,0.5702628387715389,0.6072619081192363,0.4628021094785527,0.6815872220196865,alpha_p0.9_s_low_a0.5,alpha,0.07304633520403847,0.07812396052777482,0.06762783943574324,0.6373277442034384,0.14444428776897256,0.15072624459474449,0.13649460060620727,0.689908765681321,0.002278688062269052,0.03698355847598633,44,40.01028722793003,0.6072463972475253,0.5858794664260132,0.5825051467892496,0.021366930821512087,-0.004221777263882176,0.0032812544064976246,0.01069122084661156,0.008701599029865448,-4.653261513298812e-05,csoanet,factorial,0.9,s_low,sacc_R,,186.66544389724731,1,0.0006147945514537456,0.036999069347697366,csoanet__alpha_p0.9_s_low_a0.5__seed1,,0.1937031188314251,,,,,0.19706164344932597,,0.14860131972251978,,1.2365546895349289,0.09566070139408112,0.6249473094940186,1.6954083874809858,0.10652180761098862,0.927480161190033
0.021028142800744387,0.02093790536348772,0.06287011448874846,0.19550222773673243,0.4624809655405786,0.4624499464215215,0.45576955614460557,0.6120918165924087,alpha,1.5,0.761637384020982,0.7531162751346626,0.7522688175075439,0.4978157872472433,0.6621746242138808,0.7522688175075439,0.25270030175695873,0.8251344331024426,alpha_p0.9_s_low_a1.5,alpha,0.25445303026030064,0.27791883800864836,0.23100416047205807,0.8423047355851094,0.4995685157505852,0.49586428650626446,0.5033076329103713,0.9651952946405725,-0.009368566513438092,0.09009419329366308,17,6.086156593701339,0.7522688175075439,0.5352082687047013,0.5830578978538594,0.21706054880284265,-0.02446769508446378,0.0025578837530669807,-0.004268309879015164,-0.0005118587664626473,0.0016949152542372614,csoanet,factorial,0.9,s_low,sacc_R,,121.45304226875305,0,-0.008521108886319406,0.09009419329366308,csoanet__alpha_p0.9_s_low_a1.5__seed0,0.7009136540522249,,0.6925215723873444,,,,,0.6975523095144098,,0.9008995544526535,1.1806251199901188,0.280892938375473,1.3465133905410767,1.4346847246180678,0.2745834290981293,1.7021608352661133
0.032651852687383576,0.03939146128249971,0.07119169815577253,0.2022051773729625,0.5010828492470814,0.4809514409790763,0.4876854097343637,0.6892532852066999,alpha,1.5,0.7986364533686794,0.7968174511407541,0.7968174511407541,0.5011647254575707,0.7123452438027017,0.7968174511407541,0.21067429989565414,0.8492070725483047,alpha_p0.9_s_low_a1.5,alpha,0.29565272568318335,0.28870717374431754,0.3016630363378626,0.9218343879877345,0.5861431512451,0.5847765827697085,0.5859581186829398,0.9638312013229207,-0.0018190022279253037,0.08447220733805239,16,5.505753450211677,0.7968174511407541,0.5326461547138949,0.627275162864153,0.2641712964268592,-0.021248484164810066,0.008443554527764463,0.0075495642855129,0.013419724188499349,0.003389830508474634,csoanet,factorial,0.9,s_low,sacc_R,,118.80465865135193,1,-0.0018190022279253037,0.08447220733805239,csoanet__alpha_p0.9_s_low_a1.5__seed1,0.7294879025435677,,0.7345411990299475,,,,,0.7278072302746601,,0.9395211775985564,1.0079289978429744,0.24975165724754333,1.0328106880187988,1.2492240290549768,0.24596147239208221,1.3026187419891357
-0.0077886188032259,0.042741526140657626,0.10309063222604475,0.25423551971124025,0.5027663414359034,0.506133325813547,0.5094777508318764,0.690987535953979,alpha,1.0,0.712806339716292,0.7241123551143573,0.724944301869765,0.5167291801799261,0.6366014270001974,0.7257762486251726,0.30010152570574467,0.7458075100255195,alpha_p0.9_s_low_a1,alpha,0.2082151216898389,0.1988635103670029,0.2155608569880949,0.7853014026656859,0.42484277616402033,0.4269209446723583,0.42078968295128444,0.9484535811614795,0.012137962153472959,0.0883428748695676,21,10.840901200720952,0.724944301869765,0.583193265461519,0.605551481993288,0.14175103640824605,-0.0010180772159396057,0.004960658789023853,0.00563749682732162,0.00790067401787975,0.005777094672720473,csoanet,factorial,0.9,s_low,sacc_R,,123.32415819168091,0,0.011306015398065306,0.08917482162497525,csoanet__alpha_p0.9_s_low_a1__seed0,,,,,,,,,,,1.4406166172579946,0.21405676007270813,1.3859654664993286,1.8764809612772468,0.2194587141275406,1.8307441473007202
0.0024984490440471685,0.02581354689526827,0.12316282217585028,0.24746489199706723,0.5329338446788112,0.5279031075517455,0.5379758614855339,0.7379899610851051,alpha,1.0,0.7454849262528553,0.7492103556219859,0.7500267915056826,0.5317352435206859,0.6694351222538706,0.7508587382610903,0.3286203784652697,0.7723523514400292,alpha_p0.9_s_low_a1,alpha,0.21829154798499673,0.22954873045792212,0.20646774769791054,0.6467612649114544,0.42140641304041293,0.43968843552500275,0.40292039783793754,0.927939904710457,0.004541865252827293,0.08059166925181205,27,19.705212048857984,0.7500267915056826,0.5771990185848445,0.6201443921148369,0.17282777292083817,-0.0018190022279251927,0.00505372401928994,0.010753264333455581,0.01545023830339265,0.0025113511379339926,csoanet,factorial,0.9,s_low,sacc_R,,134.67858457565308,1,0.0037254293691305618,0.0814236160072197,csoanet__alpha_p0.9_s_low_a1__seed1,,,,,,,,,,,1.3096829145289235,0.18490585684776306,1.4707465171813965,1.7600153745855156,0.19297660887241364,2.0503835678100586
0.002504088883875877,0.0712819355930292,0.04761152783260947,0.17525238283232758,0.475872765213468,0.4725255202752243,0.46915571597766625,0.5767413005470645,alpha,0.5,0.6297357511492145,0.6522392058433684,0.653148706957331,0.5944315970557545,0.5870977748949491,0.6539186102258947,0.5390267633040977,0.7440530441122858,alpha_p0.9_s_star_a0.5,alpha,0.058717109901576414,0.053658942233063445,0.06441240535214199,0.6628261397870053,0.11412194365323325,0.12041246257899973,0.10861021793497683,0.7235444937443808,0.02341295580811642,0.06605093206238188,19,29.21415806198284,0.653148706957331,0.6415790067401788,0.6336416706618913,0.011569700217152201,-0.0025578837530668697,-0.002728503341887789,0.008763642516709469,0.022705096026396587,-0.002712992470176867,csoanet,factorial,0.9,s_star,sacc_R,,122.63585495948792,0,0.022503454694153824,0.06682083533094563,csoanet__alpha_p0.9_s_star_a0.5__seed0,,0.14002030342338267,,,,,0.17524392307258485,,0.1653742033726242,,1.1670556071226479,0.15592838823795319,1.0085334777832031,1.4321085586600169,0.1555730402469635,1.2512625455856323
-0.037879984208448514,0.035999097625627474,0.10304833342733066,0.1919886075235464,0.5060346286165474,0.4825559754102984,0.47580226721561125,0.6254920760250409,alpha,0.5,0.6727798302264587,0.6725626780225049,0.6733946247779126,0.6045235342226234,0.6386122000056402,0.6733791139062015,0.5374249132801263,0.7608799671892088,alpha_p0.9_s_star_a0.5,alpha,0.06887109055528917,0.06628783678900096,0.07102767117288433,0.4659301817946515,0.13596971149778625,0.12661048896773464,0.14545517408290987,0.7870270799798998,0.0006147945514538566,0.034782424772272336,39,40.2047547255298,0.6733946247779126,0.6446332383879974,0.6433669872246821,0.02876138638991521,0.0016173608956824292,0.010768775205166614,0.016576891621309153,0.016545869877887198,0.008241913195521589,csoanet,factorial,0.9,s_star,sacc_R,,162.87599277496338,1,-0.00021715220395379653,0.0347669139005613,csoanet__alpha_p0.9_s_star_a0.5__seed1,,0.1568608651514296,,,,,0.17018216682646203,,0.18722294286842267,,1.2087390139423775,0.11525263637304306,0.9705541729927063,1.6524806345602339,0.12453266233205795,1.381890058517456
0.017613219784557987,0.004142462354069121,0.06119226213975537,0.18042129603519275,0.49603237268061573,0.49603237268061573,0.4943517004117082,0.5213016750324291,alpha,1.5,0.7335627062240898,0.7429312727375279,0.7429312727375279,0.5069361798133055,0.597736822809442,0.7429312727375279,0.2751628641529654,0.7575191396281444,alpha_p0.9_s_star_a1.5,alpha,0.23599509292422238,0.2463244262113316,0.22618100934665608,0.8751782993228985,0.4677684085845625,0.45576560594300924,0.48061519667162234,0.9827511619895307,0.009368566513438092,0.14519444992808594,12,6.313943858315944,0.7429312727375279,0.6046208296906286,0.6615302179982514,0.13831044304689932,-0.024188499393665852,0.01610169491525426,0.0074409881835360014,0.017300262274739908,0.003389830508474523,csoanet,factorial,0.9,s_star,sacc_R,,110.6125066280365,0,0.009368566513438092,0.14519444992808594,csoanet__alpha_p0.9_s_star_a1.5__seed0,0.6824516383734702,,0.682440358693813,,,,,0.6824516383734702,,0.8773757825277761,0.9348601955092457,0.2670987844467163,0.7583075761795044,1.1063513432153607,0.2627488076686859,0.9300402998924255
0.0780159043483164,0.0024956291241329254,0.029067734476340812,0.15168349218882193,0.4338474987310361,0.440536348767695,0.4421831819976312,0.6137499295020021,alpha,1.5,0.7917947488648862,0.7891127781381313,0.789944724893539,0.5235497334950224,0.6876448856425731,0.7890972672664204,0.25549084858569054,0.8297370579657309,alpha_p0.9_s_star_a1.5,alpha,0.2663949913985165,0.26228517574010435,0.2713008101971901,0.7616601042601518,0.5344538763078484,0.5207728129504381,0.5484792956009634,0.9811175124580301,-0.0018500239713472588,0.10229983925096586,16,11.642803127661292,0.789944724893539,0.583022645872698,0.6152147550692348,0.20692207902084092,-0.03358808765052601,0.005885670774697482,0.0015863391522603632,-0.006919258862348121,-0.0008629684988297193,csoanet,factorial,0.9,s_star,sacc_R,,120.07781219482422,1,-0.002681970726754912,0.10145238162384729,csoanet__alpha_p0.9_s_star_a1.5__seed1,0.6555270430319777,,0.6521544188145056,,,,,0.6538435508431562,,0.9143280130844285,1.3068866236875025,0.24810969829559326,1.3111156225204468,1.6412180029018395,0.24528686702251434,1.6679288148880005
0.009102701483277853,0.03926174496644297,0.06782189385821447,0.20382381140375605,0.4976707461508094,0.48256725508995535,0.4909508769950932,0.6405899272460662,alpha,1.0,0.7170901604670183,0.732658845427113,0.7318113877999943,0.5554584167630221,0.6487238782819594,0.7317958769282833,0.3597380072760089,0.7698117936565804,alpha_p0.9_s_star_a1,alpha,0.17635297103697223,0.1762390508925601,0.1764224550242599,0.9128502967700497,0.3720733805239854,0.3586761281738552,0.38505111272459064,0.936090453721801,0.014721227332975984,0.0830875095180349,21,14.289223768944929,0.7318113877999943,0.6078414506895287,0.6365407935926,0.12396993711046567,-0.01197298288163795,0.0040201359316393015,0.00964212188725,0.00831382723709062,0.0032347217913646364,csoanet,p_series,0.9,s_star,sacc_R,,127.80586576461792,0,0.01556868496009467,0.08307199864632386,csoanet__alpha_p0.9_s_star_a1__seed0,,,,,,,,,,,1.2951344197066061,0.207119882106781,1.4858721494674683,1.6654817234857588,0.21150900423526764,1.9631212949752808
-0.03446788111217636,0.020794089447859765,0.071014043201173,0.1802126219615363,0.5261942360836953,0.48082172466301953,0.5178049743387287,0.7077688793638262,alpha,1.0,0.7316308976564483,0.7475873544093178,0.7475873544093178,0.543594009983361,0.6589088806790941,0.7475718435376069,0.3470881863560732,0.7840981589500546,alpha_p0.9_s_star_a1,alpha,0.20399334442595674,0.20461802860627554,0.2028835183072295,0.9055307071812403,0.4004991680532446,0.42256347710389175,0.3776982562896888,0.9646347586130674,0.015956456752869497,0.08867847373022364,20,25.232690823945042,0.7475873544093178,0.6172819312445359,0.6326546151893736,0.1303054231647819,-0.0035449392255845202,0.005792605544431617,0.012308581742293878,0.015093488254039888,0.00662455229983927,csoanet,p_series,0.9,s_star,sacc_R,,119.52881097793579,1,0.015956456752869497,0.08866296285851272,csoanet__alpha_p0.9_s_star_a1__seed1,,,,,,,,,,,1.2546210977626988,0.20879316329956055,1.3783572912216187,1.6541050984392625,0.21299171447753906,1.8959840536117554
0.0009446731712818845,-0.0263098528001805,0.06938130957080801,0.2406688850036658,0.5094326321132479,0.465712593762337,0.5043370368281541,0.6691500761378377,alpha,1.0,0.7412321272455512,0.7571730731267097,0.758852477509236,0.548281113398573,0.6317437039961646,0.758852477509236,0.3482148396739897,0.7841323368574553,alpha_p0.9_s_star_a1,alpha,0.21057136411066302,0.20738995454041476,0.21487512821399346,0.825778412739136,0.4106376378352463,0.3960250582104447,0.426217888877364,0.9326309927195767,0.017620350263684803,0.12710877351307137,26,16.26931561651402,0.758852477509236,0.6099396486082518,0.6282523477819453,0.14891282890098423,-0.0010646098310724827,0.009843763219492985,0.012799289320059803,0.028078908034631533,0.008210891452099522,csoanet,p_series,0.9,s_star,sacc_R,,141.65208196640015,2,0.015940945881158464,0.12710877351307137,csoanet__alpha_p0.9_s_star_a1__seed2,,,,,,,,,,,1.7965034144704248,0.2289387583732605,1.7331924438476562,2.2757061544944213,0.23196253180503845,2.2308754920959473
-0.04120466978737802,0.06126558005752636,0.13677175568213862,0.4087981501325362,0.7430178782922565,0.7262365348824094,0.736303648976369,0.7245530426935876,alpha_group,1.0,0.9510335880876506,0.9687216221551651,0.971263995036521,0.9096942948193689,0.8432513607264729,0.971263995036521,0.8464141684762683,0.9904529711994168,alpha_p0.9_s_star_a1_alpha_group_group,alpha,0.061569700217152135,0.0490464574786561,0.07484816005716333,0.5326615442699079,0.12484982656025279,0.11267878922275187,0.13752031255402275,0.6697127852559194,0.02023040694887046,0.12801263431004817,20,28.886414317744165,0.971263995036521,0.9519120674581911,0.9560562903635184,0.01935192757832993,-0.0033122761499196907,0.004221777263882287,0.017796610169491522,0.024591782058151712,0.004221777263882287,csoanet,group_template,0.9,s_star,sacc_R,,118.39696168899536,0,0.017688034067514513,0.12801263431004817,csoanet__alpha_p0.9_s_star_a1_alpha_group_group__seed0,,,,,,,,,,,1.2406684523704672,0.263316810131073,0.5293297171592712,1.459535738433047,0.25848260521888733,0.7720768451690674
-0.05957362810896161,-0.0025548474423326972,0.1450707799898483,0.33312277931306733,0.7782471377812872,0.5833370932265525,0.756389938525746,0.5482319102137501,alpha_group,1.0,0.94265207704673,0.9528060577004428,0.9528060577004428,0.9219619842635156,0.6195690797822838,0.9528060577004428,0.8986054316252574,0.9952264855997084,alpha_p0.9_s_star_a1_alpha_group_group,alpha,0.03084407343692719,0.025512806297815827,0.035554172573154075,-0.11235704455546991,0.05420062607518539,0.054473888457700514,0.05342345768650103,0.7592558776026673,0.010153980653712757,0.333236977918159,23,33.4618747658382,0.9528060577004428,0.9261217180405539,0.9517724696127923,0.026684339659888923,-0.007518542542090834,0.0,0.0,0.0,0.0,csoanet,group_template,0.9,s_star,sacc_R,,121.29876184463501,1,0.010153980653712757,0.333236977918159,csoanet__alpha_p0.9_s_star_a1_alpha_group_group__seed1,,,,,,,,,,,0.72059870416576,0.20649975538253784,1.271257996559143,0.8453002767905952,0.2023325115442276,1.6253994703292847
0.0007811178162540067,0.025884044893125013,0.03928148440584289,0.2121087361118945,0.5715131690259998,0.517745756020529,0.5597653826631324,0.6976679262308951,alpha_m2,1.0,0.7534166220141572,0.7453086663470487,0.7504244338531825,0.5572929298626583,0.6794650159338955,0.747003581601286,0.3757001043458642,0.8178887167335034,alpha_p0.9_s_star_a1_alpha_m2,alpha,0.19313150399052414,0.19117418782570128,0.19484493309822637,0.7251559137131,0.37472432950731827,0.3700465683556935,0.3793578351715475,0.9001078258520342,-0.0029921881609746848,0.07095941791928695,37,29.25744421501193,0.7504244338531825,0.6579909190896529,0.6721749062297302,0.09243351476352957,-0.008412532784342508,0.0014002086917284107,-0.0021292196621451875,-0.012407287289545765,0.0014622521785723208,csoanet,mismatch,0.9,s_star,sacc_R,,161.55779385566711,0,-0.008107955667108424,0.06753856566739047,csoanet__alpha_p0.9_s_star_a1_alpha_m2__seed0,,,,,,,,,,,1.2065233930556962,0.12303763628005981,1.1720598936080933,1.5370051205577269,0.12688562273979187,1.5520009994506836
-0.05629124132874619,0.03764029101573518,0.07436128813941689,0.22048671817720367,0.5413231064237776,0.4807822457842197,0.5093846934747053,0.6657774519203654,alpha_m2,1.0,0.7184438365436138,0.7093643362756987,0.7119377309004766,0.5497123438337235,0.6681434896641192,0.7102428156462393,0.3925251699145492,0.7959806780896828,alpha_p0.9_s_star_a1_alpha_m2,alpha,0.16222538706675316,0.142105554939572,0.18198319676382124,0.8062984092560824,0.3194125609859274,0.3081161991351591,0.33089006442393026,0.9205917835392483,-0.006506105643137139,0.043794241236357445,25,34.26731789646944,0.7119377309004766,0.6041724244902563,0.6382667305902592,0.10776530641022031,-0.027748949490961405,-0.004175244648749299,-0.006981302349192031,-0.0014213598804252436,-0.0008319467554076532,csoanet,mismatch,0.9,s_star,sacc_R,,127.82351660728455,1,-0.009079500267915042,0.04209932598212007,csoanet__alpha_p0.9_s_star_a1_alpha_m2__seed1,,,,,,,,,,,1.1033427611671147,0.14833638072013855,1.0224164724349976,1.5593379387169701,0.1602221429347992,1.536440372467041
0.044472956968022004,0.03605267610399854,0.0746489199706728,0.26266426033500645,0.6119113417178952,0.5598133213016752,0.6085528170999943,0.7295950595003102,alpha_p2,1.0,0.7435164556248062,0.7642009080910348,0.7641698863476127,0.5417496263289997,0.7167531515271157,0.7658492907301391,0.33686229166079135,0.7841323368574553,alpha_p0.9_s_star_a1_alpha_p2,alpha,0.22242026001861304,0.23656170307129387,0.20789106708617133,0.7386328387169341,0.4273075946868214,0.4495675795542743,0.4047125125332781,0.9273086325795461,0.020653430722806565,0.04741673482049702,24,13.202918397503794,0.7641698863476127,0.633631800107166,0.6459347415324741,0.13053808624044672,0.0014622521785724318,0.0032347217913646364,0.002986547843988774,0.014090921909811316,-0.00010857610197700929,csoanet,mismatch,0.9,s_star,sacc_R,,133.1664698123932,0,0.02068445246622863,0.04909613920302336,csoanet__alpha_p0.9_s_star_a1_alpha_p2__seed0,,,,,,,,,,,0.7701953992887921,0.1261209398508072,0.9722709655761719,1.0415127954512053,0.13561329245567322,1.4107164144515991
0.025869945293553576,0.03590604026845634,0.09117929050814944,0.23901077209407262,0.6320737691049574,0.5917207151316903,0.6287067847273138,0.8118916022784952,alpha_p2,1.0,0.7690120984799346,0.7682830875095181,0.7690995233932147,0.5508389971516399,0.7296356355227164,0.7674046081389774,0.3292041512733016,0.7914464090411957,alpha_p0.9_s_star_a1_alpha_p2,alpha,0.21826052624157488,0.22013526998558597,0.21722043586995354,0.8415560400879036,0.43989537211991314,0.4561148686107107,0.4231349906072445,0.961856765204547,8.742491328017632e-05,0.03946388787049837,25,23.767313648220984,0.7690995233932147,0.6288107391635409,0.6519444992808596,0.14028878422967384,-0.015316280774979596,0.004175244648749299,0.0032192109196537144,-0.00878479370540619,0.005839138159564605,csoanet,mismatch,0.9,s_star,sacc_R,,128.18032026290894,1,-0.0007290109704164438,0.037768972616261,csoanet__alpha_p0.9_s_star_a1_alpha_p2__seed1,,,,,,,,,,,0.8039515677579269,0.12437304109334946,0.7074792385101318,1.1221709101472834,0.13427533209323883,1.1032298803329468
-0.020977384242287567,0.022469121876938614,0.03433816479611984,0.18199763126727198,0.5144831086797135,0.42379166431673343,0.4808753031413908,0.5515847949918222,alpha,0.5,0.7329958543670154,0.7540991003694408,0.7509264220649201,0.6796060238585409,0.6858160128599227,0.7509109111932091,0.6225372965960687,0.8515767407947503,alpha_p1_s_high_a0.5,alpha,0.07132039820637925,0.07008537531877146,0.07263538821468507,0.7886335702984364,0.1283891254688514,0.1335070406918727,0.12344846661826236,0.9516041975961447,0.017930567697904687,0.06511040920499744,27,nan,0.7509264220649201,0.7509264220649201,0.7630023407315492,0.0,0.0,0.008226402323810555,0.013156039369412564,0.02712851462252186,0.00737894469669198,csoanet,corner,1.0,s_high,sacc_R,,139.8732476234436,0,0.021103246002425413,0.06509489833328641,csoanet__alpha_p1_s_high_a0.5__seed0,,0.15009869719699953,,,,,0.12654390615306532,,0.11670802549207604,,1.2919991445105237,0.1731586754322052,2.288886785507202,1.6053128146071716,0.17288488149642944,2.88618803024292
-0.010952568947041885,0.032592634369183804,0.009035023405335352,0.14675145225875585,0.46574079296147985,0.4506260222209688,0.4623879081834077,0.6154193220912525,alpha,0.5,0.72683098790152,0.7353464564708536,0.734530020587157,0.6715446008065653,0.6676217603429313,0.7327730618460757,0.5868199892833977,0.8277433467006927,alpha_p1_s_high_a0.5,alpha,0.06298541978059169,0.06295598181616602,0.06243589300326147,0.6001840864969172,0.14771003130375926,0.1497006319991131,0.14490198112229014,0.8941188079905947,0.007699032685636986,0.06690826024422569,24,nan,0.734530020587157,0.734530020587157,0.7333314532276713,0.0,0.0,0.0024182859076680163,0.008980794720663265,0.004619419611382125,0.004097690290194356,csoanet,corner,1.0,s_high,sacc_R,,129.43680429458618,1,0.008515468569333606,0.06515130150314441,csoanet__alpha_p1_s_high_a0.5__seed1,,0.15682138627262976,,,,,0.17020190626586196,,0.18555637019908633,,0.9590291560088267,0.16061905026435852,1.3392715454101562,1.24881496019282,0.161732479929924,1.819672703742981
-0.034465061192262114,0.014192656928543101,0.039425300321470846,0.2206587332919745,0.47421183238396036,0.46413625853025775,0.4725311601150528,0.5633213016750325,alpha,1.5,0.8702205363941453,0.8670267069009279,0.8687216221551651,0.5260300628895344,0.7017259369976593,0.8687216221551651,0.17908570461659945,0.911091870215093,alpha_p1_s_high_a1.5,alpha,0.3426915592656308,0.34455593746535085,0.34232848137007466,0.9258840383930456,0.6896359175385657,0.6808182725357579,0.6980200301951158,0.98799392405788,-0.0014989142389801868,0.16699568515750585,17,nan,0.8687216221551651,0.8687216221551651,0.8799091908965284,0.0,0.0,0.008459065399475496,0.009843763219492874,0.020534984066104545,0.003374319636763601,csoanet,corner,1.0,s_high,sacc_R,,120.11811399459839,0,-0.0031938294932174482,0.16699568515750585,csoanet__alpha_p1_s_high_a1.5__seed0,0.7177908747391575,,0.7345270994303763,,,,,0.7177570357001861,,0.9025604872821611,1.3959769300121267,0.2907263934612274,4.830528736114502,1.651064003739816,0.28324249386787415,5.795516490936279
0.010820032711071015,0.00915064012182043,0.07452766341435901,0.17521290395352773,0.501026450848796,0.4690682984603236,0.48421408831989177,0.6993570582595454,alpha,1.5,0.8732846385966891,0.8706026678699343,0.8697552102428157,0.5152147550692349,0.7466256803632364,0.8697552102428157,0.1691178544234186,0.9231111009843237,alpha_p1_s_high_a1.5,alpha,0.3545404551735808,0.3754518239272647,0.3337367032004517,0.9035059072757021,0.700637355819397,0.6952877259119636,0.7050040913229378,0.9954506913096232,-0.003529428353873487,0.12312952987957926,15,nan,0.8697552102428157,0.8697552102428157,0.8749950647226374,0.0,0.0,0.005069234891000862,0.004159733777038266,0.0024337967793790494,-1.5510871711033047e-05,csoanet,corner,1.0,s_high,sacc_R,,114.60862350463867,1,-0.002681970726754801,0.12312952987957926,csoanet__alpha_p1_s_high_a1.5__seed1,0.7059613106987761,,0.709300095877277,,,,,0.7059387513394619,,0.9512858834809093,1.179805968480688,0.2613416016101837,3.572505235671997,1.401066849555565,0.25286543369293213,4.259031295776367
0.005904912300490839,0.032493937172184184,0.09128926738480625,0.2558174947831482,0.5497151880886584,0.5480373357396648,0.5564463369240316,0.7430404376515707,alpha,0.5,0.6466637525028907,0.655613525480132,0.655613525480132,0.5289503370089399,0.6151724526918413,0.6572929298626582,0.4022561267943258,0.7146600437477215,alpha_p1_s_low_a0.5,alpha,0.12666318847119207,0.12661048896773486,0.12592631008770416,0.5553502095128592,0.25335739868580615,0.2435746756846658,0.262974103654531,0.8599924982934589,0.00894977297724131,0.04044107278829068,38,nan,0.655613525480132,0.655613525480132,0.6633435799091909,0.0,0.0,0.007316901209847959,0.005296257649679892,0.015093488254039888,0.00894977297724131,csoanet,corner,1.0,s_low,sacc_R,,162.349449634552,0,0.00894977297724131,0.042120477170816906,csoanet__alpha_p1_s_low_a0.5__seed0,,0.24406970842028075,,,,,0.24406688850036673,,0.23421972815972025,,2.1534440999345614,0.17266817390918732,1.4805426597595215,2.8964040767267485,0.1818515658378601,2.0527455806732178
-0.011118944221984117,0.07630139304043748,0.1466640347414132,0.2625204444193785,0.5715808471039421,0.5782809768202584,0.5648666177880548,0.7732812588122497,alpha,0.5,0.660052454947968,0.6636382864716996,0.665333201725937,0.5260046814630983,0.6103048591330833,0.6636848190868327,0.39932598212019516,0.7054206161137441,alpha_p1_s_low_a0.5,alpha,0.1393285202628387,0.12327863399489969,0.15565466929433314,0.7618552009333555,0.26600721960574186,0.25494511586650404,0.27675782825663536,0.8941353275535611,0.00528074677796897,0.05502834259285372,34,nan,0.665333201725937,0.665333201725937,0.6600002820158493,0.0,0.0,0.009998871936602871,0.012277559998872034,0.010489579514368685,0.004960658789023964,csoanet,corner,1.0,s_low,sacc_R,,150.38534212112427,1,0.0035858315237315974,0.053379959953749445,csoanet__alpha_p1_s_low_a0.5__seed1,,0.2793187073487111,,,,,0.26922621397552304,,0.25100953132931014,,1.544263295957734,0.15111450850963593,0.957629382610321,2.1126691590148656,0.1626158207654953,1.3779571056365967
0.0410693136314928,-0.029439963905025124,0.020811008967345224,0.17361682928204836,0.507819637922283,0.4910467542721788,0.5027832609553888,0.6976848457503806,alpha,1.5,0.8652288558616994,0.8523773936095208,0.8523773936095208,0.51229025071209,0.7014213598804253,0.8532248512366395,0.16297413914662004,0.9255149471381698,alpha_p1_s_low_a1.5,alpha,0.3400871428974308,0.3196252356137044,0.36180548352522224,0.9295325809333778,0.6894032544629007,0.683473777580663,0.6951215295785362,0.9927233941380087,-0.012851462252178592,0.1509560337290955,21,nan,0.8523773936095208,0.8523773936095208,0.8669082602442257,0.0,0.0,-0.003405341380185667,-0.0025889054964889358,-0.00348289573874061,-0.00423728813559332,csoanet,corner,1.0,s_low,sacc_R,,129.2014937400818,0,-0.012851462252178592,0.15180349135621418,csoanet__alpha_p1_s_low_a1.5__seed0,0.7278890079521743,,0.7261857763239523,,,,,0.7245192036546162,,0.9395239975184704,1.4231624560668317,0.3330002427101135,7.256063461303711,1.7330373621289852,0.32252705097198486,8.977703094482422
0.02441204669787389,0.007492527212227262,0.09625796627375793,0.23394901584795003,0.512782696971406,0.5094157125937624,0.5110992047825842,0.7228357114657944,alpha,1.5,0.8825756507515723,0.8672593699765927,0.866411912349474,0.5119955441495811,0.7788756028088779,0.8680913167320004,0.14922868665218986,0.9495534086766314,alpha_p1_s_low_a1.5,alpha,0.35441636819989286,0.33684443951657617,0.3708985928154065,0.9062716501281193,0.7171832256972841,0.697826810067635,0.73573511277069,0.9937460660814403,-0.016163738402098282,0.0875363095405961,15,nan,0.866411912349474,0.866411912349474,0.8639781155700951,0.0,0.0,0.007627118644067732,0.006764150145238124,0.010970416537409378,0.004221777263882176,csoanet,corner,1.0,s_low,sacc_R,,115.86035704612732,1,-0.015316280774979596,0.08921571392312244,csoanet__alpha_p1_s_low_a1.5__seed1,0.7042721786701258,,0.6992245220235747,,,,,0.7042721786701258,,0.9647171620325983,1.147228711408691,0.2781749963760376,4.3768205642700195,1.4017014830440722,0.2734748125076294,5.38963508605957
-0.019423608369522283,0.041066493711578556,0.13166770063730193,0.2642518752467429,0.5229287688229654,0.5279313067508884,0.5279764254695167,0.7278974677119168,alpha,1.0,0.770934036492851,0.7768761104374066,0.776028652810288,0.5164443441721425,0.6695380580388618,0.7768605995656956,0.2570461659945289,0.8176494713816989,alpha_p1_s_star_a1,alpha,0.2595843086381455,0.2757290165206786,0.24318016803236175,0.8508777143687497,0.5189824868157591,0.5199800421332743,0.5167225622053959,0.9589435656989344,0.005094616317437017,0.1064905947714262,13,nan,0.776028652810288,0.776028652810288,0.7859245889618997,0.0,0.0,-0.004252799007304131,-0.001989621816746112,0.0068515750585183,-0.009322033898304993,csoanet,p_series,1.0,s_star,sacc_R,,106.8944640159607,0,0.005942073944555593,0.10732254152683385,csoanet__alpha_p1_s_star_a1__seed0,,,,,,,,,,,1.0801156929507418,0.24771171808242798,1.0759965181350708,1.3219565725311548,0.24254322052001953,1.3458043336868286
0.026075799447295545,-0.02789464779200268,0.11311544752129032,0.2574784276126558,0.5547656646551238,0.5446759912018497,0.5514043201173087,0.7547797642546952,alpha,1.0,0.8044135480413999,0.8073535632702558,0.8073380523985448,0.5352900533009954,0.7144378014044389,0.8056741588877294,0.25908232042640794,0.8248268319358367,alpha_p1_s_star_a1,alpha,0.2720479990975494,0.27642754185608165,0.2682179119270708,0.9644192957008866,0.5482557319721368,0.5520401374875263,0.5431836254883657,0.9811748274023678,0.0029245043571449747,0.09290025099410593,25,nan,0.8073380523985448,0.8073380523985448,0.8292633746016527,0.0,0.0,-0.00010857610197689826,0.001524295665416453,0.0005992836797429346,-0.0026044163681998578,csoanet,p_series,1.0,s_star,sacc_R,,135.04747867584229,1,0.0029400152288558967,0.09123635748329051,csoanet__alpha_p1_s_star_a1__seed1,,,,,,,,,,,1.5312096296515179,0.268399715423584,3.2675280570983887,2.027928491412426,0.2724090814590454,4.431805610656738
-0.004356776267554041,0.03429586599740553,0.10807343071456765,0.2491286447464891,0.5363036489763691,0.514466189160228,0.53462861654729,0.7195138458067791,alpha,1.0,0.785185707436758,0.7887250063453566,0.7887250063453566,0.515044135480414,0.5949462759807101,0.7887250063453566,0.24721791364674695,0.8151772694130515,alpha_p1_s_star_a1,alpha,0.27368087086494264,0.265849872491407,0.28034205764731646,0.920252420999493,0.5415070926986096,0.5337731455815501,0.5480067766137676,0.9761936466800833,0.0035392989085986093,0.19377873036464643,15,nan,0.7887250063453566,0.7887250063453566,0.8050903860796976,0.0,0.0,-0.0009405228573846625,0.00019600101525707458,0.01504695563890679,0.0007388815251416769,csoanet,p_series,1.0,s_star,sacc_R,,111.62327313423157,2,0.0035392989085986093,0.19377873036464643,csoanet__alpha_p1_s_star_a1__seed2,,,,,,,,,,,1.6429086698392532,0.35823383927345276,2.3189401626586914,1.919212903903989,0.3525911569595337,2.732423782348633
0.020932265523659233,-0.0008403361344537785,0.016003045513507397,0.020870227285544996,0.2576730020867406,0.24077604196040836,0.24075066268117995,0.17380012407647616,alpha,1.0,,,0.6075411038100341,,,,,0.7039395734597156,alpha_pnone_s_star_a1,alpha,,,,,,,,,,,24,,,,,,,,,,,csoanet,p_series,,s_star,sacc_R,,75.43435192108154,0,,,csoanet__alpha_pnone_s_star_a1__seed0,,,,,,,,,,,,,,,,
0.04454909480570768,0.010794653431842605,-0.03445942135243352,0.10825672550899545,0.2642998138852857,0.15340364333652912,0.24082962043877965,0.2963510236309288,alpha,1.0,,,0.6066992864999012,,,,,0.7160613379511483,alpha_pnone_s_star_a1,alpha,,,,,,,,,,,23,,,,,,,,,,,csoanet,p_series,,s_star,sacc_R,,67.21669816970825,1,,,csoanet__alpha_pnone_s_star_a1__seed1,,,,,,,,,,,,,,,,
-0.061378376854097416,0.014130618690429086,0.042682307822457854,0.11143759517229723,0.2810726975353899,0.15182448818453564,0.3113417178952118,0.2862754497772264,alpha,1.0,,,0.6009221918271807,,,,,0.6799694677360555,alpha_pnone_s_star_a1,alpha,,,,,,,,,,,21,,,,,,,,,,,csoanet,p_series,,s_star,sacc_R,,64.04828333854675,2,,,csoanet__alpha_pnone_s_star_a1__seed2,,,,,,,,,,,,,,,,
-0.039473238960013535,0.13683379392025286,0.240863459477751,0.46255710337826406,0.6926456488635724,0.6103688455247871,0.6674412046697873,0.5348034515819751,alpha,1.0,0.6425561916579712,0.6546574917510364,0.6488338644631828,0.6520996079979695,0.6425237598353027,0.6537790123804957,0.6479088524775092,0.7708029529711994,saccade_p0.5_s_star_a1,saccade,-0.0032657435347867025,-0.008853531433640094,0.0019765123488804104,-0.567494443995799,0.0009250119856736294,-0.0021898214879698674,0.0035842293906810374,0.010926521223972533,0.0062776728052116315,0.006310104627880064,20,76.19133220984887,0.6488338644631828,0.6613285766660086,0.6574790603231901,-0.01249471220282583,-0.004128712033616311,0.0021390902168700876,0.001089991257508638,0.004231647818607298,-0.00017061958882091943,csoanet,p_series,0.5,s_star,sacc_R,,99.25476741790771,0,0.012101300093065204,0.011255252545192995,csoanet__saccade_p0.5_s_star_a1__seed0,,,,,,,,,,,,,,,,
0.01421521628785749,0.08139134848570295,0.26952512548643615,0.4643477525238282,0.7414020641813772,0.4541819412328689,0.7111922621397553,0.5398539281484407,alpha,1.0,0.6313065794297639,0.6484672438591048,0.6493612341013565,0.6510716602273048,0.6380904706844525,0.6416255393553117,0.6560788516314617,0.7921299671892088,saccade_p0.5_s_star_a1,saccade,-0.0017104261259482945,-0.006547289056436423,0.003215434083601254,-2.213526372028898,-0.0067176175301052465,-0.0034482758620688614,-0.010383892864963329,-0.6589199613570533,0.018054654671592618,0.011270763416904028,26,83.30433372916467,0.6493612341013565,0.6443075100820665,0.6401322654333174,0.00505372401928994,0.005100256634422817,0.0040201359316393015,0.0047745283284920115,0.00882568600355349,0.0023872641642460612,csoanet,p_series,0.5,s_star,sacc_R,,116.79519248008728,1,0.017160664429340944,0.003535068670859287,csoanet__saccade_p0.5_s_star_a1__seed1,,,,,,,,,,,,,,,,
0.01762167954430094,0.03951553775872774,0.12341661496813483,0.3736393886413625,0.6137471095820879,0.37533980034966996,0.5650527325023971,0.444112007218995,alpha,1.0,0.6475323613187061,0.6590245071773033,0.6566372430130574,0.6566372430130574,0.6506937589892552,0.654957838630531,0.652446487492597,0.804217553773241,saccade_p0.5_s_star_a1,saccade,0.0,0.00011642088923391469,0.00018439765353983617,-0.057690636268242085,0.004190755520460332,0.0017241379310345417,0.0067996634742822915,-0.08943906305570386,0.009104881694351308,0.005943484023802181,35,87.30705429535622,0.6566372430130574,0.657438168025043,0.6705321639076116,-0.0008009250119855871,-0.0025423728813558366,0.007347922953270025,0.013910431766265274,0.022059279731520887,0.0032037000479427924,csoanet,p_series,0.5,s_star,sacc_R,,145.90822863578796,2,0.011492145858597258,0.004264079641275842,csoanet__saccade_p0.5_s_star_a1__seed2,,,,,,,,,,,,,,,,
0.020940725283401962,0.2157859116801082,0.4340956516834922,0.6675455417066156,0.8388584964187018,0.7766905419886077,0.8388641362585303,0.702732502396932,alpha,1.0,0.6908711469584591,0.7013452156011167,0.703040130855354,0.6358639555543022,0.693929608844017,0.7021926732282354,0.5485659494063566,0.8374954429456799,saccade_p0.75_s_star_a1,saccade,0.0671761753010518,0.0767490852644418,0.05798153718493948,-0.5467562077046352,0.15447418144899738,0.16694201130945785,0.14297733061346807,0.6418049104809509,0.012168983896894914,0.009110522011336997,33,53.293937601378246,0.703040130855354,0.6738134183141092,0.6870159902986548,0.02922671254124476,-0.027810992977805427,0.06085196988070729,0.06162187314927092,0.06487210581234659,0.054134352350602044,csoanet,p_series,0.75,s_star,sacc_R,,124.6462676525116,0,0.010474068642657652,0.008263064384218421,csoanet__saccade_p0.75_s_star_a1__seed0,,,,,,,,,,,,,,,,
-0.08820427499859007,0.2644408098809994,0.4760842592070387,0.7431052958095989,0.9026366251198465,0.872440922677796,0.9026338051999323,0.8723788844396818,alpha,1.0,0.6858329338108802,0.6946120871993006,0.6937801404438929,0.5711836205194731,0.6832849206125384,0.6929481936884853,0.46362418567923513,0.8065188662048852,saccade_p0.75_s_star_a1,saccade,0.12259651992441978,0.12488635103670032,0.12060182784174067,0.5684284735661307,0.23015595476465778,0.23483756514025944,0.22691859996081554,0.8270762520085598,0.007947206633012738,0.010495219831354485,17,57.71074902708228,0.6937801404438929,0.6440959981950986,0.6634267745847316,0.04968414224879436,-0.05061479455145379,0.14184128148001918,0.1434586423757015,0.13911277813813128,0.09677091852562114,csoanet,p_series,0.75,s_star,sacc_R,,92.75448274612427,1,0.008779153388420391,0.009663273075946832,csoanet__saccade_p0.75_s_star_a1__seed1,,,,,,,,,,,,,,,,
0.02769443347808931,0.37527776211155595,0.6456968022108174,0.8488889515537759,0.9630505893632622,0.9512971631605662,0.9613727370142686,0.93785460492922,alpha,0.5,0.8116331537832426,0.8175286951126653,0.82091852562114,0.5906539947545052,0.7982797033193265,0.8208875038777179,0.3343509405228574,0.8587882792562888,saccade_p0.9_s_high_a0.5,saccade,0.2302645308666348,0.24206120412462584,0.217958026484113,0.5382211214467639,0.4865675850982826,0.49136822264109103,0.48282796851410065,0.8732380590149696,0.00928537183789735,0.022638822301813466,20,38.00953135042894,0.82091852562114,0.6972475253109225,0.7170746495953073,0.1236710003102175,-0.03708649426097743,0.26753856566739054,0.26214360247045887,0.2649905524690488,0.22259228968668054,csoanet,factorial,0.9,s_high,sacc_R,,119.6553122997284,0,0.0058955413294227155,0.0226078005583914,csoanet__saccade_p0.9_s_high_a0.5__seed0,,0.8304212960351927,,,,,0.8556088207094918,,0.7766426033500649,,0.8300691812924026,0.14049135148525238,1.3507460355758667,0.9147002185321993,0.12879784405231476,1.4822773933410645
0.014249055326828852,0.35856127685973727,0.6204754384975466,0.8001804748745136,0.9362049517793696,0.8925610512661439,0.9328464271614685,0.9177119169815577,alpha,0.5,0.7867212837361459,0.7753320736625399,0.7745001269071322,0.5662074508587382,0.76807157562255,0.7761640204179475,0.3569277193378268,0.854219832300401,saccade_p0.9_s_high_a0.5,saccade,0.20829267604839397,0.21438075174631332,0.20201339187958844,0.5832591347722591,0.4175724075693054,0.40348153897327865,0.4325162212310849,0.9344991169408772,-0.012221156829013702,0.006428551284582196,23,49.483834187631274,0.7745001269071322,0.695924870977749,0.7113751092811416,0.07857525592938319,-0.030368876730872185,0.225997631066866,0.2234242364420881,0.21655151019487306,0.20658366000169215,csoanet,factorial,0.9,s_high,sacc_R,,121.14798903465271,1,-0.011389210073606049,0.008092444795397502,csoanet__saccade_p0.9_s_high_a0.5__seed1,,0.7800857255653941,,,,,0.8136230331058596,,0.7279425864305453,,0.852196572342677,0.1467488557100296,1.5088778734207153,0.9487337247423754,0.13431741297245026,1.697379469871521
0.02263267723196649,0.2526761039986465,0.5247137781287012,0.7699368337939201,0.917703457221815,0.9177119169815577,0.9143449326039139,0.8942078844960801,alpha,1.5,0.873104148453143,0.866246933077639,0.866246933077639,0.5119236301080121,0.8594362503172679,0.8670788798330467,0.15833920866352688,0.9187818993802406,saccade_p0.9_s_high_a1.5,saccade,0.3543233029696269,0.35949107439849215,0.34926068065783855,0.6218377566126438,0.7079077244141121,0.7154174520456814,0.7010510666251771,0.9369813404020804,-0.006857215375503989,0.006810682760371112,14,17.45789410440625,0.866246933077639,0.686127640373389,0.7310626357201275,0.18011929270424998,-0.07645167658422403,0.3584802165881723,0.3576172480893427,0.35926563072844697,0.31521334498998843,csoanet,factorial,0.9,s_high,sacc_R,,103.52603530883789,0,-0.006857215375503989,0.007642629515778765,csoanet__saccade_p0.9_s_high_a1.5__seed0,0.9630505893632622,,0.9630562292030906,,,,,0.9596948846652755,,0.9563391799672889,0.8505318213502969,0.24207347631454468,1.6442725658416748,0.9102828971974823,0.23025496304035187,1.7559324502944946
-0.00929727595736285,0.32491963228244325,0.5751931645141277,0.7867717556821385,0.9278185099543172,0.9278185099543172,0.9294935423833963,0.9093057357171057,alpha,1.5,0.8884669618432556,0.8883583857412787,0.8883583857412787,0.5138046758227812,0.8900533009955159,0.8883583857412787,0.13755605065004653,0.8971814619030258,saccade_p0.9_s_high_a1.5,saccade,0.37455370991849746,0.406580552167646,0.3397469142205166,-0.8248709005853191,0.7508023350912322,0.766071626566138,0.7343117933824292,0.7639974515889837,-0.00010857610197689826,-0.0016949152542372614,13,15.419535796598407,0.8883583857412787,0.6872176316308977,0.715395245212781,0.20114075411038101,-0.0756352407005274,0.38308750951803494,0.3821624975323613,0.3850870018895063,0.3576792915761866,csoanet,factorial,0.9,s_high,sacc_R,,101.75190043449402,1,-0.00010857610197689826,-0.0016949152542372614,csoanet__saccade_p0.9_s_high_a1.5__seed1,0.974815295245615,,0.9697789182787209,,,,,0.9731374428966217,,0.971445490948057,0.8781618943113008,0.26080775260925293,1.679002046585083,0.9518106965839952,0.2507341504096985,1.8139232397079468
-0.017703457221814878,0.32316282217585,0.5869042919181093,0.8052168518414078,0.9177175568213864,0.9160509841520501,0.9143590322034854,0.9009305735717106,alpha,1.0,0.8709495473645619,0.8552920274119405,0.8569869426661778,0.5344637468625737,0.8474477565639189,0.8561394850390591,0.2169632533348374,0.8971131060882246,saccade_p0.9_s_high_a1,saccade,0.3225231958036041,0.33421110987914404,0.31099240512164483,0.45092398145708484,0.6400236893313405,0.6436079387958754,0.6377450471942745,0.9417831759947295,-0.013962604698384062,0.0095391861022589,15,24.536877911715546,0.8569869426661778,0.6873106968611635,0.7078611917989791,0.16967624580501428,-0.061337037141487416,0.3422389238275191,0.3413759553286895,0.33698355847598627,0.2956597760794156,csoanet,factorial,0.9,s_high,sacc_R,,118.76463103294373,0,-0.015657519952621324,0.008691728475140215,csoanet__saccade_p0.9_s_high_a1__seed0,,,,,,,,,,,0.8609954483340482,0.20140856504440308,1.5553058385849,0.9450043648248314,0.18836569786071777,1.7072170972824097
0.02088150696520219,0.32149906942642836,0.5852828379674018,0.7918335119282611,0.9278213298742315,0.9210930009587728,0.9311742146523039,0.9244233263775308,alpha,1.0,0.8651569418201304,0.8726134408753772,0.8726134408753772,0.5081671789954596,0.8693166755971686,0.8726134408753772,0.14711074762401646,0.875888625592417,saccade_p0.9_s_high_a1,saccade,0.3644462618799176,0.3925767823483757,0.3358457513628139,-1.2288672469480333,0.7255026932513607,0.7455205676904313,0.7058742177505791,0.6651460924169443,0.0074564990552468124,0.0032967652782085466,12,13.803406273092586,0.8726134408753772,0.6837248653374319,0.7187385431061226,0.18888857553794525,-0.06897966665726618,0.38046758227812405,0.38103584421444486,0.38494740404410727,0.3414535096872444,csoanet,factorial,0.9,s_high,sacc_R,,96.986004114151,1,0.0074564990552468124,0.0032967652782085466,csoanet__saccade_p0.9_s_high_a1__seed1,,,,,,,,,,,1.0296249129141022,0.258468359708786,1.2922353744506836,1.1072551829424673,0.25011134147644043,1.3868980407714844
-0.05620664373131801,0.3165388302972194,0.5550420168067227,0.7766905419886077,0.9362077716992836,0.9244430658169307,0.9362049517793696,0.9110033275054987,alpha,0.5,0.8182887278265039,0.8232028540003948,0.8257142051383288,0.5200626075185426,0.8215699822330015,0.8257142051383288,0.19854197805916693,0.8186748086037186,saccade_p0.9_s_low_a0.5,saccade,0.3056515976197862,0.3288058543075729,0.2805264553008562,0.5772686070578097,0.6271722270791619,0.6305133606830026,0.6231718701379524,0.8865994019787884,0.007425477311824968,0.004144222905327344,12,12.792183953674117,0.8257142051383288,0.6481316449984489,0.6716997095236752,0.17758256013987994,-0.026885980992131686,0.3219930060069376,0.3245198680165826,0.3177712287430554,0.2821469866606504,csoanet,factorial,0.9,s_low,sacc_R,,97.55112218856812,0,0.004914126173890976,0.004144222905327344,csoanet__saccade_p0.9_s_low_a0.5__seed0,,0.7666206079747335,,,,,0.7817381986351588,,0.7514691782753369,,1.2737121726644185,0.2622870206832886,0.6991938948631287,1.3720900295432246,0.2577199637889862,0.7593650817871094
0.024350008459759653,0.38702836839433763,0.6574361288139419,0.840505329648638,0.9378687045287912,0.944585753764593,0.9378687045287912,0.9210648017596301,alpha,0.5,0.8099227276572943,0.8071166699568515,0.8071166699568515,0.5198454553145887,0.8034476437575792,0.8062692123297329,0.23171127217349616,0.8039783084214364,saccade_p0.9_s_low_a0.5,saccade,0.2872712146422628,0.27263000332631115,0.30276942225910175,0.6077509260431381,0.5754053977833553,0.5716820046568356,0.579947907662875,0.9172425708659291,-0.0028060577004428433,0.0036690261992723405,22,25.97548984337742,0.8071166699568515,0.6478214275642291,0.6740094193293663,0.15929524239262238,-0.04113765193603891,0.30832510787106227,0.31309963619955433,0.30027919569079775,0.2889576694210214,csoanet,factorial,0.9,s_low,sacc_R,,118.045729637146,1,-0.0028060577004428433,0.0028215685721537653,csoanet__saccade_p0.9_s_low_a0.5__seed1,,0.813645592465174,,,,,0.838821837459816,,0.7783289154588009,,1.3837116040959074,0.22039957344532013,1.3718535900115967,1.51533741092363,0.20911236107349396,1.5087838172912598
-0.0008516158141108621,0.2744910044554736,0.6053606677570356,0.7799983080480515,0.924414866617788,0.9177090970616435,0.916019965032993,0.9093085556370197,alpha,1.5,0.8908232042640796,0.8712696353535069,0.8712696353535069,0.5060224484616035,0.8644744634648467,0.8712696353535069,0.14493499534673848,0.9043930003645644,saccade_p0.9_s_low_a1.5,saccade,0.3652471868919034,0.3729349151790665,0.35803685648100125,0.06510370063217491,0.7263346400067684,0.7418394500498948,0.7103285735689013,0.8397298800956254,-0.019553568910572694,0.00679517188866019,21,12.481785783191564,0.8712696353535069,0.6885402859640711,0.706011167827632,0.18272934938943575,-0.06962548295214199,0.37371894300459685,0.3753673256437012,0.3736568995177529,0.3694506331255817,csoanet,factorial,0.9,s_low,sacc_R,,129.89597082138062,0,-0.019553568910572694,0.00679517188866019,csoanet__saccade_p0.9_s_low_a1.5__seed0,0.9479160791833512,,0.9512774237211663,,,,,0.9479160791833512,,0.973128983136879,1.1544416100420016,0.26053330302238464,1.7526376247406006,1.2034369782999705,0.24541711807250977,1.815362811088562
-0.01088207094918503,0.4054396255146355,0.5868591731994812,0.783373752185438,0.9193925892504653,0.924434606057188,0.9177090970616435,0.9025943263211325,alpha,1.5,0.8706393299303421,0.8704997320849432,0.8704997320849432,0.5077638963309739,0.8696212527144025,0.8696522744578246,0.150851687864858,0.9044613561793657,saccade_p0.9_s_low_a1.5,saccade,0.3627358357539694,0.3577669364674576,0.3680519540388849,0.0861082406024453,0.7196480442200852,0.7257622796318883,0.7150191888808215,0.9312892718518456,-0.00013959784539885334,0.0008784793705407523,18,10.55111251958161,0.8704997320849432,0.6736427987252884,0.6839462477791252,0.19685693335965482,-0.06970303731069682,0.37197749513522665,0.371099015764686,0.3660297808736852,0.3627019938520546,csoanet,factorial,0.9,s_low,sacc_R,,125.90651679039001,1,-0.00013959784539885334,3.1021743422066095e-05,csoanet__saccade_p0.9_s_low_a1.5__seed1,0.9748181151655293,,0.9764931475946084,,,,,0.9764931475946084,,0.9714426710281427,0.9050456126756441,0.24984291195869446,1.4965465068817139,0.9655296404516507,0.23864762485027313,1.5994257926940918
0.029335626868197018,0.3719135976538266,0.6288731600022559,0.8102701483277874,0.9546641475382098,0.9580226721561107,0.9563448198071174,0.9496221307314872,alpha,1.0,0.8934276206322795,0.8907766716489467,0.892471586903184,0.50959840943061,0.892456076031473,0.892471586903184,0.13088496573507433,0.8925788370397375,saccade_p0.9_s_low_a1,saccade,0.382873177472574,0.3878700521122075,0.3782514492503082,-4.287988538084873,0.7615866211681096,0.7831965849872491,0.7385817515472115,0.6761923380260476,-0.0009560337290955845,1.5510871710922025e-05,16,8.25074784720448,0.892471586903184,0.6545390450943342,0.6810837869088242,0.2379325418088497,-0.07053498406610459,0.3940269043120223,0.3931794466849037,0.3878930595899489,0.38042104966299106,csoanet,factorial,0.9,s_low,sacc_R,,104.0410852432251,0,-0.002650948983332846,1.5510871710922025e-05,csoanet__saccade_p0.9_s_low_a1__seed0,,,,,,,,,,,1.127267805790901,0.2796945869922638,1.4170355796813965,1.2065105502651725,0.2718404531478882,1.5139694213867188
-0.03275900964412615,0.4038604703626416,0.5852800180474875,0.8338051999323219,0.9429332806948283,0.9244543454965879,0.9412526084259207,0.9210676216795444,alpha,1.0,0.8783905355480979,0.8773879692038693,0.8773879692038693,0.5079500267915057,0.8765560224484616,0.8773879692038693,0.15020587156998222,0.8853672985781991,saccade_p0.9_s_low_a1,saccade,0.3694379424123636,0.3715600399157334,0.3686051469995044,-0.4445966488314643,0.7271820976338871,0.7300033263111209,0.7237435028639261,0.6979141490840135,-0.0010025663442285726,0.0008319467554076532,15,8.098397122417378,0.8773879692038693,0.6960278067627401,0.7176429115316281,0.18136016244112918,-0.06717617530105191,0.3780027637553231,0.3788191996390197,0.373470769057221,0.3678953157167433,csoanet,factorial,0.9,s_low,sacc_R,,101.98397397994995,1,-0.0010025663442285726,0.0008319467554076532,csoanet__saccade_p0.9_s_low_a1__seed1,,,,,,,,,,,1.1489513585681763,0.29514840245246887,1.5153728723526,1.2413298578855387,0.28709936141967773,1.6443902254104614
0.005786475664091073,0.32656646551237944,0.5869324911172522,0.8102475889684733,0.9479442783824941,0.944585753764593,0.944585753764593,0.9109864079860133,alpha,0.5,0.8350362390366338,0.815942355960405,0.8167898135875236,0.5471445895259314,0.7993908457655321,0.8117050678248118,0.2892241743986012,0.8445360918702152,saccade_p0.9_s_star_a0.5,saccade,0.2696452240615922,0.254246590531101,0.28577026357339597,0.7893647287809543,0.5275656391889223,0.5033207672690986,0.5529336514192856,0.9013304820257816,-0.01824642544911026,0.017398967821991462,14,33.35204519362311,0.8167898135875236,0.6654629290166107,0.699045376350151,0.1513268845709128,-0.03277165176682928,0.25068247835528357,0.2530697425195295,0.23921571392312235,0.20408781973546908,csoanet,factorial,0.9,s_star,sacc_R,,114.76495289802551,0,-0.019093883076228835,0.012314222059279678,csoanet__saccade_p0.9_s_star_a0.5__seed0,,0.8085781963792229,,,,,0.8152867858552817,,0.7380012407647623,,0.9477266982923204,0.16800856590270996,1.017393708229065,1.0439309777410828,0.1577405482530594,1.117245078086853
0.0025576673622469404,0.36693925892504664,0.6255738537025548,0.8086176752580228,0.9211183802380014,0.9127234786532061,0.9110371665444701,0.9277818509954319,alpha,0.5,0.7923277588200457,0.7903226261315885,0.7886742434924843,0.5626935333765757,0.7697509800050762,0.7886432217490623,0.3518274627034039,0.8398309332847247,saccade_p0.9_s_star_a0.5,saccade,0.2259807101159086,0.20955760062091144,0.24373336099298137,0.7194284647803328,0.43684678078908035,0.4264552611154231,0.4468012769537507,0.9410786474544964,-0.0036535153275614185,0.018923263487408026,30,47.522238789621056,0.7886742434924843,0.6748159846583378,0.7128373614597141,0.11385825883414646,-0.020183874333737473,0.2588468371922502,0.25121971854818237,0.24342198031529372,0.22334668208353314,csoanet,factorial,0.9,s_star,sacc_R,,148.9310371875763,1,-0.002005132688457145,0.01889224174398607,csoanet__saccade_p0.9_s_star_a0.5__seed1,,0.7867943150414529,,,,,0.8018780666629066,,0.754807963453838,,0.7872894017408176,0.14065898954868317,1.8553434610366821,0.8629992941132016,0.12777696549892426,2.039569854736328
-0.04120466978737802,0.2829084653995828,0.5869183915176808,0.7632451638373472,0.9210704415994586,0.9227623935480231,0.9143562122835713,0.9210648017596301,alpha,1.5,0.8941820130291322,0.88056064750839,0.8814081051355086,0.512032206209989,0.8788657322541527,0.8814081051355086,0.13664654953608393,0.8997903755012759,saccade_p0.9_s_star_a1.5,saccade,0.3693758989255196,0.3878700521122076,0.35031520473901967,-0.18848913831252387,0.7447615555994247,0.7368998780352589,0.7523654761493159,0.8774292508166233,-0.012773907893623648,0.0025423728813559476,14,11.105888065634094,0.8814081051355086,0.6450365210524831,0.6724541019205279,0.2363715840830255,-0.07555768634197246,0.38042104966299106,0.38128401816182067,0.3803900279195691,0.3549973208494317,csoanet,factorial,0.9,s_star,sacc_R,,115.28424382209778,0,-0.013621365520742224,0.0025423728813559476,csoanet__saccade_p0.9_s_star_a1.5__seed0,0.9647369014719982,,0.9613783768540973,,,,,0.9630562292030906,,0.9664147538209913,0.9581856893387766,0.2657400965690613,1.4923516511917114,1.0261321494085816,0.25565510988235474,1.6027461290359497
0.0041368225142406345,0.2811911341717894,0.5734842930460773,0.7817466583949015,0.9378856240482771,0.9311657548925609,0.9378828041283627,0.9177203767413005,alpha,1.5,0.8884049183564116,0.8890972672664204,0.8882498096393017,0.5162539834738712,0.887433373755605,0.8882498096393017,0.13921994416086184,0.8949826831935837,saccade_p0.9_s_star_a1.5,saccade,0.3719958261654305,0.36177514136822264,0.3803604974126704,-0.14822778956515337,0.7490298654784399,0.7612484754407363,0.7351819198100704,0.6072627848929334,-0.00015510871710988638,0.0008164358836966201,13,9.41792363232702,0.8882498096393017,0.6711159367156434,0.698890267633041,0.21713387292365827,-0.0713979525649342,0.38308750951803483,0.38052962576496796,0.3761527397839758,0.37287148537747816,csoanet,factorial,0.9,s_star,sacc_R,,114.3634295463562,1,0.0006923489100087998,0.0008164358836966201,csoanet__saccade_p0.9_s_star_a1.5__seed1,0.9731430827364504,,0.9681038858496418,,,,,0.9714652303874569,,0.9664119339010773,0.9194817054660018,0.2890281677246094,1.477209448814392,0.9893750802410926,0.27922192215919495,1.5807119607925415
-0.005950031019118951,0.28963397439512706,0.5734673735265918,0.8237070667193052,0.9193925892504653,0.9177231966612149,0.9193925892504653,0.9210676216795444,alpha,1.0,0.880085450802335,0.8680038918187203,0.8680038918187203,0.5271158239093037,0.8670478580896246,0.8696677853295356,0.17273047745283285,0.894948505286183,saccade_p0.9_s_star_a1,saccade,0.3408880679094166,0.3803913959419005,0.2987645357212829,0.639844101391263,0.6952734143658874,0.7180507816831134,0.6705851168043886,0.8536617168731854,-0.012081558983614737,0.0009560337290956955,14,18.88685147550778,0.8680038918187203,0.6792238923827519,0.7142685918948645,0.18877999943596835,-0.06552779266194753,0.35581375673312843,0.3574156067570998,0.35479567951718893,0.32356383428748703,csoanet,p_series,0.9,s_star,sacc_R,,109.50670599937439,0,-0.012081558983614737,0.002619927239911002,csoanet__saccade_p0.9_s_star_a1__seed0,,,,,,,,,,,0.9141539935205263,0.21866413950920105,1.4468013048171997,0.9809057463560206,0.2081095278263092,1.5491249561309814
-0.05456827026112454,0.2644351700411707,0.5684479160791833,0.7985449213242344,0.9412385088263493,0.9278072302746603,0.9227764931475946,0.8992499013028028,alpha,1.0,0.8675752277277984,0.8700400462505993,0.8700400462505993,0.5140838715135791,0.8667277701006797,0.8700400462505993,0.14711074762401646,0.885264764855997,saccade_p0.9_s_star_a1,saccade,0.3559561747370201,0.3628229293713272,0.34870748769721904,0.5561785862286089,0.7229292986265828,0.7155338729349152,0.7307275639917482,0.545920751372773,0.0024648185228008934,0.0033122761499195796,12,10.89180561872657,0.8700400462505993,0.6788361205899771,0.6983220056967201,0.19120392566062216,-0.07058151668123747,0.3669858146027807,0.37265433317352437,0.37228207225246057,0.3313770833920866,csoanet,p_series,0.9,s_star,sacc_R,,105.49868202209473,1,0.0024648185228008934,0.0033122761499195796,csoanet__saccade_p0.9_s_star_a1__seed1,,,,,,,,,,,1.0285039247643133,0.27264830470085144,1.245322823524475,1.119516753647804,0.2647324800491333,1.3577601909637451
0.005859793581862283,0.36350741638937456,0.5852320794089447,0.8035530990919857,0.9412328689865208,0.9345214595905476,0.9429135412554284,0.9093198353166771,alpha,1.0,0.8700555571223103,0.8621802645308667,0.8638596689133929,0.5178403226261316,0.8611932090583491,0.8646916156688006,0.17607377534617447,0.9020233321181188,saccade_p0.9_s_star_a1,saccade,0.3460193462872614,0.3727020734005988,0.3195841832912676,0.749323555488832,0.6877858935672185,0.6987581771815058,0.6776210397722688,0.8890834336086428,-0.006195888208917366,0.002666459855043879,13,17.612552887321264,0.8638596689133929,0.7041512733015596,0.736917284751403,0.15970839561183336,-0.06719168617276294,0.368618686370174,0.36857215375504104,0.3708353309455992,0.3279407202684791,csoanet,p_series,0.9,s_star,sacc_R,,108.20317101478577,2,-0.007875292591443595,0.003498406610451532,csoanet__saccade_p0.9_s_star_a1__seed2,,,,,,,,,,,0.9437580622728837,0.23181287944316864,1.3313353061676025,1.0207973721479762,0.2214154303073883,1.4430710077285767
-0.004210140432011844,0.3652839659353675,0.6726101178726525,0.7985449213242344,0.9362021318594551,0.9261293779256667,0.9328436072415545,0.9445772940048502,alpha,1.0,0.8842762063227954,0.8663710200513268,0.8655390732959192,0.5170704193575679,0.863751092811416,0.8655390732959192,0.16530500014100794,0.8925104812249363,saccade_p0.9_s_star_a1_sacmis,saccade,0.34846865393835125,0.3500776139261559,0.34875934953727716,0.08580947272624649,0.7002340731549113,0.7089865838784788,0.6915373001878552,0.8780837332296183,-0.018737133026876185,0.0017879804845031266,14,19.145021486333807,0.8655390732959192,0.6918737133026875,0.710403564680335,0.17366535999323163,-0.0663597394173554,0.3015299359824022,0.306583660001692,0.30997349051016654,0.19889449787078028,csoanet,mismatch,0.9,s_star,sacc_R,sacc_R_mis,100.5654890537262,0,-0.01790518627146853,0.0017879804845031266,csoanet__saccade_p0.9_s_star_a1_sacmis__seed0,,,,,,,,,,,0.8152072812718477,0.2310759276151657,1.5563879013061523,0.8716569515017304,0.21820023655891418,1.6647981405258179
-0.00922395803959164,0.35687778467091524,0.6474677119169816,0.8422283007162596,0.9446167728836501,0.9362246912187695,0.9328689865207829,0.944566014325193,alpha,1.0,0.8651879635635523,0.8734919202459178,0.8734919202459178,0.49738289291858206,0.8676993147014862,0.8734919202459178,0.12956231140190078,0.8852989427633977,saccade_p0.9_s_star_a1_sacmis,saccade,0.37610902732733575,0.3868444395165761,0.36681303230416396,-0.7123887173401711,0.743929608844017,0.7518350149684001,0.7353663174636104,0.6082264168443714,0.008303956682365499,0.005792605544431617,12,11.103308842617377,0.8734919202459178,0.7018415634958685,0.7230999182154036,0.17165035675004936,-0.062324092614004845,0.2914224879438224,0.30473363603034487,0.3223130939958826,0.22687611043740663,csoanet,mismatch,0.9,s_star,sacc_R,sacc_R_mis,96.53257393836975,1,0.008303956682365499,0.005792605544431617,csoanet__saccade_p0.9_s_star_a1_sacmis__seed1,,,,,,,,,,,1.0321871405074807,0.28715458512306213,1.5653076171875,1.1098630309718174,0.2805328965187073,1.6751800775527954
0.029448423664768075,0.4105380407196435,0.6658310303987367,0.8404912300490666,0.9697817381986353,0.9714567706277142,0.9697817381986353,0.9529834752693023,alpha,0.5,0.9306847344820779,0.9176936743845003,0.9176936743845003,0.5338334414394088,0.8945176118897882,0.9176781635127894,0.15240700527369638,0.9449507838133431,saccade_p1_s_high_a0.5,saccade,0.38386023294509153,0.395675795542743,0.3723737740437253,0.7467547220369034,0.765286669110804,0.7723860738441068,0.7583468750360152,0.9579738692720204,-0.012991060097577556,0.023176062494712157,23,nan,0.9176936743845003,0.9176936743845003,0.8981866380890606,0.0,0.0,0.413869539468118,0.40875377196198415,0.4022786880622691,0.38174370399616453,csoanet,corner,1.0,s_high,sacc_R,,144.80803894996643,0,-0.012991060097577556,0.023160551623001235,csoanet__saccade_p1_s_high_a0.5__seed0,,0.8488833117139474,,,,,0.8421662624781456,,0.7682533416050985,,1.1581420065154542,0.22520673274993896,3.810361623764038,1.248947421210647,0.20606420934200287,4.099237442016602
0.019209294456037362,0.3719671761321979,0.6356494275562574,0.8371298855112514,0.9613896565337545,0.9530032147087022,0.9546726072979528,0.9479414584625796,alpha,0.5,0.899039736033165,0.9004089229814716,0.8979130827152486,0.5467159254350094,0.873259257170253,0.8979130827152486,0.1787557460729293,0.8995511301494714,saccade_p1_s_high_a0.5,saccade,0.35119715728023926,0.32764164541523455,0.3728751051642868,0.7281250694320492,0.7191573366423193,0.7305632553498171,0.7077181942859777,0.9457090246115947,-0.001126653317916393,0.024653825544995622,30,nan,0.8979130827152486,0.8979130827152486,0.8801319834174681,0.0,0.0,0.3959643531966497,0.3983516173608957,0.38812008234862805,0.37317606249471225,csoanet,corner,1.0,s_high,sacc_R,,136.16396141052246,1,0.0013691869483065666,0.024653825544995622,csoanet__saccade_p1_s_high_a0.5__seed1,,0.8186396706333539,,,,,0.8354576730020868,,0.8219953753313405,,1.23479098063387,0.24151520431041718,4.610435485839844,1.330169394271816,0.2235305905342102,4.932828903198242
-0.0528030003947888,0.39550786757656065,0.6305651119508204,0.8270599514973775,0.9714483108679715,0.9680869663301563,0.9714483108679715,0.9764903276746941,alpha,1.5,0.9983361064891847,0.9983205956174737,0.9983205956174737,0.5054386756535717,0.9983205956174737,0.9983205956174737,0.010923883922276431,0.9952264855997084,saccade_p1_s_high_a1.5,saccade,0.49288191996390196,0.48954983922829576,0.4974299577037883,-6.407971523453011,0.9873967116951973,0.9898880141922608,0.9844241607025551,0.9788758527508132,-1.5510871711033047e-05,0.0,22,nan,0.9983205956174737,0.9983205956174737,0.997488648862066,0.0,0.0,0.4982895738740517,0.497442116246933,0.4973645618883781,0.49659465861981444,csoanet,corner,1.0,s_high,sacc_R,,121.11793661117554,0,-1.5510871711033047e-05,0.0,csoanet__saccade_p1_s_high_a1.5__seed0,0.9899300659861261,,0.9882465737973041,,,,,0.9899300659861261,,0.9882465737973041,1.0193516343914726,0.3930511176586151,7.210258960723877,1.0526982840613013,0.3818318843841553,7.437313079833984
0.0024166713665332296,0.2829394845186397,0.6188342451074389,0.8438751339461958,0.9446026732840787,0.9446026732840787,0.9429248209350853,0.9462636061135865,alpha,1.5,0.9958092444795398,0.9949307651089991,0.9949307651089991,0.5062551115372684,0.9957782227361178,0.9949307651089991,0.020969288474012242,0.9976303317535544,saccade_p1_s_high_a1.5,saccade,0.4886756535717307,0.49448941124293166,0.48364623310168386,-8.133124604398565,0.9739614766349869,0.9800088701629893,0.9676093996703892,0.9761509126235894,-0.0008784793705406413,-0.0008474576271186862,26,nan,0.9949307651089991,0.9949307651089991,0.9940833074818805,0.0,0.0,0.4923883922276432,0.4923883922276432,0.48984601934628724,0.4923883922276432,csoanet,corner,1.0,s_high,sacc_R,,130.81770968437195,1,-0.0008784793705406413,-0.0008474576271186862,csoanet__saccade_p1_s_high_a1.5__seed1,0.9832130167503244,,0.9764959675145226,,,,,0.9832130167503244,,0.984885229259489,1.0505947090356718,0.40585678815841675,7.596319675445557,1.0916697919580112,0.39223453402519226,7.884652137756348
0.017475043708758742,0.40551012351249227,0.7045062320230104,0.8488974113135188,0.9681038858496418,0.9630675088827476,0.9681038858496418,0.9613755569341831,alpha,0.5,0.93980512704814,0.9414224879438224,0.9414224879438224,0.5006021038382358,0.9431174031980597,0.9414224879438224,0.0774232211850306,0.9379443127962086,saccade_p1_s_low_a0.5,saccade,0.44082038410558666,0.4219813726577225,0.4585566273669167,0.5662545552596238,0.8639992667587918,0.880402483645637,0.8479295600963477,0.9329210125862966,0.0016173608956824292,-0.0016949152542372614,16,nan,0.9414224879438224,0.9414224879438224,0.9388956259341774,0.0,0.0,0.4334851518655348,0.43086522462562393,0.4414633802419696,0.40724498716827884,csoanet,corner,1.0,s_low,sacc_R,,104.68552160263062,0,0.0016173608956824292,-0.0016949152542372614,csoanet__saccade_p1_s_low_a0.5__seed0,,0.8539196886808416,,,,,0.838819017539902,,0.8152670464158818,,1.3652275776837808,0.3135685324668884,2.645322322845459,1.4485247338415566,0.3048689067363739,2.797316312789917
-0.012844735209520008,0.35844002030342326,0.6658338503186509,0.8304184761152782,0.961384016693926,0.959700524505104,0.9630675088827476,0.9680982460098133,alpha,0.5,0.9205462647000762,0.9178487831016102,0.9178487831016102,0.50975351814772,0.9169858146027807,0.9178487831016102,0.09991680532445923,0.9068993802406125,saccade_p1_s_low_a0.5,saccade,0.40809526495389026,0.42671027830136377,0.3913494450783115,0.6880260712525785,0.817931977777151,0.8284676793436079,0.8080535675183533,0.9647303400102089,-0.002697481598465945,0.0008629684988294972,16,nan,0.9178487831016102,0.9178487831016102,0.9126244394934995,0.0,0.0,0.4139781155700949,0.41303759271271034,0.4143447361741729,0.40635099692602716,csoanet,corner,1.0,s_low,sacc_R,,106.2017068862915,1,-0.002697481598465945,0.0008629684988294972,csoanet__saccade_p1_s_low_a0.5__seed1,,0.8153037053747672,,,,,0.8237098866392194,,0.795127178388134,,1.5295331141799207,0.3302500247955322,2.3424108028411865,1.6495798025074824,0.3215875029563904,2.5135843753814697
0.017658338503186544,0.42232812588122504,0.6440668885003666,0.8505893632620833,0.9697817381986353,0.9563560994867746,0.9613896565337545,0.9563391799672889,alpha,1.5,0.9950083194675541,0.9950083194675541,0.9950083194675541,0.5063326658958234,0.9950083194675541,0.9950083194675541,0.010970416537409402,0.9928568173532628,saccade_p1_s_low_a1.5,saccade,0.4886756535717307,0.4826532875041579,0.495269047701368,-3.9247419162886894,0.9840379029301447,0.9866725801086595,0.9812087266189538,0.9352990644279529,0.0,0.0,16,nan,0.9950083194675541,0.9950083194675541,0.9950083194675541,0.0,0.0,0.4940988183535915,0.49408330748188045,0.4946981020333343,0.4907244987168279,csoanet,corner,1.0,s_low,sacc_R,,107.98132395744324,0,0.0,0.0,csoanet__saccade_p1_s_low_a1.5__seed0,0.9832101968304099,,0.9832130167503244,,,,,0.9832101968304099,,0.9832073769104959,1.0457572921826255,0.39664748311042786,5.689514636993408,1.085816947979098,0.38978326320648193,5.907691478729248
0.012537363938864177,0.3467147932998702,0.5986548982008912,0.8119649201962664,0.9496362303310586,0.9445998533641644,0.9496362303310586,0.9479414584625796,alpha,1.5,0.9966411912349474,0.9974731379903551,0.9974731379903551,0.507164612651231,0.9966411912349474,0.9974731379903551,0.012649820919935701,0.9952606635071091,saccade_p1_s_low_a1.5,saccade,0.49030852533912406,0.5037864508260339,0.4751869907455428,-13.90319060847062,0.9848233170704194,0.9917285730125291,0.977255701921193,0.9878520349396919,0.0008319467554076532,0.0008319467554076532,19,nan,0.9974731379903551,0.9974731379903551,0.9966567021066584,0.0,0.0,0.4957782227361178,0.49493076510899914,0.49397473137990355,0.49493076510899914,csoanet,corner,1.0,s_low,sacc_R,,116.93172121047974,1,0.0008319467554076532,0.0008319467554076532,csoanet__saccade_p1_s_low_a1.5__seed1,0.9848824093395749,,0.9848824093395749,,,,,0.9848824093395749,,0.9764818679149512,1.0365902058431622,0.40152230858802795,5.758032321929932,1.0854191970323372,0.3947828710079193,6.025968551635742
0.02424003158310306,0.38364446449720835,0.5566832101968304,0.8052619705600361,0.9479696576617225,0.9496334104111441,0.9479611979019795,0.9328351474818115,alpha,1.0,0.983283510533292,0.9857638399278039,0.9857638399278039,0.5080120702783497,0.9849163823006852,0.9857638399278039,0.033588087650525955,0.9857136347065257,saccade_p1_s_star_a1,saccade,0.4777517696494542,0.48311897106109325,0.47381553319734004,0.012520396185565396,0.952175752277278,0.9630003326311121,0.94041074577326,0.6848514717112206,0.0024803293945119265,0.0008474576271186862,23,nan,0.9857638399278039,0.9857638399278039,0.9823895202910404,0.0,0.0,0.4839758594433007,0.485639752954116,0.48197072675484354,0.4797385713077075,csoanet,p_series,1.0,s_star,sacc_R,,119.53771948814392,0,0.0024803293945119265,0.0008474576271186862,csoanet__saccade_p1_s_star_a1__seed0,,,,,,,,,,,1.3397967340924266,0.4004824459552765,6.553327560424805,1.3976480537938518,0.38297393918037415,6.846328258514404
0.03438892335457666,0.4273814223676049,0.6305735717105634,0.8472054593649541,0.9630646889628336,0.9596977045851898,0.9597061643449325,0.9496108510518302,alpha,1.0,0.9765348712597648,0.97140359288192,0.9705561352548013,0.5145590682196339,0.9697241884993937,0.9705561352548013,0.054402267407428304,0.9880833029529712,saccade_p1_s_star_a1,saccade,0.4559970670351674,0.45024392948220426,0.4609019350228769,-0.35991471432070415,0.9161538678473731,0.9381860516686994,0.8941038850280632,0.9484917010131327,-0.005978736004963459,0.0008319467554076532,19,nan,0.9705561352548013,0.9705561352548013,0.9611875687413634,0.0,0.0,0.46879917651372005,0.46793620801489044,0.4661482275303872,0.46628782537578617,csoanet,p_series,1.0,s_star,sacc_R,,111.21153402328491,1,-0.005131278377844772,0.0008319467554076532,csoanet__saccade_p1_s_star_a1__seed1,,,,,,,,,,,1.1463870094610351,0.35256457328796387,4.629061222076416,1.218460831269411,0.3376656472682953,4.908146381378174
0.01757092098584412,0.3752975015509561,0.6474141334386103,0.8657182336021658,0.9563419998872031,0.9445885736845074,0.9513084428402232,0.9479386385426654,alpha,1.0,0.980787670267069,0.9824515637778843,0.9824515637778843,0.5080586028934826,0.9824515637778843,0.9824515637778843,0.033696663752502895,0.9857478126139263,saccade_p1_s_star_a1,saccade,0.47439296088440175,0.4633385075950771,0.4834099736080858,-3.443250316444725,0.9487549000253814,0.9599013194367446,0.9366421187290391,0.8355486433869006,0.0016638935108153063,0.0,14,nan,0.9824515637778843,0.9824515637778843,0.980756648523647,0.0,0.0,0.4847457627118644,0.48134042133167887,0.4844045235342227,0.4669956851575059,csoanet,p_series,1.0,s_star,sacc_R,,101.1591260433197,2,0.0016638935108153063,0.0,csoanet__saccade_p1_s_star_a1__seed2,,,,,,,,,,,1.077277168416544,0.3384586572647095,4.467940330505371,1.126242472035233,0.3294681906700134,4.684634208679199
0.00578365574417683,0.04112571202977833,0.20062884214088328,0.35340364333652907,0.5700552704303199,0.47932716710845424,0.5431729738875415,0.3735829902430772,alpha,1.0,,,0.6748004737866269,,,,,0.7923692125410134,saccade_pnone_s_star_a1,saccade,,,,,,,,,,,38,,,,,,,,,,,csoanet,p_series,,s_star,sacc_R,,106.58429718017578,0,,,csoanet__saccade_pnone_s_star_a1__seed0,,,,,,,,,,,,,,,,
0.0073515312165133295,0.09995770120128578,0.30311883142518736,0.5214229315887429,0.738006880604591,0.5952033162258192,0.7346539958265184,0.6070272404263719,alpha,1.0,,,0.6548337516568432,,,,,0.7970401932191031,saccade_pnone_s_star_a1,saccade,,,,,,,,,,,34,,,,,,,,,,,csoanet,p_series,,s_star,sacc_R,,99.38584971427917,1,,,csoanet__saccade_pnone_s_star_a1__seed1,,,,,,,,,,,,,,,,
-0.04781174214652306,0.056353279566860426,0.1922508600755739,0.32660876431109354,0.6456347639727031,0.346824770176527,0.6053578478371215,0.4122215329084655,alpha,1.0,,,0.669622662793649,,,,,0.7994098614655487,saccade_pnone_s_star_a1,saccade,,,,,,,,,,,36,,,,,,,,,,,csoanet,p_series,,s_star,sacc_R,,100.68269348144531,2,,,csoanet__saccade_pnone_s_star_a1__seed2,,,,,,,,,,,,,,,,
-0.019262872934408648,-0.01434775252382825,0.0007782978963397635,0.014251875246742873,0.19207884496080307,0.1466386554621848,0.171814900456827,0.11836613840166921,alpha,1.0,0.5408626864829804,0.5584675258749542,0.5584675258749542,0.5509955159479962,0.5619758030401308,0.5601314193857695,0.5568656758509829,0.622653117025155,alpha_p0.5_s_star_a1,alpha,0.0074720099269579565,0.003913959419004298,0.01180721225322412,0.19318867346512442,0.0016018500239712852,-0.006198026388734901,0.010015097557883657,-0.4821896300167171,0.01760483939197377,-0.0035082771651766542,19,83.70392657471066,0.5584675258749542,0.5593149835020728,0.5706618911982854,-0.0008474576271185752,-0.011001438280831333,-0.007689162130911753,-0.007875292591443595,0.0003200879889450059,-0.002619927239910891,eegnet,p_series,0.5,s_star,sacc_R,,101.67948150634766,0,0.01760483939197377,-0.0018443836543613479,eegnet__alpha_p0.5_s_star_a1__seed0,,,,,0.18871468050307372,,,,,,,,,,,
0.007517906491455673,0.027688793638260822,0.021025322880830144,0.03782076589024874,0.12165416502171333,0.09130054706446344,0.12335175681010657,0.12848683097400038,alpha,1.0,0.6008291265969148,0.6027975972249641,0.6036295439803717,0.5985758199610818,0.5833624749710934,0.6036295439803717,0.5986533743196367,0.7250615202333212,alpha_p0.5_s_star_a1,alpha,0.00505372401928994,0.0036811176405365797,0.007537254088441858,-2.3467445863551433,0.004976169660734997,0.0004656835569353257,0.010199495211423382,0.011139927523845659,0.0028004173834569324,0.020267069009278327,35,82.24357895223797,0.6036295439803717,0.5986378634479258,0.5947107927465524,0.004991680532445919,0.014205138328774125,0.002232155447136175,-0.0013903381370031775,0.009192306607631373,0.005007191404156952,eegnet,p_series,0.5,s_star,sacc_R,,125.50948405265808,1,0.001968470628049279,0.020267069009278327,eegnet__alpha_p0.5_s_star_a1__seed1,,,,,0.10991483841858884,,,,,,,,,,,
0.009130900682420506,0.00421578027184033,-0.012698099373977811,-0.034498900231233476,0.09822909029383564,0.02244092267779596,0.07625909424172361,0.04282048389825732,alpha,1.0,0.5827335796271751,0.5909388307622888,0.5909388307622888,0.585869595871288,0.5702995008319467,0.5917862883894075,0.5875955328689473,0.6775314436748086,alpha_p0.5_s_star_a1,alpha,0.005069234891000862,0.016542853974941707,-0.006615265820742455,-1.3729551183366298,0.0033432978933415347,0.005172413793103403,0.0017921146953404632,-12.351240936638664,0.008205251135113723,0.02063932993034212,57,86.10920222171201,0.5909388307622888,0.5876110437406582,0.5894709382667306,0.0033277870216306127,-1.5510871711033047e-05,0.0014622521785724318,0.010505090386079718,0.0177289263656617,0.0024182859076679053,eegnet,p_series,0.5,s_star,sacc_R,,154.52173352241516,2,0.008205251135113723,0.021486787557460807,eegnet__alpha_p0.5_s_star_a1__seed2,,,,,0.07635779143872323,,,,,,,,,,,
-0.044498336247250636,0.054531611302238936,0.07457560205290181,0.19888331171394746,0.48600473746545614,0.41038858496418706,0.4759037843325249,0.5364587445716542,alpha,1.0,0.6580839843199188,0.646105361121295,0.6469528187484137,0.5586677571279506,0.5535407089878451,0.646120871993006,0.46027524746890774,0.6958052314983594,alpha_p0.75_s_star_a1,alpha,0.08828506162046312,0.09236057212551285,0.08320367873318812,-1.1095818543981162,0.18667757127950596,0.19322541301696422,0.17895216033375977,0.5235383714430525,-0.011131165571505064,0.09341210976056857,29,32.51425106965588,0.6469528187484137,0.5947883471051073,0.6060012972729067,0.0521644716433064,-0.02127950590823202,-0.003467384867029466,-0.004531994698101949,-0.014934149299190569,-0.004314842494148152,eegnet,p_series,0.75,s_star,sacc_R,,118.27327346801758,0,-0.01197862319862375,0.09258016300516092,eegnet__alpha_p0.75_s_star_a1__seed0,,,,,0.44743105295809604,,,,,,,,,,,
0.009288816197619898,-0.0009136540522249881,0.0343550843156053,0.18873441994247364,0.4959985336416446,0.46248378546049285,0.44732389600135347,0.49784276126558,alpha,1.0,0.6432020079528469,0.6549056656984122,0.6549056656984122,0.5826912772497814,0.6048069601511605,0.6557376124538199,0.49869003638004455,0.7343009478672986,alpha_p0.75_s_star_a1,alpha,0.07221438844863082,0.05629227187049557,0.08784243220505017,0.49293784288475995,0.1562156293183677,0.1498170528883468,0.16337632103631472,0.7204461688108167,0.011703657745565366,0.05009870554725171,34,36.58571333383343,0.6549056656984122,0.5789503370089399,0.5884528610507911,0.0759553286894723,-0.011141036126230297,-0.0010335880876505277,0.00039764234749983807,0.0009503934121097846,0.0024027750359569833,eegnet,p_series,0.75,s_star,sacc_R,,125.60045075416565,1,0.011703657745565366,0.05093065230265936,eegnet__alpha_p0.75_s_star_a1__seed1,,,,,0.4959985336416446,,,,,,,,,,,
-0.02437820765890253,0.01757374090575814,0.08969601263324112,0.1988240933957477,0.5212819355930292,0.47251706051548137,0.5078111781625401,0.6254441373864981,alpha,0.5,0.7090400180490144,0.7216686877802532,0.7225006345356608,0.6688682703967963,0.6746340844355452,0.7216686877802532,0.6091330832792803,0.8276408129784907,alpha_p0.9_s_high_a0.5,alpha,0.05363236413886452,0.056757955427431006,0.049891090135878,0.28425244317273823,0.11336755125638054,0.10466237942122192,0.12202514723000146,0.750673526004119,0.013460616486646426,0.047866550100115646,30,48.917631084407404,0.7225006345356608,0.7074170168363462,0.69357849911165,0.015083617699314655,-0.0033588087650526788,-0.0009250119856736294,0.002309709805691007,0.009564567528695056,0.000769903268563632,eegnet,factorial,0.9,s_high,sacc_R,,139.22180438041687,0,0.012628669731238773,0.04703460334470799,eegnet__alpha_p0.9_s_high_a0.5__seed0,,0.17525238283232758,,0.19720545936495393,0.52464046021093,,0.19381309570808192,,0.20062320230105457,,0.9849437892598255,0.15731428563594818,1.515295386314392,1.2050337012965675,0.15813054144382477,1.892571210861206
0.005848513902205088,0.03768822965427798,0.10649991540240267,0.2005386047036266,0.5094974902712763,0.4977356043088377,0.5044582933844679,0.61031808696633,alpha,0.5,0.726924053131786,0.7254871823796498,0.7263191291350575,0.6725316562790828,0.6793931018923264,0.7271510758904651,0.6247694520432048,0.8396942216551222,alpha_p0.9_s_high_a0.5,alpha,0.05378747285597463,0.05158554163432749,0.05655821779667858,0.8365802860860543,0.1015496770918527,0.09180064308681668,0.11182565201857808,0.8613805291861222,-0.0006049239967285125,0.046926027242731094,35,41.27466002567434,0.7263191291350575,0.7085070080938549,0.7126667418708932,0.017812121041202555,-0.0059322033898303594,0.0007233706534308659,0.003064102202543939,0.004541865252827293,0.001555317408838519,eegnet,factorial,0.9,s_high,sacc_R,,149.27405095100403,1,-0.0014368707521361657,0.04775797399813875,eegnet__alpha_p0.9_s_high_a0.5__seed1,,0.1870424679939089,,0.2005386047036266,0.5094974902712763,,0.21726354971518802,,0.17210535220799716,,1.1407226358206073,0.15899066627025604,1.8493009805679321,1.406400772317261,0.1591741144657135,2.3569796085357666
0.000851615814110751,-0.029473802943996374,0.022624217472223762,0.14173763465117584,0.44395691162370987,0.3011984659635667,0.381853815351644,0.440781681800237,alpha,1.5,0.8063002340731549,0.7987605403423672,0.7987605403423672,0.5539806537127386,0.5837643475563327,0.7987605403423672,0.3144561324346428,0.83437386073642,alpha_p0.9_s_high_a1.5,alpha,0.24477988662962857,0.25606497394389627,0.23284813700745666,0.7963547865547455,0.4843044079077244,0.4964020401374875,0.4713895515679563,0.9497719368511068,-0.007539693730787667,0.21499619278603455,23,26.953381984170367,0.7987605403423672,0.6432020079528469,0.6874756761329988,0.15555853238952033,-0.01184889590795013,0.0016173608956823182,0.0024182859076680163,0.0006303054231646676,0.0008009250119855871,eegnet,factorial,0.9,s_high,sacc_R,,137.9147117137909,0,-0.007539693730787667,0.21499619278603455,eegnet__alpha_p0.9_s_high_a1.5__seed0,0.6959336754836163,,0.622063053409283,,0.44227905927471656,0.6976115278326096,,0.6824882973323558,,0.8488128137160906,1.4876743731556445,0.25547266006469727,1.917230486869812,1.7816890430918286,0.2536768913269043,2.3333559036254883
0.025948903051153493,-0.04285996277705717,-0.009238057639163078,0.1552450510405503,0.46412497885060056,0.381718459195759,0.42212791156731155,0.5348006316620608,alpha,1.5,0.7875320793028568,0.7765870441918836,0.7765870441918836,0.5613440875377196,0.6553949631969317,0.7774189909472913,0.3319735469133365,0.8538438753189939,alpha_p0.9_s_high_a1.5,alpha,0.21524295665416404,0.23297483091251803,0.19576692136592566,0.6845989566440221,0.4446134972785471,0.4671138707173745,0.4205246113243209,0.914838741940006,-0.010945035110973222,0.12119208099495193,22,22.946201368932034,0.7765870441918836,0.611954651851434,0.6816619193998703,0.16463239234044957,-0.0143602470458839,-0.004283820750726086,-0.006934769734059043,-0.00796835782170957,-0.003405341380185556,eegnet,factorial,0.9,s_high,sacc_R,,135.82513689994812,1,-0.010945035110973222,0.12202402775035959,eegnet__alpha_p0.9_s_high_a1.5__seed1,0.7009221138119677,,0.5849218882183747,,0.462444306581693,0.7042834583497828,,0.6723394055608822,,0.8824121594946703,1.629861914610278,0.24305757880210876,1.3820186853408813,2.0064248868391785,0.24350985884666443,1.8346261978149414
0.031089617054875784,0.02764649483954651,0.020754610569059917,0.17525802267215607,0.47757881676160396,0.44397383114319533,0.43392927640855006,0.6825700750098698,alpha,1.0,0.7328153642234694,0.7783186215065286,0.7791505682619363,0.6422558447784765,0.6745508897600045,0.779982515017344,0.5019247581714092,0.7984870579657309,alpha_p0.9_s_high_a1,alpha,0.13689472348345977,0.14636877702627782,0.12740149131602296,0.6528844680117304,0.27722581009052705,0.2820434637986473,0.2716177436642119,0.8338483094631037,0.046335204038466915,0.10459967850193175,22,40.64712530008832,0.7791505682619363,0.6715037085084181,0.7103104994500691,0.10764685975351818,-0.0018345130996362258,0.0074720099269579565,0.012231027383738935,0.020193744888462706,0.004991680532445919,eegnet,factorial,0.9,s_high,sacc_R,,118.78035688400269,0,0.04550325728305926,0.1054316252573394,eegnet__alpha_p0.9_s_high_a1__seed0,,,,,0.47925384919068303,,,,,,1.4911567142029107,0.2294248640537262,1.7580711841583252,1.7724939965236106,0.23019321262836456,2.123460054397583
-0.04280920421860013,0.000642941740454539,0.052707123117703425,0.24574474084935982,0.4909621566747506,0.45908860188370637,0.5077265805651119,0.6876177316564209,alpha,1.0,0.7781536422346936,0.7696113821596773,0.7696113821596773,0.6294043825262979,0.692363010801207,0.7712907865422036,0.48922840463634054,0.7892818082391542,alpha_p0.9_s_high_a1,alpha,0.14020699963337935,0.1497006319991131,0.13024813009254466,0.677521826684993,0.28038297752333674,0.28779798203792006,0.2721190747847735,0.8972778442346668,-0.00854226007501635,0.07724837135847029,24,37.33474904562604,0.7696113821596773,0.6680518345130997,0.6763656617501903,0.1015595476465776,-0.005854649031275638,0.0024182859076680163,-0.00702783496432513,0.002645308666346935,-0.0017569587410812826,eegnet,factorial,0.9,s_high,sacc_R,,124.25768566131592,1,-0.00854226007501635,0.07892777574099663,eegnet__alpha_p0.9_s_high_a1__seed1,,,,,0.5077406801646833,,,,,,1.1024436480884008,0.19067591428756714,1.6116255521774292,1.358822506444965,0.1929057091474533,2.0471673011779785
0.010876431109356544,0.03763183125599223,0.0745022841351306,0.26427443460605726,0.5682505216851843,0.5598838192995319,0.5581749478314817,0.7144718290000562,alpha,0.5,0.6175766378070449,0.6287275444880003,0.6287275444880003,0.5404735046109592,0.5671775853802984,0.6295750021151189,0.4514805832087764,0.6503713999270871,alpha_p0.9_s_low_a0.5,alpha,0.08825403987704106,0.08639538751524567,0.09074093282162998,0.6736725333529661,0.1772469612792239,0.1675019403481539,0.1866219502356833,0.8101955476369034,0.01115090668095542,0.06154995910770189,38,31.390965543758142,0.6287275444880003,0.5903494176372712,0.5780507064497025,0.038378126850729055,0.0008164358836967311,0.003095123945965783,0.009657632758961032,0.011858766462675252,0.002294198933980196,eegnet,factorial,0.9,s_low,sacc_R,,142.72793126106262,0,0.01115090668095542,0.062397416734820466,eegnet__alpha_p0.9_s_low_a0.5__seed0,,0.255865433421691,,0.26595228695505035,0.5682505216851843,,0.2642828943658,,0.22244092267779592,,1.4208340969273223,0.1482178270816803,0.9259936809539795,1.7802471857065836,0.1584451049566269,1.193220615386963
0.01767243810275776,-0.009325475156505614,0.09970390840900123,0.27264113699170944,0.5900626022220969,0.5900569623822682,0.5816564209576449,0.7799701088489086,alpha,0.5,0.6256479314137455,0.6283707944386474,0.6283552835669364,0.5275755097436476,0.575295411602132,0.6283552835669364,0.4242533630390028,0.6741364382063435,alpha_p0.9_s_low_a0.5,alpha,0.10077977382328873,0.09270983479321449,0.10805702497435732,0.7919219256540602,0.20410192052793358,0.21344938463244267,0.19213083013518661,0.9362176120634781,0.002707352153190845,0.05305987196480433,32,25.329462315479653,0.6283552835669364,0.6153853746580558,0.5985913308327928,0.012969908908880612,-0.005069234891000862,-0.002619927239911002,-0.008707239346851359,-0.007307030655122837,-0.006841704503793178,eegnet,factorial,0.9,s_low,sacc_R,,134.85129952430725,1,0.002722863024901878,0.05305987196480433,eegnet__alpha_p0.9_s_low_a0.5__seed1,,0.271002763521516,,0.27431898934070276,0.5883819299531894,,0.281030398736676,,0.27452484349444495,,1.4690581058222643,0.1524474024772644,0.9221376776695251,1.8790277992094364,0.16043241322040558,1.203195333480835
0.027750831876374615,0.0024984490440471685,0.06282781569003437,0.17029778354294733,0.5044526535446394,0.45907450228413493,0.48428740623766275,0.59858158028312,alpha,1.5,0.7353041540934601,0.7387405172170676,0.7387250063453565,0.49772272201697737,0.5942694379424124,0.7387250063453565,0.26017231168391663,0.7673395916879329,alpha_p0.9_s_low_a1.5,alpha,0.24100228432837917,0.26286728018627337,0.21882815291175417,0.8407594341663006,0.4785526946614399,0.4741490187382193,0.48253984718044457,0.9657709064005744,0.003420852251896478,0.14445556840294416,12,5.351398161381777,0.7387250063453565,0.5409740827434502,0.6202938605149609,0.19775092360190638,-0.015130150314447754,0.0008319467554076532,0.0008629684988294972,0.0017569587410811716,-1.5510871711033047e-05,eegnet,factorial,0.9,s_low,sacc_R,,117.7980568408966,0,0.003436363123607511,0.14445556840294416,eegnet__alpha_p0.9_s_low_a1.5__seed0,0.7010010715695674,,0.7295471208617674,,0.49941627657774523,0.6976425469516665,,0.7010123512492246,,0.8958377982065309,0.7832836190461626,0.2950038015842438,0.7344087958335876,0.9025755513632021,0.28958794474601746,0.8559185862541199
-0.03774462805256329,-0.015974846314364743,0.05273814223676054,0.19707856296881165,0.5548277028932378,0.5312785516891321,0.5329592239580396,0.6859285996277706,alpha,1.5,0.7846583377985843,0.7735638342874869,0.7735638342874869,0.5048901548267013,0.5705096026396683,0.7727163766603683,0.23692433514763528,0.8057669522420707,alpha_p0.9_s_low_a1.5,alpha,0.2686736794607856,0.2643585763388402,0.272487870091853,0.9493637526113652,0.5366394991398515,0.543419447832354,0.5290829674192395,0.9773475612622837,-0.01109450351109742,0.20305423164781855,18,6.118168993803704,0.7735638342874869,0.5723723173242337,0.6430821512168984,0.20119151696325321,-0.021015821089145348,-0.0008474576271186862,-0.003420852251896589,-0.016194760145520237,-0.003389830508474634,eegnet,factorial,0.9,s_low,sacc_R,,123.40951228141785,1,-0.01109450351109742,0.20220677402069998,eegnet__alpha_p0.9_s_low_a1.5__seed1,0.7580508713552536,,0.754686706897524,,0.5615475720489538,0.7580508713552536,,0.7597259037843325,,0.9311178162540183,1.1140000384328748,0.311902791261673,1.3613173961639404,1.355573688464143,0.30524009466171265,1.6606425046920776
0.04271332694151475,0.05454853082172462,0.11151091309006822,0.24249901302803,0.5330099825164964,0.5430827364502848,0.5296570977384243,0.774908352602786,alpha,1.0,0.7313418314109252,0.7317239628867143,0.7317239628867143,0.5149567105671339,0.6298372768549593,0.7325714205138328,0.27480188386587323,0.7484164236237696,alpha_p0.9_s_low_a1,alpha,0.21676725231958038,0.22551835014968402,0.20720533831207,0.7938469013991136,0.45692207902084103,0.4778079609712828,0.43351888347220785,0.9469024850151099,0.00038213147578902706,0.10188668603175499,21,9.707902707948069,0.7317239628867143,0.5920965058236273,0.6333469640993824,0.139627457063087,-0.016117205786965183,-0.00013959784539885334,0.0013381652048845005,0.006975662032206231,-0.003420852251896589,eegnet,factorial,0.9,s_low,sacc_R,,112.24809908866882,0,0.00038213147578902706,0.10273414365887357,eegnet__alpha_p0.9_s_low_a1__seed0,,,,,0.5330099825164964,,,,,,1.2994950650384276,0.2472202628850937,1.1059366464614868,1.5860952651457818,0.2483511120080948,1.3765769004821777
0.022593198353166866,0.03761491173650677,0.10133664203936599,0.27931306750888263,0.5883424510743895,0.5866589588855677,0.5883452709943038,0.6993852574586881,alpha,1.0,0.7511844665670211,0.7547702980907527,0.7547702980907527,0.5222270791618489,0.6530852533912406,0.7547702980907527,0.2954454440339547,0.7697776157491798,alpha_p0.9_s_low_a1,alpha,0.23254321892890384,0.24126843330746206,0.2232825087300765,0.6970677995028277,0.459324854056798,0.4642698747089478,0.454839862162754,0.9475626747364148,0.0035858315237315974,0.10168504469951212,36,11.544606782191957,0.7547702980907527,0.6207239346851293,0.6711102963986576,0.13404636340562337,-0.00020164133224298553,0.0015863391522603632,0.002340731549113073,0.004634930483093158,-0.0008474576271186862,eegnet,factorial,0.9,s_low,sacc_R,,129.3660888671875,1,0.0035858315237315974,0.10168504469951212,eegnet__alpha_p0.9_s_low_a1__seed1,,,,,0.5883424510743895,,,,,,1.7516381352808068,0.23301149904727936,1.5941553115844727,2.36423418035179,0.2458682805299759,2.192697048187256
0.03100501945744738,0.046122610117872664,0.08630646889628335,0.24580677908747406,0.5849754666967457,0.5665162709379055,0.5816197619987593,0.7211550391968868,alpha,0.5,0.6516455624806115,0.6732240051890916,0.6740249302010773,0.576619476014552,0.587541949857582,0.6731929834456697,0.5019402690431203,0.7149334670069267,alpha_p0.9_s_star_a0.5,alpha,0.09740545418652535,0.09513249805965196,0.10057163272597358,0.578036580591853,0.17208466115795706,0.17348930036589427,0.17141490624531797,0.8721706144142664,0.022379367720465893,0.08648298034349533,27,40.968515223440015,0.6740249302010773,0.662625849572746,0.6423023773936095,0.011399080628331393,-0.0017414478693702495,-0.0018190022279250817,0.0029089934854339417,0.0066499337262754254,-9.306523026586522e-05,eegnet,factorial,0.9,s_star,sacc_R,,130.37143301963806,0,0.021578442708480194,0.08565103358808768,eegnet__alpha_p0.9_s_star_a0.5__seed0,,0.22903107551745538,,0.24580677908747406,0.5849754666967457,,0.2441204669787378,,0.20732333201737063,,1.4247023709317548,0.17989306151866913,1.1056854724884033,1.695312225151422,0.18228834867477417,1.324281930923462
-0.00766454232699787,0.06456488635722746,0.1333314533867238,0.2727116349895664,0.5464271614686143,0.5296429981388528,0.5447493091196209,0.7329507641982969,alpha,0.5,0.6690854226007501,0.6777404890154827,0.6777249781437716,0.6004413548041401,0.6458205251135114,0.6777249781437716,0.526470007614428,0.755935563251914,alpha_p0.9_s_star_a0.5,alpha,0.07728362333963157,0.0729515467346713,0.08141156403784766,0.5910501124362804,0.15125497052934367,0.12728683889566472,0.17481473798245928,0.8893388149220254,0.008639555543021538,0.03190445303026024,32,35.16517734286464,0.6777249781437716,0.6535364787501057,0.6546885134944584,0.024188499393665963,-0.0016483826391043843,-0.00017061958882091943,0.0005527510646098355,0.00871710990157648,-0.0009405228573845514,eegnet,factorial,0.9,s_star,sacc_R,,139.27413892745972,1,0.00865506641473257,0.03190445303026024,eegnet__alpha_p0.9_s_star_a0.5__seed1,,0.24582651852687376,,0.2743894873385595,0.5464271614686143,,0.2609666685466132,,0.1939230725847385,,1.251909822445384,0.1633412390947342,1.2005221843719482,1.6023961793271353,0.16963082551956177,1.5803836584091187
0.0662624781456207,0.05956516834921888,0.07281597202639434,0.20551858327223504,0.5043426766679826,0.5060571879758615,0.5009869719699962,0.6069398229090295,alpha,1.5,0.7855678389125469,0.7819608562001183,0.7819608562001183,0.5165529202741194,0.6273978397585944,0.7819608562001183,0.25191488761668407,0.7913096974115932,alpha_p0.9_s_star_a1.5,alpha,0.265407935925999,0.2809014303137821,0.24961103619956437,0.8252952991609499,0.5300459685834342,0.5245703514802085,0.5348281068123408,0.9809389512176332,-0.0036069827124285414,0.15456301644152393,16,9.445092478788455,0.7819608562001183,0.6297456217039398,0.6738331594235596,0.15221523449617858,-0.012742886150201693,0.0008474576271185752,-0.0008784793705407523,-0.0051467892495559164,0.0016949152542371504,eegnet,factorial,0.9,s_star,sacc_R,,123.59495162963867,0,-0.0036069827124285414,0.15456301644152393,eegnet__alpha_p0.9_s_star_a1.5__seed0,0.7194123286898653,,0.7227652134679374,,0.5043426766679826,0.7194123286898653,,0.7210930009587728,,0.9076081439287125,0.8840457891042418,0.23530082404613495,1.2416551113128662,1.079545249373456,0.23375441133975983,1.5665483474731445
-0.044549094805707457,0.019262872934408648,0.04428120241385147,0.20043708758671253,0.4757825277762111,0.4035192600530144,0.46735660707235915,0.600298911510913,alpha,1.5,0.8029357849911165,0.7989875631010462,0.7989875631010462,0.5317606249471221,0.5942539270707013,0.7981401054739277,0.26955638906906565,0.8369485964272694,alpha_p0.9_s_star_a1.5,alpha,0.2672269381539242,0.26722474775474003,0.2677165808065093,0.785014341642006,0.5294311740319806,0.5125013859629671,0.5470559762127027,0.9626751355913465,-0.003948221890070269,0.2047336360303449,31,12.342900723725673,0.7989875631010462,0.6276995967173356,0.6660199103189599,0.1712879663837107,-0.022850334188781463,-0.00013959784539896436,-0.005270876223243737,-0.008722750218562392,0.0016328717673933513,eegnet,factorial,0.9,s_star,sacc_R,,142.26709055900574,1,-0.003948221890070269,0.20388617840322631,eegnet__alpha_p0.9_s_star_a1.5__seed1,0.6958406181264452,,0.6403586938130958,,0.4774575602052902,0.6975184704754385,,0.6790141559979697,,0.8958490778861881,1.3692646438571212,0.25789138674736023,1.79840087890625,1.7930024167654035,0.26504793763160706,2.4490926265716553
-0.03112063617393268,0.027536517962889917,0.07954430094185327,0.22729682477017654,0.5261773165642096,0.5127770571315775,0.5211465794371439,0.6674694038689302,alpha,1.0,0.7273936095208551,0.7383738966129896,0.737526438985871,0.536798838094701,0.6393553117685213,0.7375419498575819,0.3310330240559519,0.762702788917244,alpha_p0.9_s_star_a1,alpha,0.20072760089117003,0.2026610488967735,0.1984291624889073,0.7796241660577706,0.4064934149299191,0.40842111098791445,0.40328919314501716,0.9462049279043865,0.010132829465015925,0.09817112721734966,24,16.87801482049684,0.737526438985871,0.6336261597901802,0.6535928819199639,0.10390027919569078,-0.0027285033418879,0.0075030316703798006,0.010768775205166503,0.007316901209847959,0.0066865957866831804,eegnet,p_series,0.9,s_star,sacc_R,,116.99443244934082,0,0.0109802870921345,0.09818663808906058,eegnet__alpha_p0.9_s_star_a1__seed0,,,,,0.5261773165642096,,,,,,1.2051294060849298,0.23253729939460754,1.3699346780776978,1.5503260486871673,0.24043171107769012,1.7979649305343628
0.019260053014494405,-0.010930009587727607,0.0661045626304213,0.2373385595849078,0.5463538435508433,0.5496841689696013,0.5564576166036885,0.73460887710789,alpha,1.0,0.7547138949208945,0.7580205307538284,0.7580205307538284,0.5355537381200823,0.5993231619617022,0.7580205307538284,0.3321596773738684,0.7675788370397375,alpha_p0.9_s_star_a1,alpha,0.22246679263374602,0.21575562700964634,0.22755246689485875,0.7829273059194287,0.42586085337995994,0.4446058321321654,0.40489691018681784,0.9231885132574335,0.0033066358329338907,0.15869736879212615,16,21.00549751951045,0.7580205307538284,0.6466073493330324,0.6568896471981726,0.11141318142079593,-0.001958600073324157,0.005761583801009662,0.006376378352463297,0.010778645759891736,-0.0017724696127923156,eegnet,p_series,0.9,s_star,sacc_R,,109.73924803733826,1,0.0033066358329338907,0.15869736879212615,eegnet__alpha_p0.9_s_star_a1__seed1,,,,,0.5463538435508433,,,,,,1.4846943900914693,0.3294074237346649,1.3569728136062622,1.7171553476837185,0.32599207758903503,1.593100905418396
0.012607861936720921,0.04104675427217863,0.06953358524617892,0.19379617618859624,0.4927246066211719,0.5061164062940613,0.5111471434211268,0.7077547797642547,alpha,1.0,0.7444823599086269,0.7454482641924476,0.7454327533207366,0.5422093121633436,0.647277136975098,0.7454327533207366,0.340417101441101,0.8008225483047757,alpha_p0.9_s_star_a1,alpha,0.203223441157393,0.20359241601064426,0.2047274948426282,0.8732872315635761,0.40501565187963556,0.39842554606940905,0.4124860261153177,0.9371833514004462,0.0009503934121096735,0.09815561634563852,30,19.797021087908387,0.7454327533207366,0.6366803914379988,0.6634676668828788,0.10875236188273774,-0.002635438111622035,-0.0018500239713472588,-0.0014058490087143216,0.005048083702303918,-0.0017569587410812826,eegnet,p_series,0.9,s_star,sacc_R,,124.47239875793457,2,0.0009659042838207066,0.09815561634563852,eegnet__alpha_p0.9_s_star_a1__seed2,,,,,0.4910467542721788,,,,,,1.334395091232514,0.20601847767829895,1.4463657140731812,1.6877867115592715,0.21106724441051483,1.8820602893829346
-0.015957926794879063,0.04113699170943552,0.13668151824488195,0.3668151824488186,0.7799390897298517,0.6640291015735151,0.7396142349557273,0.6674609441091874,alpha_group,1.0,0.9408640965622268,0.9561648664654954,0.9561648664654954,0.9343791421077865,0.5440833074818805,0.9561648664654954,0.9118235144815139,0.9928909952606635,alpha_p0.9_s_star_a1_alpha_group_group,alpha,0.02178572435770887,0.016542853974941818,0.02646106328296982,0.3863952399620825,0.04434135198398148,0.03688324647965413,0.05113001187059907,0.8267589880876585,0.015300769903268563,0.41208155898361487,27,42.64238978641676,0.9561648664654954,0.9428382075072619,0.959368566513438,0.013326658958233484,-0.007503031670379912,0.0,0.0,0.0,0.0,eegnet,group_template,0.9,s_star,sacc_R,,116.42173624038696,0,0.015300769903268563,0.41208155898361487,eegnet__alpha_p0.9_s_star_a1_alpha_group_group__seed0,,,,,0.7833004342676668,,,,,,0.749224345675454,0.2259855419397354,1.8889262676239014,0.8525020368060795,0.22205530107021332,2.3096213340759277
-0.012624781456206713,0.07130731487225761,0.12337713608933498,0.336661778805482,0.7363459477750833,0.6657266933619086,0.6976820258304663,0.6842422875190346,alpha_group,1.0,0.9468118108237683,0.9553018979666658,0.9553018979666658,0.9051524295665416,0.9375207986688852,0.9553018979666658,0.868422685354917,0.9952264855997084,alpha_p0.9_s_star_a1_alpha_group_group,alpha,0.05014946840012413,0.03378423328528657,0.0659682605538845,0.5674004402348588,0.0868792126117488,0.0797538529770484,0.093852643225115,0.7587482084975177,0.008490087142897451,0.0177810992977806,20,34.409355777294174,0.9553018979666658,0.9126554612369215,0.93570179644096,0.04264643672974422,-0.00918243605290614,-0.0008319467554076532,-0.0008319467554076532,-0.0008319467554076532,-0.0008319467554076532,eegnet,group_template,0.9,s_star,sacc_R,,104.08736228942871,1,0.008490087142897451,0.0177810992977806,eegnet__alpha_p0.9_s_star_a1_alpha_group_group__seed1,,,,,0.7380238001240764,,,,,,0.8294718236139922,0.2441198080778122,0.1232125461101532,0.9494374577602485,0.24069151282310486,0.36561790108680725
0.0075573853702555205,0.024242851503017304,0.04931757938074566,0.23574812475325713,0.6152980655349389,0.5497518470475438,0.5799898482883088,0.744718290000564,alpha_m2,1.0,0.7511379339518881,0.756341126371302,0.7571730731267097,0.5396204066668546,0.6847669139005612,0.7571730731267097,0.31787698468653935,0.7914805869485964,alpha_p0.9_s_star_a1_alpha_m2,alpha,0.21755266645985505,0.22104446169198355,0.21418939943989224,0.43748857909652755,0.4392960884401703,0.44667923273090143,0.431041040002766,0.9035407117054207,0.006035139174821569,0.07240615922614846,23,19.845328686536998,0.7571730731267097,0.6361121295016781,0.6618037733720635,0.12106094362503161,-0.007797738232888762,0.008334978425787454,0.01807016554330354,0.02457063086945488,0.0032967652782085466,eegnet,mismatch,0.9,s_star,sacc_R,,112.50037121772766,0,0.005203192419413916,0.07240615922614846,eegnet__alpha_p0.9_s_star_a1_alpha_m2__seed0,,,,,0.6152980655349389,,,,,,1.0305853068610074,0.1410244107246399,0.829511821269989,1.244259849353651,0.1456870138645172,1.009820818901062
-0.002594326321132545,0.010707235914499957,0.1113811967740117,0.17012858834809097,0.5244769048559021,0.4875274942191643,0.5244769048559021,0.6120495177936947,alpha_m2,1.0,0.7469316675597168,0.7406427141205336,0.739810767365126,0.5668476268366283,0.6985744098818354,0.739810767365126,0.38875320793028567,0.7962541013488881,alpha_p0.9_s_star_a1_alpha_m2,alpha,0.1729631405284977,0.1660106441955872,0.17908469614724154,0.6651308855624226,0.3510575594348403,0.3549950105333186,0.345123258306538,0.9300676737669991,-0.0071209001945908845,0.041236357483290575,60,17.52896622284059,0.739810767365126,0.636220705603655,0.6602639668349362,0.10359006176147101,-0.015254237288135575,-0.0010180772159394946,-0.0036690261992723405,-0.0063665077977381745,-0.004299331622437119,eegnet,mismatch,0.9,s_star,sacc_R,,155.562584400177,1,-0.006288953439183231,0.041236357483290575,eegnet__alpha_p0.9_s_star_a1_alpha_m2__seed1,,,,,0.5244769048559021,,,,,,0.9939781188629024,0.11783414334058762,1.3367772102355957,1.3837775441358098,0.12975862622261047,1.9244478940963745
-0.02268061587050929,0.04944165585697369,0.12660030455135063,0.28949861823924206,0.655589081270092,0.6219728159720264,0.6438328351474818,0.7950989791889911,alpha_p2,1.0,0.7780394258157308,0.7663555091796159,0.7671874559350236,0.5286965227445782,0.7174610113088356,0.7671874559350236,0.29844750274965454,0.7863652934742982,alpha_p0.9_s_star_a1_alpha_p2,alpha,0.23849093319044534,0.2494234394056991,0.2272355334278372,0.6531658321875442,0.46873995318536904,0.49493291939239387,0.441793728174809,0.9477799730709597,-0.010851969880707246,0.04972644462618803,30,20.02497016195122,0.7671874559350236,0.6718703291124961,0.6684438365436138,0.09531712682252746,-0.013621365520742224,-0.0008629684988296082,-0.002681970726754801,-0.0012662511633153573,0.0008474576271186862,eegnet,mismatch,0.9,s_star,sacc_R,,121.56248164176941,0,-0.0116839166361149,0.04972644462618803,eegnet__alpha_p0.9_s_star_a1_alpha_p2__seed0,,,,,0.6589504258079071,,,,,,0.6648033543865309,0.11911919713020325,0.8859469890594482,0.8691736724096933,0.12813609838485718,1.2249679565429688
-0.009190119000620278,0.06957306412497877,0.07278495290733744,0.30452597146241045,0.6555778015904348,0.6169138796458182,0.6051350741638939,0.818608651514297,alpha_p2,1.0,0.7911799543134324,0.7662469330776389,0.7662469330776389,0.5209453171268226,0.7123297329309908,0.7662469330776389,0.28667616120025946,0.784063981042654,alpha_p0.9_s_star_a1_alpha_p2,alpha,0.24530161595081634,0.2380529992238608,0.25430165151148454,0.8403284840102234,0.47957077187737945,0.4839117418782571,0.47579204554622045,0.9717198330303815,-0.02493302123579344,0.05391720014664814,18,19.694662541255237,0.7662469330776389,0.6459558927211709,0.6577060830818693,0.12029104035646798,-0.024483205956174814,-0.0008784793705406413,-0.00941509912857108,-0.01889224174398607,-3.1021743422066095e-05,eegnet,mismatch,0.9,s_star,sacc_R,,107.67876362800598,1,-0.02493302123579344,0.05391720014664814,eegnet__alpha_p0.9_s_star_a1_alpha_p2__seed1,,,,,0.655580621510349,,,,,,0.7807009939944173,0.16463516652584076,0.6472890377044678,0.9855936647183985,0.17230771481990814,0.8571536540985107
0.0025830466414753506,0.02929614798939717,0.07295978794202251,0.23574530483334266,0.5464158817889571,0.4440133100219954,0.536323388415769,0.684270486718177,alpha,0.5,0.706026678699343,0.708150258044502,0.708150258044502,0.5963690459403819,0.6120251558137567,0.708150258044502,0.49317098620942496,0.8440917790740066,alpha_p1_s_high_a0.5,alpha,0.11178121210412018,0.10717928816942002,0.11504108610217934,0.7525797256487432,0.2149792718350771,0.2203459363565805,0.2073378741255517,0.9652389131859749,0.0021235793451590546,0.09612510223074533,45,nan,0.708150258044502,0.708150258044502,0.7498463013621366,0.0,0.0,-0.003436363123607622,0.0032037000479425704,0.003048591330832684,-0.0017724696127923156,eegnet,corner,1.0,s_high,sacc_R,,153.30212497711182,0,0.0021235793451590546,0.09612510223074533,eegnet__alpha_p1_s_high_a0.5__seed0,,0.18035361795725002,,0.23574248491342842,0.5464187017088715,,0.1786926851277424,,0.21243302690203603,,1.1288929055944794,0.17593269050121307,2.802372932434082,1.4487813823392985,0.1805924028158188,3.6796584129333496
0.009212678359934445,-0.02268907563025202,0.0711775985562011,0.2491709435452032,0.5514353392363658,0.5094551914725622,0.5363177485759405,0.6859342394675991,alpha,0.5,0.7422967370766237,0.7342973575114922,0.7342973575114922,0.639325700104346,0.6478355283566937,0.7351448151386109,0.540964212188725,0.8395916879329202,alpha_p1_s_high_a0.5,alpha,0.09497165740714619,0.09247699301474666,0.09661860802821276,0.8540842852543227,0.19333314532276713,0.18173855194589206,0.20398990422846863,0.9290861868365953,-0.007999379565131526,0.0864618291547985,40,nan,0.7342973575114922,0.7342973575114922,0.7570236047265857,0.0,0.0,-0.0009405228573845514,0.0006458162948758117,-0.001943089201613124,-0.0017879804845031266,eegnet,corner,1.0,s_high,sacc_R,,148.77859020233154,1,-0.007999379565131526,0.08730928678191718,eegnet__alpha_p1_s_high_a0.5__seed1,,0.25250972872370436,,0.2491709435452032,0.5514353392363658,,0.25588799278100494,,0.24430094185325135,,1.2041453750432816,0.1700114905834198,2.360093355178833,1.5692325081219007,0.17648430168628693,3.1939754486083984
0.027773391235689004,0.024161073825503365,0.06452540747842761,0.2407675822006654,0.4943658000112796,0.4893407027240426,0.49437425977102256,0.6472787772827253,alpha,1.5,0.832870357314081,0.8175850982825235,0.8175850982825235,0.5184960094757325,0.6785244930765109,0.8175850982825235,0.2076821117346795,0.8990726394458621,alpha_p1_s_high_a1.5,alpha,0.29908908880679097,0.2992848431089923,0.30010718113612,0.9363823624833545,0.609902986547844,0.6057933252023506,0.6133930320736668,0.99624071670252,-0.01528525903155753,0.1390606052060126,17,nan,0.8175850982825235,0.8175850982825235,0.8601596209706985,0.0,0.0,-0.0008474576271186862,-0.007627118644067732,-0.010185002397134713,-0.0016949152542372614,eegnet,corner,1.0,s_high,sacc_R,,124.17669653892517,0,-0.01528525903155753,0.1390606052060126,eegnet__alpha_p1_s_high_a1.5__seed0,0.6976566465512379,,0.6993147594608313,,0.4943658000112796,0.6976566465512379,,0.6926089899046866,,0.9193643900513226,1.026991391599378,0.2621156573295593,4.018784046173096,1.225746738734389,0.2550789415836334,4.885378360748291
-0.0126304212960352,-0.0010123512492246078,0.06612430206982123,0.16512041058033944,0.4757656082567254,0.44717444024589703,0.4522446562517626,0.7043765157069539,alpha,1.5,0.8602625567556896,0.8390140725908797,0.8398615302179983,0.5122690995233932,0.5881355932203389,0.8390140725908797,0.19726444626187992,0.8990726394458621,alpha_p1_s_high_a1.5,alpha,0.3275924306946051,0.3522452600066527,0.30240062695202197,0.8963432421230173,0.6425970839561184,0.6458920057656059,0.6384307759683758,0.9912926758801964,-0.02040102653769138,0.2517259369976593,20,nan,0.8398615302179983,0.8398615302179983,0.8950548520826871,0.0,0.0,-0.0008474576271185752,-0.003405341380185556,-0.003420852251896478,-0.0008474576271185752,eegnet,corner,1.0,s_high,sacc_R,,124.88462615013123,1,-0.021248484164809955,0.25087847937054075,eegnet__alpha_p1_s_high_a1.5__seed1,0.7193559302915797,,0.7008713552535109,,0.4757656082567254,0.7193559302915797,,0.6958265185268737,,0.9411905701878065,1.24798945324153,0.2884092628955841,4.676739692687988,1.4965001487089176,0.28171026706695557,5.654972076416016
-0.03955219671761334,0.05779989848288314,0.1214454909480569,0.271002763521516,0.5766313236704077,0.5883706502735322,0.5900710619818397,0.7631774857594045,alpha,0.5,0.6631941115090667,0.67257254857723,0.6734044953326377,0.5221960574184269,0.5745664006317155,0.6742519529597564,0.38205110127189146,0.6931279620853081,alpha_p1_s_low_a0.5,alpha,0.1512084379142108,0.1712994788779244,0.13117011836024384,0.8153847874268492,0.29135339406074623,0.30273311897106114,0.27947193121967523,0.8842905437255667,0.010210383823570979,0.0988380947009222,27,nan,0.6734044953326377,0.6734044953326377,0.6525592938323134,0.0,0.0,0.008350489297498487,0.014835443751938904,0.00766801094221492,0.0074720099269578455,eegnet,corner,1.0,s_low,sacc_R,,130.88443422317505,0,0.009378437068163326,0.09968555232804088,eegnet__alpha_p1_s_low_a0.5__seed0,,0.2575686650499125,,0.271002763521516,0.5766313236704077,,0.25924369747899156,,0.28621059161919815,,1.9061692007383042,0.21276868879795074,1.033632516860962,2.2755426412877235,0.21709708869457245,1.2561020851135254
0.014130618690429086,-0.01601432519316459,0.11817720376741292,0.2877136089335064,0.5883875697930179,0.6018273081044498,0.5951074389487339,0.8018188483447068,alpha,0.5,0.6710383823570885,0.6796624270283991,0.6805098846555176,0.5393933839081757,0.6290828844581066,0.6804943737838067,0.3857201274711639,0.7124612650382793,alpha_p1_s_low_a0.5,alpha,0.14111650074734194,0.13923938352367227,0.1422397399993085,0.8455474378288135,0.29478975718435374,0.30399157334516025,0.28484827530569673,0.8329668481536191,0.00947150229842919,0.05142700019741109,32,nan,0.6805098846555176,0.6805098846555176,0.6728827660114498,0.0,0.0,0.004097690290194245,0.010443046899235697,0.003430722806621822,0.004128712033616311,eegnet,corner,1.0,s_low,sacc_R,,136.2221233844757,1,0.008624044671310616,0.051411489325700166,eegnet__alpha_p1_s_low_a0.5__seed1,,0.30453161130223894,,0.2877136089335064,0.5883875697930179,,0.2860357565845131,,0.3483841858891208,,1.621537371010166,0.20332148671150208,1.3074170351028442,2.1217039531249946,0.21169660985469818,1.7548065185546875
0.027764931475946053,0.061245840618126435,0.09139924426146306,0.21730020867407362,0.5313434098471603,0.5246263606113586,0.5296655574981672,0.7060769274152614,alpha,1.5,0.8724216700978595,0.8671197721311938,0.8679672297583124,0.5151992441975239,0.7559632251332524,0.8671197721311938,0.14827265292309427,0.9134957163689391,alpha_p1_s_low_a1.5,alpha,0.3527679855607885,0.33558598514247706,0.37021286404130516,0.9304614235017727,0.7196945768352181,0.7214990575451824,0.7174970323502634,0.986936989730902,-0.004454440339547117,0.11200400462506,22,nan,0.8679672297583124,0.8679672297583124,0.8792168419865196,0.0,0.0,1.5510871710922025e-05,-0.005084745762711895,-0.0001551087171099974,0.0008474576271185752,eegnet,corner,1.0,s_low,sacc_R,,130.08931469917297,0,-0.005301897966665692,0.11115654699794142,eegnet__alpha_p1_s_low_a1.5__seed0,0.7647735604308838,,0.7614122158930687,,0.5313434098471603,0.7647735604308838,,0.769812757317692,,0.9479160791833512,1.0505279694079424,0.26446038484573364,5.733919143676758,1.3471363976951232,0.2594062089920044,7.376181602478027
0.029344086627939747,-0.016084823191021447,0.11480739946985508,0.21888782358581005,0.5345834978286617,0.5144351700411707,0.5379420224465625,0.7782696971406011,alpha,1.5,0.8919131955215883,0.8840689246735667,0.883221467046448,0.5061874277334386,0.7211864406779661,0.8840689246735667,0.12496263289996898,0.9158995625227853,alpha_p1_s_low_a1.5,alpha,0.3770340393130094,0.36212440403592416,0.3911131855847135,0.9067649924751268,0.758258834146479,0.759990021066637,0.7561341031935369,0.9911447951396313,-0.008691728475140326,0.16203502636848188,25,nan,0.883221467046448,0.883221467046448,0.8951789390563749,0.0,0.0,-0.005084745762711895,-0.007642629515778765,-0.012742886150201693,-0.004237288135593209,eegnet,corner,1.0,s_low,sacc_R,,131.5478641986847,1,-0.00784427084802164,0.16288248399560057,eegnet__alpha_p1_s_low_a1.5__seed1,0.7630590491230049,,0.7580170323162823,,0.5345834978286617,0.7697930178782921,,0.7849218882183746,,0.9563166206079747,1.0885920071359994,0.303790807723999,5.082739353179932,1.4105224104183347,0.30280813574790955,6.784892559051514
0.017652698663358057,0.037626191416163746,0.10313293102475907,0.26425469516665734,0.5363262083356832,0.5178388133777001,0.5396790931137556,0.7665162709379052,alpha,1.0,0.7729025071209001,0.7777235680645251,0.7768761104374066,0.5157209735187117,0.6449152542372881,0.7768761104374066,0.2545968583434389,0.8245875865840321,alpha_p1_s_star_a1,alpha,0.26115513691869485,0.27619470007761393,0.24602680680888334,0.9610008852776716,0.5222792520939676,0.5187215877591751,0.5251299427214788,0.9745477095551494,0.003973603316506424,0.13196085620011844,13,nan,0.7768761104374066,0.7768761104374066,0.7937533489382103,0.0,0.0,0.004976169660734997,0.011600721960574156,0.00894977297724131,0.005823627287853572,eegnet,p_series,1.0,s_star,sacc_R,,104.80142045021057,0,0.004821060943625,0.13196085620011844,eegnet__alpha_p1_s_star_a1__seed0,,,,,0.5363262083356832,,,,,,1.4182284078475142,0.34440210461616516,1.5423225164413452,1.6548411112326653,0.3348814845085144,1.804620623588562
0.04108905307089272,0.05094467317128193,0.08280130844284006,0.2876769499746208,0.5765664655123794,0.5681884834470701,0.5715385483052282,0.7967599120184987,alpha,1.0,0.8141487351589158,0.8080304013085535,0.8071829436814348,0.5207436757945796,0.7008629684988297,0.8063509969260272,0.23268704701204207,0.834271327014218,alpha_p1_s_star_a1,alpha,0.28643926788685525,0.28768156114868604,0.2859546612269359,0.9599829061940394,0.5744958966693927,0.578229293713272,0.5704341412255529,0.9913101100177828,-0.006965791477480998,0.10631997518260516,25,nan,0.8071829436814348,0.8071829436814348,0.8275684593474153,0.0,0.0,0.004175244648749188,0.0033122761499195796,0.0016018500239712852,0.0024803293945119265,eegnet,p_series,1.0,s_star,sacc_R,,118.11095237731934,1,-0.006118333850362312,0.10548802842719751,eegnet__alpha_p1_s_star_a1__seed1,,,,,0.5849811065365744,,,,,,1.6602217626080453,0.31753554940223694,3.199000358581543,2.1662611609127658,0.3224295675754547,4.299545764923096
-0.014274434606057151,0.027592916361175446,0.09300659861259941,0.31468050307371276,0.6169307991653037,0.6286898652078281,0.6270176526986633,0.7866843381647961,alpha,1.0,0.8171719450633126,0.8134253645054852,0.8134253645054852,0.5153078202995008,0.7180758058602894,0.8125779068783665,0.2113046053188189,0.8366409952606635,alpha_p1_s_star_a1,alpha,0.29811754420598435,0.3035258897882249,0.29054155285873984,0.8883939767708217,0.6021207591866663,0.608332409358022,0.5951030898131822,0.9903391179248857,-0.0037465805578273947,0.09534955864519579,39,nan,0.8134253645054852,0.8134253645054852,0.835366197580304,0.0,0.0,-0.0008629684988296082,0.0024337967793790494,0.0040201359316394125,-0.0008629684988296082,eegnet,p_series,1.0,s_star,sacc_R,,136.66952466964722,2,-0.0037465805578273947,0.0945021010180771,eegnet__alpha_p1_s_star_a1__seed2,,,,,0.6169307991653037,,,,,,1.5423613820239486,0.28916028141975403,4.428558826446533,2.0469257255284585,0.29572850465774536,6.028254508972168
-0.021019683041001658,0.01768935762224344,0.0260053014494388,0.02767187411877492,0.16180700468106712,0.14338446788111225,0.12830353617957257,0.14855056116406296,alpha,1.0,,,0.6159592769113624,,,,,0.6964887896463725,alpha_pnone_s_star_a1,alpha,,,,,,,,,,,42,,,,,,,,,,,eegnet,p_series,,s_star,sacc_R,,79.3122627735138,0,,,eegnet__alpha_pnone_s_star_a1__seed0,,,,,0.16180700468106712,,,,,,,,,,,
0.009195758840448987,-0.014342112683999764,-0.015870509277536526,0.08312841915289604,0.2224352828379672,0.13327223506852404,0.193855394506796,0.2107551745530427,alpha,1.0,,,0.6145068952875152,,,,,0.7346769048487058,alpha_pnone_s_star_a1,alpha,,,,,,,,,,,33,,,,,,,,,,,eegnet,p_series,,s_star,sacc_R,,74.17443203926086,1,,,eegnet__alpha_pnone_s_star_a1__seed1,,,,,0.22412723478653218,,,,,,,,,,,
-0.032815408042411565,-0.012647340815520769,0.010941289267384802,0.04277254525971452,0.16356663470757438,0.15677344763408718,0.18200045118718622,0.17711634989566294,alpha,1.0,,,0.6064412419978003,,,,,0.6990293474298214,alpha_pnone_s_star_a1,alpha,,,,,,,,,,,47,,,,,,,,,,,eegnet,p_series,,s_star,sacc_R,,91.08597326278687,2,,,eegnet__alpha_pnone_s_star_a1__seed2,,,,,0.15852743782076595,,,,,,,,,,,
-0.01940386893012236,0.05620100389148952,0.1251226665162708,0.3467993908972984,0.578515030173143,0.32995600924933743,0.4424454345496587,0.3467204331396989,alpha,1.0,0.6571180800360981,0.6660368312699174,0.6660368312699174,0.6626470007614428,0.6404001804901436,0.6642798725288361,0.6618615866211681,0.789999544294568,saccade_p0.5_s_star_a1,saccade,0.003389830508474634,0.001258454374099216,0.004823151125401992,0.37309244955016563,0.004175244648749299,0.0033318549728351687,0.004823151125401992,0.20090600746295112,0.008918751233819355,0.02563665077977384,41,71.84931927876936,0.6660368312699174,0.6601201387517979,0.6711159367156434,0.0059166925181195484,3.1021743422066095e-05,0.014835443751938904,0.018039143799881585,0.035463493048309314,0.004128712033616422,eegnet,p_series,0.5,s_star,sacc_R,,130.46899938583374,0,0.008918751233819355,0.023879692038692557,eegnet__saccade_p0.5_s_star_a1__seed0,,,,,0.5835542270599516,,,,,,,,,,,
-0.010983588066098893,0.05296655574981668,0.16206643731318016,0.3568806045908297,0.603668715808471,0.22918053127291182,0.4474846314364671,0.24767356607072366,alpha,1.0,0.6581615386784738,0.662656871316168,0.6635043289432866,0.674443723737274,0.6394596576327589,0.6609774669336417,0.6701288812431259,0.818333029529712,saccade_p0.5_s_star_a1,saccade,-0.010939394793987423,-0.011370440181838304,-0.010015097557883545,0.08689164733616377,-0.00662455229983927,-0.00873711054440618,-0.004638753471862045,0.09748663659619397,0.005342790264812769,0.024044671310527677,33,84.92077862591655,0.6635043289432866,0.6635043289432866,0.6610395104204856,0.0,-0.0016483826391043843,0.006345356609041342,0.006267802250486398,0.006128204405087545,-0.0011111424462054709,eegnet,p_series,0.5,s_star,sacc_R,,117.79185485839844,1,0.004495332637694194,0.021517809300882762,eegnet__saccade_p0.5_s_star_a1__seed1,,,,,0.6120692572330946,,,,,,,,,,,
0.009266256838305953,0.01602278495290732,0.11839433760081208,0.29805425525915075,0.5481867914951215,0.12152726862557106,0.351714511307879,0.23421126839997752,alpha,1.0,0.6536351842973576,0.6641868072985702,0.6658662116810965,0.6557742745142277,0.6361784032262613,0.6658507008093855,0.6625384246594659,0.7896577652205614,saccade_p0.5_s_star_a1,saccade,0.010091937166868847,0.009762723140037677,0.010015097557883545,0.4374721031885304,0.0033277870216306127,-0.0014912961525668234,0.008407380516082918,-0.1713340382194421,0.012231027383738935,0.029687808454835207,47,87.70985212993882,0.6658662116810965,0.6592106376378353,0.6595927691136242,0.006655574043261225,0.015037085084181778,0.012262049127161001,0.022937759102061528,0.035184297357511496,0.006438421839307429,eegnet,p_series,0.5,s_star,sacc_R,,131.80386805534363,2,0.010551623001212596,0.029672297583124174,eegnet__saccade_p0.5_s_star_a1__seed2,,,,,0.5448282668772206,,,,,,,,,,,
-0.010944109187299045,0.25267328407873224,0.5768456375838926,0.7766651627093792,0.9076335232079409,0.8723986238790817,0.9042862782696972,0.8404602109300097,alpha,1.0,0.6943385318254887,0.7049211765701232,0.7057531233255309,0.5823556783891255,0.6889069065681491,0.7049211765701232,0.4654742096505824,0.8113607364199782,saccade_p0.75_s_star_a1,saccade,0.12339744493640536,0.12511919281516792,0.12220954488354141,0.30755343072330205,0.24027891367494847,0.23632886129282626,0.24589427099540162,0.7579841474694592,0.011414591500042204,0.016846216757381738,32,46.59703696742788,0.7057531233255309,0.659871964804422,0.6701133703714148,0.045881158521108856,-0.049705293437491194,0.12746552356242413,0.12828195944612086,0.12729490397360332,0.10541611438562848,eegnet,p_series,0.75,s_star,sacc_R,,110.98933982849121,0,0.01058264474463455,0.016014270001974085,eegnet__saccade_p0.75_s_star_a1__seed0,,,,,0.9076335232079409,,,,,,,,,,,
0.03605267610399854,0.2443094016129943,0.4525153685635328,0.7296176188596244,0.9009362134115393,0.8001804748745136,0.8858270825108567,0.7783176357791439,alpha,1.0,0.7177571279505908,0.7196635550917962,0.7188316083363886,0.602921684198652,0.6927098902958346,0.7188316083363886,0.5104768888011506,0.8205318082391542,saccade_p0.75_s_star_a1,saccade,0.1159099241377366,0.11822264109102998,0.11417095967453816,0.5917857854452022,0.208354719535238,0.20704069187271312,0.21281794189168934,0.8990343806685629,0.001074480385797827,0.026121718040553965,27,55.1841015965566,0.7188316083363886,0.6781282608082575,0.6900645816294876,0.040703347528131095,-0.044667080289912287,0.09104035646803355,0.09185679235173028,0.08922135424010835,0.06983840491835647,eegnet,p_series,0.75,s_star,sacc_R,,111.85635113716125,1,0.00190642714120548,0.026121718040553965,eegnet__saccade_p0.75_s_star_a1__seed1,,,,,0.9026140657605324,,,,,,,,,,,
0.026019401049010238,0.4374316169420789,0.6809345214595905,0.8774068016468333,0.9697676385990639,0.9731233432970503,0.9697704585189779,0.9428909818961142,alpha,0.5,0.8491017795200091,0.8411799543134324,0.8411799543134324,0.5094898333286331,0.8402549423277588,0.8403480075580247,0.18194393524916103,0.8685745534086766,saccade_p0.9_s_high_a0.5,saccade,0.33169012098479933,0.3377758066304468,0.32583065380493037,-0.01565919499413693,0.6592360190642714,0.652112207561814,0.6674215445608455,0.7967298873933495,-0.007921825206576694,0.0009250119856736294,17,13.200526097774882,0.8411799543134324,0.669669195408782,0.6809596999351364,0.1715107589046504,-0.05971967624580499,0.33487549000253813,0.33487549000253813,0.33396598888857554,0.3171254124481796,eegnet,factorial,0.9,s_high,sacc_R,,105.40806293487549,0,-0.007921825206576694,9.306523026597624e-05,eegnet__saccade_p0.9_s_high_a0.5__seed0,,0.8690203598217812,,0.8774068016468333,0.9697676385990639,,0.8606169984772434,,0.7934183069200835,,1.3305377505200207,0.26204708218574524,1.1288565397262573,1.4417089539914532,0.2609633505344391,1.2269009351730347
0.01593254751565043,0.30812982911285314,0.5701398680277481,0.8169984772432464,0.9429191810952569,0.9294850826236534,0.9261350177654954,0.902588686481304,alpha,0.5,0.8168109647762205,0.8112764037338898,0.8121238613610084,0.5845723229645506,0.7980061479455145,0.8120928396175865,0.35504667362305764,0.8707733321181188,saccade_p0.9_s_high_a0.5,saccade,0.2275515383964578,0.24115201241822815,0.21345180882573267,0.5627120277518369,0.4570771877379508,0.45655837676017297,0.45810715808641334,0.9144053183773642,-0.004687103415212057,0.014117713415493949,40,40.20687045128454,0.8121238613610084,0.7333779858428044,0.7497067035167376,0.078745875518204,-0.03865732254152687,0.2330254660311909,0.23790857046165992,0.24018725852392897,0.22202402775035956,eegnet,factorial,0.9,s_high,sacc_R,,133.95337677001953,1,-0.005534561042330743,0.014086691672071994,eegnet__saccade_p0.9_s_high_a0.5__seed1,,0.7615926907675821,,0.8169984772432464,0.9429191810952569,,0.8052281315210648,,0.7027522418363319,,0.9508475297724482,0.13506917655467987,1.6906949281692505,1.0446948974324008,0.12430976331233978,1.8698786497116089
0.034335344876205376,0.21404884101291533,0.5247194179685297,0.7766595228695503,0.9009474930911963,0.8891799672889289,0.9160509841520501,0.86397270317523,alpha,1.5,0.88751092811416,0.892425054288051,0.892425054288051,0.5153755041033306,0.8890197129078654,0.892425054288051,0.13496714515355762,0.9090981589500546,saccade_p0.9_s_high_a1.5,saccade,0.3770495501847204,0.38246479654063636,0.371451785776026,-0.5013455604436071,0.7574579091344933,0.7635547178179398,0.7518641450287545,0.7227207687210883,0.004914126173890976,0.003405341380185556,19,12.414262118844496,0.892425054288051,0.7215911334216982,0.756176147099467,0.17083392086635274,-0.07646718745593506,0.3906680955469697,0.39150004230237734,0.3931174031980597,0.3880947009221918,eegnet,factorial,0.9,s_high,sacc_R,,109.08714604377747,0,0.004914126173890976,0.003405341380185556,eegnet__saccade_p0.9_s_high_a1.5__seed0,0.9714511307878857,,0.9764903276746941,,0.9026281653601038,0.9714511307878857,,0.9714511307878857,,0.9546444080988099,1.1328758408273405,0.32483386993408203,2.277630567550659,1.2238415413417725,0.32236525416374207,2.449794292449951
0.007489707292312797,0.267737296260786,0.5046444080988102,0.793494444757769,0.9244628052563306,0.9110287067847271,0.9227764931475946,0.8942022446562516,alpha,1.5,0.8834752813108097,0.8883894074847006,0.887557460729293,0.5063636876392453,0.8875884824727149,0.887557460729293,0.12593981781776137,0.8973181735326285,saccade_p0.9_s_high_a1.5,saccade,0.38119377309004765,0.40336511808404474,0.35600848229206283,-2.0330849563739517,0.7616176429115316,0.7645803304135713,0.7571886272747179,0.5143226223311301,0.004082179418483323,-3.102174342195507e-05,14,13.1300474284426,0.887557460729293,0.7152612876843678,0.7511689556953101,0.17229617304492517,-0.0798570179644097,0.3839814997602865,0.3831185312614569,0.3854902845539919,0.35855777094672714,eegnet,factorial,0.9,s_high,sacc_R,,104.83008241653442,1,0.004914126173890976,-3.102174342195507e-05,eegnet__saccade_p0.9_s_high_a1.5__seed1,0.9630731487225763,,0.9563560994867746,,0.9261406576053239,0.9630731487225763,,0.9563560994867746,,0.9546556877784671,0.8801491071823024,0.2631092667579651,2.083134889602661,0.920686852204639,0.257850706577301,2.1851413249969482
-0.027731092436974802,0.35343184253567195,0.6456855225311602,0.8556060007895776,0.9311742146523039,0.9513169025999662,0.9462748857932435,0.919389769330551,alpha,1.0,0.8875884824727149,0.8831650638765898,0.8831650638765898,0.5086113539580924,0.8721015821089145,0.8831650638765898,0.14664542147268678,0.8996536638716733,saccade_p0.9_s_high_a1,saccade,0.37455370991849735,0.38223195476216876,0.36625983934354434,-0.48636023153349556,0.736519642403903,0.7403481538973278,0.7339948599154076,0.8165963242646936,-0.0044234185961251615,0.011063481767675243,20,8.902878716386438,0.8831650638765898,0.700637355819397,0.7236371584083026,0.18252770805719276,-0.07051947319439367,0.3804986040215459,0.37962012465100525,0.3820694323020952,0.366076313488818,eegnet,factorial,0.9,s_high,sacc_R,,98.04152202606201,0,-0.0044234185961251615,0.011063481767675243,eegnet__saccade_p0.9_s_high_a1__seed0,,,,,0.9328548869212114,,,,,,1.1476838889513303,0.2954379618167877,2.0192105770111084,1.2742493639492798,0.29708224534988403,2.2234044075012207
0.01929671197338001,0.2677429361006147,0.6053775872765215,0.7800631662060797,0.9462748857932435,0.9160566239918786,0.9496362303310586,0.9177203767413005,alpha,1.0,0.8743859104881695,0.8834597704390987,0.8834597704390987,0.514037338898446,0.8809949519162977,0.8834597704390987,0.15285682055331512,0.8829634524243529,saccade_p0.9_s_high_a1,saccade,0.3694224315406527,0.3926932032376095,0.3454920536136178,-1.181031797704393,0.7306029498857836,0.7397660494511586,0.7207124664338647,0.5850135875611292,0.009073859950929242,0.0024648185228010044,13,13.651781491362565,0.8834597704390987,0.7124086973687921,0.7196635550917962,0.17105107307030665,-0.06474237852167286,0.38308750951803494,0.3821935192757834,0.3845807834400294,0.3669392819876477,eegnet,factorial,0.9,s_high,sacc_R,,89.93310356140137,1,0.009073859950929242,0.0024648185228010044,eegnet__saccade_p0.9_s_high_a1__seed1,,,,,0.9462748857932435,,,,,,1.0593346048406476,0.2531079947948456,1.4528295993804932,1.1188311771232846,0.24819019436836243,1.5340133905410767
-0.010935649427556315,0.430692008346963,0.6809542608989905,0.8371186058315945,0.9630590491230049,0.9563363600473747,0.9613755569341831,0.9529693756697308,alpha,0.5,0.8549719394229955,0.8514114893257001,0.8505640316985814,0.5030203897459038,0.8522434360811078,0.8505640316985814,0.16208578922135425,0.8614313707619394,saccade_p0.9_s_low_a0.5,saccade,0.3475436419526776,0.36063310788335734,0.3323940577856147,-0.05581507788697213,0.6884782424772271,0.6789998891229626,0.6983369636621374,0.554118626547661,-0.0044079077244141285,-0.0016794043825263394,23,11.616515285340116,0.8505640316985814,0.7148890267633041,0.7194153811444204,0.1356750049352773,-0.0580092501198568,0.3392523759835302,0.34173270537804223,0.34666234242364413,0.3341521193491074,eegnet,factorial,0.9,s_low,sacc_R,,112.01685428619385,0,-0.0035604500972954423,-0.0016794043825263394,eegnet__saccade_p0.9_s_low_a0.5__seed0,,0.8757486887372399,,0.8404771304494951,0.9630590491230049,,0.8589617054875642,,0.8152783260955387,,1.4202988467669824,0.2641316056251526,1.361344814300537,1.5246102700093018,0.25952744483947754,1.4684319496154785
-0.012650160735435234,0.3349782866166602,0.6490694264282895,0.8438694941063674,0.9647481811516552,0.939560656477356,0.9496277705713156,0.9277790310755174,alpha,0.5,0.8299825150173439,0.8348966411912349,0.8357440988183535,0.5133139682450154,0.8357751205617756,0.8365760455737612,0.19502806057700442,0.8327561064527889,saccade_p0.9_s_low_a0.5,saccade,0.32243013057333814,0.3195088147244707,0.3256462561513904,0.4020607866588837,0.6407160382413492,0.6522286284510479,0.6296546001452131,0.8919084166475769,0.005761583801009662,-3.1021743422066095e-05,19,9.46704230313546,0.8357440988183535,0.6902662229617305,0.705871569982233,0.14547787585662308,-0.05542034462336787,0.3409472912377675,0.34082320426407964,0.34894103048591324,0.296941538114442,eegnet,factorial,0.9,s_low,sacc_R,,106.20632910728455,1,0.004914126173890976,0.0008009250119855871,eegnet__saccade_p0.9_s_low_a0.5__seed1,,0.8018752467429926,,0.8253961987479554,0.9647481811516552,,0.8253961987479554,,0.7951384580677909,,1.3956264665343057,0.24424800276756287,1.3762199878692627,1.4775209579637516,0.23997005820274353,1.4493048191070557
-0.04455473464553594,0.29464215216287837,0.6053578478371215,0.8253764593085555,0.9512971631605662,0.9395437369578703,0.9462636061135865,0.9076250634481982,alpha,1.5,0.8959389717702135,0.8950760032713838,0.8950760032713838,0.5004314842494149,0.8959234608985025,0.8950760032713838,0.11327448602611467,0.9021258658403208,saccade_p0.9_s_low_a1.5,saccade,0.39464451902196895,0.4007317884466127,0.38789775150111216,-6.0360444170156,0.7818015172452691,0.7993901762944895,0.7623805737071996,-0.19390358916625017,-0.0008629684988297193,-0.0008474576271186862,22,6.295358076374864,0.8950760032713838,0.6868608815815449,0.6968597535181478,0.2082151216898389,-0.08139682450153707,0.3932880227868806,0.39581488479652555,0.39663132068022217,0.39242505428805097,eegnet,factorial,0.9,s_low,sacc_R,,127.87609434127808,0,-0.0008629684988297193,-0.0008474576271186862,eegnet__saccade_p0.9_s_low_a1.5__seed0,0.9848908690993174,,0.9832073769104959,,0.9512971631605662,0.9832017370706674,,0.9731346229767075,,0.9764903276746941,1.1763601630572986,0.34250015020370483,1.9484797716140747,1.2361359017189395,0.34179115295410156,2.0442166328430176
0.0007895775759969581,0.2895634763972703,0.5533077660594441,0.7783740341774292,0.9261378376854097,0.8925582313462299,0.9110343466245558,0.8824347188539847,alpha,1.5,0.8809949519162977,0.8867565357173073,0.8867565357173073,0.502219464733918,0.8867565357173073,0.8859245889618996,0.12521644716433064,0.8996878417790739,saccade_p0.9_s_low_a1.5,saccade,0.3845370709833893,0.3728184942898326,0.39667392732427487,-3.871284211226277,0.7615400885529766,0.7659773810843775,0.758479410849497,0.7234297299697863,0.005761583801009551,0.0,19,9.753268436681578,0.8867565357173073,0.6876152739783976,0.7017428579486167,0.19914126173890967,-0.07222989932034185,0.3857074367579457,0.3856298823993908,0.38716968893651815,0.3712851462252178,eegnet,factorial,0.9,s_low,sacc_R,,126.83682489395142,1,0.005761583801009551,-0.0008319467554076532,eegnet__saccade_p0.9_s_low_a1.5__seed1,0.9630759686424906,,0.9580395916755964,,0.9261378376854097,0.9630759686424906,,0.9647538209914839,,0.9647228018724268,0.8917905746309983,0.2541956603527069,1.5519418716430664,0.9357687673862459,0.24970786273479462,1.6305712461471558
0.014251875246742873,0.4189414020641813,0.672545259714624,0.8388161976199875,0.961384016693926,0.9597033444250183,0.959708984264847,0.9445801139247645,alpha,1.0,0.8800544290589132,0.8842141628359514,0.8842141628359514,0.4954242928452579,0.8850461095913591,0.8842141628359514,0.11760483939197383,0.8926813707619394,saccade_p0.9_s_low_a1,saccade,0.38878986999069354,0.38108992127730335,0.3972271202848944,-9.323993826483166,0.7666093234439776,0.785386406475219,0.747726722677454,0.6734416656914567,0.004159733777038266,-0.0008319467554076532,21,6.837345986942662,0.8842141628359514,0.6856312924786373,0.6902196903465975,0.19858287035731415,-0.0756352407005274,0.3865859161284865,0.3865859161284865,0.3898981922784061,0.38319608562001195,eegnet,factorial,0.9,s_low,sacc_R,,115.760981798172,0,0.004159733777038266,-0.0008319467554076532,eegnet__saccade_p0.9_s_low_a1__seed0,,,,,0.961384016693926,,,,,,1.1932411650758108,0.3140929341316223,1.642584204673767,1.2635914692012102,0.30960825085639954,1.7452940940856934
0.06297445152557657,0.32661722407083627,0.5314731261632168,0.8069144436298008,0.9378940838080199,0.9060036094974904,0.9412582482657492,0.9110033275054987,alpha,1.0,0.8577159536365944,0.8709805691079839,0.8709805691079839,0.5074127865986069,0.868484728841761,0.8709805691079839,0.14298203559040018,0.8830659861465548,saccade_p0.9_s_low_a1,saccade,0.36356778250937705,0.36489632997006316,0.3635975982205627,-0.5363678872170458,0.7279985335175838,0.7267878922275196,0.7287510516428679,0.5721281858948292,0.013264615471389574,0.0024958402662229595,19,9.715147161796418,0.8709805691079839,0.7193124453594292,0.746440959981951,0.15166812374855476,-0.06725372965960674,0.37640091373135176,0.37470599847711444,0.3721015821089146,0.3637200710679941,eegnet,factorial,0.9,s_low,sacc_R,,129.83612847328186,1,0.013264615471389574,0.0024958402662229595,eegnet__saccade_p0.9_s_low_a1__seed1,,,,,0.9378940838080199,,,,,,1.1564544834669397,0.26620662212371826,1.7502120733261108,1.2160327281906282,0.26148971915245056,1.8465359210968018
-0.02435564829958836,0.4088235294117646,0.6456770627714172,0.8539140488410131,0.9714539507077999,0.9697704585189779,0.9630618690429191,0.9462495065140151,alpha,0.5,0.841815900053583,0.8454327533207366,0.844600806565329,0.5171479737161229,0.8409938238529006,0.844600806565329,0.19471784314278462,0.8543223660226029,saccade_p0.9_s_star_a0.5,saccade,0.3274528328492061,0.3213493735447389,0.3342380343210133,0.6024312894110327,0.6498829634225444,0.6289056436412019,0.6713227074185482,0.8271766459447681,0.0027849065117460103,0.0036069827124284304,21,17.17705628826962,0.844600806565329,0.7075255929383231,0.7188936518232325,0.13707521362700592,-0.06050509038607965,0.3340590541188415,0.3348444682591162,0.3271863278716264,0.3247370202205364,eegnet,factorial,0.9,s_star,sacc_R,,126.8994665145874,0,0.0036168532671536635,0.0036069827124284304,eegnet__saccade_p0.9_s_star_a0.5__seed0,,0.8639868027748012,,0.8522333765721055,0.9714539507077999,,0.8471913597653828,,0.8236534882409341,,1.4517147782572424,0.24857975542545319,1.54753839969635,1.566278956479079,0.2469959408044815,1.6697980165481567
-0.012605042016806678,0.2880068806045908,0.5952822739834187,0.7800575263662513,0.9278128701144888,0.9110343466245558,0.9244599853364164,0.8975635891940668,alpha,0.5,0.8116641755266646,0.8165938125722665,0.8174412701993852,0.5042556191657971,0.8167489212893765,0.8174257593276741,0.20934177500775544,0.8208394094057602,saccade_p0.9_s_star_a0.5,saccade,0.3131856510335881,0.3097460915844329,0.31742327328884734,0.1855489567560684,0.6080994951916298,0.6017851203015856,0.6151851467690074,0.8075987556794669,0.005777094672720584,0.0006923489100086888,12,14.43997294417658,0.8174412701993852,0.6945091514143096,0.7206506105643138,0.1229321187850756,-0.03627005837728081,0.34288474012239484,0.33944837699878727,0.3419287063932993,0.26065032854846437,eegnet,factorial,0.9,s_star,sacc_R,,120.4196572303772,1,0.004929637045601898,0.0006768380382976558,eegnet__saccade_p0.9_s_star_a0.5__seed1,,0.7464666403474141,,0.7783796740172577,0.9294907224634819,,0.773346116970278,,0.7195589645254075,,1.0726246909137156,0.209410160779953,0.889494001865387,1.1616955607260206,0.2073047161102295,0.956015408039093
0.019316451412779934,0.2929332806948284,0.5600191754554171,0.7817297388754159,0.9294766228639106,0.9076476228075123,0.9244374259771022,0.9059387513394621,alpha,1.5,0.8859090780901886,0.8856609041428127,0.8856609041428127,0.5161764291153162,0.8864463182830875,0.8856609041428127,0.14746185735638342,0.9092006926722567,saccade_p0.9_s_star_a1.5,saccade,0.3694844750274965,0.3907362235281072,0.3474685659624981,-0.5664893958931781,0.7381990467864293,0.742865062645526,0.7327040763406286,0.7998026465493036,-0.0002481739473758626,-0.0007854141402747761,23,11.587250854452938,0.8856609041428127,0.6972475253109225,0.7191672071970445,0.18841337883189024,-0.07646718745593506,0.38385741278659846,0.38385741278659846,0.38464282692687324,0.3821469866606503,eegnet,factorial,0.9,s_star,sacc_R,,136.6258842945099,0,-0.0002481739473758626,-0.0007854141402747761,eegnet__saccade_p0.9_s_star_a1.5__seed0,0.9764875077547797,,0.9597033444250183,,0.9294766228639106,0.9764875077547797,,0.9664203936608202,,0.944574474084936,1.027393836062185,0.2797560393810272,1.922483205795288,1.1220743598363787,0.277006059885025,2.093845844268799
0.02929050814956846,0.2526789239185607,0.5281174214652302,0.8102673284078732,0.9311826744120468,0.8875274942191642,0.9278213298742315,0.890846539958265,alpha,1.5,0.8701641332242872,0.8800078964437801,0.8800078964437801,0.5122648692856538,0.8833511943371217,0.8800078964437801,0.14023802137680136,0.894948505286183,saccade_p0.9_s_star_a1.5,saccade,0.36774302715812623,0.3537365561592194,0.3801760997591306,-0.2734433761507546,0.7397698750669788,0.7516021731899323,0.7269589369475273,0.6546484112694637,0.009843763219492874,-0.0033432978933416457,17,14.527538278811049,0.8800078964437801,0.7051693505174991,0.7229758312417158,0.174838545926281,-0.07900956033729112,0.3788967539975746,0.37886573225415265,0.37790969852505707,0.36869624072872886,eegnet,factorial,0.9,s_star,sacc_R,,129.0278491973877,1,0.009843763219492874,-0.0033432978933416457,eegnet__saccade_p0.9_s_star_a1.5__seed1,0.9580395916755964,,0.941255428345835,,0.9295048220630535,0.9580395916755964,,0.9580395916755964,,0.9512915233207377,0.9655788335183895,0.2722061276435852,2.1918606758117676,1.0143094086697588,0.2647068202495575,2.2979438304901123
0.0025210084033613356,0.3165867689357622,0.5919829676837178,0.828771642885342,0.9546838869776098,0.941255428345835,0.9496418701708871,0.9210676216795444,alpha,1.0,0.8892523759835302,0.8941820130291322,0.8941820130291322,0.5163470487041372,0.8941975239008433,0.8941820130291322,0.14424264643672974,0.8996878417790739,saccade_p0.9_s_star_a1,saccade,0.3778349643249951,0.4153176627120524,0.3377704018716361,-2.212638407363663,0.7499393665924026,0.7759507705954098,0.7219513881685855,0.3792290371640127,0.004929637045602009,-1.5510871711033047e-05,17,17.115835949720058,0.8941820130291322,0.7166149637609633,0.7268408584562452,0.1775670492681689,-0.07309286781917146,0.3880636791787698,0.38636876392453257,0.382916889929214,0.36855664288333,eegnet,p_series,0.9,s_star,sacc_R,,105.49870800971985,0,0.004929637045602009,-1.5510871711033047e-05,eegnet__saccade_p0.9_s_star_a1__seed0,,,,,0.9546838869776098,,,,,,0.9458900625920746,0.2566807270050049,1.3715242147445679,1.0208007283685172,0.2532564103603363,1.4648431539535522
-0.0126304212960352,0.20230951440979084,0.5969742259319835,0.8119536405166095,0.9261434775252382,0.8875528734983926,0.9412582482657492,0.9210704415994586,alpha,1.0,0.836948306494825,0.8526312078738825,0.8509673143630672,0.5226825347584534,0.8591937166868778,0.8509673143630672,0.20425702924504358,0.8900724571636893,saccade_p0.9_s_star_a1,saccade,0.3282847796046138,0.3365173522563477,0.32082310502598854,0.8091132610128554,0.6467102851180235,0.6481982481428096,0.6452304394426581,0.863314844291056,0.014019007868242173,-0.008226402323810666,22,22.517591218759073,0.8509673143630672,0.7129825996220988,0.7338842042922813,0.1379847147409684,-0.06557432527708063,0.33487549000253813,0.3365083617699315,0.3372162215516512,0.31372007106799404,eegnet,p_series,0.9,s_star,sacc_R,,114.05247640609741,1,0.01568290137905748,-0.008226402323810666,eegnet__saccade_p0.9_s_star_a1__seed1,,,,,0.9261462974451526,,,,,,0.9936279864342664,0.2236996740102768,2.2885491847991943,1.0756870295457586,0.21194438636302948,2.4883410930633545
-0.017678077942586468,0.3298826913315662,0.5935705825954543,0.7716739044611134,0.939560656477356,0.914375951722971,0.9328464271614685,0.9143505724437424,alpha,1.0,0.8759257170252968,0.8798682985983812,0.8807157562254999,0.5203671846357765,0.8789898192278406,0.8807157562254999,0.16003412391776417,0.9019207983959169,saccade_p0.9_s_star_a1,saccade,0.36034857158972344,0.38395609269320324,0.33658334197697326,0.08289743270233292,0.7206816323077357,0.7326366559485531,0.7082195254065391,0.8500836985413095,0.0047900392002031555,0.0017259369976593275,21,14.311106003318042,0.8807157562254999,0.7123466538819481,0.7403846696184326,0.16836910234355185,-0.06805465467159255,0.37794072026847914,0.3745043571448716,0.375982120195155,0.3609915677261062,eegnet,p_series,0.9,s_star,sacc_R,,112.97450017929077,2,0.003942581573084469,0.0017259369976593275,eegnet__saccade_p0.9_s_star_a1__seed2,,,,,0.9378828041283627,,,,,,1.218207656719628,0.28915563225746155,1.9094297885894775,1.3384539154884347,0.28676095604896545,2.079824209213257
0.04112571202977833,0.3584597597428234,0.6087361118944221,0.8069059838700581,0.9513197225198806,0.9479470983024081,0.9479583779820653,0.9462579662737578,alpha,1.0,0.8859400998336107,0.8738585408499957,0.8730110832228771,0.5085648213429594,0.8687117516004399,0.8730110832228771,0.14579796384556812,0.9043930003645644,saccade_p0.9_s_star_a1_sacmis,saccade,0.3644462618799177,0.3714436190264996,0.3587744470951608,-0.8074522639931732,0.727213119377309,0.7433307462024615,0.7105129712224413,0.6980615409175254,-0.012929016610733535,0.00429933162243723,22,13.00738537151605,0.8730110832228771,0.7314969401280352,0.7338376716771482,0.1415141430948419,-0.07637412222566908,0.3712231027383739,0.3712231027383739,0.37205504949378154,0.36612284610395107,eegnet,mismatch,0.9,s_star,sacc_R,sacc_R_mis,99.31056714057922,0,-0.01208155898361496,0.00429933162243723,eegnet__saccade_p0.9_s_star_a1_sacmis__seed0,,,,,0.9513197225198806,,,,,,1.0118546348672586,0.27281707525253296,1.6060328483581543,1.105563857201432,0.2742963135242462,1.7388888597488403
-0.012602222096892435,0.31646833229936266,0.6339715752072641,0.8438892335457675,0.9446026732840787,0.9345327392702045,0.9546782471377813,0.9412131295471209,alpha,1.0,0.8710426125948278,0.8776206322795341,0.8776206322795341,0.5048083702304069,0.8751247920133112,0.8776206322795341,0.13703432132885868,0.8901749908858914,saccade_p0.9_s_star_a1_sacmis,saccade,0.3728122620491272,0.3832797427652732,0.3637819958741025,-0.502877295301037,0.7405863109506754,0.7433307462024614,0.7369740345054109,0.49370833787574575,0.006578019684706282,0.0024958402662229595,14,13.598731532319922,0.8776206322795341,0.7060012972729067,0.715364223469359,0.1716193350066274,-0.07064356016808149,0.34496742716940687,0.35170055557122315,0.35749316111565477,0.27462844411855947,eegnet,mismatch,0.9,s_star,sacc_R,sacc_R_mis,91.09748077392578,1,0.006578019684706282,0.0024958402662229595,eegnet__saccade_p0.9_s_star_a1_sacmis__seed1,,,,,0.946280525633072,,,,,,1.02777355105065,0.27687060832977295,2.153291940689087,1.0830834511684022,0.2703591287136078,2.2765305042266846
0.02273701426879482,0.43908690993175803,0.7061530652529469,0.8757402289774969,0.9781738198635159,0.9781738198635159,0.9798516722125092,0.9697704585189779,alpha,0.5,0.9331805747483009,0.9388025607039115,0.9388025607039115,0.5030359006176147,0.9387250063453566,0.9388025607039115,0.07221438844863082,0.9570383703973752,saccade_p1_s_high_a0.5,saccade,0.43576666008629683,0.4443951657611709,0.427272412958545,0.04281739743319599,0.8665881722552807,0.8698248142809625,0.863136604086713,0.8680427732392563,0.005621985955610698,7.755435855494319e-05,24,nan,0.9388025607039115,0.9388025607039115,0.9320073888152514,0.0,0.0,0.43602752474689077,0.4359809921317578,0.4492300967314363,0.4251191516963253,eegnet,corner,1.0,s_high,sacc_R,,115.40530443191528,0,0.005621985955610698,7.755435855494319e-05,eegnet__saccade_p1_s_high_a0.5__seed0,,0.8707066719305172,,0.8757402289774969,0.9781738198635159,,0.8706925723309458,,0.8438130957080818,,1.443574942707868,0.3203850984573364,3.3665952682495117,1.5419212159667008,0.3177970349788666,3.6053082942962646
-0.01598894591393607,0.3551125148045795,0.6322711634989566,0.8287631831255993,0.9546838869776098,0.9496475100107156,0.9546838869776098,0.9311488353730755,alpha,0.5,0.9124129276065315,0.9197763614315124,0.9197763614315124,0.530970980569108,0.9223187343128684,0.9197763614315124,0.12195070362954398,0.9306985964272694,saccade_p1_s_high_a0.5,saccade,0.38880538086240446,0.3699301474664597,0.4057670366144591,0.7507277685610273,0.7978256578019685,0.8064031489078611,0.7892622941373072,0.9648110380432986,0.007363433824980947,-0.0025423728813559476,19,nan,0.9197763614315124,0.9197763614315124,0.9196367635861136,0.0,0.0,0.41561098733748836,0.42235962661101556,0.42214247440706165,0.3953340477734849,eegnet,corner,1.0,s_high,sacc_R,,108.56355142593384,1,0.007363433824980947,-0.0025423728813559476,eegnet__saccade_p1_s_high_a0.5__seed1,,0.785102363092888,,0.8287631831255993,0.9546838869776098,,0.8287575432857706,,0.7598556201003892,,1.3708653697879125,0.3041115701198578,3.4306957721710205,1.43910528049976,0.2959265112876892,3.5795209407806396
0.015969206474536257,0.40384355084315615,0.6305904912300491,0.8421662624781456,0.9563279002876319,0.9496221307314872,0.9512915233207377,0.93785460492922,alpha,1.5,0.9949617868524211,0.9949617868524211,0.9949617868524211,0.5063016441524013,0.9949617868524211,0.9949617868524211,0.013435235060210384,0.9928568173532628,saccade_p1_s_high_a1.5,saccade,0.4886601427000198,0.4896662601175297,0.4888381795341654,-2.889777116871087,0.9815265517922107,0.988396718039694,0.9745934607982114,0.9351338367468571,0.0,0.0,15,nan,0.9949617868524211,0.9949617868524211,0.9949772977241321,0.0,0.0,0.49155644547223554,0.4932513607264728,0.49406779661016953,0.4890140725908796,eegnet,corner,1.0,s_high,sacc_R,,105.69559121131897,0,0.0,0.0,eegnet__saccade_p1_s_high_a1.5__seed0,0.9899244261462976,,0.984885229259489,,0.9563279002876319,0.986568721448311,,0.986571541368225,,0.9815267046415883,1.0828080505119817,0.42182549834251404,5.471451282501221,1.1166712596862107,0.4187944829463959,5.639060020446777
-0.024406406858045182,0.3937651570695393,0.6222068693249112,0.85392532852067,0.9513310021995376,0.9362246912187695,0.9462946252326434,0.9613755569341831,alpha,1.5,0.9924814574579092,0.9924814574579092,0.9924814574579092,0.5029738571307707,0.9916495107025015,0.9924814574579092,0.015207704673002623,0.9904871491068173,saccade_p1_s_high_a1.5,saccade,0.48950760032713847,0.4960971282847322,0.48346183544814403,-6.090023951245754,0.9772737527849066,0.9832243042465905,0.9702716407933709,0.8345592055920178,0.0,0.0008319467554076532,17,nan,0.9924814574579092,0.9924814574579092,0.9916495107025015,0.0,0.0,0.4890295834625906,0.488213147578894,0.48819763670718297,0.4831128909444711,eegnet,corner,1.0,s_high,sacc_R,,110.2732880115509,1,0.0,0.0008319467554076532,eegnet__saccade_p1_s_high_a1.5__seed1,0.9748209350854435,,0.9697817381986353,,0.9513310021995376,0.9748209350854435,,0.973140262816536,,0.9764903276746941,1.0320097017176812,0.41384804248809814,6.624323844909668,1.0516917165674378,0.4088827669620514,6.769476413726807
0.014220856127685977,0.4240172579098753,0.7296740172579099,0.8572725734589137,0.9731374428966217,0.9764931475946084,0.9764959675145226,0.9748124753257008,alpha,0.5,0.9464607010914012,0.9439648608251783,0.9439648608251783,0.5005710820948137,0.944812318452297,0.9439648608251783,0.062215516512027974,0.9499293656580386,saccade_p1_s_low_a0.5,saccade,0.44339377873036456,0.4280629781572236,0.4565801150180364,0.39750355457481507,0.8817493443131503,0.8829193923938352,0.8803201604259586,0.8860422420187657,-0.0024958402662229595,-0.0008474576271186862,23,nan,0.9439648608251783,0.9439648608251783,0.9338419019148876,0.0,0.0,0.44283820750726177,0.4503412391776417,0.45445444033954696,0.43354719535237873,eegnet,corner,1.0,s_low,sacc_R,,113.14281010627747,0,-0.0024958402662229595,-0.0008474576271186862,eegnet__saccade_p1_s_low_a0.5__seed0,,0.8555890812700919,,0.8572725734589137,0.9731374428966217,,0.8690231797416952,,0.8471913597653828,,1.539292114918056,0.3415687382221222,3.371380567550659,1.6141815029591258,0.33110445737838745,3.538538932800293
-0.0058795330212622066,0.4407873216400655,0.7112232812588122,0.8824826574925271,0.9815295245615023,0.9815295245615023,0.9798516722125092,0.9748096554057866,alpha,0.5,0.9373868411404721,0.9372472432950731,0.9372472432950731,0.5106630192616826,0.9380791900504808,0.9372472432950731,0.07654474181448997,0.9378417790740066,saccade_p1_s_low_a0.5,saccade,0.4265842240333906,0.4349817052888346,0.420340213670781,0.43558534456059345,0.8607025014805831,0.8617862290719591,0.8601055676566516,0.9100955631871436,-0.00013959784539896436,-0.0008319467554076532,29,nan,0.9372472432950731,0.9372472432950731,0.9297752333681153,0.0,0.0,0.4369525367325643,0.4410347161510476,0.4458712879663837,0.43183676922643044,eegnet,corner,1.0,s_low,sacc_R,,118.99046206474304,1,-0.00013959784539896436,-0.0008319467554076532,eegnet__saccade_p1_s_low_a0.5__seed1,,0.8555975410298347,,0.8824826574925271,0.9798488522925948,,0.8774519203654616,,0.822001015171169,,1.5173982980414884,0.31019482016563416,4.082226753234863,1.5748642928823613,0.30033373832702637,4.234422206878662
0.000851615814110751,0.38535333596525856,0.6658394901584797,0.8505752636625119,0.9496305904912301,0.9496277705713156,0.9479499182223226,0.9328125881224973,alpha,1.5,0.9958092444795398,0.9958092444795398,0.9958092444795398,0.5063171550241123,0.9958092444795398,0.9958092444795398,0.013435235060210384,0.9928568173532628,saccade_p1_s_low_a1.5,saccade,0.48949208945542744,0.4877092804080274,0.491684818310687,-3.8275881276404538,0.9823740094193294,0.9900044350814946,0.9745934607982114,0.9269118489904321,0.0,0.0,15,nan,0.9958092444795398,0.9958092444795398,0.9949617868524211,0.0,0.0,0.4932513607264729,0.4940988183535915,0.4949152542372882,0.4890140725908796,eegnet,corner,1.0,s_low,sacc_R,,104.73360657691956,0,0.0,0.0,eegnet__saccade_p1_s_low_a1.5__seed0,0.9848795894196605,,0.9865659015283965,,0.9496305904912301,0.9832017370706674,,0.9848824093395749,,0.9832045569905814,1.1361661783360926,0.4225674569606781,5.478259086608887,1.171925784105383,0.4200748801231384,5.662519931793213
-0.041190570187806586,0.39881281371609045,0.6574671479329988,0.8338108397721504,0.9546867068975242,0.9597174440245897,0.9597174440245897,0.9647312616321697,alpha,1.5,0.9958247553512507,0.9958247553512507,0.9958247553512507,0.504653261513297,0.9958247553512507,0.9958247553512507,0.009306523026594094,0.9928568173532628,saccade_p1_s_low_a1.5,saccade,0.49117149383795367,0.5021787337842334,0.4789556177897636,-18.37397063581517,0.9865182323246566,0.9885131389289279,0.984424160702555,0.8676405008695658,0.0,0.0,27,nan,0.9958247553512507,0.9958247553512507,0.9958247553512507,0.0,0.0,0.4949152542372881,0.4940988183535915,0.49408330748188045,0.49237288135593216,eegnet,corner,1.0,s_low,sacc_R,,119.72768211364746,1,0.0,0.0,eegnet__saccade_p1_s_low_a1.5__seed1,0.9949636230331058,,0.9949636230331058,,0.9546867068975242,0.9949636230331058,,0.9949636230331058,,0.986560261688568,1.0677112904196675,0.418767511844635,8.845529556274414,1.0876099950948157,0.4151201844215393,9.026651382446289
-0.007574304889741201,0.46597202639445046,0.6675117026676443,0.8573064124978851,0.979860131972252,0.9731346229767075,0.9748181151655293,0.9630477694433477,alpha,1.0,0.994992808595843,0.9932978933416058,0.9932978933416058,0.5038213147578894,0.9932978933416058,0.9932978933416058,0.010939394793987423,0.9928568173532628,saccade_p1_s_star_a1,saccade,0.4894765785837164,0.49840337066193596,0.4824073113669629,-1.7779731801608534,0.9823584985476184,0.9917285730125291,0.9728013461028708,0.7280038204273453,-0.0016949152542372614,0.0,30,nan,0.9932978933416058,0.9932978933416058,0.9916184889590796,0.0,0.0,0.49070898784511685,0.49070898784511685,0.4947756563918892,0.49070898784511685,eegnet,p_series,1.0,s_star,sacc_R,,111.36358189582825,0,-0.0016949152542372614,0.0,eegnet__saccade_p1_s_star_a1__seed0,,,,,0.979860131972252,,,,,,1.2061573843619255,0.37867337465286255,7.411375522613525,1.2490497922727795,0.36603838205337524,7.643995761871338
0.01919801477638039,0.37531442107044155,0.6205233771360894,0.8572923128983136,0.9764959675145226,0.9764959675145226,0.9697760983588066,0.9680897862500704,alpha,1.0,0.9833455540201359,0.9866423192983446,0.9866423192983446,0.5046842832567191,0.9874742660537522,0.9866423192983446,0.019382949321751882,0.9904529711994168,saccade_p1_s_star_a1,saccade,0.48195803604162546,0.46517906641534545,0.49737809586373016,-3.9368269510390856,0.9672593699765927,0.9751857190375873,0.959570814461386,0.7859057593076634,0.0032967652782086576,-0.0008319467554076532,29,nan,0.9866423192983446,0.9866423192983446,0.988290701937449,0.0,0.0,0.4815265517922107,0.48322146704644797,0.4822809441890634,0.4781367212837362,eegnet,p_series,1.0,s_star,sacc_R,,109.82262659072876,1,0.0032967652782086576,-0.0008319467554076532,eegnet__saccade_p1_s_star_a1__seed1,,,,,0.9764959675145226,,,,,,1.1176848696989543,0.3779587745666504,7.39166259765625,1.1484409905211275,0.36845481395721436,7.59330940246582
-0.021059161919801506,0.4139050250972871,0.6977553437482376,0.8623258699452934,0.9697789182787209,0.9613783768540973,0.9680982460098133,0.963039309683605,alpha,1.0,0.9874432443103303,0.9874432443103303,0.9874432443103303,0.5063016441524013,0.9874432443103303,0.9874432443103303,0.020168363462026564,0.9904871491068173,saccade_p1_s_star_a1,saccade,0.48114160015792895,0.47011863842998114,0.4907628300429878,-6.182553193268007,0.9672748808483037,0.9798924492737553,0.9541944703753645,0.7756103085528366,0.0,0.0,21,nan,0.9874432443103303,0.9874432443103303,0.9874432443103303,0.0,0.0,0.48486984968555236,0.4831749344313151,0.4831284018161821,0.4823274768041964,eegnet,p_series,1.0,s_star,sacc_R,,101.8198184967041,2,0.0,0.0,eegnet__saccade_p1_s_star_a1__seed2,,,,,0.9697789182787209,,,,,,1.2544772729961742,0.43970075249671936,6.5331130027771,1.2920149562245284,0.4373001456260681,6.711275577545166
0.0377389882127348,-0.004243979470982984,0.13348090914218025,0.3165247306976482,0.5247758163668153,0.3652134679375105,0.4709745643223733,0.34001466358355437,alpha,1.0,,,0.6777870216306157,,,,,0.8111556689755742,saccade_pnone_s_star_a1,saccade,,,,,,,,,,,44,,,,,,,,,,,eegnet,p_series,,s_star,sacc_R,,93.36934471130371,0,,,eegnet__saccade_pnone_s_star_a1__seed0,,,,,0.5113360780553831,,,,,,,,,,,
0.005913372060233568,0.05454007106198189,0.12004399075066274,0.3215639275844566,0.5868958321583668,0.26606790367153565,0.4542298798714115,0.24428684225367991,alpha,1.0,,,0.6860909783129812,,,,,0.8181963179001093,saccade_pnone_s_star_a1,saccade,,,,,,,,,,,33,,,,,,,,,,,eegnet,p_series,,s_star,sacc_R,,78.98581886291504,1,,,eegnet__saccade_pnone_s_star_a1__seed1,,,,,0.5801703231628221,,,,,,,,,,,
-0.00919857876036323,0.007588404489312417,0.11840843720038352,0.21576899216062273,0.4592239580395916,0.14350572443742582,0.37026958434380464,0.2140854999718007,alpha,1.0,,,0.6484263515609577,,,,,0.7849867845424717,saccade_pnone_s_star_a1,saccade,,,,,,,,,,,44,,,,,,,,,,,eegnet,p_series,,s_star,sacc_R,,96.06652283668518,2,,,eegnet__saccade_pnone_s_star_a1__seed2,,,,,0.45753764593085555,,,,,,,,,,,
0.0057949354238340245,0.02416389374541761,0.03279002876318304,0.09480570751790651,0.4290310755174551,0.34830240821160685,0.3517511702667644,0.5281287011448874,alpha,1.0,0.525478721904171,0.5278659860684171,0.5295764121943654,0.5236442088045348,0.5232522067740207,0.5215925435009447,0.5145703488536055,0.5648127050674444,alpha_p0.5_s_star_a1,alpha,0.0059322033898305815,0.00034926266770152203,0.013097995828003084,-3.004066744020033,0.015006063340759823,0.012767490852644392,0.01916006868812592,0.05633469113699546,0.004097690290194356,0.00632420542034462,9,31.292203671897973,0.5295764121943654,0.5336741024845597,0.5442045742970755,-0.004097690290194356,0.0008164358836966201,0.007565075157223822,0.011724808934262088,0.00912039256606223,0.0067021066583942135,labram,p_series,0.5,s_star,sacc_R,,315.7409977912903,0,0.0023872641642460612,-0.0016596632730759842,labram__alpha_p0.5_s_star_a1__seed0,,,,,,,,,,,,,,,,
-0.005927471659804895,0.046195928035643874,0.05602898877671869,0.1853899949241442,0.4927415261406578,0.4255597541029834,0.4473436354407534,0.5566916699565732,alpha,1.0,0.53437773202854,0.5903846696184325,0.6113595984094307,0.6164753659155644,0.5695592092275585,0.6059857864011957,0.605520460249866,0.6530828472475392,alpha_p0.5_s_star_a1,alpha,-0.005115767506133739,0.0037975385297704944,-0.013783724602104419,-0.6706087177320061,0.005839138159564605,0.006547289056436312,0.004454355818322098,0.3035497730383222,0.07698186638089066,0.04180038918187212,18,60.0374402654274,0.6113595984094307,0.6139174821624975,0.5962661101553908,-0.0025578837530668697,-0.007409966440113935,0.005668518570743686,0.015589836148791614,0.016235652443667314,-0.003467384867029466,labram,p_series,0.5,s_star,sacc_R,,544.0492029190063,1,0.0560069375898925,0.036426577173637176,labram__alpha_p0.5_s_star_a1__seed1,,,,,,,,,,,,,,,,
-0.011017427105070254,-0.017630139304043668,0.04928938018160278,0.1686481303930969,0.5078393773616829,0.3735435113642773,0.4087812306130507,0.6372539619874797,alpha,1.0,0.5513353450463916,0.5594841930116472,0.5587608223582166,0.5594066386530923,0.5448701317014016,0.5561253842465946,0.5603161397670549,0.6417813525337221,alpha_p0.5_s_star_a1,alpha,-0.0006458162948757007,0.0035425213438295966,-0.0067996634742822915,-0.7733962895722853,-0.001555317408838297,0.0024004878589642953,-0.0067996634742822915,-1.4481710356665092,0.007425477311824968,0.013890690656814919,15,79.24332518555349,0.5587608223582166,0.5562339603485715,0.5746608759412279,0.0025268620096450256,-0.0008164358836966201,0.005007191404156952,0.005808116416142539,0.0032657435347867025,-0.0024958402662229595,labram,p_series,0.5,s_star,sacc_R,,457.3131229877472,2,0.008148847965255612,0.011255252545192995,labram__alpha_p0.5_s_star_a1__seed2,,,,,,,,,,,,,,,,
-0.0025774068016468643,0.06606508375162146,0.10472900569623822,0.2676978173819864,0.6758332863346679,0.6724888613163387,0.6741554339856748,0.8538971293215272,alpha,1.0,0.6871922502044614,0.6992526579993796,0.6943075100820666,0.5422361036690262,0.5894385064440621,0.6788882935220959,0.3819227840604642,0.7330933284724754,alpha_p0.75_s_star_a1,alpha,0.1520714064130404,0.16428650626455255,0.13939310122278692,-0.15720712851782523,0.3123847260216024,0.3122630003326311,0.31149373624220633,0.6802281647413253,0.007115259877605196,0.10486900363800444,13,6.855467372888914,0.6943075100820666,0.6206054880284272,0.6137525028906625,0.0737020220536394,-0.07516004399447251,-0.0025268620096450256,0.0032657435347867025,0.001524295665416342,-0.003374319636763601,labram,p_series,0.75,s_star,sacc_R,,447.57150292396545,0,0.012060407794918238,0.08944978707803375,labram__alpha_p0.75_s_star_a1__seed0,,,,,,,,,,,,,,,,
0.0007359990976256725,0.04087191923749356,0.0660791833511929,0.29617054875641546,0.6975776887936382,0.7059838700580903,0.6975776887936382,0.7916981557723761,alpha,1.0,0.6971953523788037,0.6870879043402239,0.6920330522575369,0.5222736117769818,0.551840153416622,0.6927155306128205,0.36772187596942946,0.7156512030623405,alpha_p0.75_s_star_a1,alpha,0.16975944048055502,0.1585319880252799,0.17963788910786105,0.3252545759120799,0.3243111762881074,0.33523672247477543,0.31296891747052513,0.552171016586565,-0.0051623001212668385,0.1401928988409149,12,2.2353169183359407,0.6920330522575369,0.5793169576130179,0.6084195831805748,0.11271609464451893,-0.07512902225105056,0.0008164358836966201,-0.0008784793705406413,0.0109238839222765,-0.003389830508474523,labram,p_series,0.75,s_star,sacc_R,,424.605135679245,1,-0.01010744803857977,0.14087537719619858,labram__alpha_p0.75_s_star_a1__seed1,,,,,,,,,,,,,,,,
-0.029516101742710465,0.004035305397326772,0.155126614404151,0.31466922339405556,0.7682195025661271,0.7631887654390614,0.7665388302972196,0.8505414246235408,alpha,1.0,0.8037635015087847,0.8209862094249697,0.8235596040497476,0.5439155080515525,0.6478820609718267,0.7789446966919541,0.27015708282805495,0.8095379146919431,alpha_p0.9_s_high_a1,alpha,0.27964409599819506,0.3165262224193369,0.2433645656859017,0.664829971193213,0.5534025212216926,0.5532985918616254,0.552328596618608,0.8505928512299556,0.019796102540962868,0.17567754307792094,13,6.522045953724368,0.8235596040497476,0.7265884542711301,0.732080712936067,0.09697114977861754,-0.03794946275980704,0.007409966440113935,0.0123706252291379,0.02069009278321443,0.004914126173890976,labram,factorial,0.9,s_high,sacc_R,,782.8838398456573,0,0.017222707916184965,0.13106263572012744,labram__alpha_p0.9_s_high_a1__seed0,,,,,,,,,,,2.857608257480042,0.40128591656684875,2.08528995513916,7.4069359578361,0.37443509697914124,5.663680553436279
-0.03445942135243352,0.04413174665839481,0.14156843945631947,0.3415064012182054,0.7463002650724719,0.741266708025492,0.7463002650724719,0.843765157069539,alpha,1.0,0.8366169378719084,0.8222722016977354,0.8256154995910769,0.5281437716799684,0.6003257283059308,0.8261583801009618,0.22820722524605883,0.825202788917244,alpha_p0.9_s_high_a1,alpha,0.29747172791110854,0.3119137376649296,0.28273922714333455,0.77901533191038,0.5974082743450181,0.6152067856746868,0.5779713953139946,0.8952323327275565,-0.011001438280831444,0.22528977128514616,12,1.0750100439620822,0.8256154995910769,0.7189345441213796,0.6957175893285203,0.10668095546969736,-0.055342790264812924,-3.1021743422066095e-05,-0.00505372401928994,0.0016483826391042733,-6.204348684402117e-05,labram,factorial,0.9,s_high,sacc_R,,739.6912860870361,1,-0.014344736174172978,0.22583265179503098,labram__alpha_p0.9_s_high_a1__seed1,,,,,,,,,,,1.8567682138996215,0.38094356656074524,1.6715054512023926,4.42882759749631,0.38129207491874695,3.8653228282928467
0.010755174553042757,0.027494219164175826,0.10640685804523153,0.24580959900738808,0.7228610907450228,0.722880830184423,0.721177598556201,0.867314308273645,alpha,1.0,0.832627823683691,0.8117360895682337,0.8200555571223103,0.5270227586790377,0.6286796017936208,0.8171000310217433,0.21625539355311768,0.7895552314983594,alpha_p0.9_s_low_a1,alpha,0.29303279844327257,0.2961858299146247,0.2898558240846386,0.25288867787927777,0.6038001635691925,0.609590863732121,0.5961576138943633,0.8993604883355921,-0.012572266561380774,0.19137595532868945,20,3.9332009062289677,0.8200555571223103,0.7879917651372007,0.8005174990834485,0.03206379198510956,-0.05537381200823488,-0.0017104261259482945,-0.003405341380185556,-0.0025733946247779027,-0.0008939902422515633,labram,factorial,0.9,s_low,sacc_R,,910.6387887001038,0,-0.020891734115457306,0.18842042922812252,labram__alpha_p0.9_s_low_a1__seed0,,,,,,,,,,,2.6007066812285586,0.3606973886489868,1.7130235433578491,6.102920166726785,0.37122511863708496,4.140609264373779
0.014378771642885368,0.0021064801759629326,0.08110371665444704,0.30955106874964766,0.7748688737239862,0.7597569229033896,0.7748688737239862,0.8505075855845694,alpha,1.0,0.8173580755238444,0.8081291068558053,0.8156321385261851,0.5056967201556728,0.6125158633915226,0.8145111255252545,0.19993654643390957,0.8087518228217281,alpha_p0.9_s_low_a1,alpha,0.3099354183705123,0.31410355915289934,0.30580045868916317,0.06391315634500137,0.6156955920922755,0.6320046568355693,0.6007156933928015,0.9315759810789389,-0.0017259369976593275,0.20311627513466246,12,0.6041901540076676,0.8156321385261851,0.6698031529371951,0.6559702755294847,0.14582898558899005,-0.0654502383033928,0.0024958402662229595,-0.0008939902422516743,0.005854649031275416,0.0008474576271185752,labram,factorial,0.9,s_low,sacc_R,,718.7214579582214,1,-0.009228968668039128,0.20199526213373187,labram__alpha_p0.9_s_low_a1__seed1,,,,,,,,,,,2.7472349086430516,0.4337623417377472,1.8763012886047363,5.746909326109019,0.4059273898601532,3.8732411861419678
0.017601940104901015,0.05595849077886195,0.09959111161243017,0.29950651401500195,0.7698606959562349,0.7698917150752917,0.7664993514184197,0.8270345722181491,alpha,0.5,0.701003976423475,0.6754815420626639,0.6901054739276347,0.5682168137849347,0.5383682562960038,0.6785724357708903,0.48082574240672327,0.7347794385709078,alpha_p0.9_s_star_a0.5,alpha,0.12188866014269994,0.11994677902206452,0.12566123846074062,0.8677183472188652,0.2092797315209114,0.20990686328861285,0.21139462250342866,0.9167670153736851,-0.010898502495840345,0.15173721763163084,19,10.510836696556527,0.6901054739276347,0.6875941227897008,0.6874079923291689,0.0025113511379338815,-0.008428043656053541,-0.00017061958882091943,0.011476634986886225,0.01133703714148726,0.007378944696691869,labram,factorial,0.9,s_star,sacc_R,,898.3747544288635,0,-0.02552243436081114,0.1402041794748865,labram__alpha_p0.9_s_star_a0.5__seed0,,0.28277874908352585,,,,,0.2995093339349162,,0.29968980880942997,,4.296558161188012,0.23195895552635193,3.9255552291870117,8.321464294590418,0.21977408230304718,7.634578704833984
-0.012669900174834936,0.05270994303761767,0.1063250803677176,0.2474451525576673,0.6506034628616546,0.6808583836219051,0.6606846765551859,0.7531780497433873,alpha,0.5,0.6950872839053555,0.6686863701740038,0.6874700358160128,0.5841789108547901,0.5368439606305875,0.6951183056487775,0.47759102061535863,0.7082004192489975,alpha_p0.9_s_star_a0.5,alpha,0.10329112496122272,0.09788224858631778,0.10824142262789704,0.32408076760147086,0.20987901520065422,0.1946224636877703,0.22507462342541684,0.7443047035509301,-0.00761724808934261,0.15062607518542537,30,30.616035805356972,0.6874700358160128,0.6857906314334865,0.6875475901745678,0.0016794043825263394,-0.0066865957866831804,0.004945147917312931,0.005746072929298629,0.00888772949039729,0.0032967652782086576,labram,factorial,0.9,s_star,sacc_R,,1165.3572478294373,1,-0.026400913731351672,0.15827434501819004,labram__alpha_p0.9_s_star_a0.5__seed1,,0.20044554734645548,,,,,0.2189075630252102,,0.31817438384749863,,3.314000569333585,0.2273024469614029,7.820333480834961,6.711877324370278,0.24152690172195435,15.005324363708496
-0.037885624048277,0.030900682420619274,0.07272009474930918,0.22732784388923344,0.694193784896509,0.6622892109864078,0.6757176696181828,0.858888387569793,alpha,1.5,0.8915775966609323,0.8732902789136749,0.8840745649905525,0.5020178234016752,0.702268817507544,0.8858160128599227,0.12074649595307255,0.8901408129784907,alpha_p0.9_s_star_a1.5,alpha,0.38205674158887726,0.3893613482647744,0.3748516175131672,-2.2716329905245827,0.76332806903748,0.7499944561481318,0.7769018889234635,0.6572211203127419,-0.0075030316703798006,0.18180574748300848,15,0.5314829647695571,0.8840745649905525,0.7049155362531374,0.7075975069798923,0.17915902873741507,-0.09235173016723541,-0.0008474576271185752,1.5510871711033047e-05,1.5510871711033047e-05,-0.0008474576271185752,labram,factorial,0.9,s_star,sacc_R,,793.2415771484375,0,-0.018287317747257337,0.18354719535237873,labram__alpha_p0.9_s_star_a1.5__seed0,0.9495995713721732,,0.9495995713721732,,,,,0.9495995713721732,,0.9680785065704134,0.8762646984279158,0.6252724528312683,1.0674176216125488,2.8954102000205393,0.49009740352630615,3.647343158721924
-0.01603124471265005,0.020734871129659993,0.06783317353787144,0.22903107551745538,0.6220404940499691,0.6220376741300546,0.6220404940499691,0.7882832327561897,alpha,1.5,0.8881257226656138,0.878142361600722,0.8856143715276799,0.5077173637158408,0.7311289094447108,0.8908232042640796,0.12732451563777886,0.8878395005468465,alpha_p0.9_s_star_a1.5,alpha,0.3778970078118391,0.3782237498614038,0.37954223282508737,-0.39280265601909325,0.7582898558899009,0.7288612928262558,0.7896310894443868,0.8585568449908519,-0.0025113511379339926,0.1544854620829691,12,0.32105567397035245,0.8856143715276799,0.6398319185538227,0.6536083927916749,0.24578245297385715,-0.08648157026424885,0.0016794043825263394,0.0008474576271186862,0.0016483826391042733,-1.5510871711033047e-05,labram,factorial,0.9,s_star,sacc_R,,710.0724482536316,1,-0.009983361064891838,0.1596942948193688,labram__alpha_p0.9_s_star_a1.5__seed1,0.9428740623766285,,0.9428740623766285,,,,,0.9428740623766285,,0.9546303084992387,0.9924192015712029,0.4487510919570923,0.9024317860603333,3.3747259429216907,0.43381160497665405,2.927175998687744
0.022576278833681185,0.05250690880378994,0.10293835655067385,0.2826603124471265,0.7059725903784333,0.7143731318030568,0.7059725903784333,0.8202131859455193,alpha,1.0,0.7965692771933783,0.7906370738035478,0.7906370738035478,0.5110705321639076,0.5636834090075862,0.8045841676302208,0.2413322428720494,0.8059720196864747,alpha_p0.9_s_star_a1,alpha,0.2795665416396401,0.2848153897327863,0.2746487800942733,0.6567456184648688,0.5493048309314983,0.5497338951103227,0.5480586384538257,0.9251383130520388,-0.0059322033898305815,0.22695366479596157,11,3.455460961270796,0.7906370738035478,0.7050184720381285,0.708336388505034,0.08561860176541924,-0.059595589272117167,-0.0016794043825263394,-0.0033588087650525678,0.003420852251896589,-0.003389830508474523,labram,p_series,0.9,s_star,sacc_R,,732.0152430534363,0,-0.0059322033898305815,0.2409007586226346,labram__alpha_p0.9_s_star_a1__seed0,,,,,,,,,,,2.0827477211080816,0.43123897910118103,1.7290832996368408,5.449554824703339,0.43639349937438965,3.8327345848083496
0.02765495459928946,0.04085217979809386,0.03579042355197104,0.32638881055778013,0.8034431222153291,0.8017709097061643,0.8017652698663358,0.892530032147087,alpha,1.0,0.8341267379226712,0.8154051157675062,0.8313982345807835,0.5088750387771792,0.5819820073888152,0.8192757832990214,0.1921599593897177,0.8160658950054684,alpha_p0.9_s_star_a1,alpha,0.32252319580360433,0.3124958421110987,0.33299911258629233,0.30302467446829506,0.6392382751910659,0.643702184277636,0.6325012389217347,0.9292127020875968,-0.002728503341887678,0.24941622719196832,15,3.4853706807514895,0.8313982345807835,0.7288770128881243,0.7209862094249697,0.1025212216926592,-0.06212245128176197,0.0016794043825264504,0.0016328717673934623,0.0016018500239713962,0.0008164358836968422,labram,p_series,0.9,s_star,sacc_R,,814.0368919372559,1,-0.01872162215516504,0.23729377591020617,labram__alpha_p0.9_s_star_a1__seed1,,,,,,,,,,,2.5127436726276393,0.4351458251476288,2.005553960800171,5.444099170304995,0.39112043380737305,4.42500114440918
0.04115955106874969,0.035810162991371186,0.07788618803225988,0.2811093564942755,0.6791974507923975,0.6791974507923975,0.6791974507923975,0.8202865038632905,alpha,1.0,0.8020784568092727,0.7911855946304183,0.7970092219182718,0.5164246030626921,0.6204687103415212,0.7749964748018838,0.2502467638681294,0.8212837222019687,alpha_p0.9_s_star_a1,alpha,0.2805846188555797,0.29905200133052445,0.261971441413408,0.648775918482562,0.5467624580501425,0.5431866060538862,0.5496663554956263,0.8726153099556386,-0.005069234891000862,0.17654051157675066,11,2.4856709502257064,0.7970092219182718,0.7001156264982091,0.6791562085789222,0.0968935954200627,-0.04619137595532874,0.0016018500239713962,0.004914126173890976,0.007425477311824968,-0.0017414478693702495,labram,p_series,0.9,s_star,sacc_R,,748.3024299144745,2,-0.010892862178854434,0.15452776446036265,labram__alpha_p0.9_s_star_a1__seed2,,,,,,,,,,,2.3671388060894585,0.4154394567012787,1.5180292129516602,6.473661653672966,0.4199591875076294,4.09498405456543
-0.029547120861767473,0.0021459590547627805,0.10459646946026746,0.3179882691331568,0.8001043370368282,0.8001043370368282,0.8001043370368282,0.8605606000789578,alpha,1.0,0.9326532051101273,0.9059068219633943,0.9176006091542345,0.5177627682675766,0.671036972277842,0.916324487436194,0.11125384246594658,0.8923054137805322,alpha_p1_s_star_a1,alpha,0.39983784088665786,0.43381749639649625,0.365574110569443,0.5674006625648621,0.8063467666882879,0.8086872158775917,0.8026772234323318,0.8919755286658521,-0.015052595955892811,0.2465636368763925,27,nan,0.9176006091542345,0.9176006091542345,0.9232225951098452,0.0,0.0,0.0024803293945120375,-0.0017414478693702495,0.005761583801009662,0.004159733777038266,labram,p_series,1.0,s_star,sacc_R,,1086.6888949871063,0,-0.026746383146732944,0.245287515158352,labram__alpha_p1_s_star_a1__seed0,,,,,,,,,,,2.196094926919871,0.4918489158153534,5.545149326324463,4.616626725950098,0.44903793931007385,11.038780212402344
0.06293215272686248,0.04096497659466469,0.12986013197225188,0.29451243584682185,0.7933449890023123,0.783272235068524,0.7933449890023123,0.8874908352602786,alpha,1.0,0.8937843706816323,0.8854183705124228,0.892073944555684,0.5192151498914239,0.7076017372176315,0.8449631969316675,0.13111762881073916,0.8978991979584396,alpha_p1_s_star_a1,alpha,0.3728587946642601,0.3839560926932033,0.36106789291106267,0.7539968453944332,0.7609563157449448,0.7661880474553721,0.7558171697265152,0.9142064544470232,-0.0017104261259482945,0.18447220733805247,13,nan,0.892073944555684,0.892073944555684,0.9112651230999183,0.0,0.0,0.005808116416142539,0.0032967652782085466,0.00744098818353589,0.004929637045601898,labram,p_series,1.0,s_star,sacc_R,,768.9571390151978,1,-0.00836600016920952,0.13736145971403602,labram__alpha_p1_s_star_a1__seed1,,,,,,,,,,,2.9671014935261804,0.41894444823265076,3.9630367755889893,7.017032205625468,0.3909207284450531,9.766758918762207
0.002222096892448233,0.042510292707687025,0.10631662060797464,0.38344989002312335,0.8202019062658621,0.8067508882747729,0.8202019062658621,0.8941853251367662,alpha,1.0,0.9336712823260667,0.9285089822047999,0.9385698976282467,0.511877097492879,0.7217758538029837,0.9215333201725937,0.08182548859245889,0.8972498177178272,alpha_p1_s_star_a1,alpha,0.4266928001353677,0.43092914957312345,0.41955076121656343,0.21898142846311813,0.8567444090357879,0.8639538751524559,0.8492203436711268,0.921236854406009,0.004898615302180054,0.21679404382526302,16,nan,0.9385698976282467,0.9385698976282467,0.9247158690318396,0.0,0.0,-4.653261513298812e-05,-0.0008784793705406413,0.004945147917312931,-0.0008629684988296082,labram,p_series,1.0,s_star,sacc_R,,816.3972249031067,2,-0.0051623001212667274,0.19975746636961,labram__alpha_p1_s_star_a1__seed2,,,,,,,,,,,2.487950887282923,0.4142111539840698,3.91934871673584,5.999968166267706,0.3694963753223419,9.198091506958008
0.009195758840448987,0.004181941232868969,0.020994303761773025,0.07306694489876486,0.48780666629067726,0.37868704528791364,0.47098020416220177,0.5365320624894254,alpha,1.0,,,0.5987154178064807,,,,,0.6821682464454977,alpha_pnone_s_star_a1,alpha,,,,,,,,,,,28,,,,,,,,,,,labram,p_series,,s_star,sacc_R,,716.1769516468048,0,,,labram__alpha_pnone_s_star_a1__seed0,,,,,,,,,,,,,,,,
0.029228469911454447,0.019271332694151377,0.06124866053804068,0.17037674130054703,0.5734137950482205,0.47435000845975983,0.4894422198409565,0.5869324911172522,alpha,1.0,,,0.6164654953608393,,,,,0.685050583302953,alpha_pnone_s_star_a1,alpha,,,,,,,,,,,17,,,,,,,,,,,labram,p_series,,s_star,sacc_R,,451.41850423812866,1,,,labram__alpha_pnone_s_star_a1__seed1,,,,,,,,,,,,,,,,
0.03452145959054764,-0.0141249788506006,0.007551745530427034,0.03281822796232592,0.393846934747053,0.22600530144943876,0.3250070497997859,0.46266708025492065,alpha,1.0,,,0.6390986773456668,,,,,0.6986875683558148,alpha_pnone_s_star_a1,alpha,,,,,,,,,,,31,,,,,,,,,,,labram,p_series,,s_star,sacc_R,,778.8592584133148,2,,,labram__alpha_pnone_s_star_a1__seed2,,,,,,,,,,,,,,,,
0.056353279566860426,0.014260335006485825,0.00919857876036323,0.09476622863910666,0.3013225424397947,0.32652416671366513,0.30474028537589537,0.41391912469685854,alpha,1.0,0.5587974844186243,0.579311317296032,0.5837037141487351,0.5887264164246031,0.5832947911672636,0.5807580586028935,0.586184043543247,0.6983799671892088,alpha_p0.5_s_star_a1,alpha,-0.005022702275867985,-0.006314447277968704,-0.0026622411229817455,0.637417404449905,-0.0024803293945119265,-0.004939572014635685,0.0005531929606195085,-0.023704119215692206,0.024906229730110807,0.00040892298147154893,15,35.25339346047912,0.5837037141487351,0.5870470120420768,0.5738035477593841,-0.0033432978933416457,-0.005007191404156952,0.008009250119856759,0.0043712456640062625,0.011253842465946517,0.009781719732648853,shallow,p_series,0.5,s_star,sacc_R,,395.34727215766907,0,0.02051383287740771,-0.0025367325643700367,shallow__alpha_p0.5_s_star_a1__seed0,,,,,0.2962833455529863,,,,,,,,,,,
-0.0008149568552253683,0.04282048389825732,0.04954881281371604,0.17702611245840627,0.41206643731318016,0.4170943545203316,0.41706615532118896,0.46094692910721324,alpha,1.0,0.5778758566231422,0.5723511661355368,0.5707182943681435,0.5699328802278688,0.5608688908316647,0.581440536958177,0.5741391466200401,0.6768478855267954,alpha_p0.5_s_star_a1,alpha,0.000785414140274665,0.0017241379310345417,-0.0005531929606196195,0.05290657765339297,-0.003420852251896589,-0.008038585209003135,0.0014233193882606798,-0.0740026258525501,-0.0071575622549987505,0.009849403536478785,11,70.60967001305275,0.5707182943681435,0.5758030401308554,0.5591330832792802,-0.005084745762711895,-0.0033432978933416457,-0.0013438055218703004,0.0013635466313206557,-6.345356609038788e-05,0.0005217293211878804,shallow,p_series,0.5,s_star,sacc_R,,384.05897092819214,1,-0.005524690487605399,0.0205716461265123,shallow__alpha_p0.5_s_star_a1__seed1,,,,,0.4221138119677401,,,,,,,,,,,
0.015909988156336263,-0.02767187411877503,0.020966104562630594,0.12667362246912184,0.37516778523489935,0.34670069370029877,0.3382352941176472,0.3316084823191021,alpha,1.0,0.6093812572266561,0.5982909839532982,0.601128063397163,0.6037324797653628,0.5782509377026989,0.6007092698609662,0.5969217970049917,0.6817581115566897,alpha_p0.5_s_star_a1,alpha,-0.0026044163681998578,-0.0011420334848653013,-0.0035842293906809264,-0.00048344373123577924,0.004206266392171254,0.006430868167202619,0.0014233193882609019,0.06474357523225129,-0.008253193829493188,0.022877125694464095,18,28.510774780352378,0.601128063397163,0.6044403395470825,0.5729250683888434,-0.0033122761499195796,-0.0067176175301051355,-0.018355001551087158,-0.022520375645111113,0.002525451930398548,-0.013037592712710433,shallow,p_series,0.5,s_star,sacc_R,,434.1667990684509,2,-0.011090273273357987,0.022458332158267313,shallow__alpha_p0.5_s_star_a1__seed2,,,,,0.3718120805369127,,,,,,,,,,,
0.007512266651627186,0.021025322880830144,0.07281033218656585,0.24580677908747406,0.5463792228300717,0.5363628672945688,0.5346229767074615,0.5432237324459985,alpha,1.0,0.6232648974872388,0.6336303900279195,0.6336303900279195,0.5563002340731549,0.5506049239967286,0.6310725062748527,0.4504822471022871,0.7001686110098432,alpha_p0.75_s_star_a1,alpha,0.07733015595476467,0.07444284288723801,0.07998824464958676,0.019816688163598904,0.18314814292563242,0.1772646634881916,0.18822966727748386,0.8274020083467089,0.010365492540680754,0.08302546603119099,11,17.151176005668297,0.6336303900279195,0.6017527285033418,0.5747849629149158,0.031877661524577716,-0.010908373050565467,0.002247666318847097,-0.0013748272652923665,-0.0016850446995121393,0.005668518570743575,shallow,p_series,0.75,s_star,sacc_R,,377.7833254337311,0,0.010365492540680754,0.08046758227812412,shallow__alpha_p0.75_s_star_a1__seed0,,,,,0.5430178782922566,,,,,,,,,,,
0.0025153685635328493,-0.042922001015171185,0.09139924426146306,0.21383170717951616,0.5295527607015962,0.568219502566127,0.5278777282725171,0.5314590265636456,alpha,1.0,0.6404156913618546,0.6393144194703743,0.6436137510928114,0.5671000310217433,0.5538086240446713,0.6410248455963226,0.47802955526100566,0.7076535727305869,alpha_p0.75_s_star_a1,alpha,0.07651372007106805,0.06938684998336841,0.0835724740402678,0.5914077180910948,0.16558419583180572,0.16107107218095135,0.17109797277829641,0.8482087928363917,0.0031980597309567704,0.08980512704814003,14,23.353745385484437,0.6436137510928114,0.6143405059364336,0.6220663301277531,0.029273245156377747,0.0008784793705406413,-0.0036845370709833736,-0.0005739022533066684,0.00888208917341149,-0.00018613046053195248,shallow,p_series,0.75,s_star,sacc_R,,362.51934003829956,1,-0.0011012718914803488,0.08721622155165121,shallow__alpha_p0.75_s_star_a1__seed1,,,,,0.5278720884326886,,,,,,,,,,,
-0.04445885736845079,-0.012720658733291978,0.05772940048502617,0.23052845299193492,0.4724155433985675,0.4791664316733404,0.4573007726580567,0.670850487846145,alpha,0.5,0.7067613299867452,0.7250740291604387,0.7370780337854987,0.6952015003243182,0.6555402013593163,0.7352745424292846,0.6574071462816211,0.8108822457163689,alpha_p0.9_s_high_a0.5,alpha,0.04187653346118059,0.03378423328528646,0.05044428309649762,0.020467686601544,0.07967088750387763,0.07698192704290929,0.0826504857725685,0.4480024482760649,0.030316703798753508,0.0815378324261824,17,68.41162547736519,0.7370780337854987,0.7303914379988155,0.6794974477565638,0.0066865957866832915,0.0025423728813559476,0.008872218618686367,0.019501395978454017,0.036801658253193814,0.007270368594715082,shallow,factorial,0.9,s_high,sacc_R,,483.07861161231995,0,0.018312699173693492,0.07973434106996824,shallow__alpha_p0.9_s_high_a0.5__seed0,,0.2121030962720658,,0.22045569905814677,0.47745192036546147,,0.2338926174496645,,0.22075743048897412,,1.7762925493790558,0.19655942916870117,2.3181352615356445,8.673884927011319,0.1792200803756714,11.36865234375
-0.0007782978963397635,0.02261293779256679,0.08800970052450507,0.27937510574699687,0.5480768146184647,0.5010743894873384,0.5043990750662681,0.640598387005809,alpha,0.5,0.6919301164725458,0.6837854987450295,0.687314927098903,0.6369483064948249,0.6346583377985843,0.687221861868637,0.6016963253334837,0.7964933467006927,alpha_p0.9_s_high_a0.5,alpha,0.05036662060407804,0.05687437631666492,0.044382210236374675,0.7406586088359719,0.08561860176541924,0.086861071072181,0.08499579342852859,0.9230050257101714,-0.004615189373642803,0.05265658930031869,13,43.986525604778805,0.687314927098903,0.6915522152344962,0.7002806057700444,-0.004237288135593209,-0.0016949152542373724,0.0029245043571448637,0.0010124368989536947,0.013904791449279474,0.0005837728080317905,shallow,factorial,0.9,s_high,sacc_R,,517.7369141578674,1,-0.00814461772751629,0.052563524070052714,shallow__alpha_p0.9_s_high_a0.5__seed1,,0.23401387400597828,,0.28608933506288414,0.5329564040381254,,0.2743020698212171,,0.1939230725847385,,1.109773545712784,0.1527293622493744,1.2671066522598267,5.872390177119254,0.14080655574798584,7.45024299621582
0.012574022897749781,0.03758107269753541,0.01092436974789912,0.1902938356550674,0.4842112683999775,0.4910100953132932,0.4556567593480345,0.5801646833229936,alpha,1.5,0.7917228348233171,0.8037677317465242,0.8037677317465242,0.5436616937871909,0.7581544882822415,0.8045996785019318,0.3037550410333061,0.8009250820269778,alpha_p0.9_s_high_a1.5,alpha,0.2601060379593333,0.2656392061204125,0.2554887114061474,0.8637198490802153,0.5000126907132181,0.49726133717707066,0.5025181804561537,0.91247641653944,0.012044896923207093,0.04561324346428264,11,65.0937914513985,0.8037677317465242,0.7156744409035787,0.7125581657689162,0.08809329084294548,-0.029536929975464643,-0.007751205617755774,-0.0028681011872867535,0.013507149101779525,-0.007704673002622675,shallow,factorial,0.9,s_high,sacc_R,,456.2059404850006,0,0.012044896923207093,0.04644519021969029,shallow__alpha_p0.9_s_high_a1.5__seed0,0.6958406181264452,,0.6857735040324855,,0.4942924820935084,0.6773757825277762,,0.6605634199988719,,0.8975494895944955,0.8304390746710547,0.1959688514471054,1.3938883543014526,3.9223971159105386,0.17364844679832458,6.785064697265625
0.047896339743951355,0.01239072810332198,0.0728187919463088,0.2020331622581919,0.5278664485928599,0.5228498110653659,0.5211437595172297,0.6003355704697988,alpha,1.5,0.8026565893003187,0.8023773936095209,0.8032248512366396,0.5335330945599143,0.7130065709692885,0.8023773936095209,0.26716912490481964,0.8128759569814072,alpha_p0.9_s_high_a1.5,alpha,0.2696917566767253,0.2841168643973834,0.2555405732462054,0.7965067966634881,0.53605572633182,0.5676516243485975,0.503728290057509,0.9701145780708235,0.0005682619363208685,0.09021828026735101,13,19.844305305283246,0.8032248512366396,0.7110437406582251,0.7027397839758593,0.0921811105784145,-0.04022815082207609,-0.0009405228573844404,-0.0018190022279251927,-0.001974110945035079,-7.755435855494319e-05,shallow,factorial,0.9,s_high,sacc_R,,531.0695395469666,1,-0.0002791956907978177,0.08937082264023233,shallow__alpha_p0.9_s_high_a1.5__seed1,0.6941458462579662,,0.7092718966781342,,0.5245107438948733,0.6941430263380521,,0.6924623540691446,,0.8941994247363376,0.9912824470976088,0.21590551733970642,1.6110334396362305,4.651907216277411,0.19900347292423248,8.365768432617188
-0.01084823191021378,0.05458236986069598,0.1063250803677176,0.23228526309852793,0.6152642264959676,0.5715864869437708,0.6068439456319441,0.7581918673509671,alpha,1.0,0.7881778955977325,0.8073845850136778,0.806583660001692,0.6286133280690375,0.6229744211624694,0.8082475535125073,0.46056431371443074,0.8080340867663143,alpha_p0.9_s_high_a1,alpha,0.17797033193265455,0.18945004989466685,0.165300971545137,0.9098436505172486,0.3460193462872613,0.3517795764497173,0.33850799248579555,0.9639522851124323,0.018405764403959468,0.18360923883922264,19,36.00685437038626,0.806583660001692,0.7457429707549564,0.7618756874136327,0.06084068924673558,-0.007596096900645888,-0.003777602301249461,0.005249725034546904,0.025076849318931727,-0.00197411094503519,shallow,factorial,0.9,s_high,sacc_R,,458.7040412425995,0,0.019206689415945277,0.18527313235003795,shallow__alpha_p0.9_s_high_a1__seed0,,,,,0.606874964751001,,,,,,1.7031292463623466,0.23469339311122894,2.7713310718536377,7.284617030151947,0.20843227207660675,11.854639053344727
-0.01773729626078624,0.08114883537307538,0.07285545090519419,0.2440048502622525,0.5279313067508884,0.5800067678077943,0.5514127798770514,0.7447380294399639,alpha,1.0,0.7759059759158464,0.796776558842607,0.8010448687216221,0.6063580473222595,0.6964607010914013,0.8010448687216221,0.425783299021405,0.7985895916879329,alpha_p0.9_s_high_a1,alpha,0.19468682139936255,0.19704512695420773,0.19305281840288568,0.8259631057264888,0.37526156970021707,0.36902095576006205,0.38017609975913047,0.8901848382058763,0.025138892805775637,0.10458416763022071,16,25.065223363896354,0.8010448687216221,0.7421162469330775,0.7364110663019261,0.05892862178854452,-0.017796610169491522,0.005606475083899554,0.004526354381116038,0.023490510166671363,0.0006458162948757007,shallow,factorial,0.9,s_high,sacc_R,,483.70940136909485,1,0.020870582926760584,0.10458416763022071,shallow__alpha_p0.9_s_high_a1__seed1,,,,,0.5279143872314025,,,,,,1.8017839666559714,0.2428598701953888,2.455014705657959,8.099503529488844,0.22526951134204865,11.27341079711914
-0.007630703288026508,0.06620889966724941,0.14685578929558396,0.2559020923805764,0.6152726862557103,0.5934747053183691,0.6186396706333541,0.645674242851503,alpha,0.5,0.6180053018979667,0.6305874390140727,0.6265207704673003,0.5383597958205251,0.5740037790123804,0.6264742378521673,0.45431202233565526,0.6482409770324462,alpha_p0.9_s_low_a0.5,alpha,0.08816097464677519,0.08008094023727685,0.09698740333529254,0.9066181988964567,0.172208748131645,0.15326532875041576,0.19292028258940408,0.8701499880020538,0.008515468569333606,0.05251699145491984,18,29.62574298347097,0.6265207704673003,0.612976959305113,0.595800784004061,0.01354381116218728,-0.014298203559040101,0.001968470628049279,0.006758509828252324,0.012995290335316878,-0.001204207676471447,shallow,factorial,0.9,s_low,sacc_R,,491.419597864151,0,0.012582137116106007,0.05247045883978685,shallow__alpha_p0.9_s_low_a0.5__seed0,,0.2643251931645141,,0.25084879589419673,0.6152755061756245,,0.22231120636173918,,0.272883650104337,,1.4186781827925994,0.18200576305389404,0.6972677707672119,6.26920223933879,0.15959346294403076,3.073610782623291
0.032632113247983874,0.020918165924087795,0.09303479781174206,0.24250183294794425,0.6152980655349389,0.6035023405335287,0.6102447690485591,0.6708166488071738,alpha,0.5,0.6327265292309427,0.6133379395922051,0.6167432809723907,0.5310161031049945,0.5514523816238472,0.613384472207338,0.4469217970049917,0.6549740247903755,alpha_p0.9_s_low_a0.5,alpha,0.08572717786739625,0.07777469786007318,0.09358757159815145,0.6582647078659758,0.16982148396739905,0.17829027608382303,0.15960769399209396,0.9170869957386812,-0.01598324825855202,0.06529089934854349,14,33.864180656480606,0.6167432809723907,0.6117671113116557,0.603272793931019,0.004976169660734997,-0.005823627287853572,-0.005255365351532704,-0.014024648185227973,-0.004522124143376827,-0.005978736004963459,shallow,factorial,0.9,s_low,sacc_R,,497.1934440135956,1,-0.019388589638737685,0.061932090583490806,shallow__alpha_p0.9_s_low_a0.5__seed1,,0.2826828718064407,,0.24580959900738808,0.6102616885680447,,0.2525238283232756,,0.2527381422367605,,1.1962806850175642,0.18814139068126678,0.6732235550880432,5.460316788964689,0.16272856295108795,2.506483316421509
0.05120692572330965,-0.02606169984772433,0.09129772714454898,0.19031921493429582,0.5614629744515256,0.5766256838305792,0.5664965314985055,0.7430629970108851,alpha,1.5,0.8136270058377281,0.8033489382103274,0.8033489382103274,0.5035675004935277,0.737737950872839,0.8050438534645648,0.2029230942778984,0.7867754283631061,alpha_p0.9_s_low_a1.5,alpha,0.29978143771679966,0.31571127619470013,0.28268736530327654,0.7610861084585642,0.600425843932429,0.5948885685774477,0.6049337897175259,0.9223632213150325,-0.010278067627400689,0.06561098733748838,18,6.386196584468155,0.8033489382103274,0.7230787670267069,0.7265616627654474,0.08027017118362045,-0.048609661862996756,-0.005100256634422928,-0.014499844891282976,-0.02562537014580224,-0.004252799007304242,shallow,factorial,0.9,s_low,sacc_R,,488.1800105571747,0,-0.010278067627400689,0.06730590259172575,shallow__alpha_p0.9_s_low_a1.5__seed0,0.763047769443348,,0.7411990299475495,,0.5698606959562347,0.764734081552084,,0.734484800631662,,0.9412187693869494,1.2251521622300483,0.25373244285583496,1.5419998168945312,5.2982596108060696,0.22750432789325714,6.8755059242248535
-0.06470024251311268,-0.039464779200270694,0.0829789633974396,0.22232248604139637,0.521208617675258,0.48934916248378535,0.4843268851164626,0.6473323557610964,alpha,1.5,0.7919710087706929,0.7904565836600017,0.7896246369045941,0.5042344679771003,0.768572153755041,0.7888702445077413,0.22469894808088214,0.8014719285453883,alpha_p0.9_s_low_a1.5,alpha,0.2853901689274938,0.27274642421554485,0.2971568186794823,0.8445354433526442,0.564925688823712,0.5626178068522009,0.5664292546877341,0.9320327292876429,-0.002346371866098873,0.021052483149553103,19,18.837011159621262,0.7896246369045941,0.6715967737386841,0.7038043938069319,0.11802786316590996,-0.02962999520573062,-0.0051933218646887935,-0.011327166586762139,-0.005798245861417417,-7.755435855494319e-05,shallow,factorial,0.9,s_low,sacc_R,,546.3163552284241,1,-0.0015144251106912199,0.020298090752700393,shallow__alpha_p0.9_s_low_a1.5__seed1,0.7395352771981276,,0.7277705713157747,,0.5178444532175286,0.7395380971180416,,0.7479358186227512,,0.9244261462974452,1.2347677882631336,0.2310308814048767,1.446776270866394,6.118292061300067,0.21947352588176727,7.810737133026123
0.02277085330776596,0.0679713496136709,0.12156392758445667,0.2928007444588574,0.6018442276239355,0.621989735491512,0.5984969826856918,0.8186142913541254,alpha,1.0,0.7711568290137906,0.7853718378972898,0.787159818381793,0.5201810541752446,0.6880947009221918,0.7813672128373614,0.24814856594940637,0.7439505103900839,alpha_p0.9_s_low_a1,alpha,0.2669787642065484,0.26494068078500943,0.2698256289688713,0.6610311720291124,0.5390112524323867,0.5426266770151902,0.535513835586442,0.9242321605892131,0.016002989368002485,0.09906511745960123,26,21.09599870794572,0.787159818381793,0.7002650948983333,0.693836543613751,0.08689472348345972,-0.026885980992131797,-0.0010490989593615607,0.00871710990157648,0.009269860966186316,-0.0018034913562142707,shallow,factorial,0.9,s_low,sacc_R,,495.2960407733917,0,0.014215008883499247,0.09327251191516961,shallow__alpha_p0.9_s_low_a1__seed0,,,,,0.6018442276239355,,,,,,2.214837165750717,0.2424280047416687,2.1310553550720215,10.060251111445224,0.234178364276886,10.567056655883789
0.010932829507642072,0.040959336754835984,0.10641249788506002,0.2727229146692234,0.6186171112740397,0.6085753764593087,0.605168913202865,0.7061051266144043,alpha,1.0,0.7549310471248485,0.7517527285033418,0.7534166220141572,0.524232211850306,0.6768916213091175,0.7509362926196452,0.2824290025099411,0.7292540102078017,alpha_p0.9_s_low_a1,alpha,0.22918441016385116,0.22425989577558492,0.23292881098088025,0.5648931941072617,0.4709876195042161,0.4645027164874154,0.4779010937085826,0.9556140847281788,-0.001514425110691331,0.07652500070503965,12,28.09572682358433,0.7534166220141572,0.676908542260075,0.6491229307087059,0.07650807975408214,-0.013636876392453257,0.00813333709354458,0.01173467948898721,0.03719930060069365,-0.005224343608110749,shallow,factorial,0.9,s_low,sacc_R,,442.83161640167236,1,-0.0031783186215066372,0.07404467131052772,shallow__alpha_p0.9_s_low_a1__seed1,,,,,0.6169336190852179,,,,,,1.3004558292198716,0.25681814551353455,1.329717993736267,6.385734914841073,0.23709288239479065,6.289234161376953
-0.05968078506570407,0.029361006147425428,0.09134848570300602,0.22732784388923344,0.5413231064237776,0.5716739044611132,0.5581552083920815,0.706113586374147,alpha,0.5,0.6417129642685919,0.6276728052116529,0.6276728052116529,0.5520065427677036,0.5761217180405539,0.6283651541216616,0.4755238444400575,0.7099890630696317,alpha_p0.9_s_star_a0.5,alpha,0.07566626244394936,0.06605499501053325,0.08518019108206842,0.7712918598697492,0.1521489607715954,0.135907528550837,0.169121460429416,0.8915682061078453,-0.014040159056939006,0.05155108717109902,11,26.115696673654366,0.6276728052116529,0.6343438901266252,0.6086832679996617,-0.006671084914972258,-0.004175244648749299,-0.017042217772638812,-0.01983276460137051,-0.009389717702134814,-0.015316280774979596,shallow,factorial,0.9,s_star,sacc_R,,448.05155086517334,0,-0.014040159056939006,0.05224343608110771,shallow__alpha_p0.9_s_star_a0.5__seed0,,0.2559838700580903,,0.22564435170041164,0.5446900908014212,,0.23073148722576287,,0.2073515312165135,,0.7564832596666221,0.17136012017726898,0.9258407354354858,4.197966639590304,0.1584760546684265,5.264307975769043
0.005854153742033796,0.04777790310755181,0.09974620720771532,0.26595228695505035,0.5733122779313067,0.5699199142744347,0.5783148158592297,0.6607438948733857,alpha,0.5,0.6681759214867875,0.6879198510956316,0.6981979187230323,0.6168631377083392,0.6240601821822387,0.696487492597084,0.5327378098649145,0.6937089865111192,alpha_p0.9_s_star_a0.5,alpha,0.08133478101469305,0.07227519680674133,0.0914266615957312,0.5958308361117421,0.1654601088581178,0.15361459141811729,0.17950535329437922,0.8054700756409334,0.03002199723624477,0.07413773654079359,14,34.83723277140387,0.6981979187230323,0.667937618094137,0.6461674046081389,0.030260300628895287,-0.0033122761499195796,0.01964099382385298,0.029314137454524936,0.04630418229504496,0.018147719901858483,shallow,factorial,0.9,s_star,sacc_R,,515.4495782852173,1,0.01974392960884408,0.07242731041484529,shallow__alpha_p0.9_s_star_a0.5__seed1,,0.2273193841294907,,0.24411200721899506,0.5632423439174328,,0.24243979470983024,,0.20398736675878393,,1.3565975612976389,0.17005524039268494,0.9870364665985107,6.4540792053504905,0.15055371820926666,4.083003520965576
-0.04784558118549431,0.022502960915909975,0.09469009080142121,0.22397213919124703,0.5413428458631775,0.5262788336811233,0.5279256669110599,0.61709999436016,alpha,1.5,0.801902196903466,0.8025635240700527,0.8017160664429341,0.507820299500832,0.7351335345046393,0.8017160664429341,0.21645139456837473,0.8057669522420707,alpha_p0.9_s_star_a1.5,alpha,0.2938957669421022,0.30434083601286177,0.2830561606103562,0.729672665044516,0.5852646718745594,0.5855915289943453,0.5850879922552985,0.9667714705123781,-0.00018613046053184146,0.06658253193829489,11,17.667456055126177,0.8017160664429341,0.6974590371978906,0.674810344341352,0.10425702924504354,-0.045359429199921086,-9.306523026586522e-05,-0.006965791477480998,-0.021605234214162827,-4.65326151328771e-05,shallow,factorial,0.9,s_star,sacc_R,,446.35660123825073,0,0.0006613271665867337,0.06658253193829489,shallow__alpha_p0.9_s_star_a1.5__seed0,0.7479188991032655,,0.7378602447690485,,0.5446985505611641,0.7344763408719193,,0.7227172748293949,,0.9395409170379563,0.7999884239056033,0.2281275987625122,1.2039564847946167,3.5515810965912933,0.20487505197525024,5.276484489440918
0.029442783824939367,0.00400146635835541,0.07785516891320299,0.23900231233432967,0.5598048615419322,0.5800011279679658,0.5463651232305002,0.6389289944165586,alpha,1.5,0.8017217067599199,0.7996235088411969,0.7996235088411969,0.5225683183394907,0.7506669674835725,0.8005019882117375,0.23124594602216647,0.8084100437477215,alpha_p0.9_s_star_a1.5,alpha,0.27705519050170624,0.25541079942343936,0.3011617052173011,0.7564933078594503,0.5683775628190304,0.5395276638208226,0.5985029215503233,0.989418574853453,-0.0020981979187230104,0.048956541357624395,17,55.84391687833572,0.7996235088411969,0.7105431625257339,0.7197044473899432,0.08908034631546302,-0.05132265433317351,-0.0018190022279251927,0.005606475083899776,0.003446233678332744,-7.755435855494319e-05,shallow,factorial,0.9,s_star,sacc_R,,508.92588448524475,1,-0.0020981979187230104,0.049835020728164925,shallow__alpha_p0.9_s_star_a1.5__seed1,0.7529778354294738,,0.7126332412159493,,0.554768484575038,0.7647425413118267,,0.7395183576786419,,0.9546556877784671,1.0393378105988165,0.2076679766178131,1.384535551071167,5.2263067546468145,0.20399796962738037,8.014276504516602
0.016000225593593154,0.03436918391517674,0.09801477638035072,0.24578421972815967,0.6085838362190514,0.595211775985562,0.6203457221814901,0.7346427161468614,alpha,1.0,0.7197820017484983,0.7156631602696071,0.7258791844101639,0.5443949349953467,0.5999435968301419,0.7267421529089935,0.36391325192475815,0.7769207983959169,alpha_p0.9_s_star_a1,alpha,0.1814842494148171,0.18541966958642864,0.17623805737071996,0.8278210263790303,0.3619659324854057,0.34856414236611594,0.3742984245525476,0.9487797670640999,0.00609718266166559,0.125935587580022,23,29.840091494943866,0.7258791844101639,0.6831862150652867,0.7105840548238811,0.04269296934487721,0.002666459855043879,-0.0028060577004428433,-0.0020516653035901333,0.0028469499985900315,0.001524295665416342,shallow,p_series,0.9,s_star,sacc_R,,488.0866115093231,0,-0.004118841478891189,0.1267985560788516,shallow__alpha_p0.9_s_star_a1__seed0,,,,,0.6069031639501439,,,,,,1.926030362914225,0.24251629412174225,2.5638811588287354,8.785673464510293,0.23174287378787994,12.51243782043457
-0.004114263154926356,-0.015977666234278987,0.08798714116519091,0.27771417291748923,0.6354266538830298,0.5866984377643676,0.6186171112740397,0.7615024533303254,alpha,1.0,0.7641755266645985,0.7623198623762655,0.7657096928847401,0.5432584111227051,0.6867974280154545,0.7666191939987028,0.3156138074959813,0.7531899380240612,alpha_p0.9_s_star_a1,alpha,0.222451281762035,0.22656613815278848,0.2184593576046745,0.7408322357713611,0.45009588538875883,0.4638041911520123,0.4354953958210882,0.9291241396555062,0.0015341662201415751,0.0789122648692856,16,36.81307782882332,0.7657096928847401,0.7033912405877211,0.7098451732987394,0.062318452297019045,-0.02939733213006568,0.010644688231478572,0.012861332806903714,0.008866578301700456,0.005730562057587596,shallow,p_series,0.9,s_star,sacc_R,,479.52701473236084,1,-0.0018556642883330587,0.0798217659832483,shallow__alpha_p0.9_s_star_a1__seed1,,,,,0.6320681292651289,,,,,,1.8247251126352169,0.24791696667671204,1.5097330808639526,8.319346979557391,0.22103413939476013,6.962957859039307
-0.01752298234730132,0.059536969150076224,0.06943206812926506,0.25917037956122035,0.5077491399244263,0.5984659635666347,0.5077265805651119,0.7682392420055271,alpha,1.0,0.765560224484616,0.7648312135141995,0.7648777461293325,0.550714910177952,0.6444090357878113,0.7656941820130292,0.3340252122169266,0.7602989427633977,alpha_p0.9_s_star_a1,alpha,0.21416283595138041,0.23001441401485756,0.19953554841014653,0.8412599387789048,0.43085253391240586,0.4317440957977603,0.42888013000034575,0.9105523997459171,-0.0006824783552835667,0.12046871034152118,16,13.79497492979482,0.7648777461293325,0.7122169265912743,0.6911390620152853,0.05266081953805812,-0.01597760794156633,0.0006458162948758117,-0.003038720776107673,0.020467300262274724,0.0032502326630755585,shallow,p_series,0.9,s_star,sacc_R,,475.08109045028687,2,-0.0007290109704165548,0.12128514622521791,shallow__alpha_p0.9_s_star_a1__seed2,,,,,0.5211860583159438,,,,,,1.6867504477283422,0.25730058550834656,2.2592806816101074,7.813765987471865,0.2410869002342224,10.755087852478027
-0.03274772996446895,0.10489538097118034,0.24931193954091713,0.5902092380576391,0.8942530032147087,0.8858524617900851,0.8774491004455474,0.9126699001748348,alpha_group,1.0,0.9510180772159396,0.9577201838743337,0.9577201838743337,0.9292478637299417,0.8932358498547619,0.9577201838743337,0.8949829380411178,0.9904871491068173,alpha_p0.9_s_star_a1_alpha_group_group,alpha,0.028472320144391938,0.030219536533983682,0.026645460936509546,0.603815505982775,0.06273724583321583,0.0558487637210332,0.0699212852516451,0.7860782919848021,0.0067021066583941025,0.06448433401957177,19,66.65223795258711,0.9577201838743337,0.9492456076031472,0.9466411912349474,0.008474576271186418,-0.0033122761499196907,0.0,0.0,0.0017104261259481834,0.0,shallow,group_template,0.9,s_star,sacc_R,,327.17594289779663,0,0.0067021066583941025,0.06448433401957177,shallow__alpha_p0.9_s_star_a1_alpha_group_group__seed0,,,,,0.8925723309458011,,,,,,0.8083085732601998,0.2073054015636444,0.8201647996902466,3.5593965605304163,0.1755273938179016,4.345123767852783
0.014285714285714235,0.14684168969601252,0.24591111612430216,0.5532457278213299,0.8875274942191642,0.8556285601488918,0.8824967570920985,0.9244205064576168,alpha_group,1.0,0.9306015398065371,0.9441608618404355,0.945008319467554,0.9273978397585945,0.847519670605488,0.945008319467554,0.9181378493471333,0.9975961538461539,alpha_p0.9_s_star_a1_alpha_group_group,alpha,0.01761047970895957,0.014818716043907387,0.019845797462227255,0.0070901285598582,0.026870470120420764,0.024814280962412782,0.028621973285389846,0.44802254496751664,0.014406779661016889,0.09748864886206599,20,85.7268231236742,0.945008319467554,0.9407865422036719,0.9526044163681999,0.004221777263882176,-0.0016328717673933513,0.0008474576271185752,0.0008629684988296082,0.0025578837530668697,0.0016949152542372614,shallow,group_template,0.9,s_star,sacc_R,,344.6457824707031,1,0.013559322033898313,0.09748864886206599,shallow__alpha_p0.9_s_star_a1_alpha_group_group__seed1,,,,,0.8808132649032767,,,,,,1.0509539093266702,0.21887503564357758,1.2582979202270508,6.230584218924635,0.21157994866371155,7.097619533538818
0.01591562799616497,0.015901528396593534,0.1349472674976031,0.2944306581693079,0.6673678867520163,0.6337375218543793,0.6807596864249055,0.7900879815013253,alpha_m2,1.0,0.7580515524972504,0.735521306297414,0.7372627541667842,0.5456400349699653,0.642729631405285,0.7372007106799402,0.35313883640260585,0.793645187750638,alpha_p0.9_s_star_a1_alpha_m2,alpha,0.19162271919681895,0.1887515245592638,0.1939748066705851,0.8466735480015235,0.38412391776417837,0.37750304911852756,0.3901105233435905,0.9647781520859269,-0.020788798330466207,0.09453312276149917,19,21.473335749778034,0.7372627541667842,0.6818424095434164,0.7256676725231959,0.05542034462336787,-0.008319467554076532,-0.01633435799091898,-0.028462449589666927,-0.015570095039341147,-0.007828759976310606,shallow,mismatch,0.9,s_star,sacc_R,,397.59217715263367,0,-0.022530246199836457,0.09447107927465515,shallow__alpha_p0.9_s_star_a1_alpha_m2__seed0,,,,,0.6807907055439626,,,,,,1.2685111348903026,0.19774697721004486,1.6339031457901,6.005443905328982,0.18385277688503265,8.270308494567871
0.020999943601601734,0.02745756020529022,0.09466189160227856,0.24409790761942363,0.6086035756584511,0.6203513620213186,0.6136399526253453,0.7547995036940951,alpha_m2,1.0,0.7954073718943004,0.7910403564680335,0.7988225838292112,0.5661397670549084,0.699835020728165,0.8005485208268706,0.3359372796751178,0.77448277433467,alpha_p0.9_s_star_a1_alpha_m2,alpha,0.2326828167743028,0.24264330857079508,0.22278117760951488,0.8541487372871107,0.46288530415409346,0.47321765162434865,0.4521776210397722,0.9490546966183898,0.003415211934910789,0.09898756310104628,23,51.10256909483064,0.7988225838292112,0.7409529315547534,0.7189035223779576,0.05786965227445784,-0.029366310386643724,-0.0011111424462054709,0.009331904453030337,0.0198680165825319,0.0006923489100086888,shallow,mismatch,0.9,s_star,sacc_R,,454.2060887813568,1,-0.00436701542626694,0.10071350009870561,shallow__alpha_p0.9_s_star_a1_alpha_m2__seed1,,,,,0.6086063955783656,,,,,,1.7645634042598188,0.1923634260892868,1.8760048151016235,9.194238261832941,0.19559170305728912,11.053491592407227
0.05291579719135964,0.017539901866787,0.14512435846821958,0.29456601432519314,0.6052760701596074,0.5918927302464612,0.6002396931927132,0.7900879815013253,alpha_p2,1.0,0.7745466595222652,0.7761583801009617,0.7770678812149243,0.5412123861361009,0.7397120618178741,0.777899827970332,0.3221354240108294,0.7725574188844331,alpha_p0.9_s_star_a1_alpha_p2,alpha,0.23585549507882342,0.2495398602949329,0.2209372010741163,0.5726281611028324,0.4549324572040949,0.4695587093912851,0.4393965586787908,0.8949052894011845,0.0025212216926591147,0.03735581939705024,17,31.568235416456314,0.7770678812149243,0.7064764939789616,0.6914647903212161,0.0705913872359627,-0.015145661186158677,-0.008505598014608484,0.0021235793451592766,0.01835923178882659,-0.0059632251332524255,shallow,mismatch,0.9,s_star,sacc_R,,385.0653793811798,0,0.0016117205786965183,0.03818776615245789,shallow__alpha_p0.9_s_star_a1_alpha_p2__seed0,,,,,0.5985618408437201,,,,,,1.1552350120465504,0.16886770725250244,1.2325286865234375,5.55524623063577,0.1599380373954773,5.914900302886963
0.02435564829958836,0.009170379561220354,0.12163442558231363,0.2676978173819864,0.6656618352038803,0.6320765890248716,0.6656872144831087,0.7565055552422311,alpha_p2,1.0,0.7305253955272286,0.74911729039172,0.7482543218928904,0.5426436165712514,0.7396655292027412,0.7466214501254971,0.31107194224315404,0.7725574188844331,alpha_p0.9_s_star_a1_alpha_p2,alpha,0.20561070532163905,0.20715711276194704,0.2052288259631896,0.7158426876599318,0.4371823796497364,0.4408526444173412,0.4349422028604686,0.9523656853811502,0.017728926365661812,0.008588792690149227,12,10.189175215775382,0.7482543218928904,0.6970924165938126,0.696487492597084,0.051161905299077826,-0.01865957866832113,0.008965283848952343,0.014556248061141086,0.014938379536930002,0.004883104430469021,shallow,mismatch,0.9,s_star,sacc_R,,398.424275636673,1,0.01859189486449142,0.006955920922755876,shallow__alpha_p0.9_s_star_a1_alpha_p2__seed1,,,,,0.6639868027748013,,,,,,0.7284279829979726,0.15498371422290802,0.9062491655349731,4.227082283104961,0.15875552594661713,5.857769966125488
0.022691895550166485,-0.012875754328577127,0.12483785460492935,0.2590886018837064,0.5530201342281877,0.5497095482488297,0.5664739721391912,0.7447267497603067,alpha,0.5,0.7511379339518881,0.723150681068276,0.7369271553061283,0.6536337742181111,0.5719619842635156,0.742089455427395,0.570324882258383,0.8201216733503462,alpha_p1_s_high_a0.5,alpha,0.0832933810880172,0.07099456702516904,0.09611727690765137,0.8754499531020453,0.16660227304774533,0.1371659829249362,0.19779529555486408,0.9315651676942949,-0.014210778645759814,0.16496517104261266,27,nan,0.7369271553061283,0.7369271553061283,0.7605530330804591,0.0,0.0,-0.01470148622352574,-0.01656702106658381,-0.016784173270537717,-0.0171973264897487,shallow,corner,1.0,s_high,sacc_R,,489.6595404148102,0,-0.027987252883612146,0.17012747116387938,shallow__alpha_p1_s_high_a0.5__seed0,,0.2440415092211381,,0.28258981444926956,0.5546979865771813,,0.2607636343127855,,0.2510179910890531,,1.921137003995558,0.19884908199310303,3.8581182956695557,9.121892964585635,0.1815713495016098,16.594192504882812
-0.029439963905025124,0.025886864813039256,0.09469009080142121,0.24409226777959514,0.5580988099937962,0.5312700919293891,0.5530708927866448,0.7094636512323049,alpha,0.5,0.6978411686736794,0.70425843932429,0.708681857920415,0.6406272032488226,0.6082165317690854,0.7051989621816745,0.5709241659381257,0.7984870579657309,alpha_p1_s_high_a0.5,alpha,0.06805465467159244,0.07306796762390522,0.0629890859638812,0.8605854832106767,0.13775769198228938,0.12649406807850105,0.1499613917412902,0.9121952050498876,0.010840689246735646,0.10046532615132964,13,nan,0.708681857920415,0.708681857920415,0.7228672551397388,0.0,0.0,0.008965283848952232,0.011259482782932317,0.016819425251699105,0.012463690459403765,shallow,corner,1.0,s_high,sacc_R,,445.7733778953552,1,0.006417270650610596,0.09698243041258914,shallow__alpha_p1_s_high_a0.5__seed1,,0.24072246348203707,,0.2507980373357397,0.5597766623427893,,0.25248434944447573,,0.25271558287744633,,0.9769601376442404,0.16520002484321594,1.3731824159622192,4.656459574180458,0.15495692193508148,7.917352676391602
0.005797755343748268,0.06772883650104333,0.05428627826969712,0.26584794991822225,0.5496785291297726,0.5900259432632113,0.5530426935875021,0.7867294568834247,alpha,1.5,0.8774753941171494,0.8789221354240109,0.8789221354240109,0.5195295975633831,0.7898305084745763,0.8789221354240109,0.14248004737866268,0.9183034086766314,alpha_p1_s_high_a1.5,alpha,0.35939253786062775,0.3715600399157334,0.3485749518837373,0.9279733614082865,0.7364420880453482,0.7348264774365229,0.7373428298124907,0.9945832405608539,0.0014467413068615098,0.08909162694943462,17,nan,0.8789221354240109,0.8789221354240109,0.8737753461744551,0.0,0.0,-0.0025578837530668697,-0.0008939902422515633,-0.00261992723991078,-0.0025423728813558366,shallow,corner,1.0,s_high,sacc_R,,439.5266489982605,0,0.0014467413068615098,0.08909162694943462,shallow__alpha_p1_s_high_a1.5__seed0,0.719347470531837,,0.6974987310360388,,0.5715244487056568,0.7260701596074672,,0.7361513733009981,,0.9496136709717444,1.2507211893659498,0.30429041385650635,5.7335686683654785,5.54493458029308,0.2732841968536377,26.447376251220703
-0.02599684168969607,0.0325559754102982,0.08952681743838475,0.22049235801703215,0.5715300885454853,0.5664965314985055,0.547995036940951,0.8051914725621794,alpha,1.5,0.9121436024704588,0.9034518739953186,0.9034518739953186,0.5112566626244395,0.8135593220338984,0.9068572153755041,0.12326771764573169,0.9327264855997084,alpha_p1_s_high_a1.5,alpha,0.3921952113708791,0.41624902982592304,0.36915833996012404,0.849857609168945,0.7801841563495868,0.7714768821377093,0.7892622941373071,0.9932387774933891,-0.008691728475140215,0.08989255196142021,22,nan,0.9034518739953186,0.9034518739953186,0.8923728813559322,0.0,0.0,-0.007658140387489798,-0.013590343777320268,-0.013667898135875212,-0.008490087142897451,shallow,corner,1.0,s_high,sacc_R,,476.08386492729187,1,-0.008691728475140215,0.09329789334160576,shallow__alpha_p1_s_high_a1.5__seed1,0.8016947718684788,,0.7916135581749479,,0.578247137781287,0.793291410523941,,0.8033726242174724,,0.9462495065140151,1.3620752777616292,0.3015545904636383,5.829150199890137,6.668015370358961,0.2667214572429657,29.90692901611328
0.02099712368168749,-0.004348316507811201,0.12322204049405006,0.3112796796570978,0.6421888218374598,0.6741469742259318,0.6388415768992162,0.7447323896001354,alpha,0.5,0.6445655545841675,0.6641755266645986,0.6542231873431287,0.512305761583801,0.5770989029583463,0.6585380298372769,0.3813742632335937,0.687078472475392,alpha_p1_s_low_a0.5,alpha,0.14191742575932764,0.16694201130945774,0.11793958671875904,0.8602208361606711,0.272848924109535,0.269996673688879,0.2766252924431537,0.9293492734952428,0.009657632758961143,0.07712428438478236,22,nan,0.6542231873431287,0.6542231873431287,0.6712654051157676,0.0,0.0,-0.0036224935841394634,0.0019839814997603122,0.005880030457711682,-0.0010801207027835158,shallow,corner,1.0,s_low,sacc_R,,470.41877603530884,0,0.019609972080431026,0.08143912687893062,shallow__alpha_p1_s_low_a0.5__seed0,,0.2660030455135074,,0.31463820427499867,0.6236986069595623,,0.28440584287406234,,0.3198437764367492,,2.1905325232675996,0.24121053516864777,1.544853925704956,10.097902876536825,0.2214049994945526,6.913624286651611
-0.01759630026507253,0.03266877220686926,0.08125599232981773,0.3012492245220235,0.6270514917376346,0.6270317522982347,0.6035474592521572,0.7111612430206982,alpha,0.5,0.675161454073719,0.6760963366141177,0.6795171888660143,0.5308666347048705,0.5822400518909163,0.67786880622691,0.3855904001804901,0.662288096974116,alpha_p1_s_low_a0.5,alpha,0.1486505541611438,0.15303248697194805,0.14440065000172875,0.9353895730184171,0.2939267886855242,0.3012418228184942,0.28719358296165687,0.9656284019356769,0.0043557347922953404,0.09727713697509799,14,nan,0.6795171888660143,0.6795171888660143,0.6374291435178657,0.0,0.0,0.003927070701373436,0.0078076087876138844,0.01161059251529939,0.0007078597817197219,shallow,corner,1.0,s_low,sacc_R,,485.0621089935303,1,0.0009348825403987515,0.09562875433599372,shallow__alpha_p1_s_low_a0.5__seed1,,0.323027466019965,,0.30796627375782526,0.5934662455586261,,0.30124358468219503,,0.3568495854717726,,1.4066388306754385,0.22181127965450287,0.9001247882843018,6.633675884189816,0.19589167833328247,3.593721389770508
0.014263154926400068,0.032519316451412816,0.0778015904348317,0.2658564096779652,0.5967232530596132,0.5563814787660029,0.564807399469855,0.7867463764029101,alpha,1.5,0.8899856171916862,0.8814179756902338,0.8814179756902338,0.5044459798640684,0.7432203389830508,0.8831128909444711,0.12238923827519108,0.9303568173532628,alpha_p1_s_low_a1.5,alpha,0.3769719958261655,0.34937908859075295,0.4048969101868178,0.9296755388257805,0.7590287374150427,0.7533263111209668,0.7638038930954603,0.995539402876178,-0.008567641501452394,0.138197636707183,17,nan,0.8814179756902338,0.8814179756902338,0.8627894187653347,0.0,0.0,-0.003405341380185556,-0.004252799007304242,-0.003405341380185556,-0.003389830508474523,shallow,corner,1.0,s_low,sacc_R,,448.2303605079651,0,-0.008567641501452394,0.13989255196142025,shallow__alpha_p1_s_low_a1.5__seed0,0.7495882916925161,,0.7378264057300772,,0.6000845975974283,0.7512717838813376,,0.746226947154701,,0.9714539507077999,1.4790823813009806,0.36783602833747864,5.826513767242432,6.899266506216207,0.33154332637786865,28.45987319946289
0.0008064970954824169,0.03084710394224799,0.08294512435846824,0.2558795330212622,0.5950454007106198,0.5514635384355084,0.5749139924426148,0.8119226213975523,alpha,1.5,0.9231605516230013,0.9077667164894667,0.909430610000282,0.5005189091626949,0.8322189007022195,0.9111720578696523,0.08998984742942553,0.9616751731680642,alpha_p1_s_low_a1.5,alpha,0.4089117008375871,0.38717152677680444,0.42993465408152687,0.8767935266378435,0.8194407625708565,0.8085929703958309,0.8300084131429428,0.9896371887438122,-0.013729941622719233,0.07721170929806254,22,nan,0.909430610000282,0.909430610000282,0.8991835641163033,0.0,0.0,-0.005994246876674492,-0.015378324261823506,0.00030457711723408387,-0.005131278377844772,shallow,corner,1.0,s_low,sacc_R,,499.7947278022766,1,-0.01539383513353454,0.07895315716743279,shallow__alpha_p1_s_low_a1.5__seed1,0.7647087022728556,,0.8000056398398285,,0.5967288928994416,0.7613473577350403,,0.778154080424116,,0.9697676385990639,1.5912918312312778,0.33989328145980835,5.152692794799805,7.525798389860949,0.3049261271953583,25.292924880981445
0.03774462805256329,0.024186453104731775,0.09638768258981445,0.3063025210084034,0.6471885398454682,0.6237183463989622,0.6320963284642716,0.8152614065760533,alpha,1.0,0.8286076877520516,0.8272638822301813,0.8306692236103669,0.5207027834964325,0.7268450886939846,0.8400843227389378,0.20918102597365973,0.8272306780896828,alpha_p1_s_star_a1,alpha,0.30996644011393437,0.3371937021842776,0.2820016365291752,0.9320105394454894,0.6214881976367072,0.636245703514802,0.6053025850246057,0.9895840135500792,0.0020615358583152554,0.10382413491638232,29,nan,0.8306692236103669,0.8306692236103669,0.8389886911644434,0.0,0.0,-7.755435855494319e-05,0.0006768380382976558,-0.0036380044558504965,0.0016483826391042733,shallow,p_series,1.0,s_star,sacc_R,,517.8831517696381,0,-0.0013438055218703004,0.11323923404495329,shallow__alpha_p1_s_star_a1__seed0,,,,,0.65390558908127,,,,,,2.5547549218527443,0.3187553882598877,4.841569423675537,11.637116852582622,0.288896769285202,20.586341857910156
0.05284529919350289,0.047780723027466054,0.11479329987028364,0.2910495741920931,0.544738029439964,0.5530596131069878,0.5547346455360667,0.7917489143308329,alpha,1.0,0.8472672664203729,0.8438873064666235,0.8430553597112158,0.5390521447305339,0.7085521306297414,0.8473081587185199,0.215759045658366,0.815313981042654,alpha_p1_s_star_a1,alpha,0.30400321498068195,0.30790553276416466,0.30079290991022145,0.8931440879062982,0.6272963140528498,0.622009091917064,0.6328700342288145,0.9728233394672423,-0.004211906709157054,0.13450322908147438,16,nan,0.8430553597112158,0.8430553597112158,0.8132392340449534,0.0,0.0,-0.007704673002622675,-0.016287825375786102,-0.025795989734623048,-0.0026044163681998578,shallow,p_series,1.0,s_star,sacc_R,,447.31113958358765,1,-0.0033799599537494007,0.13875602808877852,shallow__alpha_p1_s_star_a1__seed1,,,,,0.5396960126332413,,,,,,2.420306175220321,0.3147265911102295,3.641397714614868,11.385037477289721,0.2842384874820709,16.957439422607422
0.002512548643618384,0.024251311262760034,0.10142405955670863,0.2625965822570637,0.5816705205572164,0.5479893971011223,0.5749421916417572,0.8438159156279963,alpha,1.0,0.8313460616486646,0.8299557235116614,0.8291237767562537,0.5241645280464762,0.6992456076031472,0.8376448856425731,0.22173214134634367,0.8271965001822822,alpha_p1_s_star_a1,alpha,0.30495924870977753,0.303409468898991,0.3054316633820835,0.8801260325534446,0.60739163540991,0.6010865949661826,0.6139462250342864,0.9946883832207015,-0.0022222848924109417,0.12987816915310646,24,nan,0.8291237767562537,0.8291237767562537,0.8335782170958008,0.0,0.0,-0.0017569587410812826,-0.017936208014890487,-0.016582531938294953,-0.0059477142615415035,shallow,p_series,1.0,s_star,sacc_R,,570.8146753311157,2,-0.0013903381370032886,0.13839927803942587,shallow__alpha_p1_s_star_a1__seed2,,,,,0.5783176357791437,,,,,,2.7716760109341645,0.30279234051704407,4.280361175537109,11.88892503401946,0.2845015525817871,20.597740173339844
-0.05298911510913085,-0.009283176357791412,0.0695194856466077,0.22897467711916986,0.45570751790649133,0.4842704867181773,0.4540268456375838,0.5919265692854323,alpha,1.0,,,0.6107039115598296,,,,,0.7176107364199782,alpha_pnone_s_star_a1,alpha,,,,,,,,,,,11,,,,,,,,,,,shallow,p_series,,s_star,sacc_R,,199.50524926185608,0,,,shallow__alpha_pnone_s_star_a1__seed0,,,,,0.45906886244430645,,,,,,,,,,,
-0.014333652924257034,-0.019341830692008344,0.017562461226101167,0.21555749816705205,0.4943347808922227,0.4540747842761266,0.4775449777226326,0.5767751395860357,alpha,1.0,,,0.6183155193321865,,,,,0.7036661502005104,alpha_pnone_s_star_a1,alpha,,,,,,,,,,,17,,,,,,,,,,,shallow,p_series,,s_star,sacc_R,,204.94039607048035,1,,,shallow__alpha_pnone_s_star_a1__seed1,,,,,0.4926512887034007,,,,,,,,,,,
-0.0025153685635328493,-0.02268907563025202,0.0597005245051041,0.14670915346004176,0.46237380858383625,0.4036461564491569,0.45064576166036874,0.4978709604647227,alpha,1.0,,,0.6284638596689134,,,,,0.7273286547575648,alpha_pnone_s_star_a1,alpha,,,,,,,,,,,21,,,,,,,,,,,shallow,p_series,,s_star,sacc_R,,232.26803946495056,2,,,shallow__alpha_pnone_s_star_a1__seed2,,,,,0.4606931363149287,,,,,,,,,,,
-0.03622469121876937,-0.012686819694320728,0.07299926682082214,0.19873103603857656,0.5027889007952173,0.3901415599796967,0.47416953358524605,0.37027804410354737,alpha,1.0,0.6686356073211315,0.6564398319185538,0.667735976761894,0.667735976761894,0.6148622352576215,0.6581812797879241,0.6694774246312643,0.7969034815895005,saccade_p0.5_s_star_a1,saccade,0.0,0.00011642088923391469,0.00018439765353983617,-0.3087680330933486,-0.0017414478693702495,-0.003215434083601254,-0.0005531929606195085,0.8476968787951908,-0.0008996305592374743,0.05287374150427249,18,49.98932393003144,0.667735976761894,0.6660410615076567,0.6779111086043035,0.0016949152542372614,0.0016949152542372614,0.015357173073126784,0.020994669900448404,0.024012239487859244,0.008732620773287403,shallow,p_series,0.5,s_star,sacc_R,,392.40756487846375,0,-0.012195775402577658,0.04331904453030255,shallow__saccade_p0.5_s_star_a1__seed0,,,,,0.504438553945068,,,,,,,,,,,
0.0024956291241329254,0.04288534205628558,0.11663188765439059,0.24748463143646715,0.544738029439964,0.4472336585640968,0.49769048559020934,0.4172945688342451,alpha,1.0,0.6847373022363856,0.6766081953805804,0.6888448630813051,0.6854705434445416,0.6128260808257424,0.684654107560845,0.6828506162046307,0.8016086401749909,saccade_p0.5_s_star_a1,saccade,0.0033743196367634898,-0.003215434083601365,0.010568290518503165,-0.7949058255764242,0.005994246876674381,-0.0018405588202683454,0.014705712869803711,-0.17138980010998203,0.004107560844919478,0.07601878225556269,25,77.72112120273748,0.6888448630813051,0.6888603739530161,0.6897600045122536,-1.5510871711033047e-05,-0.010939394793987534,-0.00656814912998116,-0.008495727459883362,0.008835556558278501,-0.0048267012606109105,shallow,p_series,0.5,s_star,sacc_R,,471.12850165367126,1,-0.008129106855805257,0.07182802673510258,shallow__saccade_p0.5_s_star_a1__seed1,,,,,0.5531216513451018,,,,,,,,,,,
-0.02437256781907393,0.012523264339292739,0.08142518752467431,0.26262760137612107,0.5364023461733687,0.4305425525915063,0.5716400654221419,0.3770204726185775,alpha,1.0,0.6708268704701205,0.6703869257452268,0.677414760709552,0.6749344313150399,0.6360952085507205,0.6747483008545081,0.6707281649228687,0.8109506015311703,saccade_p0.5_s_star_a1,saccade,0.0024803293945120375,0.0033318549728351687,0.0012389217347209547,-0.3574542456605543,0.0066865957866832915,0.008387847876704768,0.004823151125401881,0.4323405007781737,0.006587890239431515,0.04131955215883143,24,54.058666805825474,0.677414760709552,0.6749344313150399,0.6873106968611635,0.0024803293945120375,-0.0008629684988294972,0.0024281564623932494,0.007988098931160037,0.019201049098959477,0.0008728390535548414,shallow,p_series,0.5,s_star,sacc_R,,461.18062829971313,2,-0.000439944724893615,0.03865309230378755,shallow__saccade_p0.5_s_star_a1__seed2,,,,,0.5448141672776492,,,,,,,,,,,
-0.03614573346116967,0.012619141616378116,0.10806779087473917,0.4070497997856859,0.7379730415656196,0.6607579944729571,0.7228526309852801,0.5667531442107046,alpha,1.0,0.6640838715135791,0.7083575396937307,0.707618658168589,0.6372698045630164,0.6979032121605234,0.7082954962068868,0.5845159197946925,0.8275724571636893,saccade_p0.75_s_star_a1,saccade,0.07034885360557264,0.07537421000110889,0.06472933881916354,0.5205239674936484,0.12310273837389651,0.12467568466570578,0.12234208069702313,0.7648276246568861,0.04353478665500998,0.00971544600806562,14,70.03852626717467,0.707618658168589,0.6783454130122113,0.6879410022843284,0.029273245156377747,-0.0059166925181195484,0.04189768464987731,0.05260441636819979,0.047038833582447315,0.02940297244705148,shallow,p_series,0.75,s_star,sacc_R,,379.38382172584534,0,0.04427366818015166,0.010392284046363387,shallow__saccade_p0.75_s_star_a1__seed0,,,,,0.7463735829902431,,,,,,,,,,,
0.01254864361852115,0.05465850769838143,0.23076250634481976,0.4356268681969433,0.7195223055665219,0.69430658169308,0.7262365348824094,0.5768061587050928,alpha,1.0,0.7343029978284779,0.7284116867367946,0.7261640204179475,0.6598042810005922,0.6697298288163794,0.7260244225725485,0.574030570518063,0.8017111738971929,saccade_p0.75_s_star_a1,saccade,0.06635973941735529,0.06836123738773692,0.0649655983127615,0.23092831426958607,0.15213344989988442,0.15429094134604715,0.15033018704836976,0.8452680332888668,-0.00813897741053038,0.05643419160156804,23,65.36587387202074,0.7261640204179475,0.7079077244141121,0.6925040187258524,0.01825629600383538,-0.04364900307397279,0.07254575707154742,0.07755294847570438,0.08581037254293689,0.055705180631151485,shallow,p_series,0.75,s_star,sacc_R,,465.9381194114685,1,-0.005891311091683282,0.056294593756169076,shallow__saccade_p0.75_s_star_a1__seed1,,,,,0.7178444532175288,,,,,,,,,,,
-0.0310360385765045,0.19059556708589476,0.3870593875133945,0.6642208561276859,0.8522728554509054,0.7850939033331454,0.8472392984039254,0.7749534713214143,alpha,0.5,0.7543994472489354,0.7679376180941369,0.7705575453340479,0.650580952649539,0.7455878620378465,0.7705110127189148,0.5332397980766519,0.8397967553773241,saccade_p0.9_s_high_a0.5,saccade,0.11997659268450889,0.1386794544849762,0.10144175915361486,0.7915525992330155,0.23731774725739596,0.25885907528550844,0.21482326637393545,0.932637466629714,0.016158098085112482,0.024969683296201306,25,85.90660529585207,0.7705575453340479,0.7304224597422375,0.7501410079246453,0.04013508559181034,-0.007549564285512789,0.10741560675709982,0.10813897741053058,0.11365238726416438,0.08291688992921409,shallow,factorial,0.9,s_high,sacc_R,,446.89277267456055,0,0.01353817084520148,0.024923150681068207,shallow__saccade_p0.9_s_high_a0.5__seed0,,0.5432237324459985,,0.660870791269528,0.8522784952907339,,0.660851051830128,,0.5079549940781682,,0.6619504579488211,0.09537456929683685,2.244866371154785,1.6825990146686358,0.07445403933525085,5.161400318145752
0.0074953471321415055,0.08487394957983208,0.3013225424397947,0.518002368732728,0.7850741638937455,0.7111584231007839,0.7766595228695503,0.7413710450623201,alpha,0.5,0.7637778843170986,0.7567133872923659,0.7619067091570546,0.6407103979243634,0.7076948024478975,0.7576073775346175,0.5119179897910262,0.8229356543930004,saccade_p0.9_s_high_a0.5,saccade,0.12119631123269126,0.12498059651846094,0.11633186967695841,0.7447910878195446,0.2499887193660284,0.24721144251025606,0.25274579630974203,0.9350258355905919,-0.0018711751600439808,0.0542119067091571,14,42.78142299950814,0.7619067091570546,0.7324318226684339,0.7456400349699653,0.029474886488620733,-0.01180236329281703,0.18260667249499418,0.18656476493978957,0.19811895428523085,0.15653712738655912,shallow,factorial,0.9,s_high,sacc_R,,372.92155838012695,1,-0.007064497024732663,0.04991257508671998,shallow__saccade_p0.9_s_high_a0.5__seed1,,0.45249280920421864,,0.4995065140150019,0.7917940330494613,,0.4995008741751734,,0.44246799390897307,,0.6630041285940735,0.09525616466999054,1.3579717874526978,2.1798884574127437,0.08345016837120056,4.113415718078613
0.004097343635440787,0.0832299362698099,0.2342958659974057,0.4609243697478993,0.7682787208843269,0.7195053860470362,0.7447662286391066,0.6708533077660594,alpha,1.5,0.7884627316055163,0.815653289714882,0.815653289714882,0.5876575763557912,0.827806762740066,0.8173171832256974,0.34605600834766914,0.894845971563981,saccade_p0.9_s_high_a1.5,saccade,0.22799571335909086,0.22290719591972508,0.2336145397549816,0.7798162640695004,0.4695972813672129,0.45040470118638426,0.4907109682029296,0.8334233466782465,0.02719055810936577,-0.012153473025183992,11,69.84772490282509,0.815653289714882,0.7314095152147551,0.7397698750669788,0.08424377450012699,-0.02208043092021761,0.1725457570715475,0.17405454186525293,0.17368228094418914,0.15755520460249872,shallow,factorial,0.9,s_high,sacc_R,,354.0044639110565,0,0.02719055810936577,-0.010489579514368685,shallow__saccade_p0.9_s_high_a1.5__seed0,0.8925215723873441,,0.882429079014156,,0.7666036884552478,0.8841294907224635,,0.9126614404150923,,0.8455022277367323,0.889993060074494,0.2298460602760315,2.1698741912841797,1.615957834568215,0.12565577030181885,3.171715497970581
-0.0058569736619480395,0.015904348316507777,0.22749421916417578,0.4626078619367209,0.7565450341210309,0.7128362754497772,0.7531724099035588,0.6641334386103435,alpha,1.5,0.8159014636622578,0.8279463605854649,0.8296412758397023,0.5516300516089003,0.8358315237316337,0.8270833920866353,0.2997349051016667,0.8826558512577469,saccade_p0.9_s_high_a1.5,saccade,0.27801122423080193,0.3035258897882249,0.2502967649736657,0.6419534055735382,0.5299063707380356,0.5400875928595188,0.5186990745542763,0.9395191102676039,0.013739812177444466,-0.006190247891931455,12,19.600105559075626,0.8296412758397023,0.7524662286020474,0.7657928875602809,0.07717504723765489,-0.0479483346964098,0.2602837079443866,0.26282608082574255,0.2652753884768325,0.26031472968780855,shallow,factorial,0.9,s_high,sacc_R,,380.78628516197205,1,0.012044896923207093,-0.008748131644998436,shallow__saccade_p0.9_s_high_a1.5__seed1,0.9059866899780045,,0.8606310980768146,,0.743085556370199,0.9093423946759911,,0.9194151486097795,,0.8723817043595963,0.9642941650814456,0.2160894125699997,2.756220817565918,1.8375588699073009,0.13751359283924103,5.205092906951904
-0.029408944785968116,0.08647284417122547,0.29811629349726476,0.5449269640742203,0.7800631662060797,0.7498195251254864,0.7867886752016244,0.7262703739213805,alpha,1.0,0.8057164612651231,0.8167898135875236,0.8117981330550776,0.5995318536901775,0.811317296032037,0.8167743027158126,0.3989283397726952,0.8707049763033176,saccade_p0.9_s_high_a1,saccade,0.21226627936490017,0.2103725468455483,0.21450633290691368,0.6325312552863316,0.41286979328238244,0.4118915622574565,0.4139900194770021,0.8608103738334753,0.006081671789954557,0.0004808370230406922,15,84.9502695772064,0.8117981330550776,0.7623875461800953,0.7790109704165373,0.04941058687498234,-0.023620237457345095,0.19752531092247383,0.19575284130968162,0.20037226092106364,0.16712541244817958,shallow,factorial,0.9,s_high,sacc_R,,338.65095806121826,0,0.011073352322400476,0.005457006683775689,shallow__saccade_p0.9_s_high_a1__seed0,,,,,0.7783853138570864,,,,,,0.8926770754125827,0.18080304563045502,2.6557705402374268,3.082242964336148,0.1559942215681076,9.484981536865234
0.026016581129095773,0.1083441430263381,0.37525238283232754,0.5768033387851785,0.8086007557385371,0.7464299813885287,0.800194574474085,0.7397242118323839,alpha,1.0,0.8242829747031784,0.8178389125468852,0.8179164669054401,0.5935531176852139,0.7699159592769114,0.8153430722806622,0.3834569502806058,0.8802861830113015,saccade_p0.9_s_high_a1,saccade,0.22436334922022616,0.24390176294489407,0.20435869953554842,0.7957841726287226,0.4344595166248343,0.4446058321321653,0.4242932383685417,0.9344429791771836,-0.006366507797738286,0.0480005076285287,18,47.40252257502763,0.8179164669054401,0.7749132801263431,0.7810936574635494,0.04300318677909698,-0.028565385374658026,0.254227417580868,0.2584181731013283,0.25918807636989194,0.24410445867057728,shallow,factorial,0.9,s_high,sacc_R,,376.59136486053467,1,-0.006444062156293118,0.045427113003750796,shallow__saccade_p0.9_s_high_a1__seed1,,,,,0.8102814280074446,,,,,,0.8581614288648771,0.13293050229549408,2.8275845050811768,2.7754420132670843,0.1102822870016098,9.445202827453613
-0.00746714793299863,0.1688060459082963,0.32663414359032217,0.6339320963284643,0.8539027691613559,0.84214934295866,0.86568157464328,0.732993062997011,alpha,0.5,0.741330832792803,0.7538043938069319,0.7521870329112497,0.5566837756281903,0.7464508305366762,0.7554527764460363,0.3768944414676105,0.7439163324826832,saccade_p0.9_s_low_a0.5,saccade,0.1955032572830594,0.2165705732342832,0.17333955675414026,0.7143134807011476,0.3752925914436392,0.3694866393169975,0.3812824856803697,0.9070326175233667,0.01085620011844668,0.005736202374573507,15,79.6660527726002,0.7521870329112497,0.710388053808624,0.698508136157252,0.041798979102625644,-0.01946050368030683,0.22265997349051025,0.22760512140782319,0.23025043007417023,0.1871132857666602,shallow,factorial,0.9,s_low,sacc_R,,362.4494912624359,0,0.012473561014128887,0.009001945909360098,shallow__saccade_p0.9_s_low_a0.5__seed0,,0.5583103039873667,,0.6339349162483785,0.8488663921944617,,0.66249506514015,,0.5415712593762336,,1.3378535793812698,0.19892960786819458,1.9005132913589478,3.2860823725835058,0.14335238933563232,4.182589530944824
0.03277592916361183,0.20572725734589126,0.43742315718233593,0.6641616378094861,0.8354604929220009,0.8169787378038462,0.838821837459816,0.7665557498167053,alpha,0.5,0.7836825629600384,0.7695183169294115,0.7739727572689585,0.5604557376124538,0.7284215572915198,0.7697199582616543,0.35194590936010606,0.7442922894640904,saccade_p0.9_s_low_a0.5,saccade,0.21351701965650471,0.20690209557600614,0.2199345388329933,0.6429430326460867,0.4220268479088525,0.4174853087925491,0.4271917389851213,0.9019379826553603,-0.00970980569107982,0.04555119997743873,19,35.18295393893453,0.7739727572689585,0.7358216531769085,0.6962294480949829,0.038151104092050026,-0.011554189345441168,0.2668151950139598,0.2676161200259455,0.2649961927860346,0.23915931075326435,shallow,factorial,0.9,s_low,sacc_R,,403.20361161231995,1,-0.014164246030626826,0.041298400970134486,shallow__saccade_p0.9_s_low_a0.5__seed1,,0.6540776041960408,,0.680959900738819,0.8321104280638429,,0.6860019175455416,,0.5969742259319835,,1.163904750239654,0.16399575769901276,2.1653921604156494,2.5079051480070627,0.12050654739141464,4.342453479766846
0.022658056511195124,0.1419293892053466,0.28968755287349834,0.5348654898200891,0.8052563307202076,0.8034882409339574,0.7918165924087757,0.7581749478314816,alpha,1.5,0.870887503877718,0.8680194026904312,0.8680659353055642,0.5246199836430807,0.866231422205928,0.8705617755717872,0.19208240503116275,0.8635617936565804,saccade_p0.9_s_low_a1.5,saccade,0.3434459516624835,0.34581439183945006,0.3406689024882159,0.5356571134273698,0.6759835302744015,0.6812839560926931,0.6689773997625881,0.7775331974357382,-0.0028215685721537653,0.0018345130996362258,16,13.358992097526999,0.8680659353055642,0.760692630925858,0.765560224484616,0.10737330437970616,-0.05794720663301267,0.33567641501452383,0.3390197129078655,0.3409571617924928,0.3365548943850645,shallow,factorial,0.9,s_low,sacc_R,,465.2373962402344,0,-0.0028681011872867535,0.004330353365859185,shallow__saccade_p0.9_s_low_a1.5__seed0,0.8875331340589927,,0.9076335232079409,,0.7968642490553268,0.8875359539789069,,0.9059979696576617,,0.8908521797980937,1.2051807811947732,0.25378698110580444,3.0308122634887695,2.4593958977368806,0.177575021982193,5.958615303039551
0.037840505329648666,0.07299644690090812,0.27961197901979595,0.5432406519654842,0.7985280018047489,0.7498167052055722,0.7800631662060797,0.6658112909593368,alpha,1.5,0.8668673679460785,0.8723962886714234,0.8715643419160157,0.5172720606898107,0.8731351701965651,0.8690219690346597,0.1645816294875772,0.8539805869485964,saccade_p0.9_s_low_a1.5,saccade,0.35429228122620504,0.3528273644528219,0.35569154882504117,-0.24358990356582721,0.7069827124284385,0.7138097350038808,0.7001290783574778,0.8345126816497566,0.004696973969937179,-0.00157082828054933,13,12.165508308208222,0.8715643419160157,0.7571476917002735,0.758227812403057,0.11441665021574221,-0.06469584590653987,0.3612707634169041,0.35909501113962616,0.35727600891170086,0.35872839053554817,shallow,factorial,0.9,s_low,sacc_R,,495.4681873321533,1,0.0055289207253448325,-0.004113201161905389,shallow__saccade_p0.9_s_low_a1.5__seed1,0.8841746094410918,,0.8640234617336868,,0.7834075912244092,0.8741018555073037,,0.8741103152670464,,0.8757374090575829,1.03604895888122,0.24702930450439453,2.6331627368927,1.9852762737537764,0.1642007678747177,4.406572341918945
-0.02937792566691111,0.0495036940950877,0.24923298178331743,0.551581975071908,0.8370791269527946,0.803471321414472,0.8505357847837121,0.6859455191472561,alpha,1.0,0.8265616627654474,0.8237556050650047,0.8229081474378861,0.5272709326264136,0.8201641332242873,0.8237400941932937,0.22577906878366566,0.8062796208530806,saccade_p0.9_s_low_a1,saccade,0.29563721481147254,0.30422441512362774,0.28700918530811703,0.6475338375965761,0.5971290786542205,0.6100565472890563,0.5838490705205777,0.9352791343822086,-0.0036535153275613075,0.002744014213598822,11,13.911736183599725,0.8229081474378861,0.7405708000789644,0.7287994585295694,0.08233734735892173,-0.04451197157280229,0.3045376350150879,0.3036591556445474,0.30299218816097473,0.2936602837079445,shallow,factorial,0.9,s_low,sacc_R,,452.30410957336426,0,-0.0028060577004427323,0.0035759609690064753,shallow__saccade_p0.9_s_low_a1__seed0,,,,,0.8370847667926231,,,,,,1.155404457241043,0.2616761326789856,1.8227688074111938,2.728455021169031,0.1838408261537552,3.834373712539673
0.004258079070554421,0.28628954937679785,0.43916868760927197,0.6910721335514072,0.8539648073994699,0.838861316338616,0.8539648073994699,0.8018442276239355,alpha,1.0,0.8166248343156886,0.8145111255252545,0.8154206266392171,0.5440649764516765,0.7589145209960799,0.8137257113849798,0.2669167207197044,0.8398309332847247,saccade_p0.9_s_low_a1,saccade,0.2713556501875406,0.27251358243707735,0.2707476172365707,0.6669273768496436,0.5485039059195127,0.5532985918616256,0.5437886802890434,0.9216696245320276,-0.001204207676471447,0.05650610564313718,47,23.26723497244334,0.8154206266392171,0.7891649510702501,0.7876096336614118,0.02625567556896702,-0.04275501283172123,0.2949053836825629,0.29812459460221663,0.2913139118418455,0.27541385825883413,shallow,factorial,0.9,s_low,sacc_R,,685.4250884056091,1,-0.0021137087904340435,0.05481119038889992,shallow__saccade_p0.9_s_low_a1__seed1,,,,,0.8522841351305623,,,,,,1.0819766557133912,0.131958469748497,4.125492572784424,2.5723371878157044,0.08905910700559616,7.670462608337402
0.02264677683153815,0.0025774068016468643,0.23084146410241946,0.45245615024533303,0.7094354520331623,0.6909649765946648,0.6993598781794597,0.5986351587614913,alpha,0.5,0.7064200908091035,0.7248568769564849,0.7257043345836036,0.6324275924306946,0.7059279731520911,0.7214205138328774,0.5441735525536535,0.8014719285453883,saccade_p0.9_s_star_a0.5,saccade,0.09327674215290904,0.09788224858631778,0.08858002281920951,0.7196662663530317,0.1815307820299501,0.18071293935026067,0.18235199207090091,0.9126260656794113,0.01928424377450011,0.019776361431512512,11,35.9970159176595,0.7257043345836036,0.7106362277559999,0.6943018697650808,0.015068106827603733,0.0024803293945119265,0.09100369440762579,0.09155644547223551,0.0852209594179193,0.09014072590879607,shallow,factorial,0.9,s_star,sacc_R,,455.3528342247009,0,0.018436786147381423,0.015492540680786315,shallow__saccade_p0.9_s_star_a0.5__seed0,,0.36003045513507415,,0.45917037956122053,0.707757599684169,,0.44574474084936,,0.32996446900908016,,0.6005305576792428,0.11723944544792175,0.9698951244354248,2.2971865494199077,0.09203561395406723,3.6777732372283936
0.031117816254018216,0.1671056341999888,0.38874287970221655,0.6776436749196324,0.8304635948339067,0.8203626417009757,0.8422142011166884,0.8035192600530146,alpha,0.5,0.7469937110465608,0.7201486223525762,0.7271609464451902,0.6141289940494656,0.6432259793000367,0.7279618714571758,0.493656053470205,0.827709168793292,saccade_p0.9_s_star_a0.5,saccade,0.11303195239572461,0.10429094134604722,0.12139128029595814,0.6258746976571272,0.23350489297498522,0.21927597294600287,0.24760571171731827,0.9610100375870427,-0.01983276460137051,0.08393496714515358,33,53.4985294916839,0.7271609464451902,0.7025846752587496,0.7441777827913929,0.02457627118644068,-0.00406666854677229,0.17579598973462307,0.17742886150201642,0.17980061479455145,0.16992582983163662,shallow,factorial,0.9,s_star,sacc_R,,653.8576536178589,1,-0.02684508869398461,0.08473589215713917,shallow__saccade_p0.9_s_star_a0.5__seed1,,0.6020134228187919,,0.6692431334950086,0.8287885624048279,,0.6675427217867012,,0.5180333878517849,,0.6453494921758479,0.07712557166814804,2.2123818397521973,1.5191402502082847,0.05154408514499664,4.486074447631836
0.014271614686142797,0.08646720433139699,0.21731994811347377,0.47771699283740343,0.7984941627657776,0.7446844509615929,0.7850346850149457,0.659105521403192,alpha,1.5,0.8264996192786034,0.8394385064440621,0.8352787726670239,0.5582080712936067,0.8330564877746129,0.8394229955723511,0.2827081982007389,0.877916514764856,saccade_p0.9_s_star_a1.5,saccade,0.27707070137341716,0.30135824370772823,0.2526420726296257,0.49661149028450824,0.552570574466285,0.5622685441844995,0.5432354873284237,0.9407639353367003,0.008779153388420502,0.0022222848924109417,15,41.603615863349596,0.8352787726670239,0.7675188245579401,0.782385290053301,0.06775994810908381,-0.04968978256578027,0.27483008545080234,0.27302659409458807,0.27075777658704414,0.2739516060802617,shallow,factorial,0.9,s_star,sacc_R,,449.88787627220154,0,0.012938887165458768,0.0063665077977381745,shallow__saccade_p0.9_s_star_a1.5__seed0,0.9059500310191191,,0.8857819637922284,,0.7951356381478765,0.90427499859004,,0.8992329817833173,,0.8538914894816987,0.7934134323194483,0.16135989129543304,2.0631744861602783,1.9986064828335828,0.11907191574573517,4.968517303466797
-0.012599402176978192,0.0949156843945631,0.23094016129941908,0.5533782640573008,0.7448113473577349,0.7262872934408664,0.751500197394394,0.7262619141616378,alpha,1.5,0.8485645393271102,0.8489621816746101,0.8481767675343355,0.5709354465720974,0.8293465692771934,0.8472982881637948,0.29195267774048905,0.8779848705796574,saccade_p0.9_s_star_a1.5,saccade,0.2772413209622381,0.2714657944339728,0.2810796482614759,0.6266046480259211,0.5562240897938464,0.5805133606830026,0.5303737509940186,0.9409034151346012,-0.00038777179277471596,0.01883019825714205,19,18.35516754734162,0.8481767675343355,0.7849741955497899,0.7794762965678671,0.0632025719845456,-0.05039764234749988,0.3025635240700528,0.30848021658817226,0.32276290927550133,0.30253250232663076,shallow,factorial,0.9,s_star,sacc_R,,556.7324295043945,1,0.0003976423474999491,0.01795171888660141,shallow__saccade_p0.9_s_star_a1.5__seed1,0.8741074953471322,,0.8472223788844397,,0.7464891997067284,0.8808273645028482,,0.8791410523941119,,0.8488410129152331,0.9397069779870469,0.16502614319324493,2.7230265140533447,2.5995137192195084,0.12617027759552002,7.747304916381836
-0.04280356437877164,0.08135750944673159,0.2779877051491737,0.533179177711353,0.7867632959223958,0.7665867689357622,0.8136399526253455,0.7430629970108851,alpha,1.0,0.8256831833949068,0.8182365548943851,0.820825460390874,0.5805775684593475,0.8026876110437406,0.8182365548943851,0.33863476127358355,0.8635276157491798,saccade_p0.9_s_star_a1,saccade,0.2402478919315265,0.25872047898880135,0.22025147230001507,0.8061998629681011,0.48219069911729046,0.4799977824592526,0.48456822136938316,0.9115544803774618,-0.004857723004032755,0.01813784934713336,15,66.62365453148492,0.820825460390874,0.7587340308525339,0.7470867762768267,0.062091429538340126,-0.035251981161341206,0.2527806762740066,0.2578654220367185,0.26738345695028065,0.2358625454750557,shallow,p_series,0.9,s_star,sacc_R,,496.32753252983093,0,-0.00744662850052169,0.015548943850644426,shallow__saccade_p0.9_s_star_a1__seed0,,,,,0.7951666572669336,,,,,,0.8757896624437301,0.17579638957977295,2.5549941062927246,3.7090070918306473,0.17209680378437042,10.798528671264648
-0.004269358750211394,0.04782866166600863,0.23245727821329876,0.5095905476284472,0.7783317353787154,0.738009700524505,0.7682561615250125,0.7195392250860075,alpha,1.0,0.8267788149694013,0.8216884288897036,0.8217194506331256,0.5796990890888067,0.790053300995516,0.8216729180179927,0.3527468343720917,0.8467006926722567,saccade_p0.9_s_star_a1,saccade,0.24202036154431883,0.24758288058543076,0.2374868904793186,0.8579222068734519,0.46897261626103387,0.47894999445614816,0.4582915557399531,0.9534580391896801,-0.00505936433627574,0.03166614963760961,13,29.218245529118207,0.8217194506331256,0.7747116387941002,0.7825403987704109,0.04700781183902536,-0.038610789926393885,0.28066922361036684,0.2781268507290109,0.2851335345046392,0.2798372768549592,shallow,p_series,0.9,s_star,sacc_R,,604.3672096729279,1,-0.005090386079697695,0.03161961702247673,shallow__saccade_p0.9_s_star_a1__seed1,,,,,0.7816958998364447,,,,,,0.8603296505354234,0.17422671616077423,2.306582450866699,2.3513234811884955,0.1306065320968628,5.827026844024658
0.0007952174158254444,0.07141447182900018,0.3182251424059557,0.5718036207771697,0.8488833117139474,0.7967881112176414,0.8589673453273927,0.8018329479442783,alpha,1.0,0.8270833920866353,0.8190374799063708,0.8199004484052004,0.5753066922361036,0.7812219746749767,0.8181279787924081,0.3239022533066358,0.8561110098432373,saccade_p0.9_s_star_a1,saccade,0.24459375616909673,0.26342720922496954,0.22494208761193513,0.9005907075208326,0.4959981950985646,0.5000831577780241,0.4916041443372633,0.9456032743002447,-0.007182943681434906,0.038678473730223706,14,22.054927978207164,0.8199004484052004,0.7574677796892186,0.7824318226684339,0.06243266871598174,-0.0402281508220762,0.2958148847965255,0.29073013903381373,0.2846273160551622,0.29165515101948725,shallow,p_series,0.9,s_star,sacc_R,,636.80632853508,2,-0.008045912180264514,0.03690600411743139,shallow__saccade_p0.9_s_star_a1__seed2,,,,,0.8539112289210986,,,,,,1.1250238204941092,0.21423007547855377,3.514469623565674,3.6157251461584328,0.16458763182163239,11.72561264038086
0.03270543116575508,0.08482319102137503,0.3434775252382831,0.6306271501889347,0.8203964807399471,0.830457954994078,0.8237493655180192,0.8001579155151994,alpha,1.0,0.815653289714882,0.8226599734905102,0.8235074311176288,0.5664810062325503,0.8017160664429341,0.8234608985024958,0.3202698891677712,0.8633567262121764,saccade_p0.9_s_star_a1_sacmis,saccade,0.25702642488507854,0.2480485641423661,0.26753218315296934,0.7521393064216452,0.5032375419498576,0.5002217540747311,0.5076813147552697,0.9091305529278938,0.007854141402746762,0.02179136467469467,14,44.32151260370392,0.8235074311176288,0.7571476917002735,0.7564863645336868,0.06635973941735529,-0.036931385543867545,0.2722256690826024,0.2720860712372035,0.26239177641783473,0.2264939789616176,shallow,mismatch,0.9,s_star,sacc_R,sacc_R_mis,310.61879229545593,0,0.007006683775628186,0.02174483205956168,shallow__saccade_p0.9_s_star_a1_sacmis__seed0,,,,,0.8187158084710395,,,,,,1.0004103385466523,0.20107126235961914,2.656804084777832,3.86873683747289,0.1740545630455017,10.555561065673828
0.026027860808752967,0.13680841464102422,0.35852461790085166,0.6423890361513733,0.8472562179234111,0.8640432011730868,0.8371693643900513,0.825370819468727,alpha,1.0,0.8213429594743225,0.8492103556219859,0.846761047970896,0.6057742745142276,0.8231041484531431,0.8483784088665782,0.3581164161425872,0.8542881881152024,saccade_p0.9_s_star_a1_sacmis,saccade,0.2409867734566684,0.24035924160106437,0.24373336099298137,0.31123426752776934,0.4886446318283088,0.4872435968510921,0.4891551130011871,0.804782318856674,0.025418088496573565,0.02365689951775296,19,67.33871759469373,0.846761047970896,0.7814038748977692,0.7779520009024508,0.06535717307312683,-0.027795482106094394,0.22478355283566942,0.23793959220508198,0.23182125835471956,0.17315068106827614,shallow,mismatch,0.9,s_star,sacc_R,sacc_R_mis,392.74276208877563,1,0.027867396147663426,0.025274260413435168,shallow__saccade_p0.9_s_star_a1_sacmis__seed1,,,,,0.8489340702724042,,,,,,1.195504907613297,0.18666307628154755,3.8931448459625244,3.5460984573312384,0.14273475110530853,11.923270225524902
0.0008346962946252923,0.3031554903840732,0.5030032147087022,0.7482008910946929,0.872440922677796,0.8690767582200665,0.8657210535220798,0.8337488015340364,alpha,0.5,0.8729857017964409,0.8674976733692434,0.8700555571223103,0.5685171606644293,0.8119786231986237,0.8692080994951916,0.2558377280803181,0.882758384979949,saccade_p1_s_high_a0.5,saccade,0.30153839645788105,0.3211165317662712,0.2825548294897947,0.833061050822569,0.6142178290419922,0.6223361791772923,0.606092037478823,0.9755856252782524,-0.0029301446741305526,0.058076933923686624,43,nan,0.8700555571223103,0.8700555571223103,0.8650483657181534,0.0,0.0,0.35131278377844843,0.35206717617530114,0.3518345130996362,0.328477960461378,shallow,corner,1.0,s_high,sacc_R,,604.6684973239899,0,-0.005488028427197422,0.05722947629656794,shallow__saccade_p1_s_high_a0.5__seed0,,0.7028593987930742,,0.7481980711747787,0.8640488410129152,,0.7532344481416728,,0.5566634707574305,,1.195100728894734,0.19834913313388824,7.348399639129639,2.216353111875023,0.1595699042081833,12.887800216674805
0.03452145959054764,0.27462354069144457,0.5063645592465174,0.669265692854323,0.8556285601488918,0.835491512041058,0.8673932660312447,0.8270486718177203,alpha,0.5,0.8606305874390141,0.856021038382357,0.8552356242420824,0.595573761245382,0.8062790828844582,0.8535096872444231,0.31492709890295834,0.8708758658403208,saccade_p1_s_high_a0.5,saccade,0.25966186299670047,0.23849650737332295,0.2805783171409143,0.8972753693882606,0.5403085253391241,0.5411132054551502,0.5402563127384203,0.9776065027902416,-0.005394963196931668,0.048956541357624284,22,nan,0.8552356242420824,0.8552356242420824,0.8399968978256578,0.0,0.0,0.3352886432217491,0.3344101638512085,0.33004878874192733,0.27532079302856827,shallow,corner,1.0,s_high,sacc_R,,447.8307020664215,1,-0.004609549056657114,0.047230604359964956,shallow__saccade_p1_s_high_a0.5__seed1,,0.6591619198014778,,0.6894055608820708,0.8606677570357002,,0.6742851503017313,,0.5600022559359314,,1.1904824100570703,0.19709795713424683,5.272705078125,2.428363513823496,0.16372141242027283,9.874539375305176
-0.031041678416332985,0.2024533303254188,0.38877953866110193,0.6373893181433647,0.8405307089278664,0.8388331171394732,0.8371891038294512,0.7766538830297218,alpha,1.5,0.9707732874587551,0.9706181787416452,0.9706181787416452,0.5120942496968329,0.9730674863927353,0.9706181787416452,0.049317521644716436,0.9904529711994168,saccade_p1_s_high_a1.5,saccade,0.4585239290448123,0.4659940126399822,0.4519932233862324,0.016374669352852818,0.9213006570969288,0.9258842443729902,0.9164793877997902,0.8982236148564507,-0.00015510871710988638,-0.0024493076510900824,20,nan,0.9706181787416452,0.9706181787416452,0.9672283482331707,0.0,0.0,0.4672128373614597,0.4669646634140838,0.4674863927352717,0.46638089060605203,shallow,corner,1.0,s_high,sacc_R,,420.60359835624695,0,-0.00015510871710988638,-0.0024493076510900824,shallow__saccade_p1_s_high_a1.5__seed0,0.9278382493937172,,0.9311854943319611,,0.84220856127686,0.9295189216626247,,0.9093818735547909,,0.9311601150527324,1.4646420954054469,0.3752366602420807,13.700514793395996,3.172022723027594,0.31115180253982544,29.570106506347656
-0.03946195928035645,0.17547515650555523,0.42407365630816085,0.664189837008629,0.8556426597484632,0.842211381196774,0.842202921437031,0.8472026394450398,alpha,1.5,0.978260808257424,0.9739304548915649,0.9730829972644462,0.5053921430384387,0.9730364646493133,0.9730829972644462,0.051058969514086686,0.9928226394458621,saccade_p1_s_high_a1.5,saccade,0.46769085422600754,0.4726577225856524,0.46306284502529715,-0.8076374110461282,0.9220240277503595,0.9278412240824925,0.915557399532091,0.9622049472353954,-0.0051778109929777605,4.653261513298812e-05,24,nan,0.9730829972644462,0.9730829972644462,0.9730829972644462,0.0,0.0,0.471388082010209,0.46708875038777176,0.4716616373840209,0.471388082010209,shallow,corner,1.0,s_high,sacc_R,,458.18165922164917,1,-0.004330353365859074,4.653261513298812e-05,shallow__saccade_p1_s_high_a1.5__seed1,0.946269245953415,,0.9412328689865208,,0.8455699058146751,0.9445913936044215,,0.9294879025435678,,0.9160397044723929,1.2857067509624,0.3631279170513153,15.739267349243164,3.6018661168663373,0.3349454700946808,44.31608581542969
-0.004266538830297151,0.308169307991653,0.5869719699960521,0.7297247758163667,0.8841887090406633,0.8590096441261068,0.8791495121538548,0.8472082792848683,alpha,0.5,0.8788713725711385,0.8794396345074593,0.8769437942412364,0.5275346174455005,0.8419188358385741,0.877775740996644,0.17468907752615698,0.8449120488516223,saccade_p1_s_low_a0.5,saccade,0.3494091767957359,0.33178844661270646,0.36607544169000455,0.9104029469364386,0.7022547167150794,0.7096629338064087,0.6957265843792139,0.9705167382462068,-0.001927578329902091,0.03502495840266229,37,nan,0.8769437942412364,0.8769437942412364,0.8769282833695253,0.0,0.0,0.3768605995656956,0.3768450886939846,0.3700033841901915,0.36337883189035225,shallow,corner,1.0,s_low,sacc_R,,526.6219136714935,0,0.0005682619363208685,0.03585690515806994,shallow__saccade_p1_s_low_a0.5__seed0,,0.709567988269133,,0.7347611527832609,0.8841915289605775,,0.7398003496700694,,0.5734871129659918,,1.5276110456457845,0.2706940472126007,9.0780029296875,2.701742822851149,0.22603479027748108,14.699731826782227
-0.03774462805256329,0.3249224522023575,0.5314956855225312,0.7431052958095989,0.9009503130111105,0.862351249224522,0.8892053465681573,0.877403981726919,alpha,0.5,0.8744014213598804,0.87321272455512,0.8723807777997123,0.5238035477593841,0.8237654756197298,0.8715488310443047,0.18779858428043655,0.8443652023332118,saccade_p1_s_low_a0.5,saccade,0.34857723004032826,0.3678789222751967,0.33052126911685054,0.8558583949511445,0.6845821935192757,0.693003658942233,0.6765665156910878,0.97511694671097,-0.0020206435601680672,0.048615302179982556,24,nan,0.8723807777997123,0.8723807777997123,0.865880312473561,0.0,0.0,0.3693110352801827,0.37328463859668914,0.366458444964607,0.3557982458614174,shallow,corner,1.0,s_low,sacc_R,,455.45081782341003,1,-0.001188696804760414,0.0477833554245749,shallow__saccade_p1_s_low_a0.5__seed1,,0.6927330663809148,,0.7347019344650612,0.9043088376290114,,0.7548502622525519,,0.590237437256782,,1.5976503619615936,0.2664811611175537,6.583749771118164,2.8933212023629866,0.2031136453151703,11.087148666381836
-0.007551745530426923,0.22755907732220404,0.4946195928035644,0.699455755456545,0.8757797078562968,0.8589758050871354,0.869071118380238,0.8152670464158818,alpha,1.5,0.980818692010491,0.9816041061507657,0.9816041061507657,0.5021263995036521,0.9840534138018557,0.9816041061507657,0.020199385205448547,0.9880491250455705,saccade_p1_s_low_a1.5,saccade,0.47947770664711353,0.4725413016964186,0.48704606483882495,-0.6082972499477651,0.9614047209453171,0.961625457367779,0.9611785315031867,0.9732621749719036,0.000785414140274665,-0.0024493076510900824,22,nan,0.9816041061507657,0.9816041061507657,0.9757339462477792,0.0,0.0,0.48074113765193605,0.4779195690797823,0.4801672353986294,0.48074113765193605,shallow,corner,1.0,s_low,sacc_R,,443.9262990951538,0,0.000785414140274665,-0.0024493076510900824,shallow__saccade_p1_s_low_a1.5__seed0,0.9462861654729005,,0.9513140826800517,,0.8774603801252043,0.9546810670576957,,0.9513253623597091,,0.946272065873329,1.57310842936364,0.39871716499328613,14.924093246459961,4.376654018459241,0.37565043568611145,42.61661148071289
0.031041678416332985,0.17209689244825443,0.45252946816310424,0.6675173425074727,0.8858242625909423,0.8891715075291862,0.8975664091139812,0.8287011448874853,alpha,1.5,0.9831594235596041,0.9797695930511294,0.9797695930511294,0.5078414506895288,0.9797385713077075,0.9797695930511294,0.03511238331594236,0.9904187932920161,saccade_p1_s_low_a1.5,saccade,0.47192814236160063,0.4851701962523561,0.4571333079786559,0.05244784896725905,0.9446572097351871,0.9479487748087371,0.9407795410803397,0.8810166996809988,-0.003389830508474634,3.102174342195507e-05,19,nan,0.9797695930511294,0.9797695930511294,0.9780901886686032,0.0,0.0,0.47892213542401074,0.47351166135536815,0.4783482331707041,0.47807467779689217,shallow,corner,1.0,s_low,sacc_R,,431.1717290878296,1,-0.003389830508474634,3.102174342195507e-05,shallow__saccade_p1_s_low_a1.5__seed1,0.9664091139811628,,0.9529834752693023,,0.8841407704021207,0.9580226721561107,,0.9613783768540973,,0.9361908521797981,1.3220939195182309,0.4034353792667389,14.820943832397461,3.5688227338168628,0.3563701808452606,39.996334075927734
0.0394337600812138,0.24941063673791675,0.42239580395916754,0.6978258417460945,0.855620100389149,0.8455473464553607,0.8690485590209236,0.830384637076307,alpha,1.0,0.9465537663216672,0.9470910065145661,0.9462590597591585,0.526299388025607,0.9367353845286106,0.9454116021320398,0.10211793902817337,0.9642157309515129,saccade_p1_s_star_a1,saccade,0.4199596717335514,0.42233063532542414,0.41817930366836076,0.8597015046870276,0.8441411207309851,0.8588978822485863,0.82863695559474,0.9442965030358131,-0.0002947065625087397,0.009523675230547868,34,nan,0.9462590597591585,0.9462590597591585,0.9420217716235653,0.0,0.0,0.4419907498801433,0.43747426605375217,0.4422487943822443,0.4318212583547195,shallow,p_series,1.0,s_star,sacc_R,,453.1174509525299,0,0.0005372401928989134,0.008676217603429182,shallow__saccade_p1_s_star_a1__seed0,,,,,0.855620100389149,,,,,,1.3158632677443494,0.3087202310562134,12.894461631774902,2.6585160550201756,0.246897354722023,24.890775680541992
-0.0327195307653263,0.09493542383396303,0.29642152162878554,0.6238847216739045,0.8321301675032429,0.8438300152275677,0.8539168687609271,0.8068890643505724,alpha,1.0,0.9391437998815533,0.935536817169125,0.9363842747962435,0.5282114554837982,0.9310978877012888,0.9346738486702952,0.12171804055387914,0.9427520051039009,saccade_p1_s_star_a1,saccade,0.4081728193124453,0.39336955316553945,0.4218960688725236,0.6487173363938529,0.8146662342423644,0.8256957534094689,0.8023084281252522,0.9928553596957425,-0.002759525085309744,0.00528638709495477,13,nan,0.9363842747962435,0.9363842747962435,0.9277390789362362,0.0,0.0,0.43542824106714795,0.43516455624806116,0.4348233170704193,0.4303745170478581,shallow,p_series,1.0,s_star,sacc_R,,321.310599565506,1,-0.0036069827124283194,0.0035759609690064753,shallow__saccade_p1_s_star_a1__seed1,,,,,0.8589645254074783,,,,,,1.5205823196827724,0.33046025037765503,7.136883735656738,4.832611127971904,0.2819497585296631,23.337425231933594
0.02934690654785399,0.29978004624668664,0.43918560712875765,0.6759771022502961,0.9009277536517963,0.8757317692177542,0.9042862782696972,0.8337516214539507,alpha,1.0,0.930529625764968,0.9260131419385769,0.9268605995656956,0.5161764291153162,0.9267210017202967,0.9268605995656956,0.11299529033531686,0.9497584761210354,saccade_p1_s_star_a1,saccade,0.4106841704503793,0.3849817052888347,0.4353109981675483,0.5123656884904192,0.8138653092303787,0.8109934582547954,0.8168297433415159,0.9678708587312165,-0.0036690261992724515,0.00013959784539885334,19,nan,0.9268605995656956,0.9268605995656956,0.9242251614540737,0.0,0.0,0.4259821201951549,0.42513466256803634,0.42625567556896693,0.42343974731379896,shallow,p_series,1.0,s_star,sacc_R,,355.61882042884827,2,-0.004516483826391138,0.00013959784539885334,shallow__saccade_p1_s_star_a1__seed2,,,,,0.8992499013028028,,,,,,1.6124481830404083,0.3604873716831207,12.2355375289917,3.2182750639610385,0.2852568030357361,23.657251358032227
-0.05961592690767581,0.005811854943319705,0.0042186001917545735,0.0964638204274999,0.3751903445942135,0.10833004342676666,0.3936692797924539,0.2275139586035757,alpha,1.0,,,0.69618291547985,,,,,0.8157241159314619,saccade_pnone_s_star_a1,saccade,,,,,,,,,,,16,,,,,,,,,,,shallow,p_series,,s_star,sacc_R,,242.59571051597595,0,,,shallow__saccade_pnone_s_star_a1__seed0,,,,,0.3987253961987478,,,,,,,,,,,
-0.029431504145282394,0.02933844678811126,0.04280356437877164,0.12169646382042743,0.38355986689977994,0.20058654334216897,0.3617957250014099,0.264477468839885,alpha,1.0,,,0.651184466567021,,,,,0.8109164236237696,saccade_pnone_s_star_a1,saccade,,,,,,,,,,,14,,,,,,,,,,,shallow,p_series,,s_star,sacc_R,,231.09090495109558,1,,,shallow__saccade_pnone_s_star_a1__seed1,,,,,0.3801844227623936,,,,,,,,,,,
-0.00919857876036323,-0.03111217641418995,0.01759630026507253,0.11486661778805485,0.4070667193051718,0.3014550786757657,0.43388697760983597,0.21580001127967963,alpha,1.0,,,0.7006006937589893,,,,,0.8346814619030258,saccade_pnone_s_star_a1,saccade,,,,,,,,,,,24,,,,,,,,,,,shallow,p_series,,s_star,sacc_R,,283.22832918167114,2,,,shallow__saccade_pnone_s_star_a1__seed2,,,,,0.40705261970560036,,,,,,,,,,,
