local_time,timestamp,temperature.gpu,power.draw,clocks.sm,clocks.mem,utilization.gpu,memory.used,memory.total,pstate,clocks_throttle_reasons.active
2026-09-26 10:36:35,2026/09/26 10:36:35.057, 51, 19.58 W, 2370 MHz, 8001 MHz, 0 %, 0 MiB, 8188 MiB, P0, 0x0000000000000004
2026-09-26 10:36:45,2026/09/26 10:36:45.107, 67, 98.51 W, 2550 MHz, 8001 MHz, 96 %, 5145 MiB, 8188 MiB, P0, 0x0000000000000004
2026-09-26 10:36:55,2026/09/26 10:36:55.153, 72, 98.56 W, 2595 MHz, 8001 MHz, 97 %, 5147 MiB, 8188 MiB, P0, 0x0000000000000000
2026-09-26 10:37:05,2026/09/26 10:37:05.200, 73, 90.56 W, 2520 MHz, 8001 MHz, 95 %, 5147 MiB, 8188 MiB, P0, 0x0000000000000020
2026-09-26 10:37:15,2026/09/26 10:37:15.263, 72, 97.94 W, 2595 MHz, 8001 MHz, 95 %, 5147 MiB, 8188 MiB, P0, 0x0000000000000000
2026-09-26 10:37:25,2026/09/26 10:37:25.318, 72, 96.32 W, 2295 MHz, 8001 MHz, 94 %, 5147 MiB, 8188 MiB, P0, 0x0000000000000020
2026-09-26 10:37:35,2026/09/26 10:37:35.365, 77, 97.33 W, 2595 MHz, 8001 MHz, 79 %, 5147 MiB, 8188 MiB, P0, 0x0000000000000020
2026-09-26 10:37:45,2026/09/26 10:37:45.407, 73, 90.43 W, 2460 MHz, 8001 MHz, 100 %, 5147 MiB, 8188 MiB, P0, 0x0000000000000020
2026-09-26 10:37:55,2026/09/26 10:37:55.467, 74, 91.28 W, 2415 MHz, 8001 MHz, 95 %, 5147 MiB, 8188 MiB, P0, 0x0000000000000020
2026-09-26 10:38:05,2026/09/26 10:38:05.512, 75, 84.75 W, 2295 MHz, 8001 MHz, 94 %, 5147 MiB, 8188 MiB, P0, 0x0000000000000020
2026-09-26 10:38:15,2026/09/26 10:38:15.581, 74, 86.84 W, 2295 MHz, 8001 MHz, 93 %, 5147 MiB, 8188 MiB, P0, 0x0000000000000020
2026-09-26 10:38:25,2026/09/26 10:38:25.628, 75, 83.92 W, 2295 MHz, 8001 MHz, 100 %, 5147 MiB, 8188 MiB, P0, 0x0000000000000020
2026-09-26 10:38:35,2026/09/26 10:38:35.696, 76, 83.83 W, 2295 MHz, 8001 MHz, 95 %, 5147 MiB, 8188 MiB, P0, 0x0000000000000020
2026-09-26 10:38:45,2026/09/26 10:38:45.747, 75, 84.75 W, 2295 MHz, 8001 MHz, 94 %, 5147 MiB, 8188 MiB, P0, 0x0000000000000020
2026-09-26 10:38:55,2026/09/26 10:38:55.788, 76, 84.80 W, 2295 MHz, 8001 MHz, 94 %, 5147 MiB, 8188 MiB, P0, 0x0000000000000020
2026-09-26 10:39:05,2026/09/26 10:39:05.830, 76, 84.24 W, 2295 MHz, 8001 MHz, 94 %, 5147 MiB, 8188 MiB, P0, 0x0000000000000020
2026-09-26 10:39:15,2026/09/26 10:39:15.894, 76, 84.74 W, 2295 MHz, 8001 MHz, 99 %, 5147 MiB, 8188 MiB, P0, 0x0000000000000020
2026-09-26 10:39:25,2026/09/26 10:39:25.956, 76, 84.10 W, 2295 MHz, 8001 MHz, 95 %, 5147 MiB, 8188 MiB, P0, 0x0000000000000020
2026-09-26 10:39:35,2026/09/26 10:39:36.027, 67, 21.95 W, 615 MHz, 8001 MHz, 0 %, 5147 MiB, 8188 MiB, P0, 0x0000000000000001
2026-09-26 10:39:46,2026/09/26 10:39:46.091, 64, 6.29 W, 210 MHz, 810 MHz, 0 %, 5147 MiB, 8188 MiB, P5, 0x0000000000000001
2026-09-26 10:39:56,2026/09/26 10:39:56.152, 67, 29.65 W, 555 MHz, 6001 MHz, 100 %, 5153 MiB, 8188 MiB, P4, 0x0000000000000024
2026-09-26 10:40:06,2026/09/26 10:40:06.225, 66, 29.99 W, 555 MHz, 6001 MHz, 100 %, 5153 MiB, 8188 MiB, P4, 0x0000000000000004
2026-09-26 10:40:16,2026/09/26 10:40:16.271, 66, 29.88 W, 540 MHz, 6001 MHz, 100 %, 5153 MiB, 8188 MiB, P4, 0x0000000000000004
2026-09-26 10:40:26,2026/09/26 10:40:26.329, 74, 81.32 W, 2595 MHz, 7001 MHz, 99 %, 5153 MiB, 8188 MiB, P3, 0x0000000000000000
2026-09-26 10:40:36,2026/09/26 10:40:36.382, 66, 29.91 W, 570 MHz, 6001 MHz, 99 %, 5153 MiB, 8188 MiB, P4, 0x0000000000000004
2026-09-26 10:40:46,2026/09/26 10:40:46.454, 67, 29.80 W, 585 MHz, 6001 MHz, 100 %, 5153 MiB, 8188 MiB, P4, 0x0000000000000004
2026-09-26 10:40:56,2026/09/26 10:40:56.517, 67, 29.80 W, 570 MHz, 6001 MHz, 100 %, 5153 MiB, 8188 MiB, P4, 0x0000000000000004
2026-09-26 10:41:06,2026/09/26 10:41:06.598, 66, 23.51 W, 2370 MHz, 8001 MHz, 0 %, 5153 MiB, 8188 MiB, P0, 0x0000000000000001
2026-09-26 10:41:16,2026/09/26 10:41:16.697, 62, 3.52 W, 210 MHz, 405 MHz, 0 %, 5153 MiB, 8188 MiB, P8, 0x0000000000000001
2026-09-26 10:41:26,2026/09/26 10:41:26.774, 61, 3.62 W, 210 MHz, 405 MHz, 0 %, 5153 MiB, 8188 MiB, P8, 0x0000000000000001
2026-09-26 10:41:36,2026/09/26 10:41:36.828, 75, 86.87 W, 2400 MHz, 8001 MHz, 100 %, 5153 MiB, 8188 MiB, P0, 0x0000000000000020
2026-09-26 10:41:46,2026/09/26 10:41:46.881, 75, 85.39 W, 2295 MHz, 8001 MHz, 95 %, 5153 MiB, 8188 MiB, P0, 0x0000000000000020
2026-09-26 10:41:56,2026/09/26 10:41:56.945, 74, 85.01 W, 2295 MHz, 8001 MHz, 100 %, 5153 MiB, 8188 MiB, P0, 0x0000000000000020
2026-09-26 10:42:06,2026/09/26 10:42:07.017, 76, 82.89 W, 2295 MHz, 8001 MHz, 95 %, 5153 MiB, 8188 MiB, P0, 0x0000000000000020
2026-09-26 10:42:17,2026/09/26 10:42:17.086, 77, 84.63 W, 2295 MHz, 8001 MHz, 100 %, 5153 MiB, 8188 MiB, P0, 0x0000000000000020
2026-09-26 10:42:27,2026/09/26 10:42:27.134, 69, 29.89 W, 210 MHz, 8001 MHz, 100 %, 5153 MiB, 8188 MiB, P0, 0x0000000000000004
2026-09-26 10:42:37,2026/09/26 10:42:37.181, 68, 29.86 W, 540 MHz, 6001 MHz, 94 %, 5153 MiB, 8188 MiB, P4, 0x0000000000000004
2026-09-26 10:42:47,2026/09/26 10:42:47.250, 67, 30.09 W, 660 MHz, 6001 MHz, 100 %, 5153 MiB, 8188 MiB, P4, 0x0000000000000004
2026-09-26 10:42:57,2026/09/26 10:42:57.295, 66, 30.13 W, 330 MHz, 6001 MHz, 100 %, 5153 MiB, 8188 MiB, P4, 0x0000000000000004
2026-09-26 10:43:07,2026/09/26 10:43:07.367, 66, 29.87 W, 315 MHz, 6001 MHz, 100 %, 5153 MiB, 8188 MiB, P4, 0x0000000000000004
2026-09-26 10:43:17,2026/09/26 10:43:17.437, 67, 29.87 W, 345 MHz, 6001 MHz, 100 %, 5153 MiB, 8188 MiB, P4, 0x0000000000000004
2026-09-26 10:43:27,2026/09/26 10:43:27.494, 67, 29.93 W, 285 MHz, 6001 MHz, 100 %, 5153 MiB, 8188 MiB, P4, 0x0000000000000004
2026-09-26 10:43:37,2026/09/26 10:43:37.543, 77, 84.72 W, 2295 MHz, 8001 MHz, 100 %, 5153 MiB, 8188 MiB, P0, 0x0000000000000020
2026-09-26 10:43:47,2026/09/26 10:43:47.605, 77, 83.92 W, 2295 MHz, 8001 MHz, 100 %, 5153 MiB, 8188 MiB, P0, 0x0000000000000020
2026-09-26 10:43:57,2026/09/26 10:43:57.647, 78, 84.90 W, 2295 MHz, 8001 MHz, 100 %, 5153 MiB, 8188 MiB, P0, 0x0000000000000020
2026-09-26 10:44:07,2026/09/26 10:44:07.713, 68, 29.86 W, 345 MHz, 6001 MHz, 100 %, 5153 MiB, 8188 MiB, P4, 0x0000000000000004
2026-09-26 10:44:17,2026/09/26 10:44:17.762, 68, 29.88 W, 300 MHz, 6001 MHz, 100 %, 5153 MiB, 8188 MiB, P4, 0x0000000000000004
2026-09-26 10:44:27,2026/09/26 10:44:27.826, 67, 29.88 W, 525 MHz, 6001 MHz, 100 %, 5153 MiB, 8188 MiB, P4, 0x0000000000000004
2026-09-26 10:44:37,2026/09/26 10:44:37.887, 67, 29.81 W, 720 MHz, 6001 MHz, 94 %, 5153 MiB, 8188 MiB, P4, 0x0000000000000004
2026-09-26 10:44:47,2026/09/26 10:44:47.954, 67, 29.81 W, 495 MHz, 6001 MHz, 95 %, 5153 MiB, 8188 MiB, P4, 0x0000000000000004
2026-09-26 10:44:57,2026/09/26 10:44:58.024, 75, 84.41 W, 2295 MHz, 8001 MHz, 100 %, 5153 MiB, 8188 MiB, P0, 0x0000000000000020
2026-09-26 10:45:08,2026/09/26 10:45:08.088, 76, 85.34 W, 2295 MHz, 8001 MHz, 98 %, 5153 MiB, 8188 MiB, P0, 0x0000000000000020
2026-09-26 10:45:18,2026/09/26 10:45:18.145, 68, 30.32 W, 210 MHz, 8001 MHz, 100 %, 5153 MiB, 8188 MiB, P0, 0x0000000000000004
2026-09-26 10:45:28,2026/09/26 10:45:28.194, 67, 29.88 W, 345 MHz, 6001 MHz, 100 %, 5153 MiB, 8188 MiB, P4, 0x0000000000000004
2026-09-26 10:45:38,2026/09/26 10:45:38.258, 67, 29.99 W, 300 MHz, 6001 MHz, 100 %, 5153 MiB, 8188 MiB, P4, 0x0000000000000004
2026-09-26 10:45:48,2026/09/26 10:45:48.326, 76, 84.71 W, 2295 MHz, 8001 MHz, 95 %, 5153 MiB, 8188 MiB, P0, 0x0000000000000020
2026-09-26 10:45:58,2026/09/26 10:45:58.389, 77, 85.37 W, 2295 MHz, 8001 MHz, 100 %, 5153 MiB, 8188 MiB, P0, 0x0000000000000020
2026-09-26 10:46:08,2026/09/26 10:46:08.461, 68, 30.10 W, 540 MHz, 6001 MHz, 100 %, 5153 MiB, 8188 MiB, P4, 0x0000000000000004
2026-09-26 10:46:18,2026/09/26 10:46:18.512, 67, 30.07 W, 390 MHz, 6001 MHz, 100 %, 5153 MiB, 8188 MiB, P4, 0x0000000000000004
2026-09-26 10:46:28,2026/09/26 10:46:28.566, 67, 29.89 W, 330 MHz, 6001 MHz, 100 %, 5153 MiB, 8188 MiB, P4, 0x0000000000000004
2026-09-26 10:46:38,2026/09/26 10:46:38.608, 67, 29.91 W, 330 MHz, 6001 MHz, 100 %, 5153 MiB, 8188 MiB, P4, 0x0000000000000004
2026-09-26 10:46:48,2026/09/26 10:46:48.664, 67, 29.70 W, 375 MHz, 6001 MHz, 100 %, 5153 MiB, 8188 MiB, P4, 0x0000000000000004
2026-09-26 10:46:58,2026/09/26 10:46:58.725, 66, 29.84 W, 570 MHz, 6001 MHz, 95 %, 5153 MiB, 8188 MiB, P4, 0x0000000000000004
2026-09-26 10:47:08,2026/09/26 10:47:08.785, 77, 83.14 W, 2295 MHz, 8001 MHz, 94 %, 5153 MiB, 8188 MiB, P0, 0x0000000000000020
2026-09-26 10:47:18,2026/09/26 10:47:18.845, 78, 84.75 W, 2295 MHz, 8001 MHz, 97 %, 5153 MiB, 8188 MiB, P0, 0x0000000000000020
2026-09-26 10:47:28,2026/09/26 10:47:28.899, 69, 29.75 W, 735 MHz, 6001 MHz, 93 %, 5153 MiB, 8188 MiB, P4, 0x0000000000000004
2026-09-26 10:47:38,2026/09/26 10:47:38.963, 67, 29.85 W, 510 MHz, 6001 MHz, 94 %, 5153 MiB, 8188 MiB, P4, 0x0000000000000004
2026-09-26 10:47:48,2026/09/26 10:47:49.009, 67, 30.03 W, 360 MHz, 6001 MHz, 100 %, 5153 MiB, 8188 MiB, P4, 0x0000000000000004
2026-09-26 10:47:59,2026/09/26 10:47:59.069, 67, 29.89 W, 330 MHz, 6001 MHz, 100 %, 5153 MiB, 8188 MiB, P4, 0x0000000000000004
2026-09-26 10:48:09,2026/09/26 10:48:09.123, 67, 29.86 W, 555 MHz, 6001 MHz, 100 %, 5153 MiB, 8188 MiB, P4, 0x0000000000000004
2026-09-26 10:48:19,2026/09/26 10:48:19.186, 66, 29.88 W, 690 MHz, 6001 MHz, 95 %, 5153 MiB, 8188 MiB, P4, 0x0000000000000004
2026-09-26 10:48:29,2026/09/26 10:48:29.255, 66, 30.05 W, 330 MHz, 6001 MHz, 100 %, 5153 MiB, 8188 MiB, P4, 0x0000000000000004
2026-09-26 10:48:39,2026/09/26 10:48:39.306, 77, 83.89 W, 2295 MHz, 8001 MHz, 94 %, 5153 MiB, 8188 MiB, P0, 0x0000000000000020
2026-09-26 10:48:49,2026/09/26 10:48:49.378, 78, 84.17 W, 2295 MHz, 8001 MHz, 95 %, 5153 MiB, 8188 MiB, P0, 0x0000000000000020
2026-09-26 10:48:59,2026/09/26 10:48:59.449, 68, 29.83 W, 420 MHz, 6001 MHz, 100 %, 5153 MiB, 8188 MiB, P4, 0x0000000000000004
2026-09-26 10:49:09,2026/09/26 10:49:09.509, 67, 29.85 W, 465 MHz, 6001 MHz, 94 %, 5153 MiB, 8188 MiB, P4, 0x0000000000000004
2026-09-26 10:49:19,2026/09/26 10:49:19.562, 67, 29.87 W, 315 MHz, 6001 MHz, 100 %, 5153 MiB, 8188 MiB, P4, 0x0000000000000004
2026-09-26 10:49:29,2026/09/26 10:49:29.632, 67, 29.78 W, 405 MHz, 6001 MHz, 100 %, 5153 MiB, 8188 MiB, P4, 0x0000000000000004
2026-09-26 10:49:39,2026/09/26 10:49:39.693, 66, 30.14 W, 675 MHz, 6001 MHz, 100 %, 5153 MiB, 8188 MiB, P4, 0x0000000000000004
2026-09-26 10:49:49,2026/09/26 10:49:49.748, 66, 29.88 W, 330 MHz, 6001 MHz, 100 %, 5153 MiB, 8188 MiB, P4, 0x0000000000000004
2026-09-26 10:49:59,2026/09/26 10:49:59.804, 79, 83.82 W, 2295 MHz, 8001 MHz, 95 %, 5153 MiB, 8188 MiB, P0, 0x0000000000000020
2026-09-26 10:50:09,2026/09/26 10:50:09.877, 79, 83.85 W, 2295 MHz, 8001 MHz, 94 %, 5153 MiB, 8188 MiB, P0, 0x0000000000000020
2026-09-26 10:50:19,2026/09/26 10:50:19.926, 69, 29.03 W, 405 MHz, 6001 MHz, 100 %, 5153 MiB, 8188 MiB, P4, 0x0000000000000024
2026-09-26 10:50:29,2026/09/26 10:50:29.992, 68, 30.05 W, 510 MHz, 6001 MHz, 100 %, 5153 MiB, 8188 MiB, P4, 0x0000000000000004
2026-09-26 10:50:40,2026/09/26 10:50:40.040, 67, 29.91 W, 330 MHz, 6001 MHz, 100 %, 5153 MiB, 8188 MiB, P4, 0x0000000000000004
2026-09-26 10:50:50,2026/09/26 10:50:50.107, 67, 29.82 W, 555 MHz, 6001 MHz, 95 %, 5153 MiB, 8188 MiB, P4, 0x0000000000000004
2026-09-26 10:51:00,2026/09/26 10:51:00.175, 67, 29.83 W, 360 MHz, 6001 MHz, 95 %, 5153 MiB, 8188 MiB, P4, 0x0000000000000004
2026-09-26 10:51:10,2026/09/26 10:51:10.244, 67, 29.94 W, 345 MHz, 6001 MHz, 100 %, 5153 MiB, 8188 MiB, P4, 0x0000000000000004
2026-09-26 10:51:20,2026/09/26 10:51:20.316, 67, 29.77 W, 495 MHz, 6001 MHz, 100 %, 5153 MiB, 8188 MiB, P4, 0x0000000000000004
2026-09-26 10:51:30,2026/09/26 10:51:30.375, 66, 30.03 W, 285 MHz, 6001 MHz, 100 %, 5153 MiB, 8188 MiB, P4, 0x0000000000000004
2026-09-26 10:51:40,2026/09/26 10:51:40.433, 67, 29.88 W, 420 MHz, 6001 MHz, 100 %, 5153 MiB, 8188 MiB, P4, 0x0000000000000004
2026-09-26 10:51:50,2026/09/26 10:51:50.498, 76, 85.92 W, 2295 MHz, 8001 MHz, 94 %, 5153 MiB, 8188 MiB, P0, 0x0000000000000020
2026-09-26 10:52:00,2026/09/26 10:52:00.568, 76, 84.56 W, 2295 MHz, 8001 MHz, 94 %, 5153 MiB, 8188 MiB, P0, 0x0000000000000020
2026-09-26 10:52:10,2026/09/26 10:52:10.636, 68, 30.06 W, 330 MHz, 6001 MHz, 100 %, 5153 MiB, 8188 MiB, P4, 0x0000000000000004
2026-09-26 10:52:20,2026/09/26 10:52:20.686, 67, 29.88 W, 345 MHz, 6001 MHz, 100 %, 5153 MiB, 8188 MiB, P4, 0x0000000000000004
2026-09-26 10:52:30,2026/09/26 10:52:30.747, 67, 29.85 W, 525 MHz, 6001 MHz, 95 %, 5153 MiB, 8188 MiB, P4, 0x0000000000000004
2026-09-26 10:52:40,2026/09/26 10:52:40.816, 66, 20.34 W, 2370 MHz, 8001 MHz, 0 %, 5153 MiB, 8188 MiB, P0, 0x0000000000000024
2026-09-26 10:52:50,2026/09/26 10:52:50.880, 64, 9.95 W, 210 MHz, 810 MHz, 0 %, 5153 MiB, 8188 MiB, P5, 0x0000000000000001
2026-09-26 10:53:00,2026/09/26 10:53:00.953, 67, 29.96 W, 540 MHz, 6001 MHz, 100 %, 5153 MiB, 8188 MiB, P4, 0x0000000000000004
2026-09-26 10:53:10,2026/09/26 10:53:11.025, 67, 29.91 W, 540 MHz, 6001 MHz, 100 %, 5153 MiB, 8188 MiB, P4, 0x0000000000000004
2026-09-26 10:53:21,2026/09/26 10:53:21.085, 67, 29.87 W, 540 MHz, 6001 MHz, 99 %, 5153 MiB, 8188 MiB, P4, 0x0000000000000004
2026-09-26 10:53:31,2026/09/26 10:53:31.132, 67, 29.98 W, 405 MHz, 6001 MHz, 100 %, 5153 MiB, 8188 MiB, P4, 0x0000000000000004
2026-09-26 10:53:41,2026/09/26 10:53:41.207, 67, 29.89 W, 540 MHz, 6001 MHz, 100 %, 5153 MiB, 8188 MiB, P4, 0x0000000000000004
2026-09-26 10:53:51,2026/09/26 10:53:51.258, 67, 29.86 W, 540 MHz, 6001 MHz, 100 %, 5153 MiB, 8188 MiB, P4, 0x0000000000000004
2026-09-26 10:54:01,2026/09/26 10:54:01.327, 66, 29.84 W, 615 MHz, 6001 MHz, 100 %, 5153 MiB, 8188 MiB, P4, 0x0000000000000004
2026-09-26 10:54:11,2026/09/26 10:54:11.378, 66, 29.69 W, 585 MHz, 6001 MHz, 99 %, 5153 MiB, 8188 MiB, P4, 0x0000000000000004
2026-09-26 10:54:21,2026/09/26 10:54:21.436, 67, 29.77 W, 585 MHz, 6001 MHz, 99 %, 5153 MiB, 8188 MiB, P4, 0x0000000000000004
2026-09-26 10:54:31,2026/09/26 10:54:31.509, 64, 13.43 W, 1020 MHz, 6001 MHz, 0 %, 5153 MiB, 8188 MiB, P4, 0x0000000000000024
2026-09-26 10:54:41,2026/09/26 10:54:41.574, 62, 3.54 W, 210 MHz, 405 MHz, 0 %, 5153 MiB, 8188 MiB, P8, 0x0000000000000001
2026-09-26 10:54:51,2026/09/26 10:54:51.625, 74, 76.20 W, 2325 MHz, 8001 MHz, 94 %, 5153 MiB, 8188 MiB, P0, 0x0000000000000020
2026-09-26 10:55:01,2026/09/26 10:55:01.709, 75, 84.94 W, 2295 MHz, 8001 MHz, 93 %, 5153 MiB, 8188 MiB, P0, 0x0000000000000020
2026-09-26 10:55:11,2026/09/26 10:55:11.779, 77, 84.98 W, 2295 MHz, 8001 MHz, 95 %, 5153 MiB, 8188 MiB, P0, 0x0000000000000020
2026-09-26 10:55:21,2026/09/26 10:55:21.852, 79, 84.89 W, 2295 MHz, 8001 MHz, 100 %, 5153 MiB, 8188 MiB, P0, 0x0000000000000020
2026-09-26 10:55:31,2026/09/26 10:55:31.914, 67, 30.11 W, 330 MHz, 6001 MHz, 100 %, 5153 MiB, 8188 MiB, P4, 0x0000000000000004
2026-09-26 10:55:41,2026/09/26 10:55:41.961, 67, 29.72 W, 375 MHz, 6001 MHz, 100 %, 5153 MiB, 8188 MiB, P4, 0x0000000000000004
2026-09-26 10:55:51,2026/09/26 10:55:52.008, 67, 29.89 W, 285 MHz, 6001 MHz, 100 %, 5153 MiB, 8188 MiB, P4, 0x0000000000000004
2026-09-26 10:56:02,2026/09/26 10:56:02.068, 67, 29.90 W, 495 MHz, 6001 MHz, 94 %, 5153 MiB, 8188 MiB, P4, 0x0000000000000004
2026-09-26 10:56:12,2026/09/26 10:56:12.125, 66, 30.04 W, 330 MHz, 6001 MHz, 100 %, 5153 MiB, 8188 MiB, P4, 0x0000000000000004
2026-09-26 10:56:22,2026/09/26 10:56:22.187, 77, 84.59 W, 2295 MHz, 8001 MHz, 95 %, 5153 MiB, 8188 MiB, P0, 0x0000000000000020
2026-09-26 10:56:32,2026/09/26 10:56:32.248, 68, 29.73 W, 420 MHz, 6001 MHz, 100 %, 5153 MiB, 8188 MiB, P4, 0x0000000000000004
2026-09-26 10:56:42,2026/09/26 10:56:42.314, 67, 29.88 W, 645 MHz, 6001 MHz, 94 %, 5153 MiB, 8188 MiB, P4, 0x0000000000000004
2026-09-26 10:56:52,2026/09/26 10:56:52.384, 67, 29.70 W, 330 MHz, 6001 MHz, 100 %, 5153 MiB, 8188 MiB, P4, 0x0000000000000004
2026-09-26 10:57:02,2026/09/26 10:57:02.468, 67, 29.78 W, 450 MHz, 6001 MHz, 100 %, 5153 MiB, 8188 MiB, P4, 0x0000000000000004
2026-09-26 10:57:12,2026/09/26 10:57:12.541, 67, 29.84 W, 480 MHz, 6001 MHz, 96 %, 5153 MiB, 8188 MiB, P4, 0x0000000000000004
2026-09-26 10:57:22,2026/09/26 10:57:22.600, 66, 23.99 W, 2040 MHz, 6001 MHz, 93 %, 5153 MiB, 8188 MiB, P4, 0x0000000000000004
2026-09-26 10:57:32,2026/09/26 10:57:32.661, 78, 84.62 W, 2295 MHz, 8001 MHz, 100 %, 5153 MiB, 8188 MiB, P0, 0x0000000000000020
2026-09-26 10:57:42,2026/09/26 10:57:42.731, 78, 84.84 W, 2295 MHz, 8001 MHz, 100 %, 5153 MiB, 8188 MiB, P0, 0x0000000000000020
2026-09-26 10:57:52,2026/09/26 10:57:52.800, 69, 29.79 W, 405 MHz, 6001 MHz, 100 %, 5153 MiB, 8188 MiB, P4, 0x0000000000000004
2026-09-26 10:58:02,2026/09/26 10:58:02.854, 68, 30.09 W, 375 MHz, 6001 MHz, 100 %, 5153 MiB, 8188 MiB, P4, 0x0000000000000004
2026-09-26 10:58:12,2026/09/26 10:58:12.904, 68, 29.86 W, 270 MHz, 6001 MHz, 100 %, 5153 MiB, 8188 MiB, P4, 0x0000000000000004
2026-09-26 10:58:22,2026/09/26 10:58:22.962, 67, 30.04 W, 480 MHz, 6001 MHz, 100 %, 5153 MiB, 8188 MiB, P4, 0x0000000000000004
2026-09-26 10:58:32,2026/09/26 10:58:33.030, 67, 29.88 W, 330 MHz, 6001 MHz, 94 %, 5153 MiB, 8188 MiB, P4, 0x0000000000000004
2026-09-26 10:58:43,2026/09/26 10:58:43.082, 67, 29.85 W, 315 MHz, 6001 MHz, 100 %, 5153 MiB, 8188 MiB, P4, 0x0000000000000004
2026-09-26 10:58:53,2026/09/26 10:58:53.136, 67, 29.81 W, 555 MHz, 6001 MHz, 100 %, 5153 MiB, 8188 MiB, P4, 0x0000000000000004
2026-09-26 10:59:03,2026/09/26 10:59:03.199, 66, 30.13 W, 330 MHz, 6001 MHz, 100 %, 5153 MiB, 8188 MiB, P4, 0x0000000000000004
2026-09-26 10:59:13,2026/09/26 10:59:13.268, 67, 29.85 W, 435 MHz, 6001 MHz, 100 %, 5153 MiB, 8188 MiB, P4, 0x0000000000000004
2026-09-26 10:59:23,2026/09/26 10:59:23.334, 76, 85.17 W, 2295 MHz, 8001 MHz, 94 %, 5153 MiB, 8188 MiB, P0, 0x0000000000000020
2026-09-26 10:59:33,2026/09/26 10:59:33.387, 78, 85.67 W, 2355 MHz, 8001 MHz, 94 %, 5153 MiB, 8188 MiB, P0, 0x0000000000000020
2026-09-26 10:59:43,2026/09/26 10:59:43.439, 69, 29.95 W, 345 MHz, 6001 MHz, 100 %, 5153 MiB, 8188 MiB, P4, 0x0000000000000004
2026-09-26 10:59:53,2026/09/26 10:59:53.508, 68, 29.82 W, 285 MHz, 6001 MHz, 100 %, 5153 MiB, 8188 MiB, P4, 0x0000000000000004
2026-09-26 11:00:03,2026/09/26 11:00:03.567, 67, 30.06 W, 420 MHz, 6001 MHz, 100 %, 5153 MiB, 8188 MiB, P4, 0x0000000000000004
2026-09-26 11:00:13,2026/09/26 11:00:13.633, 67, 29.89 W, 345 MHz, 6001 MHz, 100 %, 5153 MiB, 8188 MiB, P4, 0x0000000000000004
2026-09-26 11:00:23,2026/09/26 11:00:23.698, 67, 29.85 W, 540 MHz, 6001 MHz, 94 %, 5153 MiB, 8188 MiB, P4, 0x0000000000000004
2026-09-26 11:00:33,2026/09/26 11:00:33.769, 67, 29.98 W, 285 MHz, 6001 MHz, 100 %, 5153 MiB, 8188 MiB, P4, 0x0000000000000004
2026-09-26 11:00:43,2026/09/26 11:00:43.834, 67, 29.83 W, 375 MHz, 6001 MHz, 100 %, 5153 MiB, 8188 MiB, P4, 0x0000000000000004
2026-09-26 11:00:53,2026/09/26 11:00:53.876, 67, 30.07 W, 360 MHz, 6001 MHz, 100 %, 5153 MiB, 8188 MiB, P4, 0x0000000000000004
2026-09-26 11:01:03,2026/09/26 11:01:03.938, 67, 29.87 W, 270 MHz, 6001 MHz, 100 %, 5153 MiB, 8188 MiB, P4, 0x0000000000000004
2026-09-26 11:01:13,2026/09/26 11:01:14.004, 66, 30.04 W, 495 MHz, 6001 MHz, 100 %, 5153 MiB, 8188 MiB, P4, 0x0000000000000004
2026-09-26 11:01:24,2026/09/26 11:01:24.074, 77, 84.50 W, 2295 MHz, 8001 MHz, 100 %, 5153 MiB, 8188 MiB, P0, 0x0000000000000020
2026-09-26 11:01:34,2026/09/26 11:01:34.135, 68, 30.03 W, 360 MHz, 6001 MHz, 100 %, 5153 MiB, 8188 MiB, P4, 0x0000000000000004
2026-09-26 11:01:44,2026/09/26 11:01:44.195, 74, 29.05 W, 2595 MHz, 8001 MHz, 95 %, 5153 MiB, 8188 MiB, P0, 0x0000000000000001
2026-09-26 11:01:54,2026/09/26 11:01:54.251, 77, 85.21 W, 2295 MHz, 8001 MHz, 100 %, 5153 MiB, 8188 MiB, P0, 0x0000000000000020
2026-09-26 11:02:04,2026/09/26 11:02:04.317, 68, 29.77 W, 405 MHz, 6001 MHz, 93 %, 5153 MiB, 8188 MiB, P4, 0x0000000000000004
2026-09-26 11:02:14,2026/09/26 11:02:14.389, 67, 30.10 W, 330 MHz, 6001 MHz, 100 %, 5153 MiB, 8188 MiB, P4, 0x0000000000000004
2026-09-26 11:02:24,2026/09/26 11:02:24.436, 67, 30.01 W, 435 MHz, 6001 MHz, 100 %, 5153 MiB, 8188 MiB, P4, 0x0000000000000004
2026-09-26 11:02:34,2026/09/26 11:02:34.495, 67, 30.06 W, 330 MHz, 6001 MHz, 100 %, 5153 MiB, 8188 MiB, P4, 0x0000000000000004
2026-09-26 11:02:44,2026/09/26 11:02:44.545, 67, 30.06 W, 345 MHz, 6001 MHz, 100 %, 5153 MiB, 8188 MiB, P4, 0x0000000000000004
2026-09-26 11:02:54,2026/09/26 11:02:54.607, 67, 29.78 W, 510 MHz, 6001 MHz, 99 %, 5153 MiB, 8188 MiB, P4, 0x0000000000000004
2026-09-26 11:03:04,2026/09/26 11:03:04.674, 66, 30.02 W, 330 MHz, 6001 MHz, 100 %, 5153 MiB, 8188 MiB, P4, 0x0000000000000004
2026-09-26 11:03:14,2026/09/26 11:03:14.726, 78, 85.26 W, 2295 MHz, 8001 MHz, 100 %, 5153 MiB, 8188 MiB, P0, 0x0000000000000020
2026-09-26 11:03:24,2026/09/26 11:03:24.786, 79, 83.69 W, 2295 MHz, 8001 MHz, 100 %, 5153 MiB, 8188 MiB, P0, 0x0000000000000020
2026-09-26 11:03:34,2026/09/26 11:03:34.835, 68, 29.84 W, 660 MHz, 6001 MHz, 95 %, 5153 MiB, 8188 MiB, P4, 0x0000000000000004
2026-09-26 11:03:44,2026/09/26 11:03:44.883, 68, 29.87 W, 330 MHz, 6001 MHz, 100 %, 5153 MiB, 8188 MiB, P4, 0x0000000000000004
2026-09-26 11:03:54,2026/09/26 11:03:54.944, 68, 29.74 W, 540 MHz, 6001 MHz, 95 %, 5153 MiB, 8188 MiB, P4, 0x0000000000000004
2026-09-26 11:04:04,2026/09/26 11:04:05.008, 67, 29.99 W, 330 MHz, 6001 MHz, 100 %, 5153 MiB, 8188 MiB, P4, 0x0000000000000004
2026-09-26 11:04:15,2026/09/26 11:04:15.074, 67, 29.88 W, 315 MHz, 6001 MHz, 100 %, 5153 MiB, 8188 MiB, P4, 0x0000000000000004
2026-09-26 11:04:25,2026/09/26 11:04:25.116, 67, 29.81 W, 555 MHz, 6001 MHz, 94 %, 5153 MiB, 8188 MiB, P4, 0x0000000000000004
2026-09-26 11:04:35,2026/09/26 11:04:35.183, 67, 30.03 W, 375 MHz, 6001 MHz, 100 %, 5153 MiB, 8188 MiB, P4, 0x0000000000000004
2026-09-26 11:04:45,2026/09/26 11:04:45.248, 67, 29.88 W, 330 MHz, 6001 MHz, 100 %, 5153 MiB, 8188 MiB, P4, 0x0000000000000004
2026-09-26 11:04:55,2026/09/26 11:04:55.316, 67, 29.80 W, 510 MHz, 6001 MHz, 94 %, 5153 MiB, 8188 MiB, P4, 0x0000000000000004
2026-09-26 11:05:05,2026/09/26 11:05:05.369, 66, 30.10 W, 615 MHz, 6001 MHz, 100 %, 5153 MiB, 8188 MiB, P4, 0x0000000000000004
2026-09-26 11:05:15,2026/09/26 11:05:15.422, 78, 83.92 W, 2295 MHz, 8001 MHz, 94 %, 5153 MiB, 8188 MiB, P0, 0x0000000000000020
2026-09-26 11:05:25,2026/09/26 11:05:25.480, 78, 85.03 W, 2295 MHz, 8001 MHz, 95 %, 5153 MiB, 8188 MiB, P0, 0x0000000000000020
2026-09-26 11:05:35,2026/09/26 11:05:35.544, 68, 30.10 W, 720 MHz, 6001 MHz, 100 %, 5153 MiB, 8188 MiB, P4, 0x0000000000000004
2026-09-26 11:05:45,2026/09/26 11:05:45.595, 67, 30.05 W, 330 MHz, 6001 MHz, 100 %, 5153 MiB, 8188 MiB, P4, 0x0000000000000004
2026-09-26 11:05:55,2026/09/26 11:05:55.641, 67, 29.86 W, 315 MHz, 6001 MHz, 100 %, 5153 MiB, 8188 MiB, P4, 0x0000000000000004
2026-09-26 11:06:05,2026/09/26 11:06:05.686, 67, 29.88 W, 540 MHz, 6001 MHz, 94 %, 5153 MiB, 8188 MiB, P4, 0x0000000000000004
2026-09-26 11:06:15,2026/09/26 11:06:15.728, 67, 30.06 W, 330 MHz, 6001 MHz, 100 %, 5153 MiB, 8188 MiB, P4, 0x0000000000000004
2026-09-26 11:06:25,2026/09/26 11:06:25.792, 67, 29.90 W, 300 MHz, 6001 MHz, 100 %, 5153 MiB, 8188 MiB, P4, 0x0000000000000004
2026-09-26 11:06:35,2026/09/26 11:06:35.839, 66, 29.88 W, 495 MHz, 6001 MHz, 94 %, 5153 MiB, 8188 MiB, P4, 0x0000000000000004
2026-09-26 11:06:45,2026/09/26 11:06:45.898, 72, 38.35 W, 2595 MHz, 8001 MHz, 70 %, 5153 MiB, 8188 MiB, P0, 0x0000000000000000
2026-09-26 11:06:55,2026/09/26 11:06:55.949, 67, 29.95 W, 465 MHz, 8001 MHz, 100 %, 5153 MiB, 8188 MiB, P0, 0x0000000000000004
2026-09-26 11:07:05,2026/09/26 11:07:05.996, 67, 29.82 W, 585 MHz, 6001 MHz, 100 %, 5153 MiB, 8188 MiB, P4, 0x0000000000000004
2026-09-26 11:07:16,2026/09/26 11:07:16.056, 67, 29.82 W, 555 MHz, 6001 MHz, 100 %, 5153 MiB, 8188 MiB, P4, 0x0000000000000004
2026-09-26 11:07:26,2026/09/26 11:07:26.100, 67, 29.84 W, 570 MHz, 6001 MHz, 100 %, 5153 MiB, 8188 MiB, P4, 0x0000000000000004
2026-09-26 11:07:36,2026/09/26 11:07:36.148, 67, 29.83 W, 705 MHz, 6001 MHz, 99 %, 5153 MiB, 8188 MiB, P4, 0x0000000000000004
2026-09-26 11:07:46,2026/09/26 11:07:46.212, 67, 29.87 W, 585 MHz, 6001 MHz, 100 %, 5153 MiB, 8188 MiB, P4, 0x0000000000000004
2026-09-26 11:07:56,2026/09/26 11:07:56.271, 66, 29.93 W, 555 MHz, 6001 MHz, 100 %, 5153 MiB, 8188 MiB, P4, 0x0000000000000004
2026-09-26 11:08:06,2026/09/26 11:08:06.336, 67, 29.86 W, 645 MHz, 6001 MHz, 100 %, 5153 MiB, 8188 MiB, P4, 0x0000000000000004
2026-09-26 11:08:16,2026/09/26 11:08:16.399, 67, 30.03 W, 540 MHz, 6001 MHz, 99 %, 5153 MiB, 8188 MiB, P4, 0x0000000000000004
2026-09-26 11:08:26,2026/09/26 11:08:26.443, 67, 29.79 W, 540 MHz, 6001 MHz, 100 %, 5153 MiB, 8188 MiB, P4, 0x0000000000000004
2026-09-26 11:08:36,2026/09/26 11:08:36.517, 64, 16.52 W, 300 MHz, 6001 MHz, 0 %, 5153 MiB, 8188 MiB, P4, 0x0000000000000001
2026-09-26 11:08:46,2026/09/26 11:08:46.615, 62, 3.60 W, 210 MHz, 405 MHz, 0 %, 5153 MiB, 8188 MiB, P8, 0x0000000000000001
2026-09-26 11:08:56,2026/09/26 11:08:56.690, 77, 84.62 W, 2295 MHz, 8001 MHz, 94 %, 5153 MiB, 8188 MiB, P0, 0x0000000000000020
2026-09-26 11:09:06,2026/09/26 11:09:06.745, 78, 84.41 W, 2295 MHz, 8001 MHz, 94 %, 5153 MiB, 8188 MiB, P0, 0x0000000000000020
2026-09-26 11:09:16,2026/09/26 11:09:16.785, 67, 30.13 W, 345 MHz, 6001 MHz, 100 %, 5153 MiB, 8188 MiB, P4, 0x0000000000000004
2026-09-26 11:09:26,2026/09/26 11:09:26.843, 66, 29.91 W, 345 MHz, 6001 MHz, 100 %, 5153 MiB, 8188 MiB, P4, 0x0000000000000004
2026-09-26 11:09:36,2026/09/26 11:09:36.896, 66, 29.88 W, 330 MHz, 6001 MHz, 100 %, 5153 MiB, 8188 MiB, P4, 0x0000000000000004
2026-09-26 11:09:46,2026/09/26 11:09:46.963, 77, 84.15 W, 2295 MHz, 8001 MHz, 93 %, 5153 MiB, 8188 MiB, P0, 0x0000000000000020
2026-09-26 11:09:56,2026/09/26 11:09:57.029, 77, 84.08 W, 2295 MHz, 8001 MHz, 100 %, 5153 MiB, 8188 MiB, P0, 0x0000000000000020
2026-09-26 11:10:07,2026/09/26 11:10:07.088, 68, 29.83 W, 495 MHz, 6001 MHz, 95 %, 5153 MiB, 8188 MiB, P4, 0x0000000000000004
2026-09-26 11:10:17,2026/09/26 11:10:17.146, 67, 29.96 W, 345 MHz, 6001 MHz, 100 %, 5153 MiB, 8188 MiB, P4, 0x0000000000000004
2026-09-26 11:10:27,2026/09/26 11:10:27.208, 67, 29.89 W, 285 MHz, 6001 MHz, 100 %, 5153 MiB, 8188 MiB, P4, 0x0000000000000004
2026-09-26 11:10:37,2026/09/26 11:10:37.282, 67, 29.85 W, 510 MHz, 6001 MHz, 95 %, 5153 MiB, 8188 MiB, P4, 0x0000000000000004
2026-09-26 11:10:47,2026/09/26 11:10:47.338, 67, 30.08 W, 330 MHz, 6001 MHz, 100 %, 5153 MiB, 8188 MiB, P4, 0x0000000000000004
2026-09-26 11:10:57,2026/09/26 11:10:57.410, 67, 30.06 W, 360 MHz, 6001 MHz, 100 %, 5153 MiB, 8188 MiB, P4, 0x0000000000000004
2026-09-26 11:11:07,2026/09/26 11:11:07.484, 67, 29.87 W, 420 MHz, 6001 MHz, 100 %, 5153 MiB, 8188 MiB, P4, 0x0000000000000004
2026-09-26 11:11:17,2026/09/26 11:11:17.540, 77, 82.59 W, 2295 MHz, 8001 MHz, 95 %, 5153 MiB, 8188 MiB, P0, 0x0000000000000020
2026-09-26 11:11:27,2026/09/26 11:11:27.595, 67, 29.92 W, 345 MHz, 6001 MHz, 100 %, 5153 MiB, 8188 MiB, P4, 0x0000000000000004
2026-09-26 11:11:37,2026/09/26 11:11:37.644, 67, 29.80 W, 540 MHz, 6001 MHz, 100 %, 5153 MiB, 8188 MiB, P4, 0x0000000000000004
2026-09-26 11:11:47,2026/09/26 11:11:47.705, 67, 29.84 W, 570 MHz, 6001 MHz, 94 %, 5153 MiB, 8188 MiB, P4, 0x0000000000000004
2026-09-26 11:11:57,2026/09/26 11:11:57.777, 67, 29.87 W, 330 MHz, 6001 MHz, 100 %, 5153 MiB, 8188 MiB, P4, 0x0000000000000004
2026-09-26 11:12:07,2026/09/26 11:12:07.830, 67, 29.79 W, 540 MHz, 6001 MHz, 95 %, 5153 MiB, 8188 MiB, P4, 0x0000000000000004
2026-09-26 11:12:17,2026/09/26 11:12:17.894, 66, 30.04 W, 345 MHz, 6001 MHz, 100 %, 5153 MiB, 8188 MiB, P4, 0x0000000000000004
2026-09-26 11:12:27,2026/09/26 11:12:27.958, 66, 29.81 W, 255 MHz, 6001 MHz, 100 %, 5153 MiB, 8188 MiB, P4, 0x0000000000000004
2026-09-26 11:12:37,2026/09/26 11:12:38.004, 67, 29.76 W, 525 MHz, 6001 MHz, 97 %, 5153 MiB, 8188 MiB, P4, 0x0000000000000004
2026-09-26 11:12:48,2026/09/26 11:12:48.067, 77, 84.69 W, 2295 MHz, 8001 MHz, 100 %, 5153 MiB, 8188 MiB, P0, 0x0000000000000020
2026-09-26 11:12:58,2026/09/26 11:12:58.135, 78, 84.26 W, 2295 MHz, 8001 MHz, 93 %, 5153 MiB, 8188 MiB, P0, 0x0000000000000020
2026-09-26 11:13:08,2026/09/26 11:13:08.180, 68, 29.87 W, 510 MHz, 6001 MHz, 95 %, 5153 MiB, 8188 MiB, P4, 0x0000000000000004
2026-09-26 11:13:18,2026/09/26 11:13:18.252, 67, 29.98 W, 330 MHz, 6001 MHz, 100 %, 5153 MiB, 8188 MiB, P4, 0x0000000000000004
2026-09-26 11:13:28,2026/09/26 11:13:28.313, 66, 16.53 W, 480 MHz, 6001 MHz, 28 %, 5199 MiB, 8188 MiB, P4, 0x0000000000000024
2026-09-26 11:13:38,2026/09/26 11:13:38.372, 67, 29.80 W, 690 MHz, 6001 MHz, 100 %, 5243 MiB, 8188 MiB, P4, 0x0000000000000004
2026-09-26 11:13:48,2026/09/26 11:13:48.437, 68, 29.96 W, 645 MHz, 6001 MHz, 100 %, 5243 MiB, 8188 MiB, P4, 0x0000000000000004
2026-09-26 11:13:58,2026/09/26 11:13:58.498, 68, 29.84 W, 660 MHz, 6001 MHz, 100 %, 5243 MiB, 8188 MiB, P4, 0x0000000000000004
2026-09-26 11:14:08,2026/09/26 11:14:08.566, 67, 29.68 W, 960 MHz, 6001 MHz, 100 %, 5263 MiB, 8188 MiB, P4, 0x0000000000000004
2026-09-26 11:14:18,2026/09/26 11:14:18.621, 67, 29.66 W, 1005 MHz, 6001 MHz, 100 %, 5263 MiB, 8188 MiB, P4, 0x0000000000000004
2026-09-26 11:14:28,2026/09/26 11:14:28.678, 67, 29.62 W, 855 MHz, 6001 MHz, 100 %, 5263 MiB, 8188 MiB, P4, 0x0000000000000004
2026-09-26 11:14:38,2026/09/26 11:14:38.735, 67, 29.43 W, 1215 MHz, 6001 MHz, 100 %, 5267 MiB, 8188 MiB, P4, 0x0000000000000004
2026-09-26 11:14:48,2026/09/26 11:14:48.800, 67, 29.71 W, 660 MHz, 6001 MHz, 99 %, 5267 MiB, 8188 MiB, P4, 0x0000000000000004
2026-09-26 11:14:58,2026/09/26 11:14:58.861, 67, 29.64 W, 975 MHz, 6001 MHz, 100 %, 5267 MiB, 8188 MiB, P4, 0x0000000000000004
2026-09-26 11:15:08,2026/09/26 11:15:08.929, 67, 29.57 W, 750 MHz, 6001 MHz, 100 %, 5267 MiB, 8188 MiB, P4, 0x0000000000000004
2026-09-26 11:15:18,2026/09/26 11:15:18.985, 67, 29.64 W, 990 MHz, 6001 MHz, 100 %, 5267 MiB, 8188 MiB, P4, 0x0000000000000004
2026-09-26 11:15:29,2026/09/26 11:15:29.055, 67, 29.38 W, 960 MHz, 6001 MHz, 94 %, 5267 MiB, 8188 MiB, P4, 0x0000000000000004
2026-09-26 11:15:39,2026/09/26 11:15:39.120, 79, 83.18 W, 2295 MHz, 8001 MHz, 94 %, 5267 MiB, 8188 MiB, P0, 0x0000000000000020
2026-09-26 11:15:49,2026/09/26 11:15:49.181, 67, 29.64 W, 1245 MHz, 6001 MHz, 100 %, 5267 MiB, 8188 MiB, P4, 0x0000000000000004
2026-09-26 11:15:59,2026/09/26 11:15:59.231, 67, 29.36 W, 930 MHz, 6001 MHz, 100 %, 5267 MiB, 8188 MiB, P4, 0x0000000000000004
2026-09-26 11:16:09,2026/09/26 11:16:09.273, 67, 29.75 W, 645 MHz, 6001 MHz, 100 %, 5267 MiB, 8188 MiB, P4, 0x0000000000000004
2026-09-26 11:16:19,2026/09/26 11:16:19.324, 67, 29.76 W, 990 MHz, 6001 MHz, 100 %, 5267 MiB, 8188 MiB, P4, 0x0000000000000004
2026-09-26 11:16:29,2026/09/26 11:16:29.384, 67, 29.68 W, 945 MHz, 6001 MHz, 100 %, 5267 MiB, 8188 MiB, P4, 0x0000000000000004
2026-09-26 11:16:39,2026/09/26 11:16:39.441, 67, 29.61 W, 1155 MHz, 6001 MHz, 100 %, 5267 MiB, 8188 MiB, P4, 0x0000000000000004
2026-09-26 11:16:49,2026/09/26 11:16:49.485, 66, 29.40 W, 1005 MHz, 6001 MHz, 100 %, 5267 MiB, 8188 MiB, P4, 0x0000000000000004
2026-09-26 11:16:59,2026/09/26 11:16:59.546, 67, 29.67 W, 645 MHz, 6001 MHz, 94 %, 5267 MiB, 8188 MiB, P4, 0x0000000000000004
2026-09-26 11:17:09,2026/09/26 11:17:09.592, 67, 29.75 W, 945 MHz, 6001 MHz, 100 %, 5267 MiB, 8188 MiB, P4, 0x0000000000000004
2026-09-26 11:17:19,2026/09/26 11:17:19.645, 66, 29.76 W, 825 MHz, 6001 MHz, 100 %, 5267 MiB, 8188 MiB, P4, 0x0000000000000004
2026-09-26 11:17:29,2026/09/26 11:17:29.706, 67, 29.71 W, 840 MHz, 6001 MHz, 100 %, 5267 MiB, 8188 MiB, P4, 0x0000000000000004
2026-09-26 11:17:39,2026/09/26 11:17:39.770, 66, 29.40 W, 1290 MHz, 6001 MHz, 97 %, 5267 MiB, 8188 MiB, P4, 0x0000000000000004
2026-09-26 11:17:49,2026/09/26 11:17:49.870, 79, 83.11 W, 2295 MHz, 8001 MHz, 100 %, 5267 MiB, 8188 MiB, P0, 0x0000000000000020
2026-09-26 11:17:59,2026/09/26 11:17:59.938, 79, 85.42 W, 2295 MHz, 8001 MHz, 100 %, 5269 MiB, 8188 MiB, P0, 0x0000000000000020
2026-09-26 11:18:09,2026/09/26 11:18:10.009, 68, 29.42 W, 1380 MHz, 6001 MHz, 95 %, 5269 MiB, 8188 MiB, P4, 0x0000000000000004
2026-09-26 11:18:20,2026/09/26 11:18:20.076, 68, 29.91 W, 615 MHz, 6001 MHz, 100 %, 5269 MiB, 8188 MiB, P4, 0x0000000000000004
2026-09-26 11:18:30,2026/09/26 11:18:30.128, 68, 30.11 W, 555 MHz, 6001 MHz, 100 %, 5269 MiB, 8188 MiB, P4, 0x0000000000000004
2026-09-26 11:18:40,2026/09/26 11:18:40.172, 67, 29.81 W, 975 MHz, 6001 MHz, 100 %, 5269 MiB, 8188 MiB, P4, 0x0000000000000004
2026-09-26 11:18:50,2026/09/26 11:18:50.243, 67, 29.83 W, 840 MHz, 6001 MHz, 100 %, 5269 MiB, 8188 MiB, P4, 0x0000000000000004
2026-09-26 11:19:00,2026/09/26 11:19:00.305, 66, 29.45 W, 1275 MHz, 6001 MHz, 100 %, 5269 MiB, 8188 MiB, P4, 0x0000000000000004
2026-09-26 11:19:10,2026/09/26 11:19:10.367, 67, 30.03 W, 510 MHz, 6001 MHz, 100 %, 5269 MiB, 8188 MiB, P4, 0x0000000000000004
2026-09-26 11:19:20,2026/09/26 11:19:20.417, 67, 29.71 W, 825 MHz, 6001 MHz, 100 %, 5269 MiB, 8188 MiB, P4, 0x0000000000000004
2026-09-26 11:19:30,2026/09/26 11:19:30.475, 66, 30.09 W, 1005 MHz, 6001 MHz, 100 %, 5269 MiB, 8188 MiB, P4, 0x0000000000000004
2026-09-26 11:19:40,2026/09/26 11:19:40.532, 66, 30.05 W, 915 MHz, 6001 MHz, 100 %, 5269 MiB, 8188 MiB, P4, 0x0000000000000004
2026-09-26 11:19:50,2026/09/26 11:19:50.574, 67, 29.83 W, 855 MHz, 6001 MHz, 100 %, 5269 MiB, 8188 MiB, P4, 0x0000000000000004
2026-09-26 11:20:00,2026/09/26 11:20:00.638, 67, 29.57 W, 990 MHz, 6001 MHz, 100 %, 5269 MiB, 8188 MiB, P4, 0x0000000000000004
2026-09-26 11:20:10,2026/09/26 11:20:10.702, 78, 83.47 W, 2295 MHz, 8001 MHz, 99 %, 5269 MiB, 8188 MiB, P0, 0x0000000000000020
2026-09-26 11:20:20,2026/09/26 11:20:20.752, 68, 29.69 W, 1005 MHz, 6001 MHz, 100 %, 5269 MiB, 8188 MiB, P4, 0x0000000000000004
2026-09-26 11:20:30,2026/09/26 11:20:30.799, 67, 29.72 W, 1200 MHz, 6001 MHz, 100 %, 5269 MiB, 8188 MiB, P4, 0x0000000000000004
2026-09-26 11:20:40,2026/09/26 11:20:40.842, 67, 29.45 W, 645 MHz, 6001 MHz, 96 %, 5269 MiB, 8188 MiB, P4, 0x0000000000000004
2026-09-26 11:20:50,2026/09/26 11:20:50.891, 67, 29.54 W, 675 MHz, 6001 MHz, 95 %, 5269 MiB, 8188 MiB, P4, 0x0000000000000004
2026-09-26 11:21:00,2026/09/26 11:21:00.949, 67, 29.84 W, 600 MHz, 6001 MHz, 100 %, 5269 MiB, 8188 MiB, P4, 0x0000000000000004
2026-09-26 11:21:10,2026/09/26 11:21:10.993, 67, 29.69 W, 1020 MHz, 6001 MHz, 100 %, 5269 MiB, 8188 MiB, P4, 0x0000000000000004
2026-09-26 11:21:21,2026/09/26 11:21:21.040, 67, 29.92 W, 885 MHz, 6001 MHz, 100 %, 5269 MiB, 8188 MiB, P4, 0x0000000000000004
2026-09-26 11:21:31,2026/09/26 11:21:31.086, 67, 29.52 W, 855 MHz, 6001 MHz, 100 %, 5269 MiB, 8188 MiB, P4, 0x0000000000000004
2026-09-26 11:21:41,2026/09/26 11:21:41.149, 66, 29.67 W, 1275 MHz, 6001 MHz, 95 %, 5269 MiB, 8188 MiB, P4, 0x0000000000000004
2026-09-26 11:21:51,2026/09/26 11:21:51.198, 67, 29.97 W, 630 MHz, 6001 MHz, 100 %, 5269 MiB, 8188 MiB, P4, 0x0000000000000004
2026-09-26 11:22:01,2026/09/26 11:22:01.261, 79, 83.64 W, 2295 MHz, 8001 MHz, 100 %, 5269 MiB, 8188 MiB, P0, 0x0000000000000020
2026-09-26 11:22:11,2026/09/26 11:22:11.321, 67, 29.85 W, 765 MHz, 6001 MHz, 100 %, 5269 MiB, 8188 MiB, P4, 0x0000000000000004
2026-09-26 11:22:21,2026/09/26 11:22:21.369, 67, 29.73 W, 795 MHz, 6001 MHz, 100 %, 5269 MiB, 8188 MiB, P4, 0x0000000000000004
2026-09-26 11:22:31,2026/09/26 11:22:31.436, 67, 29.92 W, 735 MHz, 6001 MHz, 100 %, 5269 MiB, 8188 MiB, P4, 0x0000000000000004
2026-09-26 11:22:41,2026/09/26 11:22:41.486, 67, 29.20 W, 1245 MHz, 6001 MHz, 100 %, 5269 MiB, 8188 MiB, P4, 0x0000000000000004
2026-09-26 11:22:51,2026/09/26 11:22:51.529, 67, 29.80 W, 705 MHz, 6001 MHz, 95 %, 5269 MiB, 8188 MiB, P4, 0x0000000000000004
2026-09-26 11:23:01,2026/09/26 11:23:01.596, 66, 29.76 W, 495 MHz, 6001 MHz, 100 %, 5269 MiB, 8188 MiB, P4, 0x0000000000000004
2026-09-26 11:23:11,2026/09/26 11:23:11.653, 66, 29.93 W, 480 MHz, 6001 MHz, 100 %, 5269 MiB, 8188 MiB, P4, 0x0000000000000004
2026-09-26 11:23:21,2026/09/26 11:23:21.722, 78, 83.38 W, 2295 MHz, 8001 MHz, 100 %, 5269 MiB, 8188 MiB, P0, 0x0000000000000020
2026-09-26 11:23:31,2026/09/26 11:23:31.777, 68, 29.56 W, 675 MHz, 6001 MHz, 94 %, 5269 MiB, 8188 MiB, P4, 0x0000000000000004
2026-09-26 11:23:41,2026/09/26 11:23:41.828, 67, 29.96 W, 600 MHz, 6001 MHz, 99 %, 5269 MiB, 8188 MiB, P4, 0x0000000000000004
2026-09-26 11:23:51,2026/09/26 11:23:51.870, 67, 30.07 W, 510 MHz, 6001 MHz, 100 %, 5269 MiB, 8188 MiB, P4, 0x0000000000000004
2026-09-26 11:24:01,2026/09/26 11:24:01.928, 67, 29.77 W, 705 MHz, 6001 MHz, 100 %, 5269 MiB, 8188 MiB, P4, 0x0000000000000004
2026-09-26 11:24:11,2026/09/26 11:24:11.997, 67, 29.73 W, 990 MHz, 6001 MHz, 100 %, 5269 MiB, 8188 MiB, P4, 0x0000000000000004
2026-09-26 11:24:22,2026/09/26 11:24:22.059, 77, 84.53 W, 2295 MHz, 8001 MHz, 100 %, 5269 MiB, 8188 MiB, P0, 0x0000000000000020
2026-09-26 11:24:32,2026/09/26 11:24:32.106, 67, 29.97 W, 795 MHz, 6001 MHz, 100 %, 5269 MiB, 8188 MiB, P4, 0x0000000000000004
2026-09-26 11:24:42,2026/09/26 11:24:42.160, 67, 30.07 W, 900 MHz, 6001 MHz, 100 %, 5269 MiB, 8188 MiB, P4, 0x0000000000000004
2026-09-26 11:24:52,2026/09/26 11:24:52.216, 67, 29.61 W, 675 MHz, 6001 MHz, 95 %, 5269 MiB, 8188 MiB, P4, 0x0000000000000004
2026-09-26 11:25:02,2026/09/26 11:25:02.256, 67, 29.82 W, 1035 MHz, 6001 MHz, 100 %, 5269 MiB, 8188 MiB, P4, 0x0000000000000004
2026-09-26 11:25:12,2026/09/26 11:25:12.305, 67, 29.57 W, 810 MHz, 6001 MHz, 100 %, 5269 MiB, 8188 MiB, P4, 0x0000000000000004
2026-09-26 11:25:22,2026/09/26 11:25:22.362, 67, 29.66 W, 915 MHz, 6001 MHz, 100 %, 5269 MiB, 8188 MiB, P4, 0x0000000000000004
2026-09-26 11:25:32,2026/09/26 11:25:32.414, 67, 29.62 W, 735 MHz, 6001 MHz, 100 %, 5269 MiB, 8188 MiB, P4, 0x0000000000000004
2026-09-26 11:25:42,2026/09/26 11:25:42.469, 67, 30.07 W, 615 MHz, 6001 MHz, 100 %, 5269 MiB, 8188 MiB, P4, 0x0000000000000004
2026-09-26 11:25:52,2026/09/26 11:25:52.519, 66, 29.65 W, 765 MHz, 6001 MHz, 100 %, 5269 MiB, 8188 MiB, P4, 0x0000000000000004
2026-09-26 11:26:02,2026/09/26 11:26:02.582, 66, 29.68 W, 1005 MHz, 6001 MHz, 100 %, 5269 MiB, 8188 MiB, P4, 0x0000000000000004
2026-09-26 11:26:12,2026/09/26 11:26:12.651, 79, 83.39 W, 2295 MHz, 8001 MHz, 100 %, 5269 MiB, 8188 MiB, P0, 0x0000000000000020
2026-09-26 11:26:22,2026/09/26 11:26:22.708, 68, 29.84 W, 690 MHz, 6001 MHz, 94 %, 5269 MiB, 8188 MiB, P4, 0x0000000000000004
2026-09-26 11:26:32,2026/09/26 11:26:32.764, 69, 23.18 W, 2595 MHz, 8001 MHz, 0 %, 5269 MiB, 8188 MiB, P0, 0x0000000000000024
2026-09-26 11:26:42,2026/09/26 11:26:42.826, 66, 22.07 W, 2370 MHz, 8001 MHz, 0 %, 5269 MiB, 8188 MiB, P0, 0x0000000000000001
2026-09-26 11:26:52,2026/09/26 11:26:52.883, 78, 83.18 W, 2295 MHz, 8001 MHz, 100 %, 7023 MiB, 8188 MiB, P0, 0x0000000000000020
2026-09-26 11:27:02,2026/09/26 11:27:02.935, 67, 29.50 W, 690 MHz, 6001 MHz, 100 %, 7023 MiB, 8188 MiB, P4, 0x0000000000000004
2026-09-26 11:27:12,2026/09/26 11:27:12.992, 67, 30.11 W, 555 MHz, 6001 MHz, 100 %, 7023 MiB, 8188 MiB, P4, 0x0000000000000004
2026-09-26 11:27:23,2026/09/26 11:27:23.039, 67, 29.62 W, 630 MHz, 6001 MHz, 100 %, 7023 MiB, 8188 MiB, P4, 0x0000000000000004
2026-09-26 11:27:33,2026/09/26 11:27:33.083, 66, 29.58 W, 1005 MHz, 6001 MHz, 100 %, 7023 MiB, 8188 MiB, P4, 0x0000000000000004
2026-09-26 11:27:43,2026/09/26 11:27:43.133, 67, 29.47 W, 1020 MHz, 6001 MHz, 100 %, 7023 MiB, 8188 MiB, P4, 0x0000000000000004
2026-09-26 11:27:53,2026/09/26 11:27:53.176, 67, 29.40 W, 1005 MHz, 6001 MHz, 100 %, 7023 MiB, 8188 MiB, P4, 0x0000000000000004
2026-09-26 11:28:03,2026/09/26 11:28:03.216, 66, 29.54 W, 735 MHz, 6001 MHz, 100 %, 7023 MiB, 8188 MiB, P4, 0x0000000000000004
2026-09-26 11:28:13,2026/09/26 11:28:13.261, 78, 76.05 W, 2295 MHz, 7001 MHz, 100 %, 7023 MiB, 8188 MiB, P3, 0x0000000000000020
2026-09-26 11:28:23,2026/09/26 11:28:23.301, 67, 29.40 W, 1080 MHz, 6001 MHz, 100 %, 7023 MiB, 8188 MiB, P4, 0x0000000000000004
2026-09-26 11:28:33,2026/09/26 11:28:33.351, 67, 29.93 W, 600 MHz, 6001 MHz, 100 %, 7023 MiB, 8188 MiB, P4, 0x0000000000000004
2026-09-26 11:28:43,2026/09/26 11:28:43.398, 67, 29.95 W, 600 MHz, 6001 MHz, 100 %, 7023 MiB, 8188 MiB, P4, 0x0000000000000004
2026-09-26 11:28:53,2026/09/26 11:28:53.447, 66, 29.72 W, 855 MHz, 6001 MHz, 100 %, 7023 MiB, 8188 MiB, P4, 0x0000000000000004
2026-09-26 11:29:03,2026/09/26 11:29:03.499, 68, 29.50 W, 930 MHz, 6001 MHz, 100 %, 7023 MiB, 8188 MiB, P4, 0x0000000000000004
2026-09-26 11:29:13,2026/09/26 11:29:13.552, 67, 29.42 W, 1020 MHz, 6001 MHz, 100 %, 7023 MiB, 8188 MiB, P4, 0x0000000000000004
2026-09-26 11:29:23,2026/09/26 11:29:23.596, 67, 29.58 W, 1080 MHz, 6001 MHz, 100 %, 7023 MiB, 8188 MiB, P4, 0x0000000000000004
2026-09-26 11:29:33,2026/09/26 11:29:33.644, 67, 29.85 W, 1065 MHz, 6001 MHz, 100 %, 7023 MiB, 8188 MiB, P4, 0x0000000000000004
2026-09-26 11:29:43,2026/09/26 11:29:43.690, 67, 29.49 W, 600 MHz, 6001 MHz, 100 %, 7023 MiB, 8188 MiB, P4, 0x0000000000000004
2026-09-26 11:29:53,2026/09/26 11:29:53.737, 66, 29.81 W, 840 MHz, 6001 MHz, 100 %, 7023 MiB, 8188 MiB, P4, 0x0000000000000004
2026-09-26 11:30:03,2026/09/26 11:30:03.776, 67, 29.69 W, 1035 MHz, 6001 MHz, 100 %, 7023 MiB, 8188 MiB, P4, 0x0000000000000004
2026-09-26 11:30:13,2026/09/26 11:30:13.823, 78, 82.98 W, 2295 MHz, 8001 MHz, 100 %, 7023 MiB, 8188 MiB, P0, 0x0000000000000020
2026-09-26 11:30:23,2026/09/26 11:30:23.872, 79, 83.38 W, 2295 MHz, 8001 MHz, 100 %, 7023 MiB, 8188 MiB, P0, 0x0000000000000020
2026-09-26 11:30:33,2026/09/26 11:30:33.923, 68, 29.50 W, 1050 MHz, 6001 MHz, 100 %, 7023 MiB, 8188 MiB, P4, 0x0000000000000004
2026-09-26 11:30:43,2026/09/26 11:30:43.972, 67, 29.61 W, 1095 MHz, 6001 MHz, 100 %, 7023 MiB, 8188 MiB, P4, 0x0000000000000004
2026-09-26 11:30:53,2026/09/26 11:30:54.015, 67, 29.91 W, 615 MHz, 6001 MHz, 100 %, 7023 MiB, 8188 MiB, P4, 0x0000000000000004
2026-09-26 11:31:04,2026/09/26 11:31:04.056, 67, 29.84 W, 615 MHz, 6001 MHz, 100 %, 7023 MiB, 8188 MiB, P4, 0x0000000000000004
2026-09-26 11:31:14,2026/09/26 11:31:14.102, 67, 30.23 W, 585 MHz, 6001 MHz, 100 %, 7023 MiB, 8188 MiB, P4, 0x0000000000000004
2026-09-26 11:31:24,2026/09/26 11:31:24.174, 76, 50.24 W, 2415 MHz, 8001 MHz, 100 %, 7035 MiB, 8188 MiB, P0, 0x0000000000000020
2026-09-26 11:31:34,2026/09/26 11:31:34.240, 67, 29.72 W, 975 MHz, 6001 MHz, 100 %, 7035 MiB, 8188 MiB, P4, 0x0000000000000004
2026-09-26 11:31:44,2026/09/26 11:31:44.303, 67, 29.78 W, 975 MHz, 6001 MHz, 100 %, 7035 MiB, 8188 MiB, P4, 0x0000000000000004
2026-09-26 11:31:54,2026/09/26 11:31:54.356, 67, 29.65 W, 585 MHz, 6001 MHz, 96 %, 7039 MiB, 8188 MiB, P4, 0x0000000000000004
2026-09-26 11:32:04,2026/09/26 11:32:04.425, 67, 29.98 W, 780 MHz, 6001 MHz, 100 %, 7055 MiB, 8188 MiB, P4, 0x0000000000000004
2026-09-26 11:32:14,2026/09/26 11:32:14.490, 67, 29.77 W, 1095 MHz, 6001 MHz, 100 %, 7055 MiB, 8188 MiB, P4, 0x0000000000000004
2026-09-26 11:32:24,2026/09/26 11:32:24.536, 67, 29.91 W, 1050 MHz, 6001 MHz, 100 %, 7055 MiB, 8188 MiB, P4, 0x0000000000000004
2026-09-26 11:32:34,2026/09/26 11:32:34.579, 77, 78.99 W, 2295 MHz, 7001 MHz, 94 %, 7059 MiB, 8188 MiB, P3, 0x0000000000000020
2026-09-26 11:32:44,2026/09/26 11:32:44.621, 67, 29.32 W, 690 MHz, 6001 MHz, 100 %, 7059 MiB, 8188 MiB, P4, 0x0000000000000004
2026-09-26 11:32:54,2026/09/26 11:32:54.681, 67, 29.43 W, 675 MHz, 6001 MHz, 95 %, 7059 MiB, 8188 MiB, P4, 0x0000000000000004
2026-09-26 11:33:04,2026/09/26 11:33:04.746, 67, 29.75 W, 885 MHz, 6001 MHz, 100 %, 7059 MiB, 8188 MiB, P4, 0x0000000000000004
2026-09-26 11:33:14,2026/09/26 11:33:14.799, 66, 29.67 W, 1020 MHz, 6001 MHz, 100 %, 7059 MiB, 8188 MiB, P4, 0x0000000000000004
2026-09-26 11:33:24,2026/09/26 11:33:24.851, 67, 29.90 W, 1005 MHz, 6001 MHz, 100 %, 7059 MiB, 8188 MiB, P4, 0x0000000000000004
2026-09-26 11:33:34,2026/09/26 11:33:34.920, 66, 29.66 W, 1305 MHz, 6001 MHz, 94 %, 7059 MiB, 8188 MiB, P4, 0x0000000000000004
2026-09-26 11:33:44,2026/09/26 11:33:44.983, 77, 77.99 W, 2295 MHz, 8001 MHz, 100 %, 7059 MiB, 8188 MiB, P0, 0x0000000000000020
2026-09-26 11:33:55,2026/09/26 11:33:55.032, 68, 32.15 W, 345 MHz, 8001 MHz, 100 %, 7059 MiB, 8188 MiB, P0, 0x0000000000000004
2026-09-26 11:34:05,2026/09/26 11:34:05.101, 68, 29.94 W, 615 MHz, 6001 MHz, 100 %, 7059 MiB, 8188 MiB, P4, 0x0000000000000004
2026-09-26 11:34:15,2026/09/26 11:34:15.154, 67, 30.06 W, 720 MHz, 6001 MHz, 100 %, 7059 MiB, 8188 MiB, P4, 0x0000000000000004
2026-09-26 11:34:25,2026/09/26 11:34:25.206, 67, 29.58 W, 945 MHz, 6001 MHz, 100 %, 7059 MiB, 8188 MiB, P4, 0x0000000000000004
2026-09-26 11:34:35,2026/09/26 11:34:35.251, 67, 29.74 W, 990 MHz, 6001 MHz, 100 %, 7059 MiB, 8188 MiB, P4, 0x0000000000000004
2026-09-26 11:34:45,2026/09/26 11:34:45.307, 67, 29.71 W, 840 MHz, 6001 MHz, 100 %, 7059 MiB, 8188 MiB, P4, 0x0000000000000004
2026-09-26 11:34:55,2026/09/26 11:34:55.372, 66, 29.55 W, 1275 MHz, 6001 MHz, 100 %, 7059 MiB, 8188 MiB, P4, 0x0000000000000004
2026-09-26 11:35:05,2026/09/26 11:35:05.429, 72, 36.01 W, 765 MHz, 6001 MHz, 63 %, 7059 MiB, 8188 MiB, P4, 0x0000000000000024
2026-09-26 11:35:15,2026/09/26 11:35:15.478, 67, 29.98 W, 660 MHz, 6001 MHz, 99 %, 7059 MiB, 8188 MiB, P4, 0x0000000000000004
2026-09-26 11:35:25,2026/09/26 11:35:25.539, 67, 29.55 W, 975 MHz, 6001 MHz, 100 %, 7059 MiB, 8188 MiB, P4, 0x0000000000000004
2026-09-26 11:35:35,2026/09/26 11:35:35.585, 67, 29.39 W, 915 MHz, 6001 MHz, 100 %, 7059 MiB, 8188 MiB, P4, 0x0000000000000004
2026-09-26 11:35:45,2026/09/26 11:35:45.649, 78, 83.04 W, 2295 MHz, 8001 MHz, 100 %, 7059 MiB, 8188 MiB, P0, 0x0000000000000020
2026-09-26 11:35:55,2026/09/26 11:35:55.720, 68, 24.73 W, 855 MHz, 6001 MHz, 100 %, 7059 MiB, 8188 MiB, P4, 0x0000000000000004
2026-09-26 11:36:05,2026/09/26 11:36:05.774, 67, 29.98 W, 600 MHz, 6001 MHz, 98 %, 7059 MiB, 8188 MiB, P4, 0x0000000000000004
2026-09-26 11:36:15,2026/09/26 11:36:15.826, 67, 29.83 W, 1035 MHz, 6001 MHz, 100 %, 7059 MiB, 8188 MiB, P4, 0x0000000000000004
2026-09-26 11:36:25,2026/09/26 11:36:25.875, 67, 29.76 W, 1065 MHz, 6001 MHz, 100 %, 7059 MiB, 8188 MiB, P4, 0x0000000000000004
2026-09-26 11:36:35,2026/09/26 11:36:35.920, 67, 29.84 W, 795 MHz, 6001 MHz, 100 %, 7059 MiB, 8188 MiB, P4, 0x0000000000000004
2026-09-26 11:36:45,2026/09/26 11:36:45.988, 67, 29.72 W, 855 MHz, 6001 MHz, 100 %, 7059 MiB, 8188 MiB, P4, 0x0000000000000004
2026-09-26 11:36:56,2026/09/26 11:36:56.048, 67, 29.86 W, 885 MHz, 6001 MHz, 100 %, 7059 MiB, 8188 MiB, P4, 0x0000000000000004
2026-09-26 11:37:06,2026/09/26 11:37:06.105, 66, 29.79 W, 690 MHz, 6001 MHz, 94 %, 7059 MiB, 8188 MiB, P4, 0x0000000000000004
2026-09-26 11:37:16,2026/09/26 11:37:16.171, 67, 29.94 W, 645 MHz, 6001 MHz, 100 %, 7059 MiB, 8188 MiB, P4, 0x0000000000000004
2026-09-26 11:37:26,2026/09/26 11:37:26.233, 67, 29.70 W, 615 MHz, 6001 MHz, 100 %, 7059 MiB, 8188 MiB, P4, 0x0000000000000004
2026-09-26 11:37:36,2026/09/26 11:37:36.280, 66, 29.72 W, 960 MHz, 6001 MHz, 100 %, 7059 MiB, 8188 MiB, P4, 0x0000000000000004
2026-09-26 11:37:46,2026/09/26 11:37:46.339, 67, 29.82 W, 870 MHz, 6001 MHz, 100 %, 7059 MiB, 8188 MiB, P4, 0x0000000000000004
2026-09-26 11:37:56,2026/09/26 11:37:56.406, 66, 29.91 W, 1020 MHz, 6001 MHz, 100 %, 7059 MiB, 8188 MiB, P4, 0x0000000000000004
2026-09-26 11:38:06,2026/09/26 11:38:06.471, 78, 83.22 W, 2295 MHz, 8001 MHz, 100 %, 7059 MiB, 8188 MiB, P0, 0x0000000000000020
2026-09-26 11:38:16,2026/09/26 11:38:16.519, 66, 29.97 W, 630 MHz, 6001 MHz, 94 %, 7059 MiB, 8188 MiB, P4, 0x0000000000000004
2026-09-26 11:38:26,2026/09/26 11:38:26.567, 67, 29.95 W, 630 MHz, 6001 MHz, 100 %, 7059 MiB, 8188 MiB, P4, 0x0000000000000004
2026-09-26 11:38:36,2026/09/26 11:38:36.628, 67, 29.57 W, 1005 MHz, 6001 MHz, 100 %, 7059 MiB, 8188 MiB, P4, 0x0000000000000004
2026-09-26 11:38:46,2026/09/26 11:38:46.692, 78, 82.97 W, 2295 MHz, 8001 MHz, 100 %, 7059 MiB, 8188 MiB, P0, 0x0000000000000020
2026-09-26 11:38:56,2026/09/26 11:38:56.761, 68, 29.42 W, 690 MHz, 6001 MHz, 94 %, 7059 MiB, 8188 MiB, P4, 0x0000000000000004
2026-09-26 11:39:06,2026/09/26 11:39:06.820, 67, 29.75 W, 600 MHz, 6001 MHz, 94 %, 7059 MiB, 8188 MiB, P4, 0x0000000000000004
2026-09-26 11:39:16,2026/09/26 11:39:16.866, 67, 30.14 W, 570 MHz, 6001 MHz, 100 %, 7059 MiB, 8188 MiB, P4, 0x0000000000000004
2026-09-26 11:39:26,2026/09/26 11:39:26.907, 67, 29.75 W, 900 MHz, 6001 MHz, 100 %, 7059 MiB, 8188 MiB, P4, 0x0000000000000004
2026-09-26 11:39:36,2026/09/26 11:39:36.970, 67, 29.69 W, 1005 MHz, 6001 MHz, 100 %, 7059 MiB, 8188 MiB, P4, 0x0000000000000004
2026-09-26 11:39:46,2026/09/26 11:39:47.021, 67, 29.80 W, 1155 MHz, 6001 MHz, 100 %, 7059 MiB, 8188 MiB, P4, 0x0000000000000004
2026-09-26 11:39:57,2026/09/26 11:39:57.076, 67, 29.96 W, 600 MHz, 6001 MHz, 100 %, 7059 MiB, 8188 MiB, P4, 0x0000000000000004
2026-09-26 11:40:07,2026/09/26 11:40:07.142, 66, 29.83 W, 960 MHz, 6001 MHz, 100 %, 7059 MiB, 8188 MiB, P4, 0x0000000000000004
2026-09-26 11:40:17,2026/09/26 11:40:17.186, 67, 29.66 W, 840 MHz, 6001 MHz, 100 %, 7059 MiB, 8188 MiB, P4, 0x0000000000000004
2026-09-26 11:40:27,2026/09/26 11:40:27.229, 67, 29.70 W, 945 MHz, 6001 MHz, 100 %, 7059 MiB, 8188 MiB, P4, 0x0000000000000004
2026-09-26 11:40:37,2026/09/26 11:40:37.269, 67, 29.97 W, 1155 MHz, 6001 MHz, 100 %, 7059 MiB, 8188 MiB, P4, 0x0000000000000004
2026-09-26 11:40:47,2026/09/26 11:40:47.315, 67, 29.92 W, 600 MHz, 6001 MHz, 100 %, 7059 MiB, 8188 MiB, P4, 0x0000000000000004
2026-09-26 11:40:57,2026/09/26 11:40:57.376, 78, 82.78 W, 2295 MHz, 8001 MHz, 100 %, 7059 MiB, 8188 MiB, P0, 0x0000000000000020
2026-09-26 11:41:07,2026/09/26 11:41:07.443, 67, 29.84 W, 915 MHz, 6001 MHz, 100 %, 7059 MiB, 8188 MiB, P4, 0x0000000000000004
2026-09-26 11:41:17,2026/09/26 11:41:17.507, 67, 29.60 W, 840 MHz, 6001 MHz, 100 %, 7059 MiB, 8188 MiB, P4, 0x0000000000000004
2026-09-26 11:41:27,2026/09/26 11:41:27.565, 68, 34.27 W, 360 MHz, 8001 MHz, 100 %, 7059 MiB, 8188 MiB, P0, 0x0000000000000004
2026-09-26 11:41:37,2026/09/26 11:41:37.635, 70, 36.08 W, 600 MHz, 8001 MHz, 100 %, 7059 MiB, 8188 MiB, P0, 0x0000000000000004
2026-09-26 11:41:47,2026/09/26 11:41:47.684, 76, 88.16 W, 2295 MHz, 8001 MHz, 100 %, 7059 MiB, 8188 MiB, P0, 0x0000000000000020
2026-09-26 11:41:57,2026/09/26 11:41:57.727, 66, 29.41 W, 855 MHz, 6001 MHz, 100 %, 7059 MiB, 8188 MiB, P4, 0x0000000000000004
2026-09-26 11:42:07,2026/09/26 11:42:07.769, 68, 29.71 W, 1050 MHz, 6001 MHz, 100 %, 7059 MiB, 8188 MiB, P4, 0x0000000000000004
2026-09-26 11:42:17,2026/09/26 11:42:17.833, 67, 29.86 W, 975 MHz, 6001 MHz, 100 %, 7059 MiB, 8188 MiB, P4, 0x0000000000000004
2026-09-26 11:42:27,2026/09/26 11:42:27.881, 67, 29.41 W, 915 MHz, 6001 MHz, 100 %, 7059 MiB, 8188 MiB, P4, 0x0000000000000004
2026-09-26 11:42:37,2026/09/26 11:42:37.930, 67, 29.36 W, 720 MHz, 6001 MHz, 100 %, 7059 MiB, 8188 MiB, P4, 0x0000000000000004
2026-09-26 11:42:47,2026/09/26 11:42:47.980, 67, 29.94 W, 585 MHz, 6001 MHz, 100 %, 7059 MiB, 8188 MiB, P4, 0x0000000000000004
2026-09-26 11:42:57,2026/09/26 11:42:58.027, 67, 29.48 W, 555 MHz, 6001 MHz, 100 %, 7059 MiB, 8188 MiB, P4, 0x0000000000000004
2026-09-26 11:43:08,2026/09/26 11:43:08.071, 66, 29.56 W, 765 MHz, 6001 MHz, 100 %, 7059 MiB, 8188 MiB, P4, 0x0000000000000004
2026-09-26 11:43:18,2026/09/26 11:43:18.110, 66, 29.76 W, 825 MHz, 6001 MHz, 100 %, 7059 MiB, 8188 MiB, P4, 0x0000000000000004
2026-09-26 11:43:28,2026/09/26 11:43:28.150, 77, 83.34 W, 2295 MHz, 8001 MHz, 100 %, 7059 MiB, 8188 MiB, P0, 0x0000000000000020
2026-09-26 11:43:38,2026/09/26 11:43:38.202, 67, 29.50 W, 840 MHz, 6001 MHz, 100 %, 7059 MiB, 8188 MiB, P4, 0x0000000000000004
2026-09-26 11:43:48,2026/09/26 11:43:48.253, 67, 29.54 W, 615 MHz, 6001 MHz, 100 %, 7059 MiB, 8188 MiB, P4, 0x0000000000000004
2026-09-26 11:43:58,2026/09/26 11:43:58.307, 67, 29.79 W, 825 MHz, 6001 MHz, 100 %, 7059 MiB, 8188 MiB, P4, 0x0000000000000004
2026-09-26 11:44:08,2026/09/26 11:44:08.367, 66, 29.37 W, 960 MHz, 6001 MHz, 100 %, 7059 MiB, 8188 MiB, P4, 0x0000000000000004
2026-09-26 11:44:18,2026/09/26 11:44:18.417, 68, 29.64 W, 600 MHz, 6001 MHz, 100 %, 7059 MiB, 8188 MiB, P4, 0x0000000000000004
2026-09-26 11:44:28,2026/09/26 11:44:28.458, 67, 29.73 W, 630 MHz, 6001 MHz, 100 %, 7059 MiB, 8188 MiB, P4, 0x0000000000000004
2026-09-26 11:44:38,2026/09/26 11:44:38.506, 66, 29.57 W, 615 MHz, 6001 MHz, 100 %, 7059 MiB, 8188 MiB, P4, 0x0000000000000004
2026-09-26 11:44:48,2026/09/26 11:44:48.547, 79, 83.02 W, 2295 MHz, 8001 MHz, 100 %, 7059 MiB, 8188 MiB, P0, 0x0000000000000020
2026-09-26 11:44:58,2026/09/26 11:44:58.594, 67, 29.78 W, 1095 MHz, 6001 MHz, 100 %, 7059 MiB, 8188 MiB, P4, 0x0000000000000004
2026-09-26 11:45:08,2026/09/26 11:45:08.645, 67, 29.78 W, 1065 MHz, 6001 MHz, 97 %, 7059 MiB, 8188 MiB, P4, 0x0000000000000004
2026-09-26 11:45:18,2026/09/26 11:45:18.707, 67, 29.72 W, 600 MHz, 6001 MHz, 100 %, 7059 MiB, 8188 MiB, P4, 0x0000000000000004
2026-09-26 11:45:28,2026/09/26 11:45:28.774, 67, 29.42 W, 780 MHz, 6001 MHz, 100 %, 7059 MiB, 8188 MiB, P4, 0x0000000000000004
2026-09-26 11:45:38,2026/09/26 11:45:38.823, 67, 29.90 W, 585 MHz, 6001 MHz, 100 %, 7059 MiB, 8188 MiB, P4, 0x0000000000000004
2026-09-26 11:45:48,2026/09/26 11:45:48.874, 66, 29.62 W, 900 MHz, 6001 MHz, 100 %, 7059 MiB, 8188 MiB, P4, 0x0000000000000004
2026-09-26 11:45:58,2026/09/26 11:45:58.929, 66, 29.66 W, 660 MHz, 6001 MHz, 100 %, 7059 MiB, 8188 MiB, P4, 0x0000000000000004
2026-09-26 11:46:08,2026/09/26 11:46:08.980, 77, 81.94 W, 2295 MHz, 8001 MHz, 100 %, 7059 MiB, 8188 MiB, P0, 0x0000000000000020
2026-09-26 11:46:18,2026/09/26 11:46:19.023, 67, 29.87 W, 555 MHz, 6001 MHz, 100 %, 7059 MiB, 8188 MiB, P4, 0x0000000000000004
2026-09-26 11:46:29,2026/09/26 11:46:29.080, 79, 82.88 W, 2295 MHz, 8001 MHz, 95 %, 7059 MiB, 8188 MiB, P0, 0x0000000000000020
2026-09-26 11:46:39,2026/09/26 11:46:39.126, 67, 29.75 W, 840 MHz, 6001 MHz, 100 %, 7059 MiB, 8188 MiB, P4, 0x0000000000000004
2026-09-26 11:46:49,2026/09/26 11:46:49.177, 68, 29.97 W, 1020 MHz, 6001 MHz, 100 %, 7059 MiB, 8188 MiB, P4, 0x0000000000000004
2026-09-26 11:46:59,2026/09/26 11:46:59.233, 67, 29.57 W, 675 MHz, 6001 MHz, 95 %, 7059 MiB, 8188 MiB, P4, 0x0000000000000004
2026-09-26 11:47:09,2026/09/26 11:47:09.279, 66, 30.00 W, 750 MHz, 6001 MHz, 100 %, 7059 MiB, 8188 MiB, P4, 0x0000000000000004
2026-09-26 11:47:19,2026/09/26 11:47:19.330, 66, 29.92 W, 810 MHz, 6001 MHz, 100 %, 7059 MiB, 8188 MiB, P4, 0x0000000000000004
2026-09-26 11:47:29,2026/09/26 11:47:29.375, 67, 29.81 W, 795 MHz, 6001 MHz, 100 %, 7059 MiB, 8188 MiB, P4, 0x0000000000000004
2026-09-26 11:47:39,2026/09/26 11:47:39.442, 66, 29.69 W, 990 MHz, 6001 MHz, 100 %, 7059 MiB, 8188 MiB, P4, 0x0000000000000004
2026-09-26 11:47:49,2026/09/26 11:47:49.491, 66, 29.81 W, 585 MHz, 6001 MHz, 95 %, 7059 MiB, 8188 MiB, P4, 0x0000000000000004
2026-09-26 11:47:59,2026/09/26 11:47:59.547, 78, 81.31 W, 2295 MHz, 8001 MHz, 99 %, 7061 MiB, 8188 MiB, P0, 0x0000000000000020
2026-09-26 11:48:09,2026/09/26 11:48:09.619, 67, 30.00 W, 870 MHz, 6001 MHz, 100 %, 7061 MiB, 8188 MiB, P4, 0x0000000000000004
2026-09-26 11:48:19,2026/09/26 11:48:19.686, 67, 29.77 W, 930 MHz, 6001 MHz, 100 %, 7061 MiB, 8188 MiB, P4, 0x0000000000000004
2026-09-26 11:48:29,2026/09/26 11:48:29.741, 66, 29.51 W, 1305 MHz, 6001 MHz, 94 %, 7061 MiB, 8188 MiB, P4, 0x0000000000000004
2026-09-26 11:48:39,2026/09/26 11:48:39.784, 78, 84.06 W, 2295 MHz, 8001 MHz, 100 %, 7061 MiB, 8188 MiB, P0, 0x0000000000000020
2026-09-26 11:48:49,2026/09/26 11:48:49.847, 67, 29.33 W, 1290 MHz, 6001 MHz, 95 %, 7061 MiB, 8188 MiB, P4, 0x0000000000000004
2026-09-26 11:48:59,2026/09/26 11:48:59.904, 67, 30.00 W, 630 MHz, 6001 MHz, 100 %, 7061 MiB, 8188 MiB, P4, 0x0000000000000004
2026-09-26 11:49:09,2026/09/26 11:49:09.968, 67, 29.76 W, 630 MHz, 6001 MHz, 100 %, 7061 MiB, 8188 MiB, P4, 0x0000000000000004
2026-09-26 11:49:19,2026/09/26 11:49:20.031, 66, 29.71 W, 960 MHz, 6001 MHz, 100 %, 7061 MiB, 8188 MiB, P4, 0x0000000000000004
2026-09-26 11:49:30,2026/09/26 11:49:30.085, 67, 29.93 W, 1020 MHz, 6001 MHz, 100 %, 7061 MiB, 8188 MiB, P4, 0x0000000000000004
2026-09-26 11:49:40,2026/09/26 11:49:40.140, 67, 29.30 W, 1080 MHz, 6001 MHz, 100 %, 7061 MiB, 8188 MiB, P4, 0x0000000000000004
2026-09-26 11:49:50,2026/09/26 11:49:50.191, 76, 82.83 W, 2295 MHz, 8001 MHz, 95 %, 7061 MiB, 8188 MiB, P0, 0x0000000000000020
2026-09-26 11:50:00,2026/09/26 11:50:00.255, 68, 29.41 W, 1245 MHz, 6001 MHz, 96 %, 7061 MiB, 8188 MiB, P4, 0x0000000000000004
2026-09-26 11:50:10,2026/09/26 11:50:10.327, 67, 29.54 W, 780 MHz, 6001 MHz, 100 %, 7061 MiB, 8188 MiB, P4, 0x0000000000000004
2026-09-26 11:50:20,2026/09/26 11:50:20.379, 67, 29.61 W, 570 MHz, 6001 MHz, 100 %, 7061 MiB, 8188 MiB, P4, 0x0000000000000004
2026-09-26 11:50:30,2026/09/26 11:50:30.420, 66, 30.00 W, 630 MHz, 6001 MHz, 100 %, 7061 MiB, 8188 MiB, P4, 0x0000000000000004
2026-09-26 11:50:40,2026/09/26 11:50:40.479, 79, 83.70 W, 2295 MHz, 8001 MHz, 99 %, 7061 MiB, 8188 MiB, P0, 0x0000000000000020
2026-09-26 11:50:50,2026/09/26 11:50:50.523, 68, 29.99 W, 495 MHz, 6001 MHz, 100 %, 7061 MiB, 8188 MiB, P4, 0x0000000000000004
2026-09-26 11:51:00,2026/09/26 11:51:00.596, 67, 29.68 W, 825 MHz, 6001 MHz, 100 %, 7061 MiB, 8188 MiB, P4, 0x0000000000000004
2026-09-26 11:51:10,2026/09/26 11:51:10.658, 67, 29.76 W, 915 MHz, 6001 MHz, 100 %, 7061 MiB, 8188 MiB, P4, 0x0000000000000004
2026-09-26 11:51:20,2026/09/26 11:51:20.700, 67, 29.72 W, 1275 MHz, 6001 MHz, 100 %, 7061 MiB, 8188 MiB, P4, 0x0000000000000004
2026-09-26 11:51:30,2026/09/26 11:51:30.739, 67, 29.74 W, 930 MHz, 6001 MHz, 100 %, 7061 MiB, 8188 MiB, P4, 0x0000000000000004
2026-09-26 11:51:40,2026/09/26 11:51:40.782, 67, 29.79 W, 645 MHz, 6001 MHz, 94 %, 7061 MiB, 8188 MiB, P4, 0x0000000000000004
2026-09-26 11:51:50,2026/09/26 11:51:50.849, 65, 21.65 W, 2370 MHz, 8001 MHz, 0 %, 7061 MiB, 8188 MiB, P0, 0x0000000000000001
2026-09-26 11:52:00,2026/09/26 11:52:00.907, 68, 29.72 W, 1260 MHz, 6001 MHz, 100 %, 7061 MiB, 8188 MiB, P4, 0x0000000000000004
2026-09-26 11:52:10,2026/09/26 11:52:10.967, 68, 30.04 W, 585 MHz, 6001 MHz, 95 %, 7061 MiB, 8188 MiB, P4, 0x0000000000000004
2026-09-26 11:52:20,2026/09/26 11:52:21.016, 67, 29.65 W, 720 MHz, 6001 MHz, 100 %, 7061 MiB, 8188 MiB, P4, 0x0000000000000004
2026-09-26 11:52:31,2026/09/26 11:52:31.086, 77, 77.08 W, 2295 MHz, 8001 MHz, 100 %, 7061 MiB, 8188 MiB, P0, 0x0000000000000020
2026-09-26 11:52:41,2026/09/26 11:52:41.160, 68, 29.64 W, 990 MHz, 6001 MHz, 100 %, 7061 MiB, 8188 MiB, P4, 0x0000000000000004
2026-09-26 11:52:51,2026/09/26 11:52:51.206, 67, 29.87 W, 990 MHz, 6001 MHz, 100 %, 7061 MiB, 8188 MiB, P4, 0x0000000000000004
2026-09-26 11:53:01,2026/09/26 11:53:01.266, 67, 29.53 W, 1050 MHz, 6001 MHz, 100 %, 7061 MiB, 8188 MiB, P4, 0x0000000000000004
2026-09-26 11:53:11,2026/09/26 11:53:11.340, 67, 29.58 W, 990 MHz, 6001 MHz, 100 %, 7061 MiB, 8188 MiB, P4, 0x0000000000000004
2026-09-26 11:53:21,2026/09/26 11:53:21.386, 67, 29.93 W, 660 MHz, 6001 MHz, 100 %, 7061 MiB, 8188 MiB, P4, 0x0000000000000004
2026-09-26 11:53:31,2026/09/26 11:53:31.428, 67, 29.77 W, 645 MHz, 6001 MHz, 100 %, 7061 MiB, 8188 MiB, P4, 0x0000000000000004
2026-09-26 11:53:41,2026/09/26 11:53:41.478, 67, 29.63 W, 780 MHz, 6001 MHz, 100 %, 7061 MiB, 8188 MiB, P4, 0x0000000000000004
2026-09-26 11:53:51,2026/09/26 11:53:51.538, 67, 29.58 W, 990 MHz, 6001 MHz, 95 %, 7061 MiB, 8188 MiB, P4, 0x0000000000000004
2026-09-26 11:54:01,2026/09/26 11:54:01.598, 67, 29.88 W, 675 MHz, 6001 MHz, 93 %, 7061 MiB, 8188 MiB, P4, 0x0000000000000004
2026-09-26 11:54:11,2026/09/26 11:54:11.674, 66, 29.78 W, 795 MHz, 6001 MHz, 100 %, 7061 MiB, 8188 MiB, P4, 0x0000000000000004
2026-09-26 11:54:21,2026/09/26 11:54:21.746, 67, 29.75 W, 1005 MHz, 6001 MHz, 100 %, 7061 MiB, 8188 MiB, P4, 0x0000000000000004
2026-09-26 11:54:31,2026/09/26 11:54:31.790, 66, 29.80 W, 1080 MHz, 6001 MHz, 100 %, 7061 MiB, 8188 MiB, P4, 0x0000000000000004
2026-09-26 11:54:41,2026/09/26 11:54:41.858, 66, 29.58 W, 1245 MHz, 6001 MHz, 100 %, 7061 MiB, 8188 MiB, P4, 0x0000000000000004
2026-09-26 11:54:51,2026/09/26 11:54:51.920, 67, 29.66 W, 630 MHz, 6001 MHz, 95 %, 7061 MiB, 8188 MiB, P4, 0x0000000000000004
2026-09-26 11:55:01,2026/09/26 11:55:01.986, 66, 29.43 W, 1005 MHz, 6001 MHz, 100 %, 7061 MiB, 8188 MiB, P4, 0x0000000000000004
2026-09-26 11:55:12,2026/09/26 11:55:12.043, 67, 29.59 W, 660 MHz, 6001 MHz, 95 %, 7061 MiB, 8188 MiB, P4, 0x0000000000000004
2026-09-26 11:55:22,2026/09/26 11:55:22.091, 66, 29.91 W, 690 MHz, 6001 MHz, 100 %, 7061 MiB, 8188 MiB, P4, 0x0000000000000004
2026-09-26 11:55:32,2026/09/26 11:55:32.156, 76, 84.14 W, 2295 MHz, 8001 MHz, 96 %, 7061 MiB, 8188 MiB, P0, 0x0000000000000020
2026-09-26 11:55:42,2026/09/26 11:55:42.209, 68, 30.04 W, 465 MHz, 6001 MHz, 100 %, 7061 MiB, 8188 MiB, P4, 0x0000000000000004
2026-09-26 11:55:52,2026/09/26 11:55:52.258, 67, 29.84 W, 1020 MHz, 6001 MHz, 100 %, 7061 MiB, 8188 MiB, P4, 0x0000000000000004
2026-09-26 11:56:02,2026/09/26 11:56:02.308, 67, 29.86 W, 735 MHz, 6001 MHz, 100 %, 7061 MiB, 8188 MiB, P4, 0x0000000000000004
2026-09-26 11:56:12,2026/09/26 11:56:12.377, 67, 30.02 W, 855 MHz, 6001 MHz, 100 %, 7061 MiB, 8188 MiB, P4, 0x0000000000000004
2026-09-26 11:56:22,2026/09/26 11:56:22.441, 67, 29.83 W, 555 MHz, 6001 MHz, 88 %, 7061 MiB, 8188 MiB, P4, 0x0000000000000004
2026-09-26 11:56:32,2026/09/26 11:56:32.504, 68, 29.95 W, 540 MHz, 6001 MHz, 100 %, 7061 MiB, 8188 MiB, P4, 0x0000000000000004
2026-09-26 11:56:42,2026/09/26 11:56:42.559, 77, 80.41 W, 2295 MHz, 8001 MHz, 100 %, 7161 MiB, 8188 MiB, P0, 0x0000000000000020
2026-09-26 11:56:52,2026/09/26 11:56:52.604, 68, 29.78 W, 525 MHz, 6001 MHz, 100 %, 7161 MiB, 8188 MiB, P4, 0x0000000000000004
2026-09-26 11:57:02,2026/09/26 11:57:02.649, 67, 29.38 W, 825 MHz, 6001 MHz, 100 %, 7161 MiB, 8188 MiB, P4, 0x0000000000000004
2026-09-26 11:57:12,2026/09/26 11:57:12.695, 67, 29.63 W, 645 MHz, 6001 MHz, 100 %, 7161 MiB, 8188 MiB, P4, 0x0000000000000004
2026-09-26 11:57:22,2026/09/26 11:57:22.740, 67, 29.80 W, 960 MHz, 6001 MHz, 100 %, 7161 MiB, 8188 MiB, P4, 0x0000000000000004
2026-09-26 11:57:32,2026/09/26 11:57:32.785, 67, 30.05 W, 585 MHz, 6001 MHz, 100 %, 7161 MiB, 8188 MiB, P4, 0x0000000000000004
2026-09-26 11:57:42,2026/09/26 11:57:42.828, 67, 29.64 W, 600 MHz, 6001 MHz, 100 %, 7161 MiB, 8188 MiB, P4, 0x0000000000000004
2026-09-26 11:57:52,2026/09/26 11:57:52.869, 67, 29.55 W, 1035 MHz, 6001 MHz, 100 %, 7161 MiB, 8188 MiB, P4, 0x0000000000000004
2026-09-26 11:58:02,2026/09/26 11:58:02.914, 67, 29.82 W, 585 MHz, 6001 MHz, 100 %, 7161 MiB, 8188 MiB, P4, 0x0000000000000004
2026-09-26 11:58:12,2026/09/26 11:58:12.956, 67, 29.70 W, 600 MHz, 6001 MHz, 100 %, 7161 MiB, 8188 MiB, P4, 0x0000000000000004
2026-09-26 11:58:22,2026/09/26 11:58:23.008, 69, 31.19 W, 225 MHz, 8001 MHz, 100 %, 7161 MiB, 8188 MiB, P0, 0x0000000000000004
2026-09-26 11:58:33,2026/09/26 11:58:33.047, 67, 29.46 W, 990 MHz, 6001 MHz, 100 %, 7161 MiB, 8188 MiB, P4, 0x0000000000000004
2026-09-26 11:58:43,2026/09/26 11:58:43.100, 67, 29.74 W, 630 MHz, 6001 MHz, 100 %, 7161 MiB, 8188 MiB, P4, 0x0000000000000004
2026-09-26 11:58:53,2026/09/26 11:58:53.140, 67, 29.57 W, 630 MHz, 6001 MHz, 100 %, 7161 MiB, 8188 MiB, P4, 0x0000000000000004
2026-09-26 11:59:03,2026/09/26 11:59:03.189, 66, 29.54 W, 840 MHz, 6001 MHz, 100 %, 7161 MiB, 8188 MiB, P4, 0x0000000000000004
2026-09-26 11:59:13,2026/09/26 11:59:13.255, 67, 29.42 W, 1110 MHz, 6001 MHz, 100 %, 7161 MiB, 8188 MiB, P4, 0x0000000000000004
2026-09-26 11:59:23,2026/09/26 11:59:23.309, 67, 29.72 W, 1050 MHz, 6001 MHz, 100 %, 7161 MiB, 8188 MiB, P4, 0x0000000000000004
2026-09-26 11:59:33,2026/09/26 11:59:33.360, 67, 29.84 W, 615 MHz, 6001 MHz, 100 %, 7161 MiB, 8188 MiB, P4, 0x0000000000000004
2026-09-26 11:59:43,2026/09/26 11:59:43.404, 67, 29.76 W, 585 MHz, 6001 MHz, 100 %, 7161 MiB, 8188 MiB, P4, 0x0000000000000004
2026-09-26 11:59:53,2026/09/26 11:59:53.450, 70, 62.88 W, 2370 MHz, 6001 MHz, 100 %, 7161 MiB, 8188 MiB, P4, 0x0000000000000001
2026-09-26 12:00:03,2026/09/26 12:00:03.508, 79, 81.80 W, 2295 MHz, 8001 MHz, 100 %, 7161 MiB, 8188 MiB, P0, 0x0000000000000020
2026-09-26 12:00:13,2026/09/26 12:00:13.553, 67, 29.60 W, 825 MHz, 6001 MHz, 100 %, 7161 MiB, 8188 MiB, P4, 0x0000000000000004
2026-09-26 12:00:23,2026/09/26 12:00:23.622, 67, 29.55 W, 1020 MHz, 6001 MHz, 100 %, 7161 MiB, 8188 MiB, P4, 0x0000000000000004
2026-09-26 12:00:33,2026/09/26 12:00:33.669, 67, 29.65 W, 1095 MHz, 6001 MHz, 100 %, 7161 MiB, 8188 MiB, P4, 0x0000000000000004
2026-09-26 12:00:43,2026/09/26 12:00:43.717, 67, 29.98 W, 615 MHz, 6001 MHz, 100 %, 7161 MiB, 8188 MiB, P4, 0x0000000000000004
2026-09-26 12:00:53,2026/09/26 12:00:53.769, 67, 29.79 W, 555 MHz, 6001 MHz, 100 %, 7161 MiB, 8188 MiB, P4, 0x0000000000000004
2026-09-26 12:01:03,2026/09/26 12:01:03.816, 66, 29.51 W, 1020 MHz, 6001 MHz, 100 %, 7161 MiB, 8188 MiB, P4, 0x0000000000000004
2026-09-26 12:01:13,2026/09/26 12:01:13.864, 67, 29.78 W, 540 MHz, 6001 MHz, 100 %, 7161 MiB, 8188 MiB, P4, 0x0000000000000004
2026-09-26 12:01:23,2026/09/26 12:01:23.937, 64, 16.86 W, 495 MHz, 6001 MHz, 0 %, 7161 MiB, 8188 MiB, P4, 0x0000000000000024
2026-09-26 12:01:33,2026/09/26 12:01:34.002, 79, 83.36 W, 2295 MHz, 8001 MHz, 100 %, 7161 MiB, 8188 MiB, P0, 0x0000000000000020
2026-09-26 12:01:44,2026/09/26 12:01:44.055, 67, 29.81 W, 585 MHz, 6001 MHz, 93 %, 7161 MiB, 8188 MiB, P4, 0x0000000000000004
2026-09-26 12:01:54,2026/09/26 12:01:54.106, 67, 29.69 W, 900 MHz, 6001 MHz, 100 %, 7161 MiB, 8188 MiB, P4, 0x0000000000000004
2026-09-26 12:02:04,2026/09/26 12:02:04.164, 67, 29.68 W, 855 MHz, 6001 MHz, 100 %, 7161 MiB, 8188 MiB, P4, 0x0000000000000004
2026-09-26 12:02:14,2026/09/26 12:02:14.232, 67, 29.85 W, 885 MHz, 6001 MHz, 100 %, 7161 MiB, 8188 MiB, P4, 0x0000000000000004
2026-09-26 12:02:24,2026/09/26 12:02:24.274, 67, 29.94 W, 885 MHz, 6001 MHz, 100 %, 7161 MiB, 8188 MiB, P4, 0x0000000000000004
2026-09-26 12:02:34,2026/09/26 12:02:34.320, 66, 29.41 W, 1350 MHz, 6001 MHz, 100 %, 7161 MiB, 8188 MiB, P4, 0x0000000000000004
2026-09-26 12:02:44,2026/09/26 12:02:44.380, 67, 29.28 W, 645 MHz, 6001 MHz, 95 %, 7161 MiB, 8188 MiB, P4, 0x0000000000000004
2026-09-26 12:02:54,2026/09/26 12:02:54.449, 67, 29.39 W, 735 MHz, 6001 MHz, 94 %, 7161 MiB, 8188 MiB, P4, 0x0000000000000004
2026-09-26 12:03:04,2026/09/26 12:03:04.498, 66, 29.76 W, 735 MHz, 6001 MHz, 100 %, 7161 MiB, 8188 MiB, P4, 0x0000000000000004
2026-09-26 12:03:14,2026/09/26 12:03:14.566, 66, 29.79 W, 780 MHz, 6001 MHz, 100 %, 7161 MiB, 8188 MiB, P4, 0x0000000000000004
2026-09-26 12:03:24,2026/09/26 12:03:24.634, 67, 29.98 W, 945 MHz, 6001 MHz, 100 %, 7161 MiB, 8188 MiB, P4, 0x0000000000000004
2026-09-26 12:03:34,2026/09/26 12:03:34.681, 67, 29.75 W, 675 MHz, 6001 MHz, 95 %, 7161 MiB, 8188 MiB, P4, 0x0000000000000004
2026-09-26 12:03:44,2026/09/26 12:03:44.740, 79, 82.66 W, 2295 MHz, 8001 MHz, 100 %, 7161 MiB, 8188 MiB, P0, 0x0000000000000020
2026-09-26 12:03:54,2026/09/26 12:03:54.786, 68, 29.85 W, 990 MHz, 6001 MHz, 100 %, 7161 MiB, 8188 MiB, P4, 0x0000000000000004
2026-09-26 12:04:04,2026/09/26 12:04:04.835, 67, 29.35 W, 750 MHz, 6001 MHz, 100 %, 7161 MiB, 8188 MiB, P4, 0x0000000000000004
2026-09-26 12:04:14,2026/09/26 12:04:14.881, 68, 29.74 W, 885 MHz, 6001 MHz, 100 %, 7161 MiB, 8188 MiB, P4, 0x0000000000000004
2026-09-26 12:04:24,2026/09/26 12:04:24.929, 67, 30.04 W, 720 MHz, 6001 MHz, 96 %, 7161 MiB, 8188 MiB, P4, 0x0000000000000004
2026-09-26 12:04:34,2026/09/26 12:04:35.000, 67, 29.36 W, 1305 MHz, 6001 MHz, 95 %, 7161 MiB, 8188 MiB, P4, 0x0000000000000004
2026-09-26 12:04:45,2026/09/26 12:04:45.051, 66, 29.72 W, 660 MHz, 6001 MHz, 95 %, 7161 MiB, 8188 MiB, P4, 0x0000000000000004
2026-09-26 12:04:55,2026/09/26 12:04:55.110, 67, 29.97 W, 585 MHz, 6001 MHz, 100 %, 7161 MiB, 8188 MiB, P4, 0x0000000000000004
2026-09-26 12:05:05,2026/09/26 12:05:05.178, 67, 29.65 W, 885 MHz, 6001 MHz, 100 %, 7161 MiB, 8188 MiB, P4, 0x0000000000000004
2026-09-26 12:05:15,2026/09/26 12:05:15.225, 67, 29.85 W, 885 MHz, 6001 MHz, 100 %, 7161 MiB, 8188 MiB, P4, 0x0000000000000004
2026-09-26 12:05:25,2026/09/26 12:05:25.279, 66, 29.72 W, 1140 MHz, 6001 MHz, 100 %, 7161 MiB, 8188 MiB, P4, 0x0000000000000004
2026-09-26 12:05:35,2026/09/26 12:05:35.341, 79, 82.68 W, 2295 MHz, 8001 MHz, 94 %, 7161 MiB, 8188 MiB, P0, 0x0000000000000020
2026-09-26 12:05:45,2026/09/26 12:05:45.390, 68, 30.00 W, 1005 MHz, 6001 MHz, 100 %, 7161 MiB, 8188 MiB, P4, 0x0000000000000004
2026-09-26 12:05:55,2026/09/26 12:05:55.450, 67, 29.61 W, 1005 MHz, 6001 MHz, 100 %, 7161 MiB, 8188 MiB, P4, 0x0000000000000004
2026-09-26 12:06:05,2026/09/26 12:06:05.516, 67, 29.93 W, 720 MHz, 6001 MHz, 100 %, 7161 MiB, 8188 MiB, P4, 0x0000000000000004
2026-09-26 12:06:15,2026/09/26 12:06:15.588, 67, 29.79 W, 1110 MHz, 6001 MHz, 100 %, 7161 MiB, 8188 MiB, P4, 0x0000000000000004
2026-09-26 12:06:25,2026/09/26 12:06:25.634, 66, 29.47 W, 1290 MHz, 6001 MHz, 100 %, 7161 MiB, 8188 MiB, P4, 0x0000000000000004
2026-09-26 12:06:35,2026/09/26 12:06:35.688, 67, 29.96 W, 825 MHz, 6001 MHz, 100 %, 7161 MiB, 8188 MiB, P4, 0x0000000000000004
2026-09-26 12:06:45,2026/09/26 12:06:45.756, 76, 84.87 W, 2445 MHz, 8001 MHz, 100 %, 7161 MiB, 8188 MiB, P0, 0x0000000000000020
2026-09-26 12:06:55,2026/09/26 12:06:55.820, 68, 30.17 W, 570 MHz, 6001 MHz, 100 %, 7161 MiB, 8188 MiB, P4, 0x0000000000000004
2026-09-26 12:07:05,2026/09/26 12:07:05.880, 67, 30.06 W, 885 MHz, 6001 MHz, 100 %, 7161 MiB, 8188 MiB, P4, 0x0000000000000004
2026-09-26 12:07:15,2026/09/26 12:07:15.937, 67, 29.90 W, 615 MHz, 6001 MHz, 94 %, 7161 MiB, 8188 MiB, P4, 0x0000000000000004
2026-09-26 12:07:25,2026/09/26 12:07:25.991, 67, 29.80 W, 870 MHz, 6001 MHz, 100 %, 7161 MiB, 8188 MiB, P4, 0x0000000000000004
2026-09-26 12:07:36,2026/09/26 12:07:36.039, 67, 29.74 W, 750 MHz, 6001 MHz, 100 %, 7161 MiB, 8188 MiB, P4, 0x0000000000000004
2026-09-26 12:07:46,2026/09/26 12:07:46.106, 67, 29.62 W, 735 MHz, 6001 MHz, 100 %, 7161 MiB, 8188 MiB, P4, 0x0000000000000004
2026-09-26 12:07:56,2026/09/26 12:07:56.168, 67, 29.80 W, 585 MHz, 6001 MHz, 100 %, 7161 MiB, 8188 MiB, P4, 0x0000000000000004
2026-09-26 12:08:06,2026/09/26 12:08:06.228, 80, 84.09 W, 2295 MHz, 8001 MHz, 100 %, 7161 MiB, 8188 MiB, P0, 0x0000000000000020
2026-09-26 12:08:16,2026/09/26 12:08:16.288, 67, 29.89 W, 900 MHz, 6001 MHz, 100 %, 7161 MiB, 8188 MiB, P4, 0x0000000000000004
2026-09-26 12:08:26,2026/09/26 12:08:26.340, 67, 29.55 W, 1290 MHz, 6001 MHz, 100 %, 7161 MiB, 8188 MiB, P4, 0x0000000000000004
2026-09-26 12:08:36,2026/09/26 12:08:36.412, 67, 29.73 W, 630 MHz, 6001 MHz, 95 %, 7161 MiB, 8188 MiB, P4, 0x0000000000000004
2026-09-26 12:08:46,2026/09/26 12:08:46.458, 66, 29.73 W, 660 MHz, 6001 MHz, 95 %, 7161 MiB, 8188 MiB, P4, 0x0000000000000004
2026-09-26 12:08:56,2026/09/26 12:08:56.519, 67, 29.77 W, 930 MHz, 6001 MHz, 99 %, 7161 MiB, 8188 MiB, P4, 0x0000000000000004
2026-09-26 12:09:06,2026/09/26 12:09:06.580, 67, 29.68 W, 885 MHz, 6001 MHz, 100 %, 7161 MiB, 8188 MiB, P4, 0x0000000000000004
2026-09-26 12:09:16,2026/09/26 12:09:16.637, 67, 30.01 W, 990 MHz, 6001 MHz, 100 %, 7161 MiB, 8188 MiB, P4, 0x0000000000000004
2026-09-26 12:09:26,2026/09/26 12:09:26.692, 67, 29.35 W, 1290 MHz, 6001 MHz, 94 %, 7161 MiB, 8188 MiB, P4, 0x0000000000000004
2026-09-26 12:09:36,2026/09/26 12:09:36.762, 78, 83.56 W, 2295 MHz, 8001 MHz, 100 %, 7161 MiB, 8188 MiB, P0, 0x0000000000000020
2026-09-26 12:09:46,2026/09/26 12:09:46.810, 69, 29.66 W, 720 MHz, 6001 MHz, 100 %, 7161 MiB, 8188 MiB, P4, 0x0000000000000004
2026-09-26 12:09:56,2026/09/26 12:09:56.853, 68, 29.89 W, 735 MHz, 6001 MHz, 100 %, 7161 MiB, 8188 MiB, P4, 0x0000000000000004
2026-09-26 12:10:06,2026/09/26 12:10:06.896, 67, 29.82 W, 1125 MHz, 6001 MHz, 100 %, 7161 MiB, 8188 MiB, P4, 0x0000000000000004
2026-09-26 12:10:16,2026/09/26 12:10:16.965, 67, 29.55 W, 720 MHz, 6001 MHz, 100 %, 7161 MiB, 8188 MiB, P4, 0x0000000000000004
2026-09-26 12:10:26,2026/09/26 12:10:27.022, 67, 29.69 W, 705 MHz, 6001 MHz, 100 %, 7161 MiB, 8188 MiB, P4, 0x0000000000000004
2026-09-26 12:10:37,2026/09/26 12:10:37.069, 67, 29.81 W, 615 MHz, 6001 MHz, 94 %, 7161 MiB, 8188 MiB, P4, 0x0000000000000004
2026-09-26 12:10:47,2026/09/26 12:10:47.117, 67, 30.05 W, 645 MHz, 6001 MHz, 100 %, 7161 MiB, 8188 MiB, P4, 0x0000000000000004
2026-09-26 12:10:57,2026/09/26 12:10:57.187, 67, 29.91 W, 930 MHz, 6001 MHz, 100 %, 7161 MiB, 8188 MiB, P4, 0x0000000000000004
2026-09-26 12:11:07,2026/09/26 12:11:07.249, 67, 29.68 W, 1020 MHz, 6001 MHz, 100 %, 7161 MiB, 8188 MiB, P4, 0x0000000000000004
2026-09-26 12:11:17,2026/09/26 12:11:17.303, 67, 29.96 W, 1005 MHz, 6001 MHz, 100 %, 7161 MiB, 8188 MiB, P4, 0x0000000000000004
2026-09-26 12:11:27,2026/09/26 12:11:27.370, 67, 29.92 W, 660 MHz, 6001 MHz, 100 %, 7161 MiB, 8188 MiB, P4, 0x0000000000000004
2026-09-26 12:11:37,2026/09/26 12:11:37.433, 67, 29.88 W, 810 MHz, 6001 MHz, 100 %, 7161 MiB, 8188 MiB, P4, 0x0000000000000004
2026-09-26 12:11:47,2026/09/26 12:11:47.485, 67, 29.66 W, 645 MHz, 6001 MHz, 100 %, 7161 MiB, 8188 MiB, P4, 0x0000000000000004
2026-09-26 12:11:57,2026/09/26 12:11:57.550, 67, 29.84 W, 870 MHz, 6001 MHz, 100 %, 7161 MiB, 8188 MiB, P4, 0x0000000000000004
2026-09-26 12:12:07,2026/09/26 12:12:07.611, 67, 29.86 W, 1050 MHz, 6001 MHz, 100 %, 7161 MiB, 8188 MiB, P4, 0x0000000000000004
2026-09-26 12:12:17,2026/09/26 12:12:17.661, 67, 29.44 W, 1110 MHz, 6001 MHz, 100 %, 7161 MiB, 8188 MiB, P4, 0x0000000000000004
2026-09-26 12:12:27,2026/09/26 12:12:27.711, 67, 29.65 W, 630 MHz, 6001 MHz, 95 %, 7161 MiB, 8188 MiB, P4, 0x0000000000000004
2026-09-26 12:12:37,2026/09/26 12:12:37.756, 66, 29.79 W, 1035 MHz, 6001 MHz, 100 %, 7161 MiB, 8188 MiB, P4, 0x0000000000000004
2026-09-26 12:12:47,2026/09/26 12:12:47.818, 67, 29.80 W, 765 MHz, 6001 MHz, 100 %, 7161 MiB, 8188 MiB, P4, 0x0000000000000004
2026-09-26 12:12:57,2026/09/26 12:12:57.872, 67, 29.76 W, 795 MHz, 6001 MHz, 100 %, 7161 MiB, 8188 MiB, P4, 0x0000000000000004
2026-09-26 12:13:07,2026/09/26 12:13:07.936, 65, 27.41 W, 2370 MHz, 6001 MHz, 0 %, 7161 MiB, 8188 MiB, P4, 0x0000000000000001
2026-09-26 12:13:17,2026/09/26 12:13:17.996, 75, 63.26 W, 2295 MHz, 8001 MHz, 95 %, 7161 MiB, 8188 MiB, P0, 0x0000000000000020
2026-09-26 12:13:28,2026/09/26 12:13:28.051, 75, 64.03 W, 2295 MHz, 8001 MHz, 95 %, 7161 MiB, 8188 MiB, P0, 0x0000000000000020
2026-09-26 12:13:38,2026/09/26 12:13:38.099, 77, 63.82 W, 2295 MHz, 8001 MHz, 95 %, 7161 MiB, 8188 MiB, P0, 0x0000000000000020
2026-09-26 12:13:48,2026/09/26 12:13:48.162, 77, 64.02 W, 2295 MHz, 8001 MHz, 94 %, 7161 MiB, 8188 MiB, P0, 0x0000000000000020
2026-09-26 12:13:58,2026/09/26 12:13:58.226, 75, 63.66 W, 2295 MHz, 8001 MHz, 94 %, 7161 MiB, 8188 MiB, P0, 0x0000000000000020
2026-09-26 12:14:08,2026/09/26 12:14:08.286, 77, 63.67 W, 2295 MHz, 8001 MHz, 95 %, 7161 MiB, 8188 MiB, P0, 0x0000000000000020
2026-09-26 12:14:18,2026/09/26 12:14:18.347, 78, 64.09 W, 2295 MHz, 8001 MHz, 89 %, 7161 MiB, 8188 MiB, P0, 0x0000000000000020
2026-09-26 12:14:28,2026/09/26 12:14:28.420, 68, 34.91 W, 2595 MHz, 8001 MHz, 0 %, 7161 MiB, 8188 MiB, P4, 0x0000000000000000
2026-09-26 12:14:38,2026/09/26 12:14:38.490, 77, 67.77 W, 2295 MHz, 8001 MHz, 100 %, 6049 MiB, 8188 MiB, P0, 0x0000000000000020
2026-09-26 12:14:48,2026/09/26 12:14:48.544, 78, 67.16 W, 2295 MHz, 8001 MHz, 100 %, 6049 MiB, 8188 MiB, P0, 0x0000000000000020
2026-09-26 12:14:58,2026/09/26 12:14:58.610, 68, 29.39 W, 1560 MHz, 6001 MHz, 100 %, 6049 MiB, 8188 MiB, P4, 0x0000000000000004
2026-09-26 12:15:08,2026/09/26 12:15:08.673, 68, 29.85 W, 1065 MHz, 6001 MHz, 97 %, 6049 MiB, 8188 MiB, P4, 0x0000000000000004
2026-09-26 12:15:18,2026/09/26 12:15:18.739, 76, 63.47 W, 2295 MHz, 8001 MHz, 90 %, 6051 MiB, 8188 MiB, P0, 0x0000000000000020
2026-09-26 12:15:28,2026/09/26 12:15:28.786, 76, 63.49 W, 2295 MHz, 8001 MHz, 94 %, 6051 MiB, 8188 MiB, P0, 0x0000000000000020
2026-09-26 12:15:38,2026/09/26 12:15:38.855, 76, 64.21 W, 2295 MHz, 8001 MHz, 95 %, 6051 MiB, 8188 MiB, P0, 0x0000000000000020
2026-09-26 12:15:48,2026/09/26 12:15:48.921, 77, 63.47 W, 2295 MHz, 8001 MHz, 89 %, 6051 MiB, 8188 MiB, P0, 0x0000000000000020
2026-09-26 12:15:58,2026/09/26 12:15:58.981, 77, 63.47 W, 2295 MHz, 8001 MHz, 88 %, 6051 MiB, 8188 MiB, P0, 0x0000000000000020
2026-09-26 12:16:09,2026/09/26 12:16:09.048, 77, 63.54 W, 2295 MHz, 8001 MHz, 88 %, 6051 MiB, 8188 MiB, P0, 0x0000000000000020
2026-09-26 12:16:19,2026/09/26 12:16:19.110, 77, 63.52 W, 2295 MHz, 8001 MHz, 90 %, 6051 MiB, 8188 MiB, P0, 0x0000000000000020
2026-09-26 12:16:29,2026/09/26 12:16:29.172, 76, 64.34 W, 2295 MHz, 8001 MHz, 92 %, 6051 MiB, 8188 MiB, P0, 0x0000000000000020
2026-09-26 12:16:39,2026/09/26 12:16:39.230, 78, 64.26 W, 2295 MHz, 8001 MHz, 95 %, 6051 MiB, 8188 MiB, P0, 0x0000000000000020
2026-09-26 12:16:49,2026/09/26 12:16:49.283, 78, 26.31 W, 2595 MHz, 7001 MHz, 90 %, 6051 MiB, 8188 MiB, P3, 0x0000000000000000
2026-09-26 12:16:59,2026/09/26 12:16:59.334, 77, 64.34 W, 2295 MHz, 8001 MHz, 89 %, 6051 MiB, 8188 MiB, P0, 0x0000000000000020
2026-09-26 12:17:09,2026/09/26 12:17:09.407, 78, 64.38 W, 2295 MHz, 8001 MHz, 90 %, 6051 MiB, 8188 MiB, P0, 0x0000000000000020
2026-09-26 12:17:19,2026/09/26 12:17:19.465, 78, 64.45 W, 2295 MHz, 8001 MHz, 94 %, 6051 MiB, 8188 MiB, P0, 0x0000000000000020
2026-09-26 12:17:29,2026/09/26 12:17:29.524, 78, 64.50 W, 2295 MHz, 8001 MHz, 95 %, 6051 MiB, 8188 MiB, P0, 0x0000000000000020
2026-09-26 12:17:39,2026/09/26 12:17:39.591, 78, 64.43 W, 2295 MHz, 8001 MHz, 91 %, 6051 MiB, 8188 MiB, P0, 0x0000000000000020
2026-09-26 12:17:49,2026/09/26 12:17:49.654, 78, 64.58 W, 2295 MHz, 8001 MHz, 95 %, 6051 MiB, 8188 MiB, P0, 0x0000000000000020
2026-09-26 12:17:59,2026/09/26 12:17:59.720, 70, 32.58 W, 2595 MHz, 8001 MHz, 45 %, 6051 MiB, 8188 MiB, P0, 0x0000000000000001
2026-09-26 12:18:09,2026/09/26 12:18:09.770, 78, 70.95 W, 2295 MHz, 8001 MHz, 100 %, 6051 MiB, 8188 MiB, P0, 0x0000000000000020
2026-09-26 12:18:19,2026/09/26 12:18:19.837, 80, 67.15 W, 2295 MHz, 8001 MHz, 98 %, 6051 MiB, 8188 MiB, P0, 0x0000000000000020
2026-09-26 12:18:29,2026/09/26 12:18:29.910, 70, 29.16 W, 1530 MHz, 6001 MHz, 100 %, 6051 MiB, 8188 MiB, P4, 0x0000000000000004
2026-09-26 12:18:39,2026/09/26 12:18:39.962, 68, 29.90 W, 1230 MHz, 6001 MHz, 100 %, 6051 MiB, 8188 MiB, P4, 0x0000000000000004
2026-09-26 12:18:49,2026/09/26 12:18:50.024, 67, 21.98 W, 2430 MHz, 6001 MHz, 0 %, 6051 MiB, 8188 MiB, P4, 0x0000000000000024
2026-09-26 12:19:00,2026/09/26 12:19:00.085, 76, 64.24 W, 2295 MHz, 8001 MHz, 94 %, 6051 MiB, 8188 MiB, P0, 0x0000000000000020
2026-09-26 12:19:10,2026/09/26 12:19:10.156, 78, 62.97 W, 2295 MHz, 8001 MHz, 95 %, 6051 MiB, 8188 MiB, P0, 0x0000000000000020
2026-09-26 12:19:20,2026/09/26 12:19:20.233, 77, 63.79 W, 2295 MHz, 8001 MHz, 94 %, 6051 MiB, 8188 MiB, P0, 0x0000000000000020
2026-09-26 12:19:30,2026/09/26 12:19:30.305, 78, 63.83 W, 2295 MHz, 8001 MHz, 90 %, 6051 MiB, 8188 MiB, P0, 0x0000000000000020
2026-09-26 12:19:40,2026/09/26 12:19:40.370, 77, 63.47 W, 2295 MHz, 8001 MHz, 91 %, 6051 MiB, 8188 MiB, P0, 0x0000000000000020
2026-09-26 12:19:50,2026/09/26 12:19:50.438, 79, 63.82 W, 2295 MHz, 8001 MHz, 94 %, 6051 MiB, 8188 MiB, P0, 0x0000000000000020
2026-09-26 12:20:00,2026/09/26 12:20:00.499, 78, 63.67 W, 2295 MHz, 8001 MHz, 94 %, 6051 MiB, 8188 MiB, P0, 0x0000000000000020
2026-09-26 12:20:10,2026/09/26 12:20:10.562, 75, 63.64 W, 2295 MHz, 8001 MHz, 71 %, 6051 MiB, 8188 MiB, P0, 0x0000000000000020
2026-09-26 12:20:20,2026/09/26 12:20:20.625, 78, 63.87 W, 2295 MHz, 8001 MHz, 95 %, 6051 MiB, 8188 MiB, P0, 0x0000000000000020
2026-09-26 12:20:30,2026/09/26 12:20:30.683, 78, 64.03 W, 2295 MHz, 8001 MHz, 95 %, 6051 MiB, 8188 MiB, P0, 0x0000000000000020
2026-09-26 12:20:40,2026/09/26 12:20:40.751, 79, 63.89 W, 2295 MHz, 8001 MHz, 90 %, 6051 MiB, 8188 MiB, P0, 0x0000000000000020
2026-09-26 12:20:50,2026/09/26 12:20:50.808, 79, 63.65 W, 2295 MHz, 8001 MHz, 89 %, 6051 MiB, 8188 MiB, P0, 0x0000000000000020
2026-09-26 12:21:00,2026/09/26 12:21:00.869, 69, 28.23 W, 2370 MHz, 8001 MHz, 0 %, 6051 MiB, 8188 MiB, P0, 0x0000000000000001
2026-09-26 12:21:10,2026/09/26 12:21:10.934, 64, 3.58 W, 210 MHz, 405 MHz, 0 %, 6051 MiB, 8188 MiB, P8, 0x0000000000000001
2026-09-26 12:21:20,2026/09/26 12:21:21.005, 78, 67.81 W, 2295 MHz, 8001 MHz, 100 %, 6051 MiB, 8188 MiB, P0, 0x0000000000000020
2026-09-26 12:21:31,2026/09/26 12:21:31.077, 79, 67.86 W, 2295 MHz, 8001 MHz, 100 %, 6051 MiB, 8188 MiB, P0, 0x0000000000000020
2026-09-26 12:21:41,2026/09/26 12:21:41.141, 70, 29.00 W, 1560 MHz, 6001 MHz, 100 %, 6051 MiB, 8188 MiB, P4, 0x0000000000000004
2026-09-26 12:21:51,2026/09/26 12:21:51.203, 76, 63.66 W, 2295 MHz, 8001 MHz, 93 %, 6051 MiB, 8188 MiB, P0, 0x0000000000000020
2026-09-26 12:22:01,2026/09/26 12:22:01.265, 76, 63.26 W, 2295 MHz, 8001 MHz, 93 %, 6051 MiB, 8188 MiB, P0, 0x0000000000000020
2026-09-26 12:22:11,2026/09/26 12:22:11.337, 77, 63.85 W, 2295 MHz, 8001 MHz, 89 %, 6051 MiB, 8188 MiB, P0, 0x0000000000000020
2026-09-26 12:22:21,2026/09/26 12:22:21.396, 77, 63.83 W, 2295 MHz, 8001 MHz, 94 %, 6051 MiB, 8188 MiB, P0, 0x0000000000000020
2026-09-26 12:22:31,2026/09/26 12:22:31.459, 78, 63.66 W, 2295 MHz, 8001 MHz, 93 %, 6051 MiB, 8188 MiB, P0, 0x0000000000000020
2026-09-26 12:22:41,2026/09/26 12:22:41.521, 70, 33.44 W, 2595 MHz, 8001 MHz, 0 %, 6051 MiB, 8188 MiB, P0, 0x0000000000000000
2026-09-26 12:22:51,2026/09/26 12:22:51.580, 78, 63.89 W, 2295 MHz, 8001 MHz, 80 %, 6055 MiB, 8188 MiB, P0, 0x0000000000000020
2026-09-26 12:23:01,2026/09/26 12:23:01.648, 78, 62.13 W, 2295 MHz, 8001 MHz, 78 %, 6055 MiB, 8188 MiB, P0, 0x0000000000000020
2026-09-26 12:23:11,2026/09/26 12:23:11.714, 78, 63.96 W, 2295 MHz, 8001 MHz, 86 %, 6055 MiB, 8188 MiB, P0, 0x0000000000000020
2026-09-26 12:23:21,2026/09/26 12:23:21.787, 78, 63.63 W, 2295 MHz, 8001 MHz, 89 %, 6055 MiB, 8188 MiB, P0, 0x0000000000000020
2026-09-26 12:23:31,2026/09/26 12:23:31.841, 70, 30.03 W, 1485 MHz, 6001 MHz, 90 %, 6055 MiB, 8188 MiB, P4, 0x0000000000000004
2026-09-26 12:23:41,2026/09/26 12:23:41.889, 69, 28.66 W, 1455 MHz, 6001 MHz, 90 %, 6055 MiB, 8188 MiB, P4, 0x0000000000000004
2026-09-26 12:23:51,2026/09/26 12:23:51.951, 69, 28.63 W, 1245 MHz, 6001 MHz, 91 %, 6055 MiB, 8188 MiB, P4, 0x0000000000000004
2026-09-26 12:24:01,2026/09/26 12:24:02.021, 69, 29.10 W, 1260 MHz, 7001 MHz, 93 %, 6055 MiB, 8188 MiB, P3, 0x0000000000000004
2026-09-26 12:24:12,2026/09/26 12:24:12.088, 69, 28.83 W, 1455 MHz, 6001 MHz, 92 %, 6055 MiB, 8188 MiB, P4, 0x0000000000000004
2026-09-26 12:24:22,2026/09/26 12:24:22.151, 64, 5.94 W, 435 MHz, 810 MHz, 0 %, 6055 MiB, 8188 MiB, P5, 0x0000000000000001
2026-09-26 12:24:32,2026/09/26 12:24:32.211, 78, 68.70 W, 2295 MHz, 8001 MHz, 100 %, 6055 MiB, 8188 MiB, P0, 0x0000000000000020
2026-09-26 12:24:42,2026/09/26 12:24:42.257, 69, 29.33 W, 1515 MHz, 6001 MHz, 100 %, 6055 MiB, 8188 MiB, P4, 0x0000000000000004
2026-09-26 12:24:52,2026/09/26 12:24:52.320, 68, 29.28 W, 1020 MHz, 6001 MHz, 67 %, 6055 MiB, 8188 MiB, P4, 0x0000000000000004
2026-09-26 12:25:02,2026/09/26 12:25:02.385, 75, 61.08 W, 2295 MHz, 8001 MHz, 82 %, 6055 MiB, 8188 MiB, P0, 0x0000000000000020
2026-09-26 12:25:12,2026/09/26 12:25:12.446, 76, 64.06 W, 2295 MHz, 8001 MHz, 86 %, 6055 MiB, 8188 MiB, P0, 0x0000000000000020
2026-09-26 12:25:22,2026/09/26 12:25:22.508, 77, 63.27 W, 2295 MHz, 8001 MHz, 88 %, 6055 MiB, 8188 MiB, P0, 0x0000000000000020
2026-09-26 12:25:32,2026/09/26 12:25:32.562, 77, 64.45 W, 2295 MHz, 8001 MHz, 90 %, 6055 MiB, 8188 MiB, P0, 0x0000000000000020
2026-09-26 12:25:42,2026/09/26 12:25:42.620, 77, 63.42 W, 2295 MHz, 8001 MHz, 90 %, 6055 MiB, 8188 MiB, P0, 0x0000000000000020
2026-09-26 12:25:52,2026/09/26 12:25:52.687, 66, 16.81 W, 1440 MHz, 8001 MHz, 0 %, 6055 MiB, 8188 MiB, P0, 0x0000000000000001
2026-09-26 12:26:02,2026/09/26 12:26:02.734, 77, 23.06 W, 2340 MHz, 8001 MHz, 100 %, 6055 MiB, 8188 MiB, P0, 0x0000000000000020
2026-09-26 12:26:12,2026/09/26 12:26:12.786, 69, 29.56 W, 900 MHz, 6001 MHz, 100 %, 6055 MiB, 8188 MiB, P4, 0x0000000000000004
2026-09-26 12:26:22,2026/09/26 12:26:22.850, 68, 29.39 W, 1395 MHz, 6001 MHz, 100 %, 6055 MiB, 8188 MiB, P4, 0x0000000000000004
2026-09-26 12:26:32,2026/09/26 12:26:32.915, 64, 12.91 W, 315 MHz, 6001 MHz, 0 %, 6055 MiB, 8188 MiB, P5, 0x0000000000000001
2026-09-26 12:26:42,2026/09/26 12:26:42.992, 76, 64.28 W, 2295 MHz, 8001 MHz, 85 %, 6055 MiB, 8188 MiB, P0, 0x0000000000000020
2026-09-26 12:26:53,2026/09/26 12:26:53.062, 76, 64.11 W, 2295 MHz, 8001 MHz, 90 %, 6055 MiB, 8188 MiB, P0, 0x0000000000000020
2026-09-26 12:27:03,2026/09/26 12:27:03.134, 77, 63.24 W, 2295 MHz, 8001 MHz, 86 %, 6055 MiB, 8188 MiB, P0, 0x0000000000000020
2026-09-26 12:27:13,2026/09/26 12:27:13.205, 77, 64.44 W, 2295 MHz, 8001 MHz, 90 %, 6055 MiB, 8188 MiB, P0, 0x0000000000000020
2026-09-26 12:27:23,2026/09/26 12:27:23.272, 70, 55.12 W, 2595 MHz, 8001 MHz, 38 %, 6055 MiB, 8188 MiB, P0, 0x0000000000000000
2026-09-26 12:27:33,2026/09/26 12:27:33.343, 77, 62.88 W, 2295 MHz, 8001 MHz, 84 %, 6055 MiB, 8188 MiB, P0, 0x0000000000000020
2026-09-26 12:27:43,2026/09/26 12:27:43.412, 77, 64.31 W, 2295 MHz, 8001 MHz, 88 %, 6055 MiB, 8188 MiB, P0, 0x0000000000000020
2026-09-26 12:27:53,2026/09/26 12:27:53.468, 69, 29.38 W, 1500 MHz, 6001 MHz, 89 %, 6055 MiB, 8188 MiB, P4, 0x0000000000000004
2026-09-26 12:28:03,2026/09/26 12:28:03.539, 69, 29.79 W, 1350 MHz, 6001 MHz, 90 %, 6055 MiB, 8188 MiB, P4, 0x0000000000000004
2026-09-26 12:28:13,2026/09/26 12:28:13.604, 68, 28.09 W, 1320 MHz, 6001 MHz, 94 %, 6055 MiB, 8188 MiB, P4, 0x0000000000000004
2026-09-26 12:28:23,2026/09/26 12:28:23.667, 65, 17.88 W, 990 MHz, 6001 MHz, 0 %, 6055 MiB, 8188 MiB, P5, 0x0000000000000001
2026-09-26 12:28:33,2026/09/26 12:28:33.737, 81, 71.03 W, 2520 MHz, 8001 MHz, 100 %, 6055 MiB, 8188 MiB, P0, 0x0000000000000020
2026-09-26 12:28:43,2026/09/26 12:28:43.800, 79, 74.88 W, 2295 MHz, 8001 MHz, 100 %, 6055 MiB, 8188 MiB, P0, 0x0000000000000020
2026-09-26 12:28:53,2026/09/26 12:28:53.846, 69, 29.36 W, 1560 MHz, 6001 MHz, 100 %, 6055 MiB, 8188 MiB, P4, 0x0000000000000004
2026-09-26 12:29:03,2026/09/26 12:29:03.913, 63, 3.55 W, 210 MHz, 405 MHz, 0 %, 6055 MiB, 8188 MiB, P8, 0x0000000000000001
2026-09-26 12:29:13,2026/09/26 12:29:13.973, 75, 63.42 W, 2295 MHz, 8001 MHz, 85 %, 6055 MiB, 8188 MiB, P0, 0x0000000000000020
2026-09-26 12:29:23,2026/09/26 12:29:24.041, 76, 63.51 W, 2295 MHz, 8001 MHz, 88 %, 6055 MiB, 8188 MiB, P0, 0x0000000000000020
2026-09-26 12:29:34,2026/09/26 12:29:34.104, 77, 64.20 W, 2295 MHz, 8001 MHz, 83 %, 6055 MiB, 8188 MiB, P0, 0x0000000000000020
2026-09-26 12:29:44,2026/09/26 12:29:44.163, 77, 63.39 W, 2295 MHz, 8001 MHz, 89 %, 6055 MiB, 8188 MiB, P0, 0x0000000000000020
2026-09-26 12:29:54,2026/09/26 12:29:54.233, 69, 33.13 W, 2595 MHz, 8001 MHz, 0 %, 6055 MiB, 8188 MiB, P0, 0x0000000000000000
2026-09-26 12:30:04,2026/09/26 12:30:04.302, 78, 84.32 W, 2295 MHz, 8001 MHz, 95 %, 6055 MiB, 8188 MiB, P0, 0x0000000000000020
2026-09-26 12:30:14,2026/09/26 12:30:14.365, 68, 29.81 W, 300 MHz, 6001 MHz, 100 %, 6055 MiB, 8188 MiB, P4, 0x0000000000000004
2026-09-26 12:30:24,2026/09/26 12:30:24.428, 67, 30.07 W, 540 MHz, 6001 MHz, 100 %, 6055 MiB, 8188 MiB, P4, 0x0000000000000004
2026-09-26 12:30:34,2026/09/26 12:30:34.498, 67, 30.06 W, 330 MHz, 6001 MHz, 100 %, 6055 MiB, 8188 MiB, P4, 0x0000000000000004
2026-09-26 12:30:44,2026/09/26 12:30:44.547, 67, 29.93 W, 255 MHz, 6001 MHz, 100 %, 6055 MiB, 8188 MiB, P4, 0x0000000000000004
2026-09-26 12:30:54,2026/09/26 12:30:54.590, 67, 29.89 W, 495 MHz, 6001 MHz, 100 %, 6055 MiB, 8188 MiB, P4, 0x0000000000000004
2026-09-26 12:31:04,2026/09/26 12:31:04.638, 67, 29.85 W, 615 MHz, 6001 MHz, 94 %, 6055 MiB, 8188 MiB, P4, 0x0000000000000004
2026-09-26 12:31:14,2026/09/26 12:31:14.705, 67, 30.04 W, 330 MHz, 6001 MHz, 100 %, 6055 MiB, 8188 MiB, P4, 0x0000000000000004
2026-09-26 12:31:24,2026/09/26 12:31:24.752, 67, 29.75 W, 540 MHz, 6001 MHz, 100 %, 6055 MiB, 8188 MiB, P4, 0x0000000000000004
2026-09-26 12:31:34,2026/09/26 12:31:34.810, 67, 29.84 W, 525 MHz, 6001 MHz, 95 %, 6055 MiB, 8188 MiB, P4, 0x0000000000000004
2026-09-26 12:31:44,2026/09/26 12:31:44.879, 67, 29.89 W, 330 MHz, 6001 MHz, 100 %, 6055 MiB, 8188 MiB, P4, 0x0000000000000004
2026-09-26 12:31:54,2026/09/26 12:31:54.925, 66, 29.83 W, 525 MHz, 6001 MHz, 100 %, 6055 MiB, 8188 MiB, P4, 0x0000000000000004
2026-09-26 12:32:04,2026/09/26 12:32:04.989, 66, 30.04 W, 480 MHz, 6001 MHz, 100 %, 6055 MiB, 8188 MiB, P4, 0x0000000000000004
2026-09-26 12:32:15,2026/09/26 12:32:15.055, 66, 29.85 W, 330 MHz, 6001 MHz, 100 %, 6055 MiB, 8188 MiB, P4, 0x0000000000000004
2026-09-26 12:32:25,2026/09/26 12:32:25.098, 67, 29.76 W, 420 MHz, 6001 MHz, 96 %, 6055 MiB, 8188 MiB, P4, 0x0000000000000004
2026-09-26 12:32:35,2026/09/26 12:32:35.160, 77, 84.62 W, 2295 MHz, 8001 MHz, 95 %, 6055 MiB, 8188 MiB, P0, 0x0000000000000020
2026-09-26 12:32:45,2026/09/26 12:32:45.222, 78, 85.39 W, 2295 MHz, 8001 MHz, 94 %, 6055 MiB, 8188 MiB, P0, 0x0000000000000020
2026-09-26 12:32:55,2026/09/26 12:32:55.288, 68, 29.87 W, 705 MHz, 6001 MHz, 94 %, 6055 MiB, 8188 MiB, P4, 0x0000000000000004
2026-09-26 12:33:05,2026/09/26 12:33:05.361, 68, 30.07 W, 330 MHz, 6001 MHz, 100 %, 6055 MiB, 8188 MiB, P4, 0x0000000000000004
2026-09-26 12:33:15,2026/09/26 12:33:15.418, 68, 29.97 W, 300 MHz, 6001 MHz, 100 %, 6055 MiB, 8188 MiB, P4, 0x0000000000000004
2026-09-26 12:33:25,2026/09/26 12:33:25.473, 67, 29.79 W, 765 MHz, 6001 MHz, 94 %, 6055 MiB, 8188 MiB, P4, 0x0000000000000004
2026-09-26 12:33:35,2026/09/26 12:33:35.534, 67, 29.87 W, 345 MHz, 6001 MHz, 100 %, 6055 MiB, 8188 MiB, P4, 0x0000000000000004
2026-09-26 12:33:45,2026/09/26 12:33:45.605, 67, 29.72 W, 570 MHz, 6001 MHz, 94 %, 6055 MiB, 8188 MiB, P4, 0x0000000000000004
2026-09-26 12:33:55,2026/09/26 12:33:55.659, 67, 29.76 W, 690 MHz, 6001 MHz, 94 %, 6055 MiB, 8188 MiB, P4, 0x0000000000000004
2026-09-26 12:34:05,2026/09/26 12:34:05.721, 67, 29.93 W, 345 MHz, 6001 MHz, 100 %, 6055 MiB, 8188 MiB, P4, 0x0000000000000004
2026-09-26 12:34:15,2026/09/26 12:34:15.765, 67, 29.84 W, 405 MHz, 6001 MHz, 100 %, 6055 MiB, 8188 MiB, P4, 0x0000000000000004
2026-09-26 12:34:25,2026/09/26 12:34:25.829, 66, 30.09 W, 510 MHz, 6001 MHz, 100 %, 6055 MiB, 8188 MiB, P4, 0x0000000000000004
2026-09-26 12:34:35,2026/09/26 12:34:35.890, 67, 29.89 W, 345 MHz, 6001 MHz, 100 %, 6055 MiB, 8188 MiB, P4, 0x0000000000000004
2026-09-26 12:34:45,2026/09/26 12:34:45.939, 67, 29.65 W, 480 MHz, 6001 MHz, 95 %, 6055 MiB, 8188 MiB, P4, 0x0000000000000004
2026-09-26 12:34:55,2026/09/26 12:34:56.007, 66, 30.07 W, 330 MHz, 6001 MHz, 100 %, 6055 MiB, 8188 MiB, P4, 0x0000000000000004
2026-09-26 12:35:06,2026/09/26 12:35:06.072, 67, 29.84 W, 270 MHz, 6001 MHz, 100 %, 6055 MiB, 8188 MiB, P4, 0x0000000000000004
2026-09-26 12:35:16,2026/09/26 12:35:16.145, 67, 29.95 W, 525 MHz, 6001 MHz, 96 %, 6055 MiB, 8188 MiB, P4, 0x0000000000000004
2026-09-26 12:35:26,2026/09/26 12:35:26.212, 74, 54.83 W, 2595 MHz, 6001 MHz, 79 %, 6055 MiB, 8188 MiB, P4, 0x0000000000000001
2026-09-26 12:35:36,2026/09/26 12:35:36.272, 78, 84.35 W, 2295 MHz, 8001 MHz, 95 %, 6055 MiB, 8188 MiB, P0, 0x0000000000000020
2026-09-26 12:35:46,2026/09/26 12:35:46.322, 69, 29.65 W, 210 MHz, 8001 MHz, 100 %, 6055 MiB, 8188 MiB, P0, 0x0000000000000004
2026-09-26 12:35:56,2026/09/26 12:35:56.379, 68, 29.98 W, 345 MHz, 6001 MHz, 100 %, 6055 MiB, 8188 MiB, P4, 0x0000000000000004
2026-09-26 12:36:06,2026/09/26 12:36:06.429, 68, 29.87 W, 300 MHz, 6001 MHz, 100 %, 6055 MiB, 8188 MiB, P4, 0x0000000000000004
2026-09-26 12:36:16,2026/09/26 12:36:16.494, 67, 29.81 W, 555 MHz, 6001 MHz, 96 %, 6055 MiB, 8188 MiB, P4, 0x0000000000000004
2026-09-26 12:36:26,2026/09/26 12:36:26.545, 67, 30.06 W, 330 MHz, 6001 MHz, 100 %, 6055 MiB, 8188 MiB, P4, 0x0000000000000004
2026-09-26 12:36:36,2026/09/26 12:36:36.611, 67, 29.86 W, 255 MHz, 6001 MHz, 100 %, 6055 MiB, 8188 MiB, P4, 0x0000000000000004
2026-09-26 12:36:46,2026/09/26 12:36:46.658, 67, 29.83 W, 645 MHz, 6001 MHz, 95 %, 6055 MiB, 8188 MiB, P4, 0x0000000000000004
2026-09-26 12:36:56,2026/09/26 12:36:56.714, 67, 30.06 W, 330 MHz, 6001 MHz, 100 %, 6055 MiB, 8188 MiB, P4, 0x0000000000000004
2026-09-26 12:37:06,2026/09/26 12:37:06.775, 67, 29.87 W, 285 MHz, 6001 MHz, 100 %, 6055 MiB, 8188 MiB, P4, 0x0000000000000004
2026-09-26 12:37:16,2026/09/26 12:37:16.873, 66, 29.78 W, 480 MHz, 6001 MHz, 95 %, 6055 MiB, 8188 MiB, P4, 0x0000000000000004
2026-09-26 12:37:26,2026/09/26 12:37:26.932, 67, 30.22 W, 345 MHz, 6001 MHz, 100 %, 6055 MiB, 8188 MiB, P4, 0x0000000000000004
2026-09-26 12:37:36,2026/09/26 12:37:36.983, 67, 29.87 W, 420 MHz, 6001 MHz, 100 %, 6055 MiB, 8188 MiB, P4, 0x0000000000000004
2026-09-26 12:37:47,2026/09/26 12:37:47.033, 66, 29.92 W, 390 MHz, 6001 MHz, 97 %, 6055 MiB, 8188 MiB, P4, 0x0000000000000004
2026-09-26 12:37:57,2026/09/26 12:37:57.101, 66, 29.92 W, 270 MHz, 6001 MHz, 100 %, 6055 MiB, 8188 MiB, P4, 0x0000000000000004
2026-09-26 12:38:07,2026/09/26 12:38:07.163, 67, 29.75 W, 510 MHz, 6001 MHz, 94 %, 6055 MiB, 8188 MiB, P4, 0x0000000000000004
2026-09-26 12:38:17,2026/09/26 12:38:17.218, 67, 29.91 W, 690 MHz, 6001 MHz, 95 %, 6055 MiB, 8188 MiB, P4, 0x0000000000000004
2026-09-26 12:38:27,2026/09/26 12:38:27.289, 77, 84.48 W, 2295 MHz, 8001 MHz, 94 %, 6055 MiB, 8188 MiB, P0, 0x0000000000000020
2026-09-26 12:38:37,2026/09/26 12:38:37.352, 78, 84.99 W, 2295 MHz, 8001 MHz, 95 %, 6055 MiB, 8188 MiB, P0, 0x0000000000000020
2026-09-26 12:38:47,2026/09/26 12:38:47.413, 79, 84.26 W, 2295 MHz, 8001 MHz, 94 %, 6055 MiB, 8188 MiB, P0, 0x0000000000000020
2026-09-26 12:38:57,2026/09/26 12:38:57.471, 69, 29.82 W, 510 MHz, 6001 MHz, 95 %, 6055 MiB, 8188 MiB, P4, 0x0000000000000004
2026-09-26 12:39:07,2026/09/26 12:39:07.538, 68, 29.89 W, 345 MHz, 6001 MHz, 100 %, 6055 MiB, 8188 MiB, P4, 0x0000000000000004
2026-09-26 12:39:17,2026/09/26 12:39:17.611, 68, 29.88 W, 555 MHz, 6001 MHz, 94 %, 6055 MiB, 8188 MiB, P4, 0x0000000000000004
2026-09-26 12:39:27,2026/09/26 12:39:27.668, 68, 29.85 W, 420 MHz, 6001 MHz, 85 %, 6055 MiB, 8188 MiB, P4, 0x0000000000000004
2026-09-26 12:39:37,2026/09/26 12:39:37.736, 67, 29.87 W, 330 MHz, 6001 MHz, 100 %, 6055 MiB, 8188 MiB, P4, 0x0000000000000004
2026-09-26 12:39:47,2026/09/26 12:39:47.782, 67, 29.83 W, 570 MHz, 6001 MHz, 94 %, 6055 MiB, 8188 MiB, P4, 0x0000000000000004
2026-09-26 12:39:57,2026/09/26 12:39:57.829, 67, 29.85 W, 330 MHz, 6001 MHz, 100 %, 6055 MiB, 8188 MiB, P4, 0x0000000000000004
2026-09-26 12:40:07,2026/09/26 12:40:07.895, 67, 29.79 W, 525 MHz, 6001 MHz, 95 %, 6055 MiB, 8188 MiB, P4, 0x0000000000000004
2026-09-26 12:40:17,2026/09/26 12:40:17.950, 67, 30.02 W, 345 MHz, 6001 MHz, 100 %, 6055 MiB, 8188 MiB, P4, 0x0000000000000004
2026-09-26 12:40:27,2026/09/26 12:40:28.012, 67, 29.89 W, 255 MHz, 6001 MHz, 100 %, 6055 MiB, 8188 MiB, P4, 0x0000000000000004
2026-09-26 12:40:38,2026/09/26 12:40:38.059, 67, 29.82 W, 360 MHz, 6001 MHz, 94 %, 6055 MiB, 8188 MiB, P4, 0x0000000000000004
2026-09-26 12:40:48,2026/09/26 12:40:48.122, 67, 29.88 W, 300 MHz, 6001 MHz, 100 %, 6055 MiB, 8188 MiB, P4, 0x0000000000000004
2026-09-26 12:40:58,2026/09/26 12:40:58.166, 67, 29.82 W, 600 MHz, 6001 MHz, 95 %, 6055 MiB, 8188 MiB, P4, 0x0000000000000004
2026-09-26 12:41:08,2026/09/26 12:41:08.233, 67, 30.08 W, 330 MHz, 6001 MHz, 100 %, 6055 MiB, 8188 MiB, P4, 0x0000000000000004
2026-09-26 12:41:18,2026/09/26 12:41:18.301, 67, 29.85 W, 450 MHz, 6001 MHz, 100 %, 6055 MiB, 8188 MiB, P4, 0x0000000000000004
2026-09-26 12:41:28,2026/09/26 12:41:28.359, 67, 30.13 W, 330 MHz, 6001 MHz, 100 %, 6055 MiB, 8188 MiB, P4, 0x0000000000000004
2026-09-26 12:41:38,2026/09/26 12:41:38.422, 67, 29.83 W, 435 MHz, 6001 MHz, 100 %, 6055 MiB, 8188 MiB, P4, 0x0000000000000004
2026-09-26 12:41:48,2026/09/26 12:41:48.487, 78, 84.07 W, 2295 MHz, 8001 MHz, 100 %, 6055 MiB, 8188 MiB, P0, 0x0000000000000020
2026-09-26 12:41:58,2026/09/26 12:41:58.543, 68, 29.87 W, 420 MHz, 6001 MHz, 100 %, 6055 MiB, 8188 MiB, P4, 0x0000000000000004
2026-09-26 12:42:08,2026/09/26 12:42:08.615, 67, 30.05 W, 330 MHz, 6001 MHz, 100 %, 6055 MiB, 8188 MiB, P4, 0x0000000000000004
2026-09-26 12:42:18,2026/09/26 12:42:18.658, 67, 29.85 W, 255 MHz, 6001 MHz, 100 %, 6055 MiB, 8188 MiB, P4, 0x0000000000000004
2026-09-26 12:42:28,2026/09/26 12:42:28.721, 67, 29.82 W, 540 MHz, 6001 MHz, 96 %, 6055 MiB, 8188 MiB, P4, 0x0000000000000004
2026-09-26 12:42:38,2026/09/26 12:42:38.764, 67, 29.90 W, 330 MHz, 6001 MHz, 100 %, 6055 MiB, 8188 MiB, P4, 0x0000000000000004
2026-09-26 12:42:48,2026/09/26 12:42:48.832, 67, 30.04 W, 690 MHz, 6001 MHz, 96 %, 6055 MiB, 8188 MiB, P4, 0x0000000000000004
2026-09-26 12:42:58,2026/09/26 12:42:58.898, 67, 29.89 W, 345 MHz, 6001 MHz, 100 %, 6055 MiB, 8188 MiB, P4, 0x0000000000000004
2026-09-26 12:43:08,2026/09/26 12:43:08.960, 67, 29.78 W, 540 MHz, 6001 MHz, 100 %, 6055 MiB, 8188 MiB, P4, 0x0000000000000004
2026-09-26 12:43:18,2026/09/26 12:43:19.007, 67, 29.89 W, 345 MHz, 6001 MHz, 100 %, 6055 MiB, 8188 MiB, P4, 0x0000000000000004
2026-09-26 12:43:29,2026/09/26 12:43:29.063, 67, 29.86 W, 540 MHz, 6001 MHz, 95 %, 6055 MiB, 8188 MiB, P4, 0x0000000000000004
2026-09-26 12:43:39,2026/09/26 12:43:39.111, 66, 29.90 W, 330 MHz, 6001 MHz, 100 %, 6055 MiB, 8188 MiB, P4, 0x0000000000000004
2026-09-26 12:43:49,2026/09/26 12:43:49.153, 67, 29.67 W, 435 MHz, 6001 MHz, 100 %, 6055 MiB, 8188 MiB, P4, 0x0000000000000004
2026-09-26 12:43:59,2026/09/26 12:43:59.198, 66, 30.04 W, 360 MHz, 6001 MHz, 100 %, 6055 MiB, 8188 MiB, P4, 0x0000000000000004
2026-09-26 12:44:09,2026/09/26 12:44:09.253, 77, 84.43 W, 2385 MHz, 8001 MHz, 95 %, 6055 MiB, 8188 MiB, P0, 0x0000000000000020
2026-09-26 12:44:19,2026/09/26 12:44:19.319, 68, 29.88 W, 270 MHz, 6001 MHz, 100 %, 6055 MiB, 8188 MiB, P4, 0x0000000000000004
2026-09-26 12:44:29,2026/09/26 12:44:29.379, 67, 29.83 W, 420 MHz, 6001 MHz, 95 %, 6055 MiB, 8188 MiB, P4, 0x0000000000000004
2026-09-26 12:44:39,2026/09/26 12:44:39.429, 67, 29.86 W, 330 MHz, 6001 MHz, 100 %, 6055 MiB, 8188 MiB, P4, 0x0000000000000004
2026-09-26 12:44:49,2026/09/26 12:44:49.470, 67, 29.85 W, 405 MHz, 6001 MHz, 95 %, 6055 MiB, 8188 MiB, P4, 0x0000000000000004
2026-09-26 12:44:59,2026/09/26 12:44:59.518, 67, 29.91 W, 315 MHz, 6001 MHz, 100 %, 6055 MiB, 8188 MiB, P4, 0x0000000000000004
2026-09-26 12:45:09,2026/09/26 12:45:09.581, 68, 37.27 W, 2595 MHz, 8001 MHz, 0 %, 6055 MiB, 8188 MiB, P0, 0x0000000000000000
2026-09-26 12:45:19,2026/09/26 12:45:19.648, 67, 29.22 W, 540 MHz, 6001 MHz, 100 %, 6055 MiB, 8188 MiB, P4, 0x0000000000000024
2026-09-26 12:45:29,2026/09/26 12:45:29.717, 67, 29.91 W, 495 MHz, 6001 MHz, 99 %, 6055 MiB, 8188 MiB, P4, 0x0000000000000004
2026-09-26 12:45:39,2026/09/26 12:45:39.787, 67, 29.92 W, 510 MHz, 6001 MHz, 100 %, 6055 MiB, 8188 MiB, P4, 0x0000000000000004
2026-09-26 12:45:49,2026/09/26 12:45:49.854, 67, 29.95 W, 525 MHz, 6001 MHz, 100 %, 6055 MiB, 8188 MiB, P4, 0x0000000000000004
2026-09-26 12:45:59,2026/09/26 12:45:59.915, 67, 29.77 W, 525 MHz, 6001 MHz, 99 %, 6055 MiB, 8188 MiB, P4, 0x0000000000000004
2026-09-26 12:46:09,2026/09/26 12:46:09.984, 67, 29.88 W, 585 MHz, 6001 MHz, 100 %, 6055 MiB, 8188 MiB, P4, 0x0000000000000004
2026-09-26 12:46:19,2026/09/26 12:46:20.044, 67, 29.97 W, 555 MHz, 6001 MHz, 100 %, 6055 MiB, 8188 MiB, P4, 0x0000000000000004
2026-09-26 12:46:30,2026/09/26 12:46:30.094, 67, 29.86 W, 570 MHz, 6001 MHz, 99 %, 6055 MiB, 8188 MiB, P4, 0x0000000000000004
2026-09-26 12:46:40,2026/09/26 12:46:40.168, 67, 29.85 W, 540 MHz, 6001 MHz, 100 %, 6055 MiB, 8188 MiB, P4, 0x0000000000000004
2026-09-26 12:46:50,2026/09/26 12:46:50.210, 67, 29.80 W, 525 MHz, 6001 MHz, 100 %, 6055 MiB, 8188 MiB, P4, 0x0000000000000004
2026-09-26 12:47:00,2026/09/26 12:47:00.280, 67, 29.14 W, 420 MHz, 6001 MHz, 82 %, 6055 MiB, 8188 MiB, P4, 0x0000000000000004
2026-09-26 12:47:10,2026/09/26 12:47:10.394, 63, 3.54 W, 210 MHz, 405 MHz, 0 %, 6055 MiB, 8188 MiB, P8, 0x0000000000000001
2026-09-26 12:47:20,2026/09/26 12:47:20.499, 62, 3.55 W, 210 MHz, 405 MHz, 0 %, 6055 MiB, 8188 MiB, P8, 0x0000000000000001
2026-09-26 12:47:30,2026/09/26 12:47:30.562, 75, 84.78 W, 2295 MHz, 8001 MHz, 95 %, 6055 MiB, 8188 MiB, P0, 0x0000000000000020
2026-09-26 12:47:40,2026/09/26 12:47:40.626, 74, 84.45 W, 2295 MHz, 8001 MHz, 95 %, 6055 MiB, 8188 MiB, P0, 0x0000000000000020
2026-09-26 12:47:50,2026/09/26 12:47:50.668, 77, 84.68 W, 2295 MHz, 8001 MHz, 94 %, 6055 MiB, 8188 MiB, P0, 0x0000000000000020
2026-09-26 12:48:00,2026/09/26 12:48:00.726, 80, 85.68 W, 2295 MHz, 8001 MHz, 100 %, 6055 MiB, 8188 MiB, P0, 0x0000000000000020
2026-09-26 12:48:10,2026/09/26 12:48:10.801, 68, 29.84 W, 690 MHz, 6001 MHz, 96 %, 6055 MiB, 8188 MiB, P4, 0x0000000000000004
2026-09-26 12:48:20,2026/09/26 12:48:20.859, 68, 30.01 W, 330 MHz, 6001 MHz, 100 %, 6055 MiB, 8188 MiB, P4, 0x0000000000000004
2026-09-26 12:48:30,2026/09/26 12:48:30.921, 68, 29.83 W, 555 MHz, 6001 MHz, 100 %, 6055 MiB, 8188 MiB, P4, 0x0000000000000004
2026-09-26 12:48:40,2026/09/26 12:48:40.974, 67, 30.07 W, 330 MHz, 6001 MHz, 100 %, 6055 MiB, 8188 MiB, P4, 0x0000000000000004
2026-09-26 12:48:50,2026/09/26 12:48:51.038, 68, 29.93 W, 240 MHz, 6001 MHz, 100 %, 6055 MiB, 8188 MiB, P4, 0x0000000000000004
2026-09-26 12:49:01,2026/09/26 12:49:01.109, 67, 30.00 W, 645 MHz, 6001 MHz, 96 %, 6055 MiB, 8188 MiB, P4, 0x0000000000000004
2026-09-26 12:49:11,2026/09/26 12:49:11.180, 67, 29.83 W, 330 MHz, 6001 MHz, 100 %, 6055 MiB, 8188 MiB, P4, 0x0000000000000004
2026-09-26 12:49:21,2026/09/26 12:49:21.238, 67, 29.81 W, 465 MHz, 6001 MHz, 94 %, 6055 MiB, 8188 MiB, P4, 0x0000000000000004
2026-09-26 12:49:31,2026/09/26 12:49:31.304, 67, 30.05 W, 330 MHz, 6001 MHz, 100 %, 6055 MiB, 8188 MiB, P4, 0x0000000000000004
2026-09-26 12:49:41,2026/09/26 12:49:41.357, 67, 29.81 W, 525 MHz, 6001 MHz, 100 %, 6055 MiB, 8188 MiB, P4, 0x0000000000000004
2026-09-26 12:49:51,2026/09/26 12:49:51.412, 67, 30.05 W, 330 MHz, 6001 MHz, 100 %, 6055 MiB, 8188 MiB, P4, 0x0000000000000004
2026-09-26 12:50:01,2026/09/26 12:50:01.477, 67, 29.80 W, 540 MHz, 6001 MHz, 100 %, 6055 MiB, 8188 MiB, P4, 0x0000000000000004
2026-09-26 12:50:11,2026/09/26 12:50:11.549, 66, 30.07 W, 330 MHz, 6001 MHz, 100 %, 6055 MiB, 8188 MiB, P4, 0x0000000000000004
2026-09-26 12:50:21,2026/09/26 12:50:21.607, 67, 29.84 W, 315 MHz, 6001 MHz, 100 %, 6055 MiB, 8188 MiB, P4, 0x0000000000000004
2026-09-26 12:50:31,2026/09/26 12:50:31.664, 66, 29.80 W, 555 MHz, 6001 MHz, 95 %, 6055 MiB, 8188 MiB, P4, 0x0000000000000004
2026-09-26 12:50:41,2026/09/26 12:50:41.722, 66, 30.05 W, 330 MHz, 6001 MHz, 100 %, 6055 MiB, 8188 MiB, P4, 0x0000000000000004
2026-09-26 12:50:51,2026/09/26 12:50:51.794, 77, 82.43 W, 2295 MHz, 8001 MHz, 95 %, 6055 MiB, 8188 MiB, P0, 0x0000000000000020
2026-09-26 12:51:01,2026/09/26 12:51:01.862, 68, 29.75 W, 810 MHz, 6001 MHz, 94 %, 6055 MiB, 8188 MiB, P4, 0x0000000000000004
2026-09-26 12:51:11,2026/09/26 12:51:11.907, 67, 30.04 W, 345 MHz, 6001 MHz, 100 %, 6055 MiB, 8188 MiB, P4, 0x0000000000000004
2026-09-26 12:51:21,2026/09/26 12:51:21.969, 67, 29.82 W, 540 MHz, 6001 MHz, 100 %, 6055 MiB, 8188 MiB, P4, 0x0000000000000004
2026-09-26 12:51:31,2026/09/26 12:51:32.033, 67, 30.10 W, 330 MHz, 6001 MHz, 100 %, 6055 MiB, 8188 MiB, P4, 0x0000000000000004
2026-09-26 12:51:42,2026/09/26 12:51:42.104, 67, 29.89 W, 285 MHz, 6001 MHz, 100 %, 6055 MiB, 8188 MiB, P4, 0x0000000000000004
2026-09-26 12:51:52,2026/09/26 12:51:52.159, 66, 29.79 W, 525 MHz, 6001 MHz, 94 %, 6055 MiB, 8188 MiB, P4, 0x0000000000000004
2026-09-26 12:52:02,2026/09/26 12:52:02.212, 67, 30.10 W, 360 MHz, 6001 MHz, 100 %, 6055 MiB, 8188 MiB, P4, 0x0000000000000004
2026-09-26 12:52:12,2026/09/26 12:52:12.268, 77, 39.32 W, 2520 MHz, 7001 MHz, 96 %, 6055 MiB, 8188 MiB, P3, 0x0000000000000000
2026-09-26 12:52:22,2026/09/26 12:52:22.317, 69, 29.84 W, 210 MHz, 8001 MHz, 100 %, 6055 MiB, 8188 MiB, P0, 0x0000000000000004
2026-09-26 12:52:32,2026/09/26 12:52:32.365, 67, 29.87 W, 345 MHz, 6001 MHz, 100 %, 6055 MiB, 8188 MiB, P4, 0x0000000000000004
2026-09-26 12:52:42,2026/09/26 12:52:42.433, 67, 29.83 W, 510 MHz, 6001 MHz, 95 %, 6055 MiB, 8188 MiB, P4, 0x0000000000000004
2026-09-26 12:52:52,2026/09/26 12:52:52.478, 67, 29.89 W, 315 MHz, 6001 MHz, 100 %, 6055 MiB, 8188 MiB, P4, 0x0000000000000004
2026-09-26 12:53:02,2026/09/26 12:53:02.525, 67, 29.86 W, 525 MHz, 6001 MHz, 95 %, 6055 MiB, 8188 MiB, P4, 0x0000000000000004
2026-09-26 12:53:12,2026/09/26 12:53:12.585, 67, 29.89 W, 330 MHz, 6001 MHz, 100 %, 6055 MiB, 8188 MiB, P4, 0x0000000000000004
2026-09-26 12:53:22,2026/09/26 12:53:22.633, 67, 29.80 W, 555 MHz, 6001 MHz, 95 %, 6055 MiB, 8188 MiB, P4, 0x0000000000000004
2026-09-26 12:53:32,2026/09/26 12:53:32.700, 67, 30.05 W, 330 MHz, 6001 MHz, 100 %, 6055 MiB, 8188 MiB, P4, 0x0000000000000004
2026-09-26 12:53:42,2026/09/26 12:53:42.746, 67, 29.79 W, 465 MHz, 6001 MHz, 100 %, 6055 MiB, 8188 MiB, P4, 0x0000000000000004
2026-09-26 12:53:52,2026/09/26 12:53:52.817, 67, 29.86 W, 555 MHz, 6001 MHz, 94 %, 6055 MiB, 8188 MiB, P4, 0x0000000000000004
2026-09-26 12:54:02,2026/09/26 12:54:02.863, 67, 29.89 W, 330 MHz, 6001 MHz, 100 %, 6055 MiB, 8188 MiB, P4, 0x0000000000000004
2026-09-26 12:54:12,2026/09/26 12:54:12.929, 67, 29.76 W, 450 MHz, 6001 MHz, 94 %, 6055 MiB, 8188 MiB, P4, 0x0000000000000004
2026-09-26 12:54:22,2026/09/26 12:54:22.982, 66, 30.05 W, 375 MHz, 6001 MHz, 100 %, 6055 MiB, 8188 MiB, P4, 0x0000000000000004
2026-09-26 12:54:33,2026/09/26 12:54:33.049, 67, 29.81 W, 270 MHz, 6001 MHz, 100 %, 6055 MiB, 8188 MiB, P4, 0x0000000000000004
2026-09-26 12:54:43,2026/09/26 12:54:43.096, 77, 83.83 W, 2370 MHz, 8001 MHz, 95 %, 6055 MiB, 8188 MiB, P0, 0x0000000000000020
2026-09-26 12:54:53,2026/09/26 12:54:53.168, 78, 85.04 W, 2295 MHz, 8001 MHz, 95 %, 6055 MiB, 8188 MiB, P0, 0x0000000000000020
2026-09-26 12:55:03,2026/09/26 12:55:03.235, 69, 29.94 W, 345 MHz, 6001 MHz, 100 %, 6055 MiB, 8188 MiB, P4, 0x0000000000000004
2026-09-26 12:55:13,2026/09/26 12:55:13.291, 68, 29.77 W, 555 MHz, 6001 MHz, 100 %, 6055 MiB, 8188 MiB, P4, 0x0000000000000004
2026-09-26 12:55:23,2026/09/26 12:55:23.359, 67, 29.84 W, 750 MHz, 6001 MHz, 95 %, 6055 MiB, 8188 MiB, P4, 0x0000000000000004
2026-09-26 12:55:33,2026/09/26 12:55:33.425, 67, 30.04 W, 345 MHz, 6001 MHz, 100 %, 6055 MiB, 8188 MiB, P4, 0x0000000000000004
2026-09-26 12:55:43,2026/09/26 12:55:43.496, 68, 29.75 W, 570 MHz, 6001 MHz, 100 %, 6055 MiB, 8188 MiB, P4, 0x0000000000000004
2026-09-26 12:55:53,2026/09/26 12:55:53.558, 67, 30.06 W, 330 MHz, 6001 MHz, 100 %, 6055 MiB, 8188 MiB, P4, 0x0000000000000004
2026-09-26 12:56:03,2026/09/26 12:56:03.620, 67, 29.88 W, 420 MHz, 6001 MHz, 100 %, 6055 MiB, 8188 MiB, P4, 0x0000000000000004
2026-09-26 12:56:13,2026/09/26 12:56:13.686, 67, 29.70 W, 705 MHz, 6001 MHz, 95 %, 6055 MiB, 8188 MiB, P4, 0x0000000000000004
2026-09-26 12:56:23,2026/09/26 12:56:23.752, 67, 29.87 W, 330 MHz, 6001 MHz, 100 %, 6055 MiB, 8188 MiB, P4, 0x0000000000000004
2026-09-26 12:56:33,2026/09/26 12:56:33.820, 67, 29.87 W, 330 MHz, 6001 MHz, 100 %, 6055 MiB, 8188 MiB, P4, 0x0000000000000004
2026-09-26 12:56:43,2026/09/26 12:56:43.889, 67, 29.86 W, 450 MHz, 6001 MHz, 95 %, 6055 MiB, 8188 MiB, P4, 0x0000000000000004
2026-09-26 12:56:53,2026/09/26 12:56:53.955, 67, 30.16 W, 330 MHz, 6001 MHz, 100 %, 6055 MiB, 8188 MiB, P4, 0x0000000000000004
2026-09-26 12:57:03,2026/09/26 12:57:04.022, 67, 29.99 W, 315 MHz, 6001 MHz, 100 %, 6055 MiB, 8188 MiB, P4, 0x0000000000000004
2026-09-26 12:57:14,2026/09/26 12:57:14.075, 67, 29.81 W, 525 MHz, 6001 MHz, 95 %, 6055 MiB, 8188 MiB, P4, 0x0000000000000004
2026-09-26 12:57:24,2026/09/26 12:57:24.146, 67, 29.98 W, 345 MHz, 6001 MHz, 100 %, 6055 MiB, 8188 MiB, P4, 0x0000000000000004
2026-09-26 12:57:34,2026/09/26 12:57:34.215, 77, 84.37 W, 2295 MHz, 8001 MHz, 96 %, 6055 MiB, 8188 MiB, P0, 0x0000000000000020
2026-09-26 12:57:44,2026/09/26 12:57:44.281, 67, 29.68 W, 540 MHz, 6001 MHz, 95 %, 6055 MiB, 8188 MiB, P4, 0x0000000000000004
2026-09-26 12:57:54,2026/09/26 12:57:54.345, 67, 30.07 W, 495 MHz, 6001 MHz, 100 %, 6055 MiB, 8188 MiB, P4, 0x0000000000000004
2026-09-26 12:58:04,2026/09/26 12:58:04.402, 66, 24.54 W, 615 MHz, 6001 MHz, 0 %, 6055 MiB, 8188 MiB, P4, 0x0000000000000001
2026-09-26 12:58:14,2026/09/26 12:58:14.452, 68, 29.96 W, 555 MHz, 6001 MHz, 100 %, 6055 MiB, 8188 MiB, P4, 0x0000000000000004
2026-09-26 12:58:24,2026/09/26 12:58:24.501, 67, 29.81 W, 540 MHz, 6001 MHz, 100 %, 6055 MiB, 8188 MiB, P4, 0x0000000000000004
2026-09-26 12:58:34,2026/09/26 12:58:34.571, 67, 29.93 W, 660 MHz, 6001 MHz, 100 %, 6055 MiB, 8188 MiB, P4, 0x0000000000000004
2026-09-26 12:58:44,2026/09/26 12:58:44.636, 67, 29.89 W, 480 MHz, 6001 MHz, 100 %, 6055 MiB, 8188 MiB, P4, 0x0000000000000004
2026-09-26 12:58:54,2026/09/26 12:58:54.679, 67, 29.95 W, 540 MHz, 6001 MHz, 100 %, 6055 MiB, 8188 MiB, P4, 0x0000000000000004
2026-09-26 12:59:04,2026/09/26 12:59:04.726, 67, 29.90 W, 420 MHz, 6001 MHz, 100 %, 6055 MiB, 8188 MiB, P4, 0x0000000000000004
2026-09-26 12:59:14,2026/09/26 12:59:14.779, 67, 29.78 W, 675 MHz, 6001 MHz, 100 %, 6055 MiB, 8188 MiB, P4, 0x0000000000000004
2026-09-26 12:59:24,2026/09/26 12:59:24.840, 67, 29.85 W, 675 MHz, 6001 MHz, 100 %, 6055 MiB, 8188 MiB, P4, 0x0000000000000004
2026-09-26 12:59:34,2026/09/26 12:59:34.900, 67, 29.93 W, 570 MHz, 6001 MHz, 100 %, 6055 MiB, 8188 MiB, P4, 0x0000000000000004
2026-09-26 12:59:44,2026/09/26 12:59:44.955, 67, 29.80 W, 555 MHz, 6001 MHz, 100 %, 6055 MiB, 8188 MiB, P4, 0x0000000000000004
2026-09-26 12:59:54,2026/09/26 12:59:55.023, 66, 19.74 W, 2370 MHz, 6001 MHz, 0 %, 6055 MiB, 8188 MiB, P4, 0x0000000000000024
2026-09-26 13:00:05,2026/09/26 13:00:05.086, 63, 3.54 W, 210 MHz, 405 MHz, 0 %, 6055 MiB, 8188 MiB, P8, 0x0000000000000001
2026-09-26 13:00:15,2026/09/26 13:00:15.156, 62, 3.57 W, 210 MHz, 405 MHz, 0 %, 6055 MiB, 8188 MiB, P8, 0x0000000000000001
2026-09-26 13:00:25,2026/09/26 13:00:25.225, 77, 83.48 W, 2295 MHz, 8001 MHz, 96 %, 6055 MiB, 8188 MiB, P0, 0x0000000000000020
2026-09-26 13:00:35,2026/09/26 13:00:35.288, 78, 84.52 W, 2295 MHz, 8001 MHz, 95 %, 6055 MiB, 8188 MiB, P0, 0x0000000000000020
2026-09-26 13:00:45,2026/09/26 13:00:45.338, 78, 84.53 W, 2295 MHz, 8001 MHz, 94 %, 6055 MiB, 8188 MiB, P0, 0x0000000000000020
2026-09-26 13:00:55,2026/09/26 13:00:55.409, 78, 85.59 W, 2295 MHz, 8001 MHz, 95 %, 6055 MiB, 8188 MiB, P0, 0x0000000000000020
2026-09-26 13:01:05,2026/09/26 13:01:05.463, 69, 29.76 W, 555 MHz, 6001 MHz, 95 %, 6055 MiB, 8188 MiB, P4, 0x0000000000000004
2026-09-26 13:01:15,2026/09/26 13:01:15.512, 68, 30.03 W, 375 MHz, 6001 MHz, 100 %, 6055 MiB, 8188 MiB, P4, 0x0000000000000004
2026-09-26 13:01:25,2026/09/26 13:01:25.576, 68, 29.93 W, 330 MHz, 6001 MHz, 100 %, 6055 MiB, 8188 MiB, P4, 0x0000000000000004
2026-09-26 13:01:35,2026/09/26 13:01:35.645, 67, 30.06 W, 450 MHz, 6001 MHz, 100 %, 6055 MiB, 8188 MiB, P4, 0x0000000000000004
2026-09-26 13:01:45,2026/09/26 13:01:45.690, 67, 29.89 W, 315 MHz, 6001 MHz, 100 %, 6055 MiB, 8188 MiB, P4, 0x0000000000000004
2026-09-26 13:01:55,2026/09/26 13:01:55.758, 68, 29.59 W, 555 MHz, 6001 MHz, 91 %, 6055 MiB, 8188 MiB, P4, 0x0000000000000004
2026-09-26 13:02:05,2026/09/26 13:02:05.826, 67, 29.88 W, 330 MHz, 6001 MHz, 100 %, 6055 MiB, 8188 MiB, P4, 0x0000000000000004
2026-09-26 13:02:15,2026/09/26 13:02:15.882, 67, 30.00 W, 345 MHz, 6001 MHz, 100 %, 6055 MiB, 8188 MiB, P4, 0x0000000000000004
2026-09-26 13:02:25,2026/09/26 13:02:25.945, 67, 29.84 W, 510 MHz, 6001 MHz, 100 %, 6055 MiB, 8188 MiB, P4, 0x0000000000000004
2026-09-26 13:02:35,2026/09/26 13:02:36.006, 67, 30.09 W, 330 MHz, 6001 MHz, 100 %, 6055 MiB, 8188 MiB, P4, 0x0000000000000004
2026-09-26 13:02:46,2026/09/26 13:02:46.072, 67, 29.89 W, 285 MHz, 6001 MHz, 100 %, 6055 MiB, 8188 MiB, P4, 0x0000000000000004
2026-09-26 13:02:56,2026/09/26 13:02:56.135, 67, 29.83 W, 675 MHz, 6001 MHz, 95 %, 6055 MiB, 8188 MiB, P4, 0x0000000000000004
2026-09-26 13:03:06,2026/09/26 13:03:06.181, 67, 29.89 W, 345 MHz, 6001 MHz, 100 %, 6055 MiB, 8188 MiB, P4, 0x0000000000000004
2026-09-26 13:03:16,2026/09/26 13:03:16.254, 67, 29.85 W, 510 MHz, 6001 MHz, 100 %, 6055 MiB, 8188 MiB, P4, 0x0000000000000004
2026-09-26 13:03:26,2026/09/26 13:03:26.316, 67, 30.06 W, 435 MHz, 6001 MHz, 100 %, 6055 MiB, 8188 MiB, P4, 0x0000000000000004
2026-09-26 13:03:36,2026/09/26 13:03:36.379, 67, 30.02 W, 330 MHz, 6001 MHz, 100 %, 6055 MiB, 8188 MiB, P4, 0x0000000000000004
2026-09-26 13:03:46,2026/09/26 13:03:46.423, 67, 29.89 W, 330 MHz, 6001 MHz, 100 %, 6055 MiB, 8188 MiB, P4, 0x0000000000000004
2026-09-26 13:03:56,2026/09/26 13:03:56.487, 67, 29.79 W, 570 MHz, 6001 MHz, 96 %, 6055 MiB, 8188 MiB, P4, 0x0000000000000004
2026-09-26 13:04:06,2026/09/26 13:04:06.548, 66, 29.75 W, 300 MHz, 6001 MHz, 100 %, 6055 MiB, 8188 MiB, P4, 0x0000000000000004
2026-09-26 13:04:16,2026/09/26 13:04:16.610, 67, 29.83 W, 525 MHz, 6001 MHz, 95 %, 6055 MiB, 8188 MiB, P4, 0x0000000000000004
2026-09-26 13:04:26,2026/09/26 13:04:26.678, 66, 30.08 W, 330 MHz, 6001 MHz, 100 %, 6055 MiB, 8188 MiB, P4, 0x0000000000000004
2026-09-26 13:04:36,2026/09/26 13:04:36.731, 66, 29.92 W, 345 MHz, 6001 MHz, 100 %, 6055 MiB, 8188 MiB, P4, 0x0000000000000004
2026-09-26 13:04:46,2026/09/26 13:04:46.792, 77, 84.53 W, 2295 MHz, 8001 MHz, 95 %, 6055 MiB, 8188 MiB, P0, 0x0000000000000020
2026-09-26 13:04:56,2026/09/26 13:04:56.861, 66, 18.71 W, 525 MHz, 6001 MHz, 0 %, 6055 MiB, 8188 MiB, P4, 0x0000000000000024
2026-09-26 13:05:06,2026/09/26 13:05:06.929, 68, 29.74 W, 270 MHz, 6001 MHz, 100 %, 6055 MiB, 8188 MiB, P4, 0x0000000000000004
2026-09-26 13:05:16,2026/09/26 13:05:16.993, 67, 29.84 W, 510 MHz, 6001 MHz, 95 %, 6055 MiB, 8188 MiB, P4, 0x0000000000000004
2026-09-26 13:05:27,2026/09/26 13:05:27.045, 67, 30.05 W, 345 MHz, 6001 MHz, 100 %, 6055 MiB, 8188 MiB, P4, 0x0000000000000004
2026-09-26 13:05:37,2026/09/26 13:05:37.098, 67, 29.83 W, 315 MHz, 6001 MHz, 100 %, 6055 MiB, 8188 MiB, P4, 0x0000000000000004
2026-09-26 13:05:47,2026/09/26 13:05:47.147, 67, 29.84 W, 555 MHz, 6001 MHz, 95 %, 6055 MiB, 8188 MiB, P4, 0x0000000000000004
2026-09-26 13:05:57,2026/09/26 13:05:57.208, 67, 29.91 W, 345 MHz, 6001 MHz, 100 %, 6055 MiB, 8188 MiB, P4, 0x0000000000000004
2026-09-26 13:06:07,2026/09/26 13:06:07.265, 67, 29.86 W, 330 MHz, 6001 MHz, 100 %, 6055 MiB, 8188 MiB, P4, 0x0000000000000004
2026-09-26 13:06:17,2026/09/26 13:06:17.334, 66, 29.75 W, 480 MHz, 6001 MHz, 94 %, 6055 MiB, 8188 MiB, P4, 0x0000000000000004
2026-09-26 13:06:27,2026/09/26 13:06:27.380, 66, 29.77 W, 750 MHz, 6001 MHz, 95 %, 6055 MiB, 8188 MiB, P4, 0x0000000000000004
2026-09-26 13:06:37,2026/09/26 13:06:37.444, 67, 30.13 W, 300 MHz, 6001 MHz, 100 %, 6055 MiB, 8188 MiB, P4, 0x0000000000000004
2026-09-26 13:06:47,2026/09/26 13:06:47.505, 67, 29.84 W, 510 MHz, 6001 MHz, 100 %, 6055 MiB, 8188 MiB, P4, 0x0000000000000004
2026-09-26 13:06:57,2026/09/26 13:06:57.561, 66, 29.88 W, 555 MHz, 6001 MHz, 96 %, 6055 MiB, 8188 MiB, P4, 0x0000000000000004
2026-09-26 13:07:07,2026/09/26 13:07:07.618, 67, 29.91 W, 345 MHz, 6001 MHz, 100 %, 6055 MiB, 8188 MiB, P4, 0x0000000000000004
2026-09-26 13:07:17,2026/09/26 13:07:17.673, 78, 84.42 W, 2295 MHz, 8001 MHz, 100 %, 6055 MiB, 8188 MiB, P0, 0x0000000000000020
2026-09-26 13:07:27,2026/09/26 13:07:27.744, 78, 84.69 W, 2295 MHz, 8001 MHz, 100 %, 6055 MiB, 8188 MiB, P0, 0x0000000000000020
2026-09-26 13:07:37,2026/09/26 13:07:37.805, 69, 29.93 W, 330 MHz, 6001 MHz, 100 %, 6055 MiB, 8188 MiB, P4, 0x0000000000000004
2026-09-26 13:07:47,2026/09/26 13:07:47.874, 68, 29.87 W, 330 MHz, 6001 MHz, 100 %, 6055 MiB, 8188 MiB, P4, 0x0000000000000004
2026-09-26 13:07:57,2026/09/26 13:07:57.923, 68, 29.80 W, 375 MHz, 6001 MHz, 100 %, 6055 MiB, 8188 MiB, P4, 0x0000000000000004
2026-09-26 13:08:07,2026/09/26 13:08:07.986, 67, 30.10 W, 360 MHz, 6001 MHz, 100 %, 6055 MiB, 8188 MiB, P4, 0x0000000000000004
2026-09-26 13:08:18,2026/09/26 13:08:18.048, 67, 29.82 W, 285 MHz, 6001 MHz, 100 %, 6055 MiB, 8188 MiB, P4, 0x0000000000000004
2026-09-26 13:08:28,2026/09/26 13:08:28.119, 67, 29.75 W, 510 MHz, 6001 MHz, 95 %, 6055 MiB, 8188 MiB, P4, 0x0000000000000004
2026-09-26 13:08:38,2026/09/26 13:08:38.193, 67, 29.90 W, 345 MHz, 6001 MHz, 100 %, 6055 MiB, 8188 MiB, P4, 0x0000000000000004
2026-09-26 13:08:48,2026/09/26 13:08:48.253, 67, 29.93 W, 525 MHz, 6001 MHz, 94 %, 6055 MiB, 8188 MiB, P4, 0x0000000000000004
2026-09-26 13:08:58,2026/09/26 13:08:58.321, 67, 29.89 W, 315 MHz, 6001 MHz, 100 %, 6055 MiB, 8188 MiB, P4, 0x0000000000000004
2026-09-26 13:09:08,2026/09/26 13:09:08.387, 67, 29.73 W, 525 MHz, 6001 MHz, 95 %, 6055 MiB, 8188 MiB, P4, 0x0000000000000004
2026-09-26 13:09:18,2026/09/26 13:09:18.451, 67, 30.06 W, 660 MHz, 6001 MHz, 100 %, 6055 MiB, 8188 MiB, P4, 0x0000000000000004
2026-09-26 13:09:28,2026/09/26 13:09:28.497, 67, 29.87 W, 285 MHz, 6001 MHz, 100 %, 6055 MiB, 8188 MiB, P4, 0x0000000000000004
2026-09-26 13:09:38,2026/09/26 13:09:38.560, 67, 30.05 W, 435 MHz, 6001 MHz, 100 %, 6055 MiB, 8188 MiB, P4, 0x0000000000000004
2026-09-26 13:09:48,2026/09/26 13:09:48.619, 67, 29.84 W, 285 MHz, 6001 MHz, 100 %, 6055 MiB, 8188 MiB, P4, 0x0000000000000004
2026-09-26 13:09:58,2026/09/26 13:09:58.679, 67, 29.72 W, 390 MHz, 6001 MHz, 95 %, 6055 MiB, 8188 MiB, P4, 0x0000000000000004
2026-09-26 13:10:08,2026/09/26 13:10:08.733, 67, 29.84 W, 300 MHz, 6001 MHz, 100 %, 6055 MiB, 8188 MiB, P4, 0x0000000000000004
2026-09-26 13:10:18,2026/09/26 13:10:18.803, 67, 29.86 W, 675 MHz, 6001 MHz, 95 %, 6055 MiB, 8188 MiB, P4, 0x0000000000000004
2026-09-26 13:10:28,2026/09/26 13:10:28.873, 67, 29.88 W, 345 MHz, 6001 MHz, 100 %, 6055 MiB, 8188 MiB, P4, 0x0000000000000004
2026-09-26 13:10:38,2026/09/26 13:10:38.935, 67, 29.95 W, 450 MHz, 6001 MHz, 100 %, 6055 MiB, 8188 MiB, P4, 0x0000000000000004
2026-09-26 13:10:48,2026/09/26 13:10:48.983, 66, 30.08 W, 345 MHz, 6001 MHz, 100 %, 6055 MiB, 8188 MiB, P4, 0x0000000000000004
2026-09-26 13:10:58,2026/09/26 13:10:59.040, 67, 29.84 W, 435 MHz, 6001 MHz, 100 %, 6055 MiB, 8188 MiB, P4, 0x0000000000000004
2026-09-26 13:11:09,2026/09/26 13:11:09.096, 66, 30.08 W, 375 MHz, 6001 MHz, 100 %, 6055 MiB, 8188 MiB, P4, 0x0000000000000004
2026-09-26 13:11:19,2026/09/26 13:11:19.144, 66, 29.89 W, 315 MHz, 6001 MHz, 100 %, 6055 MiB, 8188 MiB, P4, 0x0000000000000004
2026-09-26 13:11:29,2026/09/26 13:11:29.208, 78, 83.67 W, 2295 MHz, 8001 MHz, 95 %, 6055 MiB, 8188 MiB, P0, 0x0000000000000020
2026-09-26 13:11:39,2026/09/26 13:11:39.270, 68, 30.14 W, 330 MHz, 6001 MHz, 100 %, 6055 MiB, 8188 MiB, P4, 0x0000000000000004
2026-09-26 13:11:49,2026/09/26 13:11:49.327, 67, 29.81 W, 270 MHz, 6001 MHz, 100 %, 6055 MiB, 8188 MiB, P4, 0x0000000000000004
2026-09-26 13:11:59,2026/09/26 13:11:59.392, 67, 30.05 W, 705 MHz, 6001 MHz, 100 %, 6055 MiB, 8188 MiB, P4, 0x0000000000000004
2026-09-26 13:12:09,2026/09/26 13:12:09.440, 67, 29.97 W, 330 MHz, 6001 MHz, 100 %, 6055 MiB, 8188 MiB, P4, 0x0000000000000004
2026-09-26 13:12:19,2026/09/26 13:12:19.492, 67, 29.75 W, 525 MHz, 6001 MHz, 99 %, 6055 MiB, 8188 MiB, P4, 0x0000000000000004
2026-09-26 13:12:29,2026/09/26 13:12:29.562, 67, 29.67 W, 450 MHz, 6001 MHz, 82 %, 6055 MiB, 8188 MiB, P4, 0x0000000000000004
2026-09-26 13:12:39,2026/09/26 13:12:39.617, 67, 29.76 W, 525 MHz, 6001 MHz, 94 %, 6055 MiB, 8188 MiB, P4, 0x0000000000000004
2026-09-26 13:12:49,2026/09/26 13:12:49.685, 67, 30.08 W, 330 MHz, 6001 MHz, 100 %, 6055 MiB, 8188 MiB, P4, 0x0000000000000004
2026-09-26 13:12:59,2026/09/26 13:12:59.753, 67, 29.79 W, 420 MHz, 6001 MHz, 100 %, 6055 MiB, 8188 MiB, P4, 0x0000000000000004
2026-09-26 13:13:09,2026/09/26 13:13:09.802, 66, 30.00 W, 360 MHz, 6001 MHz, 100 %, 6055 MiB, 8188 MiB, P4, 0x0000000000000004
2026-09-26 13:13:19,2026/09/26 13:13:19.863, 67, 29.80 W, 270 MHz, 6001 MHz, 100 %, 6055 MiB, 8188 MiB, P4, 0x0000000000000004
2026-09-26 13:13:29,2026/09/26 13:13:29.912, 76, 83.81 W, 2295 MHz, 8001 MHz, 100 %, 6055 MiB, 8188 MiB, P0, 0x0000000000000020
2026-09-26 13:13:39,2026/09/26 13:13:39.982, 65, 12.95 W, 210 MHz, 6001 MHz, 0 %, 6055 MiB, 8188 MiB, P4, 0x0000000000000001
2026-09-26 13:13:49,2026/09/26 13:13:50.026, 67, 30.01 W, 660 MHz, 6001 MHz, 100 %, 6055 MiB, 8188 MiB, P4, 0x0000000000000004
2026-09-26 13:14:00,2026/09/26 13:14:00.088, 67, 29.86 W, 540 MHz, 6001 MHz, 100 %, 6055 MiB, 8188 MiB, P4, 0x0000000000000004
2026-09-26 13:14:10,2026/09/26 13:14:10.140, 67, 29.77 W, 555 MHz, 6001 MHz, 100 %, 6055 MiB, 8188 MiB, P4, 0x0000000000000004
2026-09-26 13:14:20,2026/09/26 13:14:20.184, 67, 29.85 W, 555 MHz, 6001 MHz, 100 %, 6055 MiB, 8188 MiB, P4, 0x0000000000000004
2026-09-26 13:14:30,2026/09/26 13:14:30.251, 67, 29.88 W, 555 MHz, 6001 MHz, 100 %, 6055 MiB, 8188 MiB, P4, 0x0000000000000004
2026-09-26 13:14:40,2026/09/26 13:14:40.296, 67, 29.88 W, 480 MHz, 6001 MHz, 100 %, 6055 MiB, 8188 MiB, P4, 0x0000000000000004
2026-09-26 13:14:50,2026/09/26 13:14:50.339, 67, 29.86 W, 405 MHz, 6001 MHz, 100 %, 6055 MiB, 8188 MiB, P4, 0x0000000000000004
2026-09-26 13:15:00,2026/09/26 13:15:00.400, 67, 29.77 W, 525 MHz, 6001 MHz, 100 %, 6055 MiB, 8188 MiB, P4, 0x0000000000000004
2026-09-26 13:15:10,2026/09/26 13:15:10.461, 67, 29.79 W, 570 MHz, 6001 MHz, 100 %, 6055 MiB, 8188 MiB, P4, 0x0000000000000004
2026-09-26 13:15:20,2026/09/26 13:15:20.525, 66, 29.90 W, 540 MHz, 6001 MHz, 100 %, 6055 MiB, 8188 MiB, P4, 0x0000000000000004
2026-09-26 13:15:30,2026/09/26 13:15:30.583, 65, 25.63 W, 2340 MHz, 6001 MHz, 0 %, 6055 MiB, 8188 MiB, P4, 0x0000000000000004
2026-09-26 13:15:40,2026/09/26 13:15:40.654, 63, 3.49 W, 210 MHz, 405 MHz, 0 %, 6055 MiB, 8188 MiB, P8, 0x0000000000000001
2026-09-26 13:15:50,2026/09/26 13:15:50.720, 62, 3.54 W, 210 MHz, 405 MHz, 0 %, 6055 MiB, 8188 MiB, P8, 0x0000000000000001
2026-09-26 13:16:00,2026/09/26 13:16:00.789, 75, 82.80 W, 2295 MHz, 8001 MHz, 95 %, 6055 MiB, 8188 MiB, P0, 0x0000000000000020
2026-09-26 13:16:10,2026/09/26 13:16:10.863, 77, 84.99 W, 2295 MHz, 8001 MHz, 95 %, 6055 MiB, 8188 MiB, P0, 0x0000000000000020
2026-09-26 13:16:20,2026/09/26 13:16:20.926, 77, 85.23 W, 2295 MHz, 8001 MHz, 95 %, 6055 MiB, 8188 MiB, P0, 0x0000000000000020
2026-09-26 13:16:30,2026/09/26 13:16:30.983, 78, 85.10 W, 2295 MHz, 8001 MHz, 100 %, 6055 MiB, 8188 MiB, P0, 0x0000000000000020
2026-09-26 13:16:41,2026/09/26 13:16:41.049, 69, 29.77 W, 510 MHz, 6001 MHz, 95 %, 6055 MiB, 8188 MiB, P4, 0x0000000000000004
2026-09-26 13:16:51,2026/09/26 13:16:51.116, 68, 29.87 W, 345 MHz, 6001 MHz, 100 %, 6055 MiB, 8188 MiB, P4, 0x0000000000000004
2026-09-26 13:17:01,2026/09/26 13:17:01.178, 68, 29.80 W, 540 MHz, 6001 MHz, 94 %, 6055 MiB, 8188 MiB, P4, 0x0000000000000004
2026-09-26 13:17:11,2026/09/26 13:17:11.248, 68, 29.96 W, 690 MHz, 6001 MHz, 91 %, 6055 MiB, 8188 MiB, P4, 0x0000000000000004
2026-09-26 13:17:21,2026/09/26 13:17:21.320, 68, 29.85 W, 285 MHz, 6001 MHz, 100 %, 6055 MiB, 8188 MiB, P4, 0x0000000000000004
2026-09-26 13:17:31,2026/09/26 13:17:31.376, 67, 29.86 W, 690 MHz, 6001 MHz, 100 %, 6055 MiB, 8188 MiB, P4, 0x0000000000000004
2026-09-26 13:17:41,2026/09/26 13:17:41.432, 67, 29.88 W, 300 MHz, 6001 MHz, 100 %, 6055 MiB, 8188 MiB, P4, 0x0000000000000004
2026-09-26 13:17:51,2026/09/26 13:17:51.484, 67, 29.86 W, 300 MHz, 6001 MHz, 100 %, 6055 MiB, 8188 MiB, P4, 0x0000000000000004
2026-09-26 13:18:01,2026/09/26 13:18:01.548, 67, 29.84 W, 420 MHz, 6001 MHz, 93 %, 6055 MiB, 8188 MiB, P4, 0x0000000000000004
2026-09-26 13:18:11,2026/09/26 13:18:11.611, 67, 29.88 W, 300 MHz, 6001 MHz, 100 %, 6055 MiB, 8188 MiB, P4, 0x0000000000000004
2026-09-26 13:18:21,2026/09/26 13:18:21.679, 67, 29.84 W, 435 MHz, 6001 MHz, 95 %, 6055 MiB, 8188 MiB, P4, 0x0000000000000004
2026-09-26 13:18:31,2026/09/26 13:18:31.723, 67, 29.91 W, 300 MHz, 6001 MHz, 100 %, 6055 MiB, 8188 MiB, P4, 0x0000000000000004
2026-09-26 13:18:41,2026/09/26 13:18:41.788, 67, 29.79 W, 615 MHz, 6001 MHz, 95 %, 6055 MiB, 8188 MiB, P4, 0x0000000000000004
2026-09-26 13:18:51,2026/09/26 13:18:51.848, 67, 29.91 W, 315 MHz, 6001 MHz, 100 %, 6055 MiB, 8188 MiB, P4, 0x0000000000000004
2026-09-26 13:19:01,2026/09/26 13:19:01.907, 67, 29.84 W, 690 MHz, 6001 MHz, 94 %, 6055 MiB, 8188 MiB, P4, 0x0000000000000004
2026-09-26 13:19:11,2026/09/26 13:19:11.974, 66, 30.04 W, 375 MHz, 6001 MHz, 100 %, 6055 MiB, 8188 MiB, P4, 0x0000000000000004
2026-09-26 13:19:21,2026/09/26 13:19:22.028, 66, 29.92 W, 285 MHz, 6001 MHz, 100 %, 6055 MiB, 8188 MiB, P4, 0x0000000000000004
2026-09-26 13:19:32,2026/09/26 13:19:32.071, 67, 29.84 W, 495 MHz, 6001 MHz, 94 %, 6055 MiB, 8188 MiB, P4, 0x0000000000000004
2026-09-26 13:19:42,2026/09/26 13:19:42.131, 77, 84.28 W, 2295 MHz, 8001 MHz, 95 %, 6055 MiB, 8188 MiB, P0, 0x0000000000000020
2026-09-26 13:19:52,2026/09/26 13:19:52.188, 68, 29.88 W, 705 MHz, 6001 MHz, 95 %, 6055 MiB, 8188 MiB, P4, 0x0000000000000004
2026-09-26 13:20:02,2026/09/26 13:20:02.257, 67, 29.92 W, 330 MHz, 6001 MHz, 100 %, 6055 MiB, 8188 MiB, P4, 0x0000000000000004
2026-09-26 13:20:12,2026/09/26 13:20:12.325, 67, 29.65 W, 525 MHz, 6001 MHz, 100 %, 6055 MiB, 8188 MiB, P4, 0x0000000000000004
2026-09-26 13:20:22,2026/09/26 13:20:22.384, 67, 29.99 W, 390 MHz, 6001 MHz, 100 %, 6055 MiB, 8188 MiB, P4, 0x0000000000000004
2026-09-26 13:20:32,2026/09/26 13:20:32.430, 67, 29.92 W, 345 MHz, 6001 MHz, 100 %, 6055 MiB, 8188 MiB, P4, 0x0000000000000004
2026-09-26 13:20:42,2026/09/26 13:20:42.485, 67, 29.78 W, 330 MHz, 6001 MHz, 100 %, 6055 MiB, 8188 MiB, P4, 0x0000000000000004
2026-09-26 13:20:52,2026/09/26 13:20:52.526, 67, 29.83 W, 570 MHz, 6001 MHz, 95 %, 6055 MiB, 8188 MiB, P4, 0x0000000000000004
2026-09-26 13:21:02,2026/09/26 13:21:02.574, 67, 30.05 W, 435 MHz, 6001 MHz, 100 %, 6055 MiB, 8188 MiB, P4, 0x0000000000000004
2026-09-26 13:21:12,2026/09/26 13:21:12.637, 66, 29.85 W, 315 MHz, 6001 MHz, 100 %, 6055 MiB, 8188 MiB, P4, 0x0000000000000004
2026-09-26 13:21:22,2026/09/26 13:21:22.701, 67, 29.61 W, 510 MHz, 6001 MHz, 96 %, 6055 MiB, 8188 MiB, P4, 0x0000000000000004
2026-09-26 13:21:32,2026/09/26 13:21:32.772, 67, 30.07 W, 330 MHz, 6001 MHz, 100 %, 6055 MiB, 8188 MiB, P4, 0x0000000000000004
2026-09-26 13:21:42,2026/09/26 13:21:42.815, 68, 30.03 W, 750 MHz, 6001 MHz, 100 %, 6145 MiB, 8188 MiB, P4, 0x0000000000000004
2026-09-26 13:21:52,2026/09/26 13:21:52.869, 68, 29.63 W, 1080 MHz, 6001 MHz, 100 %, 6145 MiB, 8188 MiB, P4, 0x0000000000000004
2026-09-26 13:22:02,2026/09/26 13:22:02.924, 67, 29.80 W, 645 MHz, 6001 MHz, 94 %, 6145 MiB, 8188 MiB, P4, 0x0000000000000004
2026-09-26 13:22:12,2026/09/26 13:22:12.966, 67, 29.67 W, 885 MHz, 6001 MHz, 100 %, 6165 MiB, 8188 MiB, P4, 0x0000000000000004
2026-09-26 13:22:22,2026/09/26 13:22:23.017, 67, 29.68 W, 930 MHz, 6001 MHz, 100 %, 6165 MiB, 8188 MiB, P4, 0x0000000000000004
2026-09-26 13:22:33,2026/09/26 13:22:33.074, 67, 29.57 W, 735 MHz, 6001 MHz, 100 %, 6165 MiB, 8188 MiB, P4, 0x0000000000000004
2026-09-26 13:22:43,2026/09/26 13:22:43.132, 67, 29.59 W, 1215 MHz, 6001 MHz, 100 %, 6169 MiB, 8188 MiB, P4, 0x0000000000000004
2026-09-26 13:22:53,2026/09/26 13:22:53.205, 67, 29.25 W, 1305 MHz, 6001 MHz, 100 %, 6169 MiB, 8188 MiB, P4, 0x0000000000000004
2026-09-26 13:23:03,2026/09/26 13:23:03.274, 67, 29.90 W, 615 MHz, 6001 MHz, 95 %, 6169 MiB, 8188 MiB, P4, 0x0000000000000004
2026-09-26 13:23:13,2026/09/26 13:23:13.335, 67, 30.05 W, 480 MHz, 6001 MHz, 100 %, 6169 MiB, 8188 MiB, P4, 0x0000000000000004
2026-09-26 13:23:23,2026/09/26 13:23:23.400, 67, 29.69 W, 795 MHz, 6001 MHz, 100 %, 6169 MiB, 8188 MiB, P4, 0x0000000000000004
2026-09-26 13:23:33,2026/09/26 13:23:33.451, 67, 29.89 W, 900 MHz, 6001 MHz, 100 %, 6169 MiB, 8188 MiB, P4, 0x0000000000000004
2026-09-26 13:23:43,2026/09/26 13:23:43.522, 67, 29.90 W, 1035 MHz, 6001 MHz, 100 %, 6169 MiB, 8188 MiB, P4, 0x0000000000000004
2026-09-26 13:23:53,2026/09/26 13:23:53.588, 67, 29.80 W, 630 MHz, 6001 MHz, 95 %, 6169 MiB, 8188 MiB, P4, 0x0000000000000004
2026-09-26 13:24:03,2026/09/26 13:24:03.640, 67, 29.96 W, 900 MHz, 6001 MHz, 100 %, 6169 MiB, 8188 MiB, P4, 0x0000000000000004
2026-09-26 13:24:13,2026/09/26 13:24:13.699, 67, 29.75 W, 750 MHz, 6001 MHz, 100 %, 6169 MiB, 8188 MiB, P4, 0x0000000000000004
2026-09-26 13:24:23,2026/09/26 13:24:23.765, 67, 29.75 W, 1245 MHz, 6001 MHz, 100 %, 6169 MiB, 8188 MiB, P4, 0x0000000000000004
2026-09-26 13:24:33,2026/09/26 13:24:33.809, 67, 29.45 W, 690 MHz, 6001 MHz, 94 %, 6169 MiB, 8188 MiB, P4, 0x0000000000000004
2026-09-26 13:24:43,2026/09/26 13:24:43.880, 67, 29.86 W, 885 MHz, 6001 MHz, 100 %, 6169 MiB, 8188 MiB, P4, 0x0000000000000004
2026-09-26 13:24:53,2026/09/26 13:24:53.965, 67, 29.57 W, 975 MHz, 6001 MHz, 100 %, 6169 MiB, 8188 MiB, P4, 0x0000000000000004
2026-09-26 13:25:03,2026/09/26 13:25:04.031, 67, 29.62 W, 1020 MHz, 6001 MHz, 100 %, 6169 MiB, 8188 MiB, P4, 0x0000000000000004
2026-09-26 13:25:14,2026/09/26 13:25:14.095, 67, 29.59 W, 1005 MHz, 6001 MHz, 100 %, 6169 MiB, 8188 MiB, P4, 0x0000000000000004
2026-09-26 13:25:24,2026/09/26 13:25:24.155, 66, 29.62 W, 810 MHz, 6001 MHz, 94 %, 6169 MiB, 8188 MiB, P4, 0x0000000000000004
2026-09-26 13:25:34,2026/09/26 13:25:34.213, 67, 29.74 W, 945 MHz, 6001 MHz, 100 %, 6169 MiB, 8188 MiB, P4, 0x0000000000000004
2026-09-26 13:25:44,2026/09/26 13:25:44.268, 67, 29.84 W, 960 MHz, 6001 MHz, 100 %, 6169 MiB, 8188 MiB, P4, 0x0000000000000004
2026-09-26 13:25:54,2026/09/26 13:25:54.309, 67, 29.58 W, 1140 MHz, 6001 MHz, 100 %, 6169 MiB, 8188 MiB, P4, 0x0000000000000004
2026-09-26 13:26:04,2026/09/26 13:26:04.359, 67, 30.02 W, 645 MHz, 6001 MHz, 100 %, 6169 MiB, 8188 MiB, P4, 0x0000000000000004
2026-09-26 13:26:14,2026/09/26 13:26:14.404, 66, 29.75 W, 840 MHz, 6001 MHz, 100 %, 6169 MiB, 8188 MiB, P4, 0x0000000000000004
2026-09-26 13:26:24,2026/09/26 13:26:24.452, 67, 29.91 W, 870 MHz, 6001 MHz, 100 %, 6169 MiB, 8188 MiB, P4, 0x0000000000000004
2026-09-26 13:26:34,2026/09/26 13:26:34.503, 67, 29.97 W, 600 MHz, 6001 MHz, 100 %, 6169 MiB, 8188 MiB, P4, 0x0000000000000004
2026-09-26 13:26:44,2026/09/26 13:26:44.574, 67, 29.84 W, 705 MHz, 6001 MHz, 95 %, 6169 MiB, 8188 MiB, P4, 0x0000000000000004
2026-09-26 13:26:54,2026/09/26 13:26:54.632, 78, 82.72 W, 2295 MHz, 8001 MHz, 96 %, 6169 MiB, 8188 MiB, P0, 0x0000000000000020
2026-09-26 13:27:04,2026/09/26 13:27:04.687, 67, 29.47 W, 1170 MHz, 6001 MHz, 100 %, 6169 MiB, 8188 MiB, P4, 0x0000000000000004
2026-09-26 13:27:14,2026/09/26 13:27:14.736, 67, 29.92 W, 645 MHz, 6001 MHz, 94 %, 6169 MiB, 8188 MiB, P4, 0x0000000000000004
2026-09-26 13:27:24,2026/09/26 13:27:24.777, 67, 29.77 W, 465 MHz, 6001 MHz, 100 %, 6169 MiB, 8188 MiB, P4, 0x0000000000000004
2026-09-26 13:27:34,2026/09/26 13:27:34.827, 67, 29.67 W, 990 MHz, 6001 MHz, 100 %, 6169 MiB, 8188 MiB, P4, 0x0000000000000004
2026-09-26 13:27:44,2026/09/26 13:27:44.892, 67, 29.94 W, 1095 MHz, 6001 MHz, 100 %, 6169 MiB, 8188 MiB, P4, 0x0000000000000004
2026-09-26 13:27:54,2026/09/26 13:27:54.939, 66, 29.59 W, 1230 MHz, 6001 MHz, 100 %, 6169 MiB, 8188 MiB, P4, 0x0000000000000004
2026-09-26 13:28:04,2026/09/26 13:28:05.003, 67, 29.65 W, 540 MHz, 6001 MHz, 100 %, 6169 MiB, 8188 MiB, P4, 0x0000000000000004
2026-09-26 13:28:15,2026/09/26 13:28:15.054, 67, 29.93 W, 675 MHz, 6001 MHz, 100 %, 6169 MiB, 8188 MiB, P4, 0x0000000000000004
2026-09-26 13:28:25,2026/09/26 13:28:25.093, 67, 29.87 W, 1005 MHz, 6001 MHz, 100 %, 6169 MiB, 8188 MiB, P4, 0x0000000000000004
2026-09-26 13:28:35,2026/09/26 13:28:35.150, 67, 29.72 W, 900 MHz, 6001 MHz, 100 %, 6169 MiB, 8188 MiB, P4, 0x0000000000000004
2026-09-26 13:28:45,2026/09/26 13:28:45.204, 67, 29.68 W, 1320 MHz, 6001 MHz, 100 %, 6169 MiB, 8188 MiB, P4, 0x0000000000000004
2026-09-26 13:28:55,2026/09/26 13:28:55.262, 67, 29.62 W, 660 MHz, 6001 MHz, 95 %, 6169 MiB, 8188 MiB, P4, 0x0000000000000004
2026-09-26 13:29:05,2026/09/26 13:29:05.327, 67, 29.51 W, 930 MHz, 6001 MHz, 100 %, 6169 MiB, 8188 MiB, P4, 0x0000000000000004
2026-09-26 13:29:15,2026/09/26 13:29:15.374, 67, 29.63 W, 1035 MHz, 6001 MHz, 94 %, 6169 MiB, 8188 MiB, P4, 0x0000000000000004
2026-09-26 13:29:25,2026/09/26 13:29:25.442, 67, 29.89 W, 600 MHz, 6001 MHz, 100 %, 6169 MiB, 8188 MiB, P4, 0x0000000000000004
2026-09-26 13:29:35,2026/09/26 13:29:35.496, 67, 29.77 W, 1035 MHz, 6001 MHz, 100 %, 6169 MiB, 8188 MiB, P4, 0x0000000000000004
2026-09-26 13:29:45,2026/09/26 13:29:45.558, 67, 30.02 W, 900 MHz, 6001 MHz, 100 %, 6169 MiB, 8188 MiB, P4, 0x0000000000000004
2026-09-26 13:29:55,2026/09/26 13:29:55.622, 67, 29.29 W, 1275 MHz, 6001 MHz, 95 %, 6169 MiB, 8188 MiB, P4, 0x0000000000000004
2026-09-26 13:30:05,2026/09/26 13:30:05.677, 67, 30.11 W, 600 MHz, 6001 MHz, 100 %, 6169 MiB, 8188 MiB, P4, 0x0000000000000004
2026-09-26 13:30:15,2026/09/26 13:30:15.724, 67, 29.68 W, 975 MHz, 6001 MHz, 100 %, 6169 MiB, 8188 MiB, P4, 0x0000000000000004
2026-09-26 13:30:25,2026/09/26 13:30:25.791, 67, 29.87 W, 600 MHz, 6001 MHz, 100 %, 6169 MiB, 8188 MiB, P4, 0x0000000000000004
2026-09-26 13:30:35,2026/09/26 13:30:35.850, 63, 12.91 W, 210 MHz, 6001 MHz, 0 %, 6169 MiB, 8188 MiB, P5, 0x0000000000000001
2026-09-26 13:30:45,2026/09/26 13:30:45.910, 66, 29.74 W, 945 MHz, 6001 MHz, 100 %, 7039 MiB, 8188 MiB, P4, 0x0000000000000004
2026-09-26 13:30:55,2026/09/26 13:30:55.950, 67, 29.67 W, 1050 MHz, 6001 MHz, 100 %, 7039 MiB, 8188 MiB, P4, 0x0000000000000004
2026-09-26 13:31:05,2026/09/26 13:31:05.997, 67, 29.44 W, 930 MHz, 6001 MHz, 100 %, 7039 MiB, 8188 MiB, P4, 0x0000000000000004
2026-09-26 13:31:16,2026/09/26 13:31:16.048, 75, 75.58 W, 2475 MHz, 7001 MHz, 100 %, 7039 MiB, 8188 MiB, P3, 0x0000000000000020
2026-09-26 13:31:26,2026/09/26 13:31:26.096, 72, 13.99 W, 975 MHz, 8001 MHz, 85 %, 7039 MiB, 8188 MiB, P0, 0x0000000000000024
2026-09-26 13:31:36,2026/09/26 13:31:36.139, 67, 29.54 W, 1155 MHz, 6001 MHz, 100 %, 7039 MiB, 8188 MiB, P4, 0x0000000000000004
2026-09-26 13:31:46,2026/09/26 13:31:46.192, 67, 29.56 W, 1080 MHz, 6001 MHz, 100 %, 7039 MiB, 8188 MiB, P4, 0x0000000000000004
2026-09-26 13:31:56,2026/09/26 13:31:56.239, 67, 29.55 W, 1020 MHz, 6001 MHz, 100 %, 7039 MiB, 8188 MiB, P4, 0x0000000000000004
2026-09-26 13:32:06,2026/09/26 13:32:06.300, 67, 29.60 W, 915 MHz, 6001 MHz, 100 %, 7039 MiB, 8188 MiB, P4, 0x0000000000000004
2026-09-26 13:32:16,2026/09/26 13:32:16.338, 67, 29.86 W, 615 MHz, 6001 MHz, 100 %, 7039 MiB, 8188 MiB, P4, 0x0000000000000004
2026-09-26 13:32:26,2026/09/26 13:32:26.383, 67, 29.82 W, 555 MHz, 6001 MHz, 100 %, 7039 MiB, 8188 MiB, P4, 0x0000000000000004
2026-09-26 13:32:36,2026/09/26 13:32:36.426, 67, 29.50 W, 975 MHz, 6001 MHz, 100 %, 7039 MiB, 8188 MiB, P4, 0x0000000000000004
2026-09-26 13:32:46,2026/09/26 13:32:46.468, 67, 29.73 W, 1005 MHz, 6001 MHz, 100 %, 7039 MiB, 8188 MiB, P4, 0x0000000000000004
2026-09-26 13:32:56,2026/09/26 13:32:56.518, 66, 29.48 W, 690 MHz, 6001 MHz, 100 %, 7039 MiB, 8188 MiB, P4, 0x0000000000000004
2026-09-26 13:33:06,2026/09/26 13:33:06.572, 67, 29.36 W, 840 MHz, 6001 MHz, 100 %, 7039 MiB, 8188 MiB, P4, 0x0000000000000004
2026-09-26 13:33:16,2026/09/26 13:33:16.611, 67, 29.82 W, 1020 MHz, 6001 MHz, 100 %, 7039 MiB, 8188 MiB, P4, 0x0000000000000004
2026-09-26 13:33:26,2026/09/26 13:33:26.681, 67, 29.79 W, 1065 MHz, 6001 MHz, 100 %, 7039 MiB, 8188 MiB, P4, 0x0000000000000004
2026-09-26 13:33:36,2026/09/26 13:33:36.725, 67, 29.87 W, 630 MHz, 6001 MHz, 98 %, 7039 MiB, 8188 MiB, P4, 0x0000000000000004
2026-09-26 13:33:46,2026/09/26 13:33:46.779, 67, 29.65 W, 630 MHz, 6001 MHz, 100 %, 7039 MiB, 8188 MiB, P4, 0x0000000000000004
2026-09-26 13:33:56,2026/09/26 13:33:56.819, 67, 29.68 W, 870 MHz, 6001 MHz, 100 %, 7039 MiB, 8188 MiB, P4, 0x0000000000000004
2026-09-26 13:34:06,2026/09/26 13:34:06.872, 67, 29.75 W, 1005 MHz, 6001 MHz, 100 %, 7039 MiB, 8188 MiB, P4, 0x0000000000000004
2026-09-26 13:34:16,2026/09/26 13:34:16.924, 67, 29.67 W, 600 MHz, 6001 MHz, 100 %, 7039 MiB, 8188 MiB, P4, 0x0000000000000004
2026-09-26 13:34:26,2026/09/26 13:34:26.978, 67, 29.53 W, 750 MHz, 6001 MHz, 100 %, 7039 MiB, 8188 MiB, P4, 0x0000000000000004
2026-09-26 13:34:36,2026/09/26 13:34:37.023, 67, 29.47 W, 990 MHz, 6001 MHz, 100 %, 7039 MiB, 8188 MiB, P4, 0x0000000000000004
2026-09-26 13:34:47,2026/09/26 13:34:47.080, 67, 29.53 W, 840 MHz, 6001 MHz, 100 %, 7039 MiB, 8188 MiB, P4, 0x0000000000000004
2026-09-26 13:34:57,2026/09/26 13:34:57.122, 66, 29.45 W, 960 MHz, 6001 MHz, 100 %, 7039 MiB, 8188 MiB, P4, 0x0000000000000004
2026-09-26 13:35:07,2026/09/26 13:35:07.176, 67, 29.75 W, 960 MHz, 6001 MHz, 100 %, 7039 MiB, 8188 MiB, P4, 0x0000000000000004
2026-09-26 13:35:17,2026/09/26 13:35:17.239, 67, 30.05 W, 630 MHz, 6001 MHz, 100 %, 7039 MiB, 8188 MiB, P4, 0x0000000000000004
2026-09-26 13:35:27,2026/09/26 13:35:27.311, 64, 12.94 W, 255 MHz, 6001 MHz, 0 %, 7039 MiB, 8188 MiB, P4, 0x0000000000000024
2026-09-26 13:35:37,2026/09/26 13:35:37.360, 67, 29.75 W, 945 MHz, 6001 MHz, 100 %, 7055 MiB, 8188 MiB, P4, 0x0000000000000004
2026-09-26 13:35:47,2026/09/26 13:35:47.409, 68, 29.86 W, 855 MHz, 6001 MHz, 100 %, 7055 MiB, 8188 MiB, P4, 0x0000000000000004
2026-09-26 13:35:57,2026/09/26 13:35:57.457, 67, 30.05 W, 765 MHz, 6001 MHz, 97 %, 7073 MiB, 8188 MiB, P4, 0x0000000000000004
2026-09-26 13:36:07,2026/09/26 13:36:07.519, 67, 29.64 W, 660 MHz, 6001 MHz, 95 %, 7073 MiB, 8188 MiB, P4, 0x0000000000000004
2026-09-26 13:36:17,2026/09/26 13:36:17.565, 67, 29.86 W, 630 MHz, 6001 MHz, 99 %, 7073 MiB, 8188 MiB, P4, 0x0000000000000004
2026-09-26 13:36:27,2026/09/26 13:36:27.607, 67, 29.87 W, 945 MHz, 6001 MHz, 100 %, 7073 MiB, 8188 MiB, P4, 0x0000000000000004
2026-09-26 13:36:37,2026/09/26 13:36:37.675, 67, 29.90 W, 930 MHz, 6001 MHz, 100 %, 7079 MiB, 8188 MiB, P4, 0x0000000000000004
2026-09-26 13:36:47,2026/09/26 13:36:47.736, 66, 29.50 W, 1230 MHz, 6001 MHz, 95 %, 7079 MiB, 8188 MiB, P4, 0x0000000000000004
2026-09-26 13:36:57,2026/09/26 13:36:57.788, 67, 29.96 W, 660 MHz, 6001 MHz, 100 %, 7079 MiB, 8188 MiB, P4, 0x0000000000000004
2026-09-26 13:37:07,2026/09/26 13:37:07.857, 67, 29.81 W, 930 MHz, 6001 MHz, 100 %, 7079 MiB, 8188 MiB, P4, 0x0000000000000004
2026-09-26 13:37:17,2026/09/26 13:37:17.921, 67, 29.87 W, 990 MHz, 6001 MHz, 100 %, 7079 MiB, 8188 MiB, P4, 0x0000000000000004
2026-09-26 13:37:27,2026/09/26 13:37:27.967, 67, 29.29 W, 1305 MHz, 6001 MHz, 95 %, 7079 MiB, 8188 MiB, P4, 0x0000000000000004
2026-09-26 13:37:37,2026/09/26 13:37:38.017, 67, 29.83 W, 885 MHz, 6001 MHz, 100 %, 7079 MiB, 8188 MiB, P4, 0x0000000000000004
2026-09-26 13:37:48,2026/09/26 13:37:48.072, 67, 29.74 W, 975 MHz, 6001 MHz, 100 %, 7079 MiB, 8188 MiB, P4, 0x0000000000000004
2026-09-26 13:37:58,2026/09/26 13:37:58.121, 67, 29.74 W, 870 MHz, 6001 MHz, 100 %, 7079 MiB, 8188 MiB, P4, 0x0000000000000004
2026-09-26 13:38:08,2026/09/26 13:38:08.166, 67, 30.01 W, 990 MHz, 6001 MHz, 100 %, 7079 MiB, 8188 MiB, P4, 0x0000000000000004
2026-09-26 13:38:18,2026/09/26 13:38:18.237, 67, 29.19 W, 1215 MHz, 6001 MHz, 100 %, 7079 MiB, 8188 MiB, P4, 0x0000000000000004
2026-09-26 13:38:28,2026/09/26 13:38:28.303, 67, 29.40 W, 1095 MHz, 6001 MHz, 94 %, 7079 MiB, 8188 MiB, P4, 0x0000000000000004
2026-09-26 13:38:38,2026/09/26 13:38:38.348, 67, 29.78 W, 675 MHz, 6001 MHz, 100 %, 7079 MiB, 8188 MiB, P4, 0x0000000000000004
2026-09-26 13:38:48,2026/09/26 13:38:48.392, 67, 29.68 W, 885 MHz, 6001 MHz, 100 %, 7079 MiB, 8188 MiB, P4, 0x0000000000000004
2026-09-26 13:38:58,2026/09/26 13:38:58.433, 67, 29.70 W, 975 MHz, 6001 MHz, 100 %, 7079 MiB, 8188 MiB, P4, 0x0000000000000004
2026-09-26 13:39:08,2026/09/26 13:39:08.480, 67, 29.94 W, 840 MHz, 6001 MHz, 100 %, 7079 MiB, 8188 MiB, P4, 0x0000000000000004
2026-09-26 13:39:18,2026/09/26 13:39:18.532, 66, 29.60 W, 1125 MHz, 6001 MHz, 100 %, 7079 MiB, 8188 MiB, P4, 0x0000000000000004
2026-09-26 13:39:28,2026/09/26 13:39:28.595, 66, 29.69 W, 1290 MHz, 6001 MHz, 100 %, 7079 MiB, 8188 MiB, P4, 0x0000000000000004
2026-09-26 13:39:38,2026/09/26 13:39:38.650, 67, 29.57 W, 630 MHz, 6001 MHz, 95 %, 7079 MiB, 8188 MiB, P4, 0x0000000000000004
2026-09-26 13:39:48,2026/09/26 13:39:48.701, 67, 29.75 W, 690 MHz, 6001 MHz, 100 %, 7079 MiB, 8188 MiB, P4, 0x0000000000000004
2026-09-26 13:39:58,2026/09/26 13:39:58.769, 77, 83.36 W, 2295 MHz, 8001 MHz, 100 %, 7079 MiB, 8188 MiB, P0, 0x0000000000000020
2026-09-26 13:40:08,2026/09/26 13:40:08.834, 79, 83.23 W, 2295 MHz, 8001 MHz, 100 %, 7079 MiB, 8188 MiB, P0, 0x0000000000000020
2026-09-26 13:40:18,2026/09/26 13:40:18.887, 68, 29.44 W, 585 MHz, 6001 MHz, 95 %, 7079 MiB, 8188 MiB, P4, 0x0000000000000004
2026-09-26 13:40:28,2026/09/26 13:40:28.939, 68, 29.50 W, 630 MHz, 6001 MHz, 95 %, 7079 MiB, 8188 MiB, P4, 0x0000000000000004
2026-09-26 13:40:38,2026/09/26 13:40:39.009, 67, 29.81 W, 645 MHz, 6001 MHz, 100 %, 7079 MiB, 8188 MiB, P4, 0x0000000000000004
2026-09-26 13:40:49,2026/09/26 13:40:49.062, 67, 29.77 W, 810 MHz, 6001 MHz, 100 %, 7079 MiB, 8188 MiB, P4, 0x0000000000000004
2026-09-26 13:40:59,2026/09/26 13:40:59.116, 67, 29.95 W, 585 MHz, 6001 MHz, 100 %, 7079 MiB, 8188 MiB, P4, 0x0000000000000004
2026-09-26 13:41:09,2026/09/26 13:41:09.159, 67, 29.75 W, 855 MHz, 6001 MHz, 100 %, 7079 MiB, 8188 MiB, P4, 0x0000000000000004
2026-09-26 13:41:19,2026/09/26 13:41:19.217, 67, 29.71 W, 1035 MHz, 6001 MHz, 100 %, 7079 MiB, 8188 MiB, P4, 0x0000000000000004
2026-09-26 13:41:29,2026/09/26 13:41:29.268, 67, 29.66 W, 810 MHz, 6001 MHz, 100 %, 7079 MiB, 8188 MiB, P4, 0x0000000000000004
2026-09-26 13:41:39,2026/09/26 13:41:39.332, 67, 29.65 W, 900 MHz, 6001 MHz, 100 %, 7079 MiB, 8188 MiB, P4, 0x0000000000000004
2026-09-26 13:41:49,2026/09/26 13:41:49.384, 66, 29.94 W, 645 MHz, 6001 MHz, 97 %, 7079 MiB, 8188 MiB, P4, 0x0000000000000004
2026-09-26 13:41:59,2026/09/26 13:41:59.449, 66, 29.44 W, 690 MHz, 6001 MHz, 95 %, 7079 MiB, 8188 MiB, P4, 0x0000000000000004
2026-09-26 13:42:09,2026/09/26 13:42:09.516, 67, 29.89 W, 645 MHz, 6001 MHz, 94 %, 7079 MiB, 8188 MiB, P4, 0x0000000000000004
2026-09-26 13:42:19,2026/09/26 13:42:19.576, 67, 30.09 W, 645 MHz, 6001 MHz, 100 %, 7079 MiB, 8188 MiB, P4, 0x0000000000000004
2026-09-26 13:42:29,2026/09/26 13:42:29.644, 67, 29.86 W, 945 MHz, 6001 MHz, 100 %, 7079 MiB, 8188 MiB, P4, 0x0000000000000004
2026-09-26 13:42:39,2026/09/26 13:42:39.704, 67, 29.73 W, 870 MHz, 6001 MHz, 100 %, 7079 MiB, 8188 MiB, P4, 0x0000000000000004
2026-09-26 13:42:49,2026/09/26 13:42:49.757, 67, 29.51 W, 630 MHz, 6001 MHz, 100 %, 7079 MiB, 8188 MiB, P4, 0x0000000000000004
2026-09-26 13:42:59,2026/09/26 13:42:59.812, 67, 29.86 W, 1080 MHz, 6001 MHz, 100 %, 7079 MiB, 8188 MiB, P4, 0x0000000000000004
2026-09-26 13:43:09,2026/09/26 13:43:09.856, 67, 29.36 W, 675 MHz, 6001 MHz, 94 %, 7079 MiB, 8188 MiB, P4, 0x0000000000000004
2026-09-26 13:43:19,2026/09/26 13:43:19.926, 67, 29.88 W, 645 MHz, 6001 MHz, 99 %, 7079 MiB, 8188 MiB, P4, 0x0000000000000004
2026-09-26 13:43:29,2026/09/26 13:43:29.984, 67, 29.84 W, 930 MHz, 6001 MHz, 100 %, 7079 MiB, 8188 MiB, P4, 0x0000000000000004
2026-09-26 13:43:40,2026/09/26 13:43:40.055, 67, 29.64 W, 945 MHz, 6001 MHz, 100 %, 7079 MiB, 8188 MiB, P4, 0x0000000000000004
2026-09-26 13:43:50,2026/09/26 13:43:50.110, 67, 29.64 W, 855 MHz, 6001 MHz, 100 %, 7079 MiB, 8188 MiB, P4, 0x0000000000000004
2026-09-26 13:44:00,2026/09/26 13:44:00.178, 67, 29.83 W, 810 MHz, 6001 MHz, 100 %, 7079 MiB, 8188 MiB, P4, 0x0000000000000004
2026-09-26 13:44:10,2026/09/26 13:44:10.245, 66, 29.47 W, 660 MHz, 6001 MHz, 100 %, 7079 MiB, 8188 MiB, P4, 0x0000000000000004
2026-09-26 13:44:20,2026/09/26 13:44:20.296, 67, 29.85 W, 615 MHz, 6001 MHz, 94 %, 7079 MiB, 8188 MiB, P4, 0x0000000000000004
2026-09-26 13:44:30,2026/09/26 13:44:30.366, 67, 29.83 W, 675 MHz, 6001 MHz, 100 %, 7079 MiB, 8188 MiB, P4, 0x0000000000000004
2026-09-26 13:44:40,2026/09/26 13:44:40.441, 66, 29.93 W, 900 MHz, 6001 MHz, 100 %, 7079 MiB, 8188 MiB, P4, 0x0000000000000004
2026-09-26 13:44:50,2026/09/26 13:44:50.505, 77, 82.04 W, 2295 MHz, 8001 MHz, 94 %, 7079 MiB, 8188 MiB, P0, 0x0000000000000020
2026-09-26 13:45:00,2026/09/26 13:45:00.568, 68, 29.89 W, 855 MHz, 6001 MHz, 100 %, 7079 MiB, 8188 MiB, P4, 0x0000000000000004
2026-09-26 13:45:10,2026/09/26 13:45:10.619, 67, 29.58 W, 705 MHz, 6001 MHz, 100 %, 7079 MiB, 8188 MiB, P4, 0x0000000000000004
2026-09-26 13:45:20,2026/09/26 13:45:20.668, 67, 29.78 W, 1020 MHz, 6001 MHz, 100 %, 7079 MiB, 8188 MiB, P4, 0x0000000000000004
2026-09-26 13:45:30,2026/09/26 13:45:30.740, 67, 29.63 W, 1005 MHz, 6001 MHz, 100 %, 7079 MiB, 8188 MiB, P4, 0x0000000000000004
2026-09-26 13:45:40,2026/09/26 13:45:40.789, 67, 30.01 W, 615 MHz, 6001 MHz, 100 %, 7079 MiB, 8188 MiB, P4, 0x0000000000000004
2026-09-26 13:45:50,2026/09/26 13:45:50.854, 67, 29.72 W, 840 MHz, 6001 MHz, 100 %, 7079 MiB, 8188 MiB, P4, 0x0000000000000004
2026-09-26 13:46:00,2026/09/26 13:46:00.912, 67, 29.81 W, 1005 MHz, 6001 MHz, 100 %, 7079 MiB, 8188 MiB, P4, 0x0000000000000004
2026-09-26 13:46:10,2026/09/26 13:46:10.985, 80, 63.06 W, 2445 MHz, 7001 MHz, 100 %, 7079 MiB, 8188 MiB, P3, 0x0000000000000020
2026-09-26 13:46:21,2026/09/26 13:46:21.035, 67, 29.68 W, 1005 MHz, 6001 MHz, 100 %, 7079 MiB, 8188 MiB, P4, 0x0000000000000004
2026-09-26 13:46:31,2026/09/26 13:46:31.106, 67, 29.74 W, 795 MHz, 6001 MHz, 100 %, 7079 MiB, 8188 MiB, P4, 0x0000000000000004
2026-09-26 13:46:41,2026/09/26 13:46:41.153, 67, 29.27 W, 990 MHz, 6001 MHz, 100 %, 7079 MiB, 8188 MiB, P4, 0x0000000000000004
2026-09-26 13:46:51,2026/09/26 13:46:51.215, 67, 29.84 W, 915 MHz, 6001 MHz, 100 %, 7079 MiB, 8188 MiB, P4, 0x0000000000000004
2026-09-26 13:47:01,2026/09/26 13:47:01.281, 67, 29.51 W, 1245 MHz, 6001 MHz, 100 %, 7079 MiB, 8188 MiB, P4, 0x0000000000000004
2026-09-26 13:47:11,2026/09/26 13:47:11.338, 67, 29.82 W, 675 MHz, 6001 MHz, 94 %, 7079 MiB, 8188 MiB, P4, 0x0000000000000004
2026-09-26 13:47:21,2026/09/26 13:47:21.380, 67, 29.65 W, 825 MHz, 6001 MHz, 100 %, 7079 MiB, 8188 MiB, P4, 0x0000000000000004
2026-09-26 13:47:31,2026/09/26 13:47:31.427, 67, 29.69 W, 915 MHz, 6001 MHz, 100 %, 7079 MiB, 8188 MiB, P4, 0x0000000000000004
2026-09-26 13:47:41,2026/09/26 13:47:41.475, 67, 29.59 W, 1065 MHz, 6001 MHz, 100 %, 7079 MiB, 8188 MiB, P4, 0x0000000000000004
2026-09-26 13:47:51,2026/09/26 13:47:51.519, 67, 29.98 W, 645 MHz, 6001 MHz, 100 %, 7079 MiB, 8188 MiB, P4, 0x0000000000000004
2026-09-26 13:48:01,2026/09/26 13:48:01.588, 66, 29.84 W, 1005 MHz, 6001 MHz, 100 %, 7079 MiB, 8188 MiB, P4, 0x0000000000000004
2026-09-26 13:48:11,2026/09/26 13:48:11.634, 67, 29.63 W, 1020 MHz, 6001 MHz, 100 %, 7079 MiB, 8188 MiB, P4, 0x0000000000000004
2026-09-26 13:48:21,2026/09/26 13:48:21.690, 67, 29.72 W, 795 MHz, 6001 MHz, 100 %, 7079 MiB, 8188 MiB, P4, 0x0000000000000004
2026-09-26 13:48:31,2026/09/26 13:48:31.755, 68, 29.81 W, 705 MHz, 7001 MHz, 100 %, 7079 MiB, 8188 MiB, P3, 0x0000000000000004
2026-09-26 13:48:41,2026/09/26 13:48:41.800, 68, 29.98 W, 810 MHz, 6001 MHz, 100 %, 7079 MiB, 8188 MiB, P4, 0x0000000000000004
2026-09-26 13:48:51,2026/09/26 13:48:51.844, 67, 29.55 W, 1200 MHz, 6001 MHz, 96 %, 7079 MiB, 8188 MiB, P4, 0x0000000000000004
2026-09-26 13:49:01,2026/09/26 13:49:01.900, 68, 29.88 W, 615 MHz, 6001 MHz, 99 %, 7079 MiB, 8188 MiB, P4, 0x0000000000000004
2026-09-26 13:49:11,2026/09/26 13:49:11.968, 67, 30.00 W, 495 MHz, 6001 MHz, 100 %, 7079 MiB, 8188 MiB, P4, 0x0000000000000004
2026-09-26 13:49:21,2026/09/26 13:49:22.025, 67, 29.73 W, 1005 MHz, 6001 MHz, 100 %, 7079 MiB, 8188 MiB, P4, 0x0000000000000004
2026-09-26 13:49:32,2026/09/26 13:49:32.075, 67, 29.84 W, 930 MHz, 6001 MHz, 100 %, 7079 MiB, 8188 MiB, P4, 0x0000000000000004
2026-09-26 13:49:42,2026/09/26 13:49:42.142, 67, 29.86 W, 615 MHz, 6001 MHz, 95 %, 7079 MiB, 8188 MiB, P4, 0x0000000000000004
2026-09-26 13:49:52,2026/09/26 13:49:52.197, 67, 29.84 W, 630 MHz, 6001 MHz, 100 %, 7079 MiB, 8188 MiB, P4, 0x0000000000000004
2026-09-26 13:50:02,2026/09/26 13:50:02.262, 67, 29.73 W, 825 MHz, 6001 MHz, 100 %, 7079 MiB, 8188 MiB, P4, 0x0000000000000004
2026-09-26 13:50:12,2026/09/26 13:50:12.331, 67, 29.75 W, 855 MHz, 6001 MHz, 100 %, 7079 MiB, 8188 MiB, P4, 0x0000000000000004
2026-09-26 13:50:22,2026/09/26 13:50:22.375, 67, 29.76 W, 570 MHz, 6001 MHz, 95 %, 7079 MiB, 8188 MiB, P4, 0x0000000000000004
2026-09-26 13:50:32,2026/09/26 13:50:32.443, 67, 29.63 W, 870 MHz, 6001 MHz, 100 %, 7079 MiB, 8188 MiB, P4, 0x0000000000000004
2026-09-26 13:50:42,2026/09/26 13:50:42.497, 67, 29.81 W, 870 MHz, 6001 MHz, 100 %, 7079 MiB, 8188 MiB, P4, 0x0000000000000004
2026-09-26 13:50:52,2026/09/26 13:50:52.550, 67, 29.50 W, 1350 MHz, 6001 MHz, 100 %, 7079 MiB, 8188 MiB, P4, 0x0000000000000004
2026-09-26 13:51:02,2026/09/26 13:51:02.618, 67, 29.84 W, 735 MHz, 6001 MHz, 99 %, 7079 MiB, 8188 MiB, P4, 0x0000000000000004
2026-09-26 13:51:12,2026/09/26 13:51:12.662, 67, 29.70 W, 765 MHz, 6001 MHz, 100 %, 7079 MiB, 8188 MiB, P4, 0x0000000000000004
2026-09-26 13:51:22,2026/09/26 13:51:22.722, 68, 29.95 W, 855 MHz, 6001 MHz, 100 %, 7079 MiB, 8188 MiB, P4, 0x0000000000000004
2026-09-26 13:51:32,2026/09/26 13:51:32.788, 69, 27.41 W, 2595 MHz, 6001 MHz, 0 %, 7079 MiB, 8188 MiB, P0, 0x0000000000000024
2026-09-26 13:51:42,2026/09/26 13:51:42.860, 64, 8.71 W, 210 MHz, 810 MHz, 0 %, 7079 MiB, 8188 MiB, P5, 0x0000000000000001
2026-09-26 13:51:52,2026/09/26 13:51:52.906, 67, 29.73 W, 855 MHz, 6001 MHz, 100 %, 7079 MiB, 8188 MiB, P4, 0x0000000000000004
2026-09-26 13:52:02,2026/09/26 13:52:02.949, 67, 29.81 W, 1050 MHz, 6001 MHz, 100 %, 7079 MiB, 8188 MiB, P4, 0x0000000000000004
2026-09-26 13:52:12,2026/09/26 13:52:13.013, 67, 29.73 W, 630 MHz, 6001 MHz, 100 %, 7079 MiB, 8188 MiB, P4, 0x0000000000000004
2026-09-26 13:52:23,2026/09/26 13:52:23.058, 67, 29.69 W, 615 MHz, 6001 MHz, 100 %, 7079 MiB, 8188 MiB, P4, 0x0000000000000004
2026-09-26 13:52:33,2026/09/26 13:52:33.102, 67, 29.82 W, 690 MHz, 6001 MHz, 100 %, 7079 MiB, 8188 MiB, P4, 0x0000000000000004
2026-09-26 13:52:43,2026/09/26 13:52:43.155, 67, 29.48 W, 1035 MHz, 6001 MHz, 100 %, 7079 MiB, 8188 MiB, P4, 0x0000000000000004
2026-09-26 13:52:53,2026/09/26 13:52:53.208, 67, 29.57 W, 1080 MHz, 6001 MHz, 100 %, 7079 MiB, 8188 MiB, P4, 0x0000000000000004
2026-09-26 13:53:03,2026/09/26 13:53:03.248, 67, 29.45 W, 810 MHz, 6001 MHz, 100 %, 7079 MiB, 8188 MiB, P4, 0x0000000000000004
2026-09-26 13:53:13,2026/09/26 13:53:13.287, 67, 29.75 W, 1050 MHz, 6001 MHz, 100 %, 7079 MiB, 8188 MiB, P4, 0x0000000000000004
2026-09-26 13:53:23,2026/09/26 13:53:23.327, 67, 29.85 W, 1095 MHz, 6001 MHz, 100 %, 7079 MiB, 8188 MiB, P4, 0x0000000000000004
2026-09-26 13:53:33,2026/09/26 13:53:33.373, 67, 29.76 W, 585 MHz, 6001 MHz, 100 %, 7079 MiB, 8188 MiB, P4, 0x0000000000000004
2026-09-26 13:53:43,2026/09/26 13:53:43.418, 67, 29.85 W, 600 MHz, 6001 MHz, 100 %, 7079 MiB, 8188 MiB, P4, 0x0000000000000004
2026-09-26 13:53:53,2026/09/26 13:53:53.462, 67, 29.39 W, 915 MHz, 6001 MHz, 100 %, 7079 MiB, 8188 MiB, P4, 0x0000000000000004
2026-09-26 13:54:03,2026/09/26 13:54:03.516, 67, 29.70 W, 630 MHz, 6001 MHz, 100 %, 7079 MiB, 8188 MiB, P4, 0x0000000000000004
2026-09-26 13:54:13,2026/09/26 13:54:13.566, 66, 29.58 W, 960 MHz, 6001 MHz, 100 %, 7079 MiB, 8188 MiB, P4, 0x0000000000000004
2026-09-26 13:54:23,2026/09/26 13:54:23.606, 67, 29.67 W, 555 MHz, 6001 MHz, 100 %, 7079 MiB, 8188 MiB, P4, 0x0000000000000004
2026-09-26 13:54:33,2026/09/26 13:54:33.657, 77, 78.10 W, 2295 MHz, 8001 MHz, 100 %, 7079 MiB, 8188 MiB, P0, 0x0000000000000020
2026-09-26 13:54:43,2026/09/26 13:54:43.712, 77, 83.70 W, 2310 MHz, 8001 MHz, 100 %, 7079 MiB, 8188 MiB, P0, 0x0000000000000020
2026-09-26 13:54:53,2026/09/26 13:54:53.759, 68, 29.86 W, 630 MHz, 6001 MHz, 100 %, 7079 MiB, 8188 MiB, P4, 0x0000000000000004
2026-09-26 13:55:03,2026/09/26 13:55:03.822, 67, 29.43 W, 1050 MHz, 6001 MHz, 100 %, 7079 MiB, 8188 MiB, P4, 0x0000000000000004
2026-09-26 13:55:13,2026/09/26 13:55:13.872, 68, 29.45 W, 1050 MHz, 6001 MHz, 100 %, 7079 MiB, 8188 MiB, P4, 0x0000000000000004
2026-09-26 13:55:23,2026/09/26 13:55:23.923, 67, 29.87 W, 615 MHz, 6001 MHz, 100 %, 7079 MiB, 8188 MiB, P4, 0x0000000000000004
2026-09-26 13:55:33,2026/09/26 13:55:33.977, 67, 29.88 W, 570 MHz, 6001 MHz, 100 %, 7079 MiB, 8188 MiB, P4, 0x0000000000000004
2026-09-26 13:55:43,2026/09/26 13:55:44.027, 67, 29.26 W, 1035 MHz, 6001 MHz, 100 %, 7079 MiB, 8188 MiB, P4, 0x0000000000000004
2026-09-26 13:55:54,2026/09/26 13:55:54.077, 67, 29.38 W, 960 MHz, 6001 MHz, 100 %, 7079 MiB, 8188 MiB, P4, 0x0000000000000004
2026-09-26 13:56:04,2026/09/26 13:56:04.128, 67, 29.54 W, 660 MHz, 6001 MHz, 100 %, 7079 MiB, 8188 MiB, P4, 0x0000000000000004
2026-09-26 13:56:14,2026/09/26 13:56:14.174, 67, 29.73 W, 945 MHz, 6001 MHz, 100 %, 7079 MiB, 8188 MiB, P4, 0x0000000000000004
2026-09-26 13:56:24,2026/09/26 13:56:24.241, 67, 29.87 W, 570 MHz, 6001 MHz, 100 %, 7079 MiB, 8188 MiB, P4, 0x0000000000000004
2026-09-26 13:56:34,2026/09/26 13:56:34.307, 67, 29.96 W, 540 MHz, 6001 MHz, 100 %, 7079 MiB, 8188 MiB, P4, 0x0000000000000004
2026-09-26 13:56:44,2026/09/26 13:56:44.354, 68, 29.76 W, 690 MHz, 7001 MHz, 100 %, 7079 MiB, 8188 MiB, P3, 0x0000000000000004
2026-09-26 13:56:54,2026/09/26 13:56:54.426, 67, 29.74 W, 930 MHz, 6001 MHz, 100 %, 7079 MiB, 8188 MiB, P4, 0x0000000000000004
2026-09-26 13:57:04,2026/09/26 13:57:04.490, 67, 29.74 W, 885 MHz, 6001 MHz, 100 %, 7079 MiB, 8188 MiB, P4, 0x0000000000000004
2026-09-26 13:57:14,2026/09/26 13:57:14.533, 67, 29.29 W, 1275 MHz, 6001 MHz, 100 %, 7079 MiB, 8188 MiB, P4, 0x0000000000000004
2026-09-26 13:57:24,2026/09/26 13:57:24.591, 67, 29.64 W, 690 MHz, 6001 MHz, 100 %, 7079 MiB, 8188 MiB, P4, 0x0000000000000004
2026-09-26 13:57:34,2026/09/26 13:57:34.656, 67, 29.80 W, 690 MHz, 6001 MHz, 100 %, 7079 MiB, 8188 MiB, P4, 0x0000000000000004
2026-09-26 13:57:44,2026/09/26 13:57:44.712, 67, 29.76 W, 825 MHz, 6001 MHz, 100 %, 7079 MiB, 8188 MiB, P4, 0x0000000000000004
2026-09-26 13:57:54,2026/09/26 13:57:54.758, 67, 29.92 W, 975 MHz, 6001 MHz, 100 %, 7079 MiB, 8188 MiB, P4, 0x0000000000000004
2026-09-26 13:58:04,2026/09/26 13:58:04.816, 68, 29.55 W, 645 MHz, 6001 MHz, 95 %, 7079 MiB, 8188 MiB, P4, 0x0000000000000004
2026-09-26 13:58:14,2026/09/26 13:58:14.884, 67, 29.69 W, 1080 MHz, 6001 MHz, 100 %, 7079 MiB, 8188 MiB, P4, 0x0000000000000004
2026-09-26 13:58:24,2026/09/26 13:58:24.927, 67, 29.59 W, 720 MHz, 6001 MHz, 100 %, 7079 MiB, 8188 MiB, P4, 0x0000000000000004
2026-09-26 13:58:34,2026/09/26 13:58:34.973, 66, 29.47 W, 915 MHz, 6001 MHz, 100 %, 7079 MiB, 8188 MiB, P4, 0x0000000000000004
2026-09-26 13:58:44,2026/09/26 13:58:45.022, 67, 29.91 W, 615 MHz, 6001 MHz, 95 %, 7079 MiB, 8188 MiB, P4, 0x0000000000000004
2026-09-26 13:58:55,2026/09/26 13:58:55.083, 67, 29.72 W, 735 MHz, 6001 MHz, 100 %, 7079 MiB, 8188 MiB, P4, 0x0000000000000004
2026-09-26 13:59:05,2026/09/26 13:59:05.138, 67, 29.85 W, 900 MHz, 6001 MHz, 100 %, 7079 MiB, 8188 MiB, P4, 0x0000000000000004
2026-09-26 13:59:15,2026/09/26 13:59:15.200, 67, 29.55 W, 570 MHz, 6001 MHz, 94 %, 7079 MiB, 8188 MiB, P4, 0x0000000000000004
2026-09-26 13:59:25,2026/09/26 13:59:25.247, 67, 29.87 W, 870 MHz, 6001 MHz, 100 %, 7079 MiB, 8188 MiB, P4, 0x0000000000000004
2026-09-26 13:59:35,2026/09/26 13:59:35.300, 67, 29.88 W, 1020 MHz, 6001 MHz, 100 %, 7079 MiB, 8188 MiB, P4, 0x0000000000000004
2026-09-26 13:59:45,2026/09/26 13:59:45.352, 67, 29.67 W, 750 MHz, 6001 MHz, 100 %, 7079 MiB, 8188 MiB, P4, 0x0000000000000004
2026-09-26 13:59:55,2026/09/26 13:59:55.423, 79, 82.89 W, 2295 MHz, 8001 MHz, 99 %, 7079 MiB, 8188 MiB, P0, 0x0000000000000020
2026-09-26 14:00:05,2026/09/26 14:00:05.486, 68, 29.57 W, 1020 MHz, 6001 MHz, 100 %, 7079 MiB, 8188 MiB, P4, 0x0000000000000004
2026-09-26 14:00:15,2026/09/26 14:00:15.545, 68, 29.82 W, 630 MHz, 6001 MHz, 100 %, 7079 MiB, 8188 MiB, P4, 0x0000000000000004
2026-09-26 14:00:25,2026/09/26 14:00:25.611, 67, 29.63 W, 900 MHz, 6001 MHz, 100 %, 7079 MiB, 8188 MiB, P4, 0x0000000000000004
2026-09-26 14:00:35,2026/09/26 14:00:35.663, 68, 30.00 W, 1035 MHz, 6001 MHz, 100 %, 7079 MiB, 8188 MiB, P4, 0x0000000000000004
2026-09-26 14:00:45,2026/09/26 14:00:45.734, 67, 29.57 W, 1155 MHz, 6001 MHz, 100 %, 7079 MiB, 8188 MiB, P4, 0x0000000000000004
2026-09-26 14:00:55,2026/09/26 14:00:55.776, 67, 29.92 W, 795 MHz, 6001 MHz, 100 %, 7079 MiB, 8188 MiB, P4, 0x0000000000000004
2026-09-26 14:01:05,2026/09/26 14:01:05.820, 67, 29.88 W, 870 MHz, 6001 MHz, 100 %, 7079 MiB, 8188 MiB, P4, 0x0000000000000004
2026-09-26 14:01:15,2026/09/26 14:01:15.892, 67, 29.94 W, 1005 MHz, 6001 MHz, 100 %, 7079 MiB, 8188 MiB, P4, 0x0000000000000004
2026-09-26 14:01:25,2026/09/26 14:01:25.943, 67, 29.82 W, 690 MHz, 6001 MHz, 100 %, 7079 MiB, 8188 MiB, P4, 0x0000000000000004
2026-09-26 14:01:35,2026/09/26 14:01:36.008, 67, 29.80 W, 840 MHz, 6001 MHz, 100 %, 7079 MiB, 8188 MiB, P4, 0x0000000000000004
2026-09-26 14:01:46,2026/09/26 14:01:46.061, 67, 29.84 W, 795 MHz, 6001 MHz, 100 %, 7079 MiB, 8188 MiB, P4, 0x0000000000000004
2026-09-26 14:01:56,2026/09/26 14:01:56.110, 66, 29.61 W, 1305 MHz, 6001 MHz, 100 %, 7079 MiB, 8188 MiB, P4, 0x0000000000000004
2026-09-26 14:02:06,2026/09/26 14:02:06.167, 67, 30.00 W, 630 MHz, 6001 MHz, 100 %, 7079 MiB, 8188 MiB, P4, 0x0000000000000004
2026-09-26 14:02:16,2026/09/26 14:02:16.214, 67, 29.61 W, 975 MHz, 6001 MHz, 100 %, 7079 MiB, 8188 MiB, P4, 0x0000000000000004
2026-09-26 14:02:26,2026/09/26 14:02:26.268, 67, 29.80 W, 945 MHz, 6001 MHz, 100 %, 7079 MiB, 8188 MiB, P4, 0x0000000000000004
2026-09-26 14:02:36,2026/09/26 14:02:36.317, 67, 29.80 W, 870 MHz, 6001 MHz, 100 %, 7079 MiB, 8188 MiB, P4, 0x0000000000000004
2026-09-26 14:02:46,2026/09/26 14:02:46.386, 67, 30.10 W, 930 MHz, 6001 MHz, 100 %, 7079 MiB, 8188 MiB, P4, 0x0000000000000004
2026-09-26 14:02:56,2026/09/26 14:02:56.438, 67, 29.50 W, 585 MHz, 6001 MHz, 94 %, 7079 MiB, 8188 MiB, P4, 0x0000000000000004
2026-09-26 14:03:06,2026/09/26 14:03:06.501, 67, 29.95 W, 1005 MHz, 6001 MHz, 100 %, 7079 MiB, 8188 MiB, P4, 0x0000000000000004
2026-09-26 14:03:16,2026/09/26 14:03:16.544, 67, 29.71 W, 915 MHz, 6001 MHz, 100 %, 7079 MiB, 8188 MiB, P4, 0x0000000000000004
2026-09-26 14:03:26,2026/09/26 14:03:26.589, 67, 29.48 W, 1290 MHz, 6001 MHz, 96 %, 7079 MiB, 8188 MiB, P4, 0x0000000000000004
2026-09-26 14:03:36,2026/09/26 14:03:36.655, 67, 30.05 W, 630 MHz, 6001 MHz, 100 %, 7079 MiB, 8188 MiB, P4, 0x0000000000000004
2026-09-26 14:03:46,2026/09/26 14:03:46.698, 67, 29.49 W, 975 MHz, 6001 MHz, 100 %, 7079 MiB, 8188 MiB, P4, 0x0000000000000004
2026-09-26 14:03:56,2026/09/26 14:03:56.751, 67, 29.72 W, 870 MHz, 6001 MHz, 100 %, 7079 MiB, 8188 MiB, P4, 0x0000000000000004
2026-09-26 14:04:06,2026/09/26 14:04:06.822, 67, 29.84 W, 1005 MHz, 6001 MHz, 100 %, 7079 MiB, 8188 MiB, P4, 0x0000000000000004
2026-09-26 14:04:16,2026/09/26 14:04:16.875, 66, 29.64 W, 1335 MHz, 6001 MHz, 95 %, 7079 MiB, 8188 MiB, P4, 0x0000000000000004
2026-09-26 14:04:26,2026/09/26 14:04:26.924, 67, 29.82 W, 480 MHz, 6001 MHz, 100 %, 7079 MiB, 8188 MiB, P4, 0x0000000000000004
2026-09-26 14:04:36,2026/09/26 14:04:36.974, 67, 29.71 W, 1215 MHz, 6001 MHz, 100 %, 7079 MiB, 8188 MiB, P4, 0x0000000000000004
2026-09-26 14:04:46,2026/09/26 14:04:47.018, 67, 29.63 W, 990 MHz, 6001 MHz, 100 %, 7079 MiB, 8188 MiB, P4, 0x0000000000000004
2026-09-26 14:04:57,2026/09/26 14:04:57.065, 67, 29.35 W, 1260 MHz, 6001 MHz, 100 %, 7079 MiB, 8188 MiB, P4, 0x0000000000000004
2026-09-26 14:05:07,2026/09/26 14:05:07.128, 67, 29.81 W, 690 MHz, 6001 MHz, 97 %, 7079 MiB, 8188 MiB, P4, 0x0000000000000004
2026-09-26 14:05:17,2026/09/26 14:05:17.200, 67, 29.72 W, 1095 MHz, 6001 MHz, 100 %, 7079 MiB, 8188 MiB, P4, 0x0000000000000004
2026-09-26 14:05:27,2026/09/26 14:05:27.250, 67, 29.69 W, 750 MHz, 6001 MHz, 100 %, 7079 MiB, 8188 MiB, P4, 0x0000000000000004
2026-09-26 14:05:37,2026/09/26 14:05:37.293, 67, 29.68 W, 930 MHz, 6001 MHz, 100 %, 7079 MiB, 8188 MiB, P4, 0x0000000000000004
2026-09-26 14:05:47,2026/09/26 14:05:47.357, 66, 29.53 W, 1335 MHz, 6001 MHz, 100 %, 7079 MiB, 8188 MiB, P4, 0x0000000000000004
2026-09-26 14:05:57,2026/09/26 14:05:57.409, 67, 29.67 W, 660 MHz, 6001 MHz, 94 %, 7079 MiB, 8188 MiB, P4, 0x0000000000000004
2026-09-26 14:06:07,2026/09/26 14:06:07.448, 67, 29.82 W, 690 MHz, 6001 MHz, 100 %, 7079 MiB, 8188 MiB, P4, 0x0000000000000004
2026-09-26 14:06:17,2026/09/26 14:06:17.508, 67, 29.80 W, 750 MHz, 6001 MHz, 100 %, 7079 MiB, 8188 MiB, P4, 0x0000000000000004
2026-09-26 14:06:27,2026/09/26 14:06:27.557, 66, 29.49 W, 1320 MHz, 6001 MHz, 100 %, 7079 MiB, 8188 MiB, P4, 0x0000000000000004
2026-09-26 14:06:37,2026/09/26 14:06:37.599, 67, 29.58 W, 690 MHz, 6001 MHz, 97 %, 7079 MiB, 8188 MiB, P4, 0x0000000000000004
2026-09-26 14:06:47,2026/09/26 14:06:47.667, 76, 88.50 W, 2295 MHz, 8001 MHz, 100 %, 7079 MiB, 8188 MiB, P0, 0x0000000000000020
2026-09-26 14:06:57,2026/09/26 14:06:57.720, 67, 29.74 W, 915 MHz, 6001 MHz, 100 %, 7079 MiB, 8188 MiB, P4, 0x0000000000000004
2026-09-26 14:07:07,2026/09/26 14:07:07.789, 67, 29.65 W, 795 MHz, 6001 MHz, 100 %, 7079 MiB, 8188 MiB, P4, 0x0000000000000004
2026-09-26 14:07:17,2026/09/26 14:07:17.847, 67, 29.84 W, 1020 MHz, 6001 MHz, 100 %, 7079 MiB, 8188 MiB, P4, 0x0000000000000004
2026-09-26 14:07:27,2026/09/26 14:07:27.890, 67, 29.39 W, 1260 MHz, 6001 MHz, 94 %, 7079 MiB, 8188 MiB, P4, 0x0000000000000004
2026-09-26 14:07:37,2026/09/26 14:07:37.937, 66, 29.78 W, 690 MHz, 6001 MHz, 94 %, 7079 MiB, 8188 MiB, P4, 0x0000000000000004
2026-09-26 14:07:47,2026/09/26 14:07:47.985, 67, 29.72 W, 675 MHz, 6001 MHz, 100 %, 7079 MiB, 8188 MiB, P4, 0x0000000000000004
2026-09-26 14:07:58,2026/09/26 14:07:58.033, 67, 29.69 W, 870 MHz, 6001 MHz, 100 %, 7079 MiB, 8188 MiB, P4, 0x0000000000000004
2026-09-26 14:08:08,2026/09/26 14:08:08.102, 67, 30.03 W, 660 MHz, 6001 MHz, 100 %, 7079 MiB, 8188 MiB, P4, 0x0000000000000004
2026-09-26 14:08:18,2026/09/26 14:08:18.176, 67, 29.70 W, 900 MHz, 6001 MHz, 100 %, 7079 MiB, 8188 MiB, P4, 0x0000000000000004
2026-09-26 14:08:28,2026/09/26 14:08:28.218, 67, 30.03 W, 765 MHz, 6001 MHz, 100 %, 7079 MiB, 8188 MiB, P4, 0x0000000000000004
2026-09-26 14:08:38,2026/09/26 14:08:38.259, 67, 29.51 W, 1035 MHz, 6001 MHz, 100 %, 7079 MiB, 8188 MiB, P4, 0x0000000000000004
2026-09-26 14:08:48,2026/09/26 14:08:48.325, 67, 29.50 W, 870 MHz, 6001 MHz, 100 %, 7079 MiB, 8188 MiB, P4, 0x0000000000000004
2026-09-26 14:08:58,2026/09/26 14:08:58.382, 67, 29.65 W, 690 MHz, 6001 MHz, 94 %, 7079 MiB, 8188 MiB, P4, 0x0000000000000004
2026-09-26 14:09:08,2026/09/26 14:09:08.422, 67, 30.09 W, 630 MHz, 6001 MHz, 100 %, 7079 MiB, 8188 MiB, P4, 0x0000000000000004
2026-09-26 14:09:18,2026/09/26 14:09:18.470, 67, 29.85 W, 720 MHz, 6001 MHz, 100 %, 7079 MiB, 8188 MiB, P4, 0x0000000000000004
2026-09-26 14:09:28,2026/09/26 14:09:28.521, 67, 29.71 W, 960 MHz, 6001 MHz, 100 %, 7079 MiB, 8188 MiB, P4, 0x0000000000000004
2026-09-26 14:09:38,2026/09/26 14:09:38.565, 66, 29.62 W, 960 MHz, 6001 MHz, 100 %, 7079 MiB, 8188 MiB, P4, 0x0000000000000004
2026-09-26 14:09:48,2026/09/26 14:09:48.611, 67, 29.90 W, 645 MHz, 6001 MHz, 100 %, 7079 MiB, 8188 MiB, P4, 0x0000000000000004
2026-09-26 14:09:58,2026/09/26 14:09:58.671, 67, 29.91 W, 975 MHz, 6001 MHz, 100 %, 7079 MiB, 8188 MiB, P4, 0x0000000000000004
2026-09-26 14:10:08,2026/09/26 14:10:08.728, 67, 29.66 W, 720 MHz, 6001 MHz, 100 %, 7079 MiB, 8188 MiB, P4, 0x0000000000000004
2026-09-26 14:10:18,2026/09/26 14:10:18.795, 67, 29.80 W, 765 MHz, 6001 MHz, 100 %, 7079 MiB, 8188 MiB, P4, 0x0000000000000004
2026-09-26 14:10:28,2026/09/26 14:10:28.854, 67, 29.79 W, 1185 MHz, 6001 MHz, 100 %, 7079 MiB, 8188 MiB, P4, 0x0000000000000004
2026-09-26 14:10:38,2026/09/26 14:10:38.912, 67, 30.07 W, 600 MHz, 6001 MHz, 100 %, 7079 MiB, 8188 MiB, P4, 0x0000000000000004
2026-09-26 14:10:48,2026/09/26 14:10:48.974, 67, 29.69 W, 1035 MHz, 6001 MHz, 100 %, 7079 MiB, 8188 MiB, P4, 0x0000000000000004
2026-09-26 14:10:58,2026/09/26 14:10:59.023, 67, 29.70 W, 990 MHz, 6001 MHz, 100 %, 7079 MiB, 8188 MiB, P4, 0x0000000000000004
2026-09-26 14:11:09,2026/09/26 14:11:09.083, 81, 89.53 W, 2310 MHz, 7001 MHz, 90 %, 7079 MiB, 8188 MiB, P3, 0x0000000000000020
2026-09-26 14:11:19,2026/09/26 14:11:19.150, 67, 29.67 W, 855 MHz, 6001 MHz, 100 %, 7079 MiB, 8188 MiB, P4, 0x0000000000000004
2026-09-26 14:11:29,2026/09/26 14:11:29.206, 67, 29.55 W, 975 MHz, 6001 MHz, 100 %, 7079 MiB, 8188 MiB, P4, 0x0000000000000004
2026-09-26 14:11:39,2026/09/26 14:11:39.250, 67, 29.27 W, 960 MHz, 6001 MHz, 94 %, 7079 MiB, 8188 MiB, P4, 0x0000000000000004
2026-09-26 14:11:49,2026/09/26 14:11:49.307, 67, 29.64 W, 645 MHz, 6001 MHz, 95 %, 7079 MiB, 8188 MiB, P4, 0x0000000000000004
2026-09-26 14:11:59,2026/09/26 14:11:59.351, 67, 29.69 W, 645 MHz, 6001 MHz, 100 %, 7079 MiB, 8188 MiB, P4, 0x0000000000000004
2026-09-26 14:12:09,2026/09/26 14:12:09.400, 67, 29.61 W, 825 MHz, 6001 MHz, 100 %, 7079 MiB, 8188 MiB, P4, 0x0000000000000004
2026-09-26 14:12:19,2026/09/26 14:12:19.456, 67, 29.86 W, 1155 MHz, 6001 MHz, 100 %, 7079 MiB, 8188 MiB, P4, 0x0000000000000004
2026-09-26 14:12:29,2026/09/26 14:12:29.508, 66, 29.58 W, 660 MHz, 6001 MHz, 95 %, 7079 MiB, 8188 MiB, P4, 0x0000000000000004
2026-09-26 14:12:39,2026/09/26 14:12:39.550, 66, 30.03 W, 465 MHz, 6001 MHz, 100 %, 7079 MiB, 8188 MiB, P4, 0x0000000000000004
2026-09-26 14:12:49,2026/09/26 14:12:49.615, 67, 27.03 W, 600 MHz, 6001 MHz, 86 %, 7079 MiB, 8188 MiB, P4, 0x0000000000000004
2026-09-26 14:12:59,2026/09/26 14:12:59.675, 68, 30.36 W, 450 MHz, 8001 MHz, 100 %, 7079 MiB, 8188 MiB, P0, 0x0000000000000004
2026-09-26 14:13:09,2026/09/26 14:13:09.742, 67, 30.16 W, 555 MHz, 6001 MHz, 100 %, 7079 MiB, 8188 MiB, P4, 0x0000000000000004
2026-09-26 14:13:19,2026/09/26 14:13:19.813, 67, 29.86 W, 645 MHz, 6001 MHz, 100 %, 7079 MiB, 8188 MiB, P4, 0x0000000000000004
2026-09-26 14:13:29,2026/09/26 14:13:29.855, 67, 29.77 W, 855 MHz, 6001 MHz, 100 %, 7079 MiB, 8188 MiB, P4, 0x0000000000000004
2026-09-26 14:13:39,2026/09/26 14:13:39.908, 67, 29.64 W, 975 MHz, 6001 MHz, 100 %, 7079 MiB, 8188 MiB, P4, 0x0000000000000004
2026-09-26 14:13:49,2026/09/26 14:13:49.973, 67, 29.93 W, 1065 MHz, 6001 MHz, 100 %, 7079 MiB, 8188 MiB, P4, 0x0000000000000004
2026-09-26 14:13:59,2026/09/26 14:14:00.020, 67, 29.72 W, 660 MHz, 6001 MHz, 95 %, 7079 MiB, 8188 MiB, P4, 0x0000000000000004
2026-09-26 14:14:10,2026/09/26 14:14:10.085, 67, 29.86 W, 945 MHz, 6001 MHz, 100 %, 7079 MiB, 8188 MiB, P4, 0x0000000000000004
2026-09-26 14:14:20,2026/09/26 14:14:20.147, 67, 29.74 W, 915 MHz, 6001 MHz, 100 %, 7079 MiB, 8188 MiB, P4, 0x0000000000000004
2026-09-26 14:14:30,2026/09/26 14:14:30.199, 66, 29.56 W, 945 MHz, 6001 MHz, 100 %, 7079 MiB, 8188 MiB, P4, 0x0000000000000004
2026-09-26 14:14:40,2026/09/26 14:14:40.255, 67, 29.75 W, 615 MHz, 6001 MHz, 95 %, 7079 MiB, 8188 MiB, P4, 0x0000000000000004
2026-09-26 14:14:50,2026/09/26 14:14:50.320, 67, 29.57 W, 630 MHz, 6001 MHz, 94 %, 7079 MiB, 8188 MiB, P4, 0x0000000000000004
2026-09-26 14:15:00,2026/09/26 14:15:00.386, 76, 75.62 W, 2295 MHz, 8001 MHz, 100 %, 7079 MiB, 8188 MiB, P0, 0x0000000000000020
2026-09-26 14:15:10,2026/09/26 14:15:10.454, 68, 29.70 W, 990 MHz, 6001 MHz, 100 %, 7079 MiB, 8188 MiB, P4, 0x0000000000000004
2026-09-26 14:15:20,2026/09/26 14:15:20.512, 67, 29.94 W, 780 MHz, 6001 MHz, 100 %, 7079 MiB, 8188 MiB, P4, 0x0000000000000004
2026-09-26 14:15:30,2026/09/26 14:15:30.570, 67, 29.33 W, 1290 MHz, 6001 MHz, 100 %, 7079 MiB, 8188 MiB, P4, 0x0000000000000004
2026-09-26 14:15:40,2026/09/26 14:15:40.620, 66, 29.72 W, 690 MHz, 6001 MHz, 94 %, 7079 MiB, 8188 MiB, P4, 0x0000000000000004
2026-09-26 14:15:50,2026/09/26 14:15:50.684, 67, 29.96 W, 480 MHz, 6001 MHz, 100 %, 7079 MiB, 8188 MiB, P4, 0x0000000000000004
2026-09-26 14:16:00,2026/09/26 14:16:00.750, 67, 29.78 W, 960 MHz, 6001 MHz, 100 %, 7079 MiB, 8188 MiB, P4, 0x0000000000000004
2026-09-26 14:16:10,2026/09/26 14:16:10.805, 67, 30.08 W, 1005 MHz, 6001 MHz, 100 %, 7079 MiB, 8188 MiB, P4, 0x0000000000000004
2026-09-26 14:16:20,2026/09/26 14:16:20.872, 67, 29.92 W, 885 MHz, 6001 MHz, 100 %, 7079 MiB, 8188 MiB, P4, 0x0000000000000004
2026-09-26 14:16:30,2026/09/26 14:16:30.940, 67, 29.50 W, 1020 MHz, 6001 MHz, 100 %, 7079 MiB, 8188 MiB, P4, 0x0000000000000004
2026-09-26 14:16:40,2026/09/26 14:16:40.990, 67, 29.99 W, 645 MHz, 6001 MHz, 100 %, 7079 MiB, 8188 MiB, P4, 0x0000000000000004
2026-09-26 14:16:51,2026/09/26 14:16:51.047, 67, 29.62 W, 825 MHz, 6001 MHz, 100 %, 7079 MiB, 8188 MiB, P4, 0x0000000000000004
2026-09-26 14:17:01,2026/09/26 14:17:01.108, 67, 29.75 W, 1005 MHz, 6001 MHz, 100 %, 7079 MiB, 8188 MiB, P4, 0x0000000000000004
2026-09-26 14:17:11,2026/09/26 14:17:11.167, 67, 29.63 W, 1275 MHz, 6001 MHz, 100 %, 7079 MiB, 8188 MiB, P4, 0x0000000000000004
2026-09-26 14:17:21,2026/09/26 14:17:21.239, 67, 29.56 W, 630 MHz, 6001 MHz, 94 %, 7079 MiB, 8188 MiB, P4, 0x0000000000000004
2026-09-26 14:17:31,2026/09/26 14:17:31.300, 67, 29.98 W, 600 MHz, 6001 MHz, 100 %, 7079 MiB, 8188 MiB, P4, 0x0000000000000004
2026-09-26 14:17:41,2026/09/26 14:17:41.351, 67, 29.83 W, 615 MHz, 6001 MHz, 100 %, 7079 MiB, 8188 MiB, P4, 0x0000000000000004
2026-09-26 14:17:51,2026/09/26 14:17:51.398, 67, 29.74 W, 780 MHz, 6001 MHz, 100 %, 7079 MiB, 8188 MiB, P4, 0x0000000000000004
2026-09-26 14:18:01,2026/09/26 14:18:01.460, 79, 78.31 W, 2295 MHz, 8001 MHz, 93 %, 7079 MiB, 8188 MiB, P0, 0x0000000000000020
2026-09-26 14:18:11,2026/09/26 14:18:11.532, 68, 30.03 W, 900 MHz, 6001 MHz, 100 %, 7079 MiB, 8188 MiB, P4, 0x0000000000000004
2026-09-26 14:18:21,2026/09/26 14:18:21.602, 67, 29.54 W, 1095 MHz, 6001 MHz, 100 %, 7079 MiB, 8188 MiB, P4, 0x0000000000000004
2026-09-26 14:18:31,2026/09/26 14:18:31.646, 68, 29.76 W, 570 MHz, 6001 MHz, 91 %, 7079 MiB, 8188 MiB, P4, 0x0000000000000004
2026-09-26 14:18:41,2026/09/26 14:18:41.695, 67, 29.89 W, 600 MHz, 6001 MHz, 100 %, 7079 MiB, 8188 MiB, P4, 0x0000000000000004
2026-09-26 14:18:51,2026/09/26 14:18:51.744, 67, 29.78 W, 750 MHz, 6001 MHz, 100 %, 7079 MiB, 8188 MiB, P4, 0x0000000000000004
2026-09-26 14:19:01,2026/09/26 14:19:01.809, 67, 29.82 W, 765 MHz, 6001 MHz, 100 %, 7079 MiB, 8188 MiB, P4, 0x0000000000000004
2026-09-26 14:19:11,2026/09/26 14:19:11.866, 67, 29.65 W, 945 MHz, 6001 MHz, 100 %, 7079 MiB, 8188 MiB, P4, 0x0000000000000004
2026-09-26 14:19:21,2026/09/26 14:19:21.934, 68, 29.52 W, 570 MHz, 7001 MHz, 94 %, 7079 MiB, 8188 MiB, P3, 0x0000000000000004
2026-09-26 14:19:31,2026/09/26 14:19:31.985, 68, 29.96 W, 630 MHz, 6001 MHz, 100 %, 7079 MiB, 8188 MiB, P4, 0x0000000000000004
2026-09-26 14:19:41,2026/09/26 14:19:42.049, 67, 29.94 W, 690 MHz, 6001 MHz, 100 %, 7079 MiB, 8188 MiB, P4, 0x0000000000000004
2026-09-26 14:19:52,2026/09/26 14:19:52.118, 67, 29.75 W, 975 MHz, 6001 MHz, 100 %, 7079 MiB, 8188 MiB, P4, 0x0000000000000004
2026-09-26 14:20:02,2026/09/26 14:20:02.191, 67, 29.63 W, 750 MHz, 6001 MHz, 100 %, 7079 MiB, 8188 MiB, P4, 0x0000000000000004
2026-09-26 14:20:12,2026/09/26 14:20:12.245, 67, 29.51 W, 735 MHz, 6001 MHz, 100 %, 7079 MiB, 8188 MiB, P4, 0x0000000000000004
2026-09-26 14:20:22,2026/09/26 14:20:22.297, 67, 29.90 W, 990 MHz, 6001 MHz, 100 %, 7079 MiB, 8188 MiB, P4, 0x0000000000000004
2026-09-26 14:20:32,2026/09/26 14:20:32.346, 68, 29.95 W, 900 MHz, 6001 MHz, 100 %, 7079 MiB, 8188 MiB, P4, 0x0000000000000004
2026-09-26 14:20:42,2026/09/26 14:20:42.390, 67, 29.92 W, 990 MHz, 6001 MHz, 100 %, 7079 MiB, 8188 MiB, P4, 0x0000000000000004
2026-09-26 14:20:52,2026/09/26 14:20:52.439, 68, 29.31 W, 705 MHz, 6001 MHz, 90 %, 7079 MiB, 8188 MiB, P4, 0x0000000000000004
2026-09-26 14:21:02,2026/09/26 14:21:02.486, 67, 29.71 W, 675 MHz, 6001 MHz, 93 %, 7079 MiB, 8188 MiB, P4, 0x0000000000000004
2026-09-26 14:21:12,2026/09/26 14:21:12.528, 67, 29.88 W, 480 MHz, 6001 MHz, 100 %, 7079 MiB, 8188 MiB, P4, 0x0000000000000004
2026-09-26 14:21:22,2026/09/26 14:21:22.575, 67, 29.86 W, 930 MHz, 6001 MHz, 99 %, 7079 MiB, 8188 MiB, P4, 0x0000000000000004
2026-09-26 14:21:32,2026/09/26 14:21:32.631, 67, 29.71 W, 1005 MHz, 6001 MHz, 100 %, 7079 MiB, 8188 MiB, P4, 0x0000000000000004
2026-09-26 14:21:42,2026/09/26 14:21:42.683, 67, 29.95 W, 825 MHz, 6001 MHz, 100 %, 7079 MiB, 8188 MiB, P4, 0x0000000000000004
2026-09-26 14:21:52,2026/09/26 14:21:52.752, 67, 29.89 W, 1245 MHz, 6001 MHz, 100 %, 7079 MiB, 8188 MiB, P4, 0x0000000000000004
2026-09-26 14:22:02,2026/09/26 14:22:02.815, 67, 29.72 W, 675 MHz, 6001 MHz, 93 %, 7079 MiB, 8188 MiB, P4, 0x0000000000000004
2026-09-26 14:22:12,2026/09/26 14:22:12.884, 67, 29.58 W, 1335 MHz, 6001 MHz, 100 %, 7079 MiB, 8188 MiB, P4, 0x0000000000000004
2026-09-26 14:22:22,2026/09/26 14:22:22.942, 67, 29.45 W, 660 MHz, 6001 MHz, 97 %, 7079 MiB, 8188 MiB, P4, 0x0000000000000004
2026-09-26 14:22:32,2026/09/26 14:22:32.992, 67, 29.90 W, 600 MHz, 6001 MHz, 100 %, 7079 MiB, 8188 MiB, P4, 0x0000000000000004
2026-09-26 14:22:43,2026/09/26 14:22:43.052, 67, 29.85 W, 885 MHz, 6001 MHz, 100 %, 7079 MiB, 8188 MiB, P4, 0x0000000000000004
2026-09-26 14:22:53,2026/09/26 14:22:53.117, 67, 29.80 W, 795 MHz, 6001 MHz, 100 %, 7079 MiB, 8188 MiB, P4, 0x0000000000000004
2026-09-26 14:23:03,2026/09/26 14:23:03.189, 67, 29.81 W, 705 MHz, 6001 MHz, 100 %, 7079 MiB, 8188 MiB, P4, 0x0000000000000004
2026-09-26 14:23:13,2026/09/26 14:23:13.257, 67, 29.67 W, 900 MHz, 6001 MHz, 100 %, 7079 MiB, 8188 MiB, P4, 0x0000000000000004
2026-09-26 14:23:23,2026/09/26 14:23:23.309, 67, 29.87 W, 930 MHz, 6001 MHz, 100 %, 7079 MiB, 8188 MiB, P4, 0x0000000000000004
2026-09-26 14:23:33,2026/09/26 14:23:33.354, 67, 29.71 W, 780 MHz, 6001 MHz, 100 %, 7079 MiB, 8188 MiB, P4, 0x0000000000000004
2026-09-26 14:23:43,2026/09/26 14:23:43.421, 67, 29.62 W, 990 MHz, 6001 MHz, 100 %, 7079 MiB, 8188 MiB, P4, 0x0000000000000004
2026-09-26 14:23:53,2026/09/26 14:23:53.483, 67, 29.38 W, 1380 MHz, 6001 MHz, 93 %, 7079 MiB, 8188 MiB, P4, 0x0000000000000004
2026-09-26 14:24:03,2026/09/26 14:24:03.548, 67, 29.69 W, 660 MHz, 6001 MHz, 93 %, 7079 MiB, 8188 MiB, P4, 0x0000000000000004
2026-09-26 14:24:13,2026/09/26 14:24:13.616, 68, 29.86 W, 690 MHz, 6001 MHz, 100 %, 7079 MiB, 8188 MiB, P4, 0x0000000000000004
2026-09-26 14:24:23,2026/09/26 14:24:23.683, 67, 29.85 W, 900 MHz, 6001 MHz, 100 %, 7079 MiB, 8188 MiB, P4, 0x0000000000000004
2026-09-26 14:24:33,2026/09/26 14:24:33.732, 67, 29.78 W, 885 MHz, 6001 MHz, 100 %, 7079 MiB, 8188 MiB, P4, 0x0000000000000004
2026-09-26 14:24:43,2026/09/26 14:24:43.804, 67, 29.75 W, 1020 MHz, 6001 MHz, 100 %, 7079 MiB, 8188 MiB, P4, 0x0000000000000004
2026-09-26 14:24:53,2026/09/26 14:24:53.855, 67, 29.86 W, 960 MHz, 6001 MHz, 100 %, 7079 MiB, 8188 MiB, P4, 0x0000000000000004
2026-09-26 14:25:03,2026/09/26 14:25:03.909, 67, 29.63 W, 1005 MHz, 6001 MHz, 100 %, 7079 MiB, 8188 MiB, P4, 0x0000000000000004
2026-09-26 14:25:13,2026/09/26 14:25:13.960, 67, 29.78 W, 720 MHz, 6001 MHz, 100 %, 7079 MiB, 8188 MiB, P4, 0x0000000000000004
2026-09-26 14:25:23,2026/09/26 14:25:24.016, 67, 29.59 W, 885 MHz, 6001 MHz, 100 %, 7079 MiB, 8188 MiB, P4, 0x0000000000000004
2026-09-26 14:25:34,2026/09/26 14:25:34.067, 67, 29.68 W, 1290 MHz, 6001 MHz, 99 %, 7079 MiB, 8188 MiB, P4, 0x0000000000000004
2026-09-26 14:25:44,2026/09/26 14:25:44.110, 67, 29.54 W, 915 MHz, 6001 MHz, 100 %, 7079 MiB, 8188 MiB, P4, 0x0000000000000004
2026-09-26 14:25:54,2026/09/26 14:25:54.175, 67, 29.78 W, 510 MHz, 6001 MHz, 100 %, 7079 MiB, 8188 MiB, P4, 0x0000000000000004
2026-09-26 14:26:04,2026/09/26 14:26:04.233, 72, 73.92 W, 2595 MHz, 8001 MHz, 8 %, 7079 MiB, 8188 MiB, P0, 0x0000000000000000
2026-09-26 14:26:14,2026/09/26 14:26:14.302, 64, 11.10 W, 210 MHz, 810 MHz, 0 %, 7079 MiB, 8188 MiB, P5, 0x0000000000000001
2026-09-26 14:26:24,2026/09/26 14:26:24.350, 67, 29.94 W, 810 MHz, 6001 MHz, 100 %, 7079 MiB, 8188 MiB, P4, 0x0000000000000004
2026-09-26 14:26:34,2026/09/26 14:26:34.409, 67, 29.52 W, 630 MHz, 6001 MHz, 100 %, 7079 MiB, 8188 MiB, P4, 0x0000000000000004
2026-09-26 14:26:44,2026/09/26 14:26:44.457, 67, 29.84 W, 600 MHz, 6001 MHz, 100 %, 7079 MiB, 8188 MiB, P4, 0x0000000000000004
2026-09-26 14:26:54,2026/09/26 14:26:54.502, 67, 29.62 W, 570 MHz, 6001 MHz, 100 %, 7079 MiB, 8188 MiB, P4, 0x0000000000000004
2026-09-26 14:27:04,2026/09/26 14:27:04.560, 67, 29.30 W, 930 MHz, 6001 MHz, 100 %, 7079 MiB, 8188 MiB, P4, 0x0000000000000004
2026-09-26 14:27:14,2026/09/26 14:27:14.619, 67, 29.38 W, 870 MHz, 6001 MHz, 100 %, 7079 MiB, 8188 MiB, P4, 0x0000000000000004
2026-09-26 14:27:24,2026/09/26 14:27:24.669, 67, 29.74 W, 660 MHz, 6001 MHz, 100 %, 7079 MiB, 8188 MiB, P4, 0x0000000000000004
2026-09-26 14:27:34,2026/09/26 14:27:34.726, 67, 29.46 W, 1050 MHz, 6001 MHz, 100 %, 7079 MiB, 8188 MiB, P4, 0x0000000000000004
2026-09-26 14:27:44,2026/09/26 14:27:44.779, 67, 29.77 W, 915 MHz, 6001 MHz, 100 %, 7079 MiB, 8188 MiB, P4, 0x0000000000000004
2026-09-26 14:27:54,2026/09/26 14:27:54.827, 67, 29.64 W, 585 MHz, 6001 MHz, 100 %, 7079 MiB, 8188 MiB, P4, 0x0000000000000004
2026-09-26 14:28:04,2026/09/26 14:28:04.886, 67, 29.51 W, 900 MHz, 6001 MHz, 100 %, 7079 MiB, 8188 MiB, P4, 0x0000000000000004
2026-09-26 14:28:14,2026/09/26 14:28:14.932, 67, 29.41 W, 900 MHz, 6001 MHz, 100 %, 7079 MiB, 8188 MiB, P4, 0x0000000000000004
2026-09-26 14:28:24,2026/09/26 14:28:24.973, 67, 29.42 W, 855 MHz, 6001 MHz, 100 %, 7079 MiB, 8188 MiB, P4, 0x0000000000000004
2026-09-26 14:28:34,2026/09/26 14:28:35.022, 67, 29.45 W, 540 MHz, 6001 MHz, 100 %, 7079 MiB, 8188 MiB, P4, 0x0000000000000004
2026-09-26 14:28:45,2026/09/26 14:28:45.074, 67, 29.41 W, 555 MHz, 6001 MHz, 100 %, 7079 MiB, 8188 MiB, P4, 0x0000000000000004
2026-09-26 14:28:55,2026/09/26 14:28:55.127, 67, 29.42 W, 570 MHz, 6001 MHz, 100 %, 7079 MiB, 8188 MiB, P4, 0x0000000000000004
2026-09-26 14:29:05,2026/09/26 14:29:05.180, 68, 29.64 W, 585 MHz, 6001 MHz, 100 %, 7079 MiB, 8188 MiB, P4, 0x0000000000000004
2026-09-26 14:29:15,2026/09/26 14:29:15.225, 67, 29.39 W, 555 MHz, 6001 MHz, 100 %, 7079 MiB, 8188 MiB, P4, 0x0000000000000004
2026-09-26 14:29:25,2026/09/26 14:29:25.265, 67, 29.41 W, 930 MHz, 6001 MHz, 100 %, 7079 MiB, 8188 MiB, P4, 0x0000000000000004
2026-09-26 14:29:35,2026/09/26 14:29:35.306, 67, 29.48 W, 960 MHz, 6001 MHz, 100 %, 7079 MiB, 8188 MiB, P4, 0x0000000000000004
2026-09-26 14:29:45,2026/09/26 14:29:45.348, 67, 29.38 W, 1020 MHz, 6001 MHz, 100 %, 7079 MiB, 8188 MiB, P4, 0x0000000000000004
2026-09-26 14:29:55,2026/09/26 14:29:55.390, 67, 29.76 W, 990 MHz, 6001 MHz, 100 %, 7079 MiB, 8188 MiB, P4, 0x0000000000000004
2026-09-26 14:30:05,2026/09/26 14:30:05.435, 67, 29.31 W, 915 MHz, 6001 MHz, 100 %, 7079 MiB, 8188 MiB, P4, 0x0000000000000004
2026-09-26 14:30:15,2026/09/26 14:30:15.479, 67, 29.67 W, 1050 MHz, 6001 MHz, 100 %, 7079 MiB, 8188 MiB, P4, 0x0000000000000004
2026-09-26 14:30:25,2026/09/26 14:30:25.532, 67, 29.33 W, 855 MHz, 6001 MHz, 100 %, 7079 MiB, 8188 MiB, P4, 0x0000000000000004
2026-09-26 14:30:35,2026/09/26 14:30:35.572, 67, 29.43 W, 1080 MHz, 6001 MHz, 100 %, 7079 MiB, 8188 MiB, P4, 0x0000000000000004
2026-09-26 14:30:45,2026/09/26 14:30:45.626, 67, 29.42 W, 1065 MHz, 6001 MHz, 100 %, 7079 MiB, 8188 MiB, P4, 0x0000000000000004
2026-09-26 14:30:55,2026/09/26 14:30:55.678, 68, 29.43 W, 1080 MHz, 6001 MHz, 100 %, 7079 MiB, 8188 MiB, P4, 0x0000000000000004
2026-09-26 14:31:05,2026/09/26 14:31:05.741, 68, 29.43 W, 1050 MHz, 6001 MHz, 100 %, 7079 MiB, 8188 MiB, P4, 0x0000000000000004
2026-09-26 14:31:15,2026/09/26 14:31:15.837, 67, 29.42 W, 705 MHz, 6001 MHz, 100 %, 7079 MiB, 8188 MiB, P4, 0x0000000000000004
2026-09-26 14:31:25,2026/09/26 14:31:25.984, 80, 73.65 W, 2295 MHz, 7001 MHz, 100 %, 7079 MiB, 8188 MiB, P3, 0x0000000000000020
2026-09-26 14:31:36,2026/09/26 14:31:36.084, 63, 3.67 W, 210 MHz, 405 MHz, 0 %, 7079 MiB, 8188 MiB, P8, 0x0000000000000001
2026-09-26 14:31:46,2026/09/26 14:31:46.159, 68, 29.73 W, 645 MHz, 6001 MHz, 100 %, 7079 MiB, 8188 MiB, P4, 0x0000000000000004
2026-09-26 14:31:56,2026/09/26 14:31:56.256, 67, 29.97 W, 570 MHz, 6001 MHz, 83 %, 7079 MiB, 8188 MiB, P4, 0x0000000000000004
2026-09-26 14:32:06,2026/09/26 14:32:06.348, 68, 29.90 W, 630 MHz, 6001 MHz, 87 %, 7079 MiB, 8188 MiB, P4, 0x0000000000000004
2026-09-26 14:32:16,2026/09/26 14:32:16.431, 68, 29.54 W, 1020 MHz, 6001 MHz, 100 %, 7079 MiB, 8188 MiB, P4, 0x0000000000000004
2026-09-26 14:32:26,2026/09/26 14:32:26.516, 68, 29.70 W, 870 MHz, 6001 MHz, 100 %, 7079 MiB, 8188 MiB, P4, 0x0000000000000004
2026-09-26 14:32:36,2026/09/26 14:32:36.603, 68, 29.65 W, 960 MHz, 6001 MHz, 100 %, 7079 MiB, 8188 MiB, P4, 0x0000000000000004
2026-09-26 14:32:46,2026/09/26 14:32:46.690, 68, 30.18 W, 975 MHz, 6001 MHz, 100 %, 7079 MiB, 8188 MiB, P4, 0x0000000000000004
2026-09-26 14:32:56,2026/09/26 14:32:56.800, 68, 29.88 W, 825 MHz, 6001 MHz, 100 %, 7079 MiB, 8188 MiB, P4, 0x0000000000000004
2026-09-26 14:33:06,2026/09/26 14:33:06.893, 68, 29.92 W, 615 MHz, 6001 MHz, 85 %, 7079 MiB, 8188 MiB, P4, 0x0000000000000004
2026-09-26 14:33:16,2026/09/26 14:33:16.966, 68, 29.53 W, 840 MHz, 6001 MHz, 100 %, 7079 MiB, 8188 MiB, P4, 0x0000000000000004
2026-09-26 14:33:26,2026/09/26 14:33:27.032, 69, 29.66 W, 990 MHz, 6001 MHz, 100 %, 7079 MiB, 8188 MiB, P4, 0x0000000000000004
2026-09-26 14:33:37,2026/09/26 14:33:37.083, 68, 29.76 W, 780 MHz, 6001 MHz, 100 %, 7079 MiB, 8188 MiB, P4, 0x0000000000000004
2026-09-26 14:33:47,2026/09/26 14:33:47.137, 68, 29.75 W, 690 MHz, 6001 MHz, 97 %, 7079 MiB, 8188 MiB, P4, 0x0000000000000004
2026-09-26 14:33:57,2026/09/26 14:33:57.180, 68, 29.71 W, 1425 MHz, 6001 MHz, 100 %, 7079 MiB, 8188 MiB, P4, 0x0000000000000004
2026-09-26 14:34:07,2026/09/26 14:34:07.220, 68, 29.70 W, 1260 MHz, 6001 MHz, 100 %, 7079 MiB, 8188 MiB, P4, 0x0000000000000004
2026-09-26 14:34:17,2026/09/26 14:34:17.298, 68, 29.85 W, 1200 MHz, 6001 MHz, 100 %, 7079 MiB, 8188 MiB, P4, 0x0000000000000004
2026-09-26 14:34:27,2026/09/26 14:34:27.351, 68, 29.60 W, 975 MHz, 6001 MHz, 95 %, 7079 MiB, 8188 MiB, P4, 0x0000000000000004
2026-09-26 14:34:37,2026/09/26 14:34:37.395, 68, 29.37 W, 1200 MHz, 6001 MHz, 98 %, 7079 MiB, 8188 MiB, P4, 0x0000000000000004
2026-09-26 14:34:47,2026/09/26 14:34:47.448, 68, 29.23 W, 915 MHz, 6001 MHz, 100 %, 7079 MiB, 8188 MiB, P4, 0x0000000000000004
2026-09-26 14:34:57,2026/09/26 14:34:57.503, 68, 29.34 W, 855 MHz, 6001 MHz, 100 %, 7079 MiB, 8188 MiB, P4, 0x0000000000000004
2026-09-26 14:35:07,2026/09/26 14:35:07.575, 68, 29.45 W, 915 MHz, 6001 MHz, 100 %, 7079 MiB, 8188 MiB, P4, 0x0000000000000004
2026-09-26 14:35:17,2026/09/26 14:35:17.640, 68, 29.66 W, 825 MHz, 6001 MHz, 100 %, 7079 MiB, 8188 MiB, P4, 0x0000000000000004
2026-09-26 14:35:27,2026/09/26 14:35:27.695, 71, 30.25 W, 525 MHz, 6001 MHz, 100 %, 7079 MiB, 8188 MiB, P4, 0x0000000000000004
2026-09-26 14:35:37,2026/09/26 14:35:37.742, 68, 29.77 W, 765 MHz, 6001 MHz, 100 %, 7079 MiB, 8188 MiB, P4, 0x0000000000000004
2026-09-26 14:35:47,2026/09/26 14:35:47.811, 68, 30.10 W, 1020 MHz, 6001 MHz, 100 %, 7079 MiB, 8188 MiB, P4, 0x0000000000000004
2026-09-26 14:35:57,2026/09/26 14:35:57.860, 68, 29.91 W, 825 MHz, 6001 MHz, 100 %, 7079 MiB, 8188 MiB, P4, 0x0000000000000004
2026-09-26 14:36:07,2026/09/26 14:36:07.914, 68, 29.77 W, 990 MHz, 6001 MHz, 100 %, 7079 MiB, 8188 MiB, P4, 0x0000000000000004
2026-09-26 14:36:17,2026/09/26 14:36:17.965, 68, 29.73 W, 810 MHz, 6001 MHz, 100 %, 7079 MiB, 8188 MiB, P4, 0x0000000000000004
2026-09-26 14:36:27,2026/09/26 14:36:28.008, 68, 29.86 W, 570 MHz, 6001 MHz, 100 %, 7079 MiB, 8188 MiB, P4, 0x0000000000000004
2026-09-26 14:36:38,2026/09/26 14:36:38.050, 68, 29.97 W, 825 MHz, 6001 MHz, 100 %, 7079 MiB, 8188 MiB, P4, 0x0000000000000004
2026-09-26 14:36:48,2026/09/26 14:36:48.102, 68, 29.90 W, 885 MHz, 6001 MHz, 100 %, 7079 MiB, 8188 MiB, P4, 0x0000000000000004
2026-09-26 14:36:58,2026/09/26 14:36:58.164, 68, 30.01 W, 645 MHz, 6001 MHz, 92 %, 7079 MiB, 8188 MiB, P4, 0x0000000000000004
2026-09-26 14:37:08,2026/09/26 14:37:08.210, 69, 29.43 W, 585 MHz, 6001 MHz, 94 %, 7079 MiB, 8188 MiB, P4, 0x0000000000000004
2026-09-26 14:37:18,2026/09/26 14:37:18.258, 68, 29.83 W, 600 MHz, 6001 MHz, 88 %, 7079 MiB, 8188 MiB, P4, 0x0000000000000004
2026-09-26 14:37:28,2026/09/26 14:37:28.298, 69, 29.56 W, 585 MHz, 6001 MHz, 87 %, 7079 MiB, 8188 MiB, P4, 0x0000000000000004
2026-09-26 14:37:38,2026/09/26 14:37:38.342, 67, 29.35 W, 885 MHz, 6001 MHz, 100 %, 7079 MiB, 8188 MiB, P4, 0x0000000000000004
2026-09-26 14:37:48,2026/09/26 14:37:48.383, 68, 29.41 W, 585 MHz, 6001 MHz, 91 %, 7079 MiB, 8188 MiB, P4, 0x0000000000000004
2026-09-26 14:37:58,2026/09/26 14:37:58.438, 67, 29.08 W, 705 MHz, 6001 MHz, 100 %, 7079 MiB, 8188 MiB, P4, 0x0000000000000004
2026-09-26 14:38:08,2026/09/26 14:38:08.504, 68, 29.86 W, 990 MHz, 6001 MHz, 100 %, 7079 MiB, 8188 MiB, P4, 0x0000000000000004
2026-09-26 14:38:18,2026/09/26 14:38:18.548, 68, 29.71 W, 945 MHz, 6001 MHz, 100 %, 7079 MiB, 8188 MiB, P4, 0x0000000000000004
2026-09-26 14:38:28,2026/09/26 14:38:28.594, 68, 29.65 W, 1020 MHz, 6001 MHz, 100 %, 7079 MiB, 8188 MiB, P4, 0x0000000000000004
2026-09-26 14:38:38,2026/09/26 14:38:38.643, 68, 29.50 W, 810 MHz, 6001 MHz, 100 %, 7079 MiB, 8188 MiB, P4, 0x0000000000000004
2026-09-26 14:38:48,2026/09/26 14:38:48.710, 68, 29.92 W, 780 MHz, 6001 MHz, 100 %, 7079 MiB, 8188 MiB, P4, 0x0000000000000004
2026-09-26 14:38:58,2026/09/26 14:38:58.776, 68, 29.86 W, 1020 MHz, 6001 MHz, 100 %, 7079 MiB, 8188 MiB, P4, 0x0000000000000004
2026-09-26 14:39:08,2026/09/26 14:39:08.823, 68, 29.67 W, 1005 MHz, 6001 MHz, 100 %, 7079 MiB, 8188 MiB, P4, 0x0000000000000004
2026-09-26 14:39:18,2026/09/26 14:39:18.872, 68, 30.00 W, 975 MHz, 6001 MHz, 100 %, 7079 MiB, 8188 MiB, P4, 0x0000000000000004
2026-09-26 14:39:28,2026/09/26 14:39:28.912, 68, 29.85 W, 960 MHz, 6001 MHz, 100 %, 7079 MiB, 8188 MiB, P4, 0x0000000000000004
2026-09-26 14:39:38,2026/09/26 14:39:38.953, 68, 29.62 W, 930 MHz, 6001 MHz, 100 %, 7079 MiB, 8188 MiB, P4, 0x0000000000000004
2026-09-26 14:39:48,2026/09/26 14:39:48.998, 68, 29.74 W, 1005 MHz, 6001 MHz, 100 %, 7079 MiB, 8188 MiB, P4, 0x0000000000000004
2026-09-26 14:39:59,2026/09/26 14:39:59.041, 67, 28.86 W, 675 MHz, 6001 MHz, 100 %, 7079 MiB, 8188 MiB, P4, 0x0000000000000004
2026-09-26 14:40:09,2026/09/26 14:40:09.094, 76, 62.78 W, 2295 MHz, 8001 MHz, 91 %, 7079 MiB, 8188 MiB, P0, 0x0000000000000020
2026-09-26 14:40:19,2026/09/26 14:40:19.140, 76, 62.81 W, 2295 MHz, 8001 MHz, 93 %, 7079 MiB, 8188 MiB, P0, 0x0000000000000020
2026-09-26 14:40:29,2026/09/26 14:40:29.183, 78, 63.37 W, 2295 MHz, 8001 MHz, 89 %, 7079 MiB, 8188 MiB, P0, 0x0000000000000020
2026-09-26 14:40:39,2026/09/26 14:40:39.232, 76, 63.07 W, 2295 MHz, 8001 MHz, 94 %, 7079 MiB, 8188 MiB, P0, 0x0000000000000020
2026-09-26 14:40:49,2026/09/26 14:40:49.286, 78, 63.08 W, 2295 MHz, 8001 MHz, 87 %, 7079 MiB, 8188 MiB, P0, 0x0000000000000020
2026-09-26 14:40:59,2026/09/26 14:40:59.335, 69, 36.06 W, 2595 MHz, 8001 MHz, 0 %, 7079 MiB, 8188 MiB, P0, 0x0000000000000000
2026-09-26 14:41:09,2026/09/26 14:41:09.381, 65, 4.94 W, 375 MHz, 405 MHz, 100 %, 7079 MiB, 8188 MiB, P8, 0x0000000000000001
2026-09-26 14:41:19,2026/09/26 14:41:19.432, 70, 28.62 W, 1395 MHz, 8001 MHz, 100 %, 7079 MiB, 8188 MiB, P0, 0x0000000000000004
2026-09-26 14:41:29,2026/09/26 14:41:29.485, 69, 29.65 W, 645 MHz, 6001 MHz, 100 %, 7079 MiB, 8188 MiB, P4, 0x0000000000000004
2026-09-26 14:41:39,2026/09/26 14:41:39.526, 68, 29.37 W, 1545 MHz, 6001 MHz, 100 %, 7079 MiB, 8188 MiB, P4, 0x0000000000000004
2026-09-26 14:41:49,2026/09/26 14:41:49.589, 68, 29.63 W, 1050 MHz, 6001 MHz, 100 %, 7079 MiB, 8188 MiB, P4, 0x0000000000000004
2026-09-26 14:41:59,2026/09/26 14:41:59.649, 77, 62.59 W, 2295 MHz, 8001 MHz, 88 %, 7079 MiB, 8188 MiB, P0, 0x0000000000000020
2026-09-26 14:42:09,2026/09/26 14:42:09.707, 77, 62.60 W, 2295 MHz, 8001 MHz, 85 %, 7079 MiB, 8188 MiB, P0, 0x0000000000000020
2026-09-26 14:42:19,2026/09/26 14:42:19.750, 77, 62.36 W, 2295 MHz, 8001 MHz, 91 %, 7079 MiB, 8188 MiB, P0, 0x0000000000000020
2026-09-26 14:42:29,2026/09/26 14:42:29.799, 77, 63.75 W, 2295 MHz, 8001 MHz, 91 %, 7079 MiB, 8188 MiB, P0, 0x0000000000000020
2026-09-26 14:42:39,2026/09/26 14:42:39.850, 77, 62.95 W, 2295 MHz, 8001 MHz, 90 %, 7079 MiB, 8188 MiB, P0, 0x0000000000000020
2026-09-26 14:42:49,2026/09/26 14:42:49.908, 78, 63.90 W, 2295 MHz, 8001 MHz, 88 %, 7079 MiB, 8188 MiB, P0, 0x0000000000000020
2026-09-26 14:42:59,2026/09/26 14:42:59.955, 78, 63.84 W, 2295 MHz, 8001 MHz, 95 %, 7079 MiB, 8188 MiB, P0, 0x0000000000000020
2026-09-26 14:43:09,2026/09/26 14:43:10.000, 79, 63.18 W, 2295 MHz, 8001 MHz, 90 %, 7079 MiB, 8188 MiB, P0, 0x0000000000000020
2026-09-26 14:43:20,2026/09/26 14:43:20.052, 78, 62.47 W, 2295 MHz, 8001 MHz, 91 %, 7079 MiB, 8188 MiB, P0, 0x0000000000000020
2026-09-26 14:43:30,2026/09/26 14:43:30.111, 78, 63.62 W, 2295 MHz, 8001 MHz, 94 %, 7079 MiB, 8188 MiB, P0, 0x0000000000000020
2026-09-26 14:43:40,2026/09/26 14:43:40.157, 78, 63.90 W, 2295 MHz, 8001 MHz, 92 %, 7079 MiB, 8188 MiB, P0, 0x0000000000000020
2026-09-26 14:43:50,2026/09/26 14:43:50.210, 79, 63.81 W, 2295 MHz, 8001 MHz, 95 %, 7079 MiB, 8188 MiB, P0, 0x0000000000000020
2026-09-26 14:44:00,2026/09/26 14:44:00.272, 70, 29.68 W, 1260 MHz, 6001 MHz, 94 %, 7079 MiB, 8188 MiB, P4, 0x0000000000000004
2026-09-26 14:44:10,2026/09/26 14:44:10.327, 70, 29.44 W, 1155 MHz, 6001 MHz, 95 %, 7079 MiB, 8188 MiB, P4, 0x0000000000000004
2026-09-26 14:44:20,2026/09/26 14:44:20.386, 69, 29.36 W, 1500 MHz, 6001 MHz, 96 %, 7079 MiB, 8188 MiB, P4, 0x0000000000000004
2026-09-26 14:44:30,2026/09/26 14:44:30.432, 69, 29.72 W, 1260 MHz, 6001 MHz, 93 %, 7079 MiB, 8188 MiB, P4, 0x0000000000000004
2026-09-26 14:44:40,2026/09/26 14:44:40.485, 69, 29.25 W, 1290 MHz, 6001 MHz, 94 %, 7079 MiB, 8188 MiB, P4, 0x0000000000000004
2026-09-26 14:44:50,2026/09/26 14:44:50.537, 69, 29.59 W, 1530 MHz, 6001 MHz, 95 %, 7079 MiB, 8188 MiB, P4, 0x0000000000000004
2026-09-26 14:45:00,2026/09/26 14:45:00.597, 67, 30.15 W, 2610 MHz, 6001 MHz, 0 %, 7079 MiB, 8188 MiB, P4, 0x0000000000000000
2026-09-26 14:45:10,2026/09/26 14:45:10.670, 64, 3.58 W, 210 MHz, 405 MHz, 0 %, 7079 MiB, 8188 MiB, P8, 0x0000000000000001
2026-09-26 14:45:20,2026/09/26 14:45:20.723, 78, 67.65 W, 2295 MHz, 8001 MHz, 100 %, 7079 MiB, 8188 MiB, P0, 0x0000000000000020
2026-09-26 14:45:30,2026/09/26 14:45:30.779, 69, 29.87 W, 870 MHz, 7001 MHz, 100 %, 7079 MiB, 8188 MiB, P3, 0x0000000000000004
2026-09-26 14:45:40,2026/09/26 14:45:40.834, 69, 29.17 W, 1560 MHz, 6001 MHz, 100 %, 7079 MiB, 8188 MiB, P4, 0x0000000000000004
2026-09-26 14:45:50,2026/09/26 14:45:50.878, 68, 29.83 W, 1185 MHz, 6001 MHz, 78 %, 7079 MiB, 8188 MiB, P4, 0x0000000000000004
2026-09-26 14:46:00,2026/09/26 14:46:00.944, 76, 61.97 W, 2295 MHz, 8001 MHz, 83 %, 7079 MiB, 8188 MiB, P0, 0x0000000000000020
2026-09-26 14:46:10,2026/09/26 14:46:11.001, 77, 63.29 W, 2295 MHz, 8001 MHz, 94 %, 7079 MiB, 8188 MiB, P0, 0x0000000000000020
2026-09-26 14:46:21,2026/09/26 14:46:21.056, 79, 63.50 W, 2295 MHz, 8001 MHz, 95 %, 7079 MiB, 8188 MiB, P0, 0x0000000000000020
2026-09-26 14:46:31,2026/09/26 14:46:31.101, 77, 63.18 W, 2295 MHz, 8001 MHz, 87 %, 7079 MiB, 8188 MiB, P0, 0x0000000000000020
2026-09-26 14:46:41,2026/09/26 14:46:41.170, 78, 61.33 W, 2295 MHz, 8001 MHz, 92 %, 7079 MiB, 8188 MiB, P0, 0x0000000000000020
2026-09-26 14:46:51,2026/09/26 14:46:51.226, 79, 63.37 W, 2295 MHz, 8001 MHz, 89 %, 7079 MiB, 8188 MiB, P0, 0x0000000000000020
2026-09-26 14:47:01,2026/09/26 14:47:01.287, 74, 60.71 W, 2400 MHz, 8001 MHz, 63 %, 7079 MiB, 8188 MiB, P0, 0x0000000000000020
2026-09-26 14:47:11,2026/09/26 14:47:11.346, 78, 63.23 W, 2295 MHz, 8001 MHz, 87 %, 7079 MiB, 8188 MiB, P0, 0x0000000000000020
2026-09-26 14:47:21,2026/09/26 14:47:21.406, 76, 63.26 W, 2295 MHz, 8001 MHz, 93 %, 7079 MiB, 8188 MiB, P0, 0x0000000000000020
2026-09-26 14:47:31,2026/09/26 14:47:31.459, 79, 64.07 W, 2295 MHz, 8001 MHz, 92 %, 7079 MiB, 8188 MiB, P0, 0x0000000000000020
2026-09-26 14:47:41,2026/09/26 14:47:41.505, 70, 29.44 W, 1530 MHz, 6001 MHz, 95 %, 7079 MiB, 8188 MiB, P4, 0x0000000000000004
2026-09-26 14:47:51,2026/09/26 14:47:51.552, 66, 12.20 W, 285 MHz, 810 MHz, 0 %, 7079 MiB, 8188 MiB, P5, 0x0000000000000001
2026-09-26 14:48:01,2026/09/26 14:48:01.616, 64, 3.55 W, 210 MHz, 405 MHz, 0 %, 7079 MiB, 8188 MiB, P8, 0x0000000000000001
2026-09-26 14:48:11,2026/09/26 14:48:11.668, 78, 68.46 W, 2295 MHz, 8001 MHz, 100 %, 7079 MiB, 8188 MiB, P0, 0x0000000000000020
2026-09-26 14:48:21,2026/09/26 14:48:21.718, 69, 29.83 W, 990 MHz, 6001 MHz, 100 %, 7079 MiB, 8188 MiB, P4, 0x0000000000000004
2026-09-26 14:48:31,2026/09/26 14:48:31.762, 69, 29.37 W, 1545 MHz, 6001 MHz, 100 %, 7079 MiB, 8188 MiB, P4, 0x0000000000000004
2026-09-26 14:48:41,2026/09/26 14:48:41.810, 68, 29.82 W, 840 MHz, 6001 MHz, 100 %, 7079 MiB, 8188 MiB, P4, 0x0000000000000004
2026-09-26 14:48:51,2026/09/26 14:48:51.863, 64, 6.90 W, 210 MHz, 810 MHz, 51 %, 7079 MiB, 8188 MiB, P5, 0x0000000000000001
2026-09-26 14:49:01,2026/09/26 14:49:01.929, 75, 60.82 W, 2295 MHz, 8001 MHz, 87 %, 7079 MiB, 8188 MiB, P0, 0x0000000000000020
2026-09-26 14:49:11,2026/09/26 14:49:11.985, 78, 63.12 W, 2295 MHz, 8001 MHz, 94 %, 7079 MiB, 8188 MiB, P0, 0x0000000000000020
2026-09-26 14:49:22,2026/09/26 14:49:22.031, 77, 62.64 W, 2295 MHz, 8001 MHz, 93 %, 7079 MiB, 8188 MiB, P0, 0x0000000000000020
2026-09-26 14:49:32,2026/09/26 14:49:32.086, 77, 62.84 W, 2295 MHz, 8001 MHz, 75 %, 7079 MiB, 8188 MiB, P0, 0x0000000000000020
2026-09-26 14:49:42,2026/09/26 14:49:42.140, 78, 64.10 W, 2295 MHz, 8001 MHz, 87 %, 7079 MiB, 8188 MiB, P0, 0x0000000000000020
2026-09-26 14:49:52,2026/09/26 14:49:52.186, 75, 63.47 W, 2295 MHz, 8001 MHz, 93 %, 7079 MiB, 8188 MiB, P0, 0x0000000000000020
2026-09-26 14:50:02,2026/09/26 14:50:02.230, 79, 60.98 W, 2295 MHz, 8001 MHz, 86 %, 7079 MiB, 8188 MiB, P0, 0x0000000000000020
2026-09-26 14:50:12,2026/09/26 14:50:12.274, 70, 29.34 W, 1440 MHz, 6001 MHz, 95 %, 7079 MiB, 8188 MiB, P4, 0x0000000000000004
2026-09-26 14:50:22,2026/09/26 14:50:22.315, 78, 60.80 W, 2295 MHz, 8001 MHz, 80 %, 7079 MiB, 8188 MiB, P0, 0x0000000000000020
2026-09-26 14:50:32,2026/09/26 14:50:32.370, 79, 61.84 W, 2295 MHz, 8001 MHz, 80 %, 7079 MiB, 8188 MiB, P0, 0x0000000000000020
2026-09-26 14:50:42,2026/09/26 14:50:42.424, 78, 59.90 W, 2295 MHz, 8001 MHz, 83 %, 7079 MiB, 8188 MiB, P0, 0x0000000000000020
2026-09-26 14:50:52,2026/09/26 14:50:52.468, 78, 62.28 W, 2295 MHz, 8001 MHz, 85 %, 7079 MiB, 8188 MiB, P0, 0x0000000000000020
2026-09-26 14:51:02,2026/09/26 14:51:02.520, 69, 27.51 W, 1230 MHz, 6001 MHz, 88 %, 7079 MiB, 8188 MiB, P4, 0x0000000000000004
2026-09-26 14:51:12,2026/09/26 14:51:12.579, 68, 28.40 W, 2370 MHz, 8001 MHz, 0 %, 7079 MiB, 8188 MiB, P0, 0x0000000000000001
2026-09-26 14:51:22,2026/09/26 14:51:22.630, 65, 4.56 W, 225 MHz, 405 MHz, 100 %, 7079 MiB, 8188 MiB, P8, 0x0000000000000001
2026-09-26 14:51:32,2026/09/26 14:51:32.680, 68, 29.87 W, 1515 MHz, 6001 MHz, 100 %, 7079 MiB, 8188 MiB, P4, 0x0000000000000004
2026-09-26 14:51:42,2026/09/26 14:51:42.724, 68, 30.16 W, 1035 MHz, 6001 MHz, 100 %, 7079 MiB, 8188 MiB, P4, 0x0000000000000004
2026-09-26 14:51:52,2026/09/26 14:51:52.779, 69, 29.80 W, 870 MHz, 6001 MHz, 60 %, 7079 MiB, 8188 MiB, P4, 0x0000000000000004
2026-09-26 14:52:02,2026/09/26 14:52:02.839, 76, 60.90 W, 2355 MHz, 8001 MHz, 81 %, 7079 MiB, 8188 MiB, P0, 0x0000000000000020
2026-09-26 14:52:12,2026/09/26 14:52:12.889, 76, 61.03 W, 2295 MHz, 8001 MHz, 83 %, 7079 MiB, 8188 MiB, P0, 0x0000000000000020
2026-09-26 14:52:22,2026/09/26 14:52:22.933, 77, 61.39 W, 2295 MHz, 8001 MHz, 87 %, 7079 MiB, 8188 MiB, P0, 0x0000000000000020
2026-09-26 14:52:32,2026/09/26 14:52:32.984, 77, 64.00 W, 2295 MHz, 8001 MHz, 85 %, 7079 MiB, 8188 MiB, P0, 0x0000000000000020
2026-09-26 14:52:43,2026/09/26 14:52:43.032, 78, 61.97 W, 2295 MHz, 8001 MHz, 86 %, 7079 MiB, 8188 MiB, P0, 0x0000000000000020
2026-09-26 14:52:53,2026/09/26 14:52:53.079, 77, 61.52 W, 2295 MHz, 8001 MHz, 70 %, 7079 MiB, 8188 MiB, P0, 0x0000000000000020
2026-09-26 14:53:03,2026/09/26 14:53:03.133, 65, 9.13 W, 240 MHz, 810 MHz, 0 %, 7079 MiB, 8188 MiB, P8, 0x0000000000000001
2026-09-26 14:53:13,2026/09/26 14:53:13.180, 64, 3.58 W, 210 MHz, 405 MHz, 0 %, 7079 MiB, 8188 MiB, P8, 0x0000000000000001
2026-09-26 14:53:23,2026/09/26 14:53:23.238, 69, 29.95 W, 690 MHz, 6001 MHz, 100 %, 7079 MiB, 8188 MiB, P4, 0x0000000000000004
2026-09-26 14:53:33,2026/09/26 14:53:33.288, 69, 29.34 W, 1560 MHz, 6001 MHz, 100 %, 7079 MiB, 8188 MiB, P4, 0x0000000000000004
2026-09-26 14:53:43,2026/09/26 14:53:43.330, 68, 29.09 W, 840 MHz, 6001 MHz, 100 %, 7079 MiB, 8188 MiB, P4, 0x0000000000000004
2026-09-26 14:53:53,2026/09/26 14:53:53.382, 77, 39.05 W, 2415 MHz, 8001 MHz, 84 %, 7079 MiB, 8188 MiB, P0, 0x0000000000000020
2026-09-26 14:54:03,2026/09/26 14:54:03.424, 77, 58.70 W, 2295 MHz, 8001 MHz, 85 %, 7079 MiB, 8188 MiB, P0, 0x0000000000000020
2026-09-26 14:54:13,2026/09/26 14:54:13.485, 77, 62.01 W, 2295 MHz, 8001 MHz, 88 %, 7079 MiB, 8188 MiB, P0, 0x0000000000000020
2026-09-26 14:54:23,2026/09/26 14:54:23.543, 77, 61.69 W, 2295 MHz, 8001 MHz, 83 %, 7079 MiB, 8188 MiB, P0, 0x0000000000000020
2026-09-26 14:54:33,2026/09/26 14:54:33.597, 78, 60.69 W, 2295 MHz, 8001 MHz, 84 %, 7079 MiB, 8188 MiB, P0, 0x0000000000000020
2026-09-26 14:54:43,2026/09/26 14:54:43.643, 70, 37.97 W, 2595 MHz, 8001 MHz, 0 %, 7079 MiB, 8188 MiB, P0, 0x0000000000000000
2026-09-26 14:54:53,2026/09/26 14:54:53.710, 77, 57.80 W, 2295 MHz, 7001 MHz, 90 %, 7079 MiB, 8188 MiB, P3, 0x0000000000000020
2026-09-26 14:55:03,2026/09/26 14:55:03.761, 78, 61.84 W, 2295 MHz, 8001 MHz, 91 %, 7079 MiB, 8188 MiB, P0, 0x0000000000000020
2026-09-26 14:55:13,2026/09/26 14:55:13.806, 77, 62.64 W, 2295 MHz, 8001 MHz, 85 %, 7079 MiB, 8188 MiB, P0, 0x0000000000000020
2026-09-26 14:55:23,2026/09/26 14:55:23.864, 77, 61.93 W, 2295 MHz, 8001 MHz, 85 %, 7079 MiB, 8188 MiB, P0, 0x0000000000000020
2026-09-26 14:55:33,2026/09/26 14:55:33.907, 68, 18.38 W, 2370 MHz, 8001 MHz, 0 %, 7079 MiB, 8188 MiB, P0, 0x0000000000000001
2026-09-26 14:55:43,2026/09/26 14:55:43.951, 64, 3.75 W, 210 MHz, 405 MHz, 0 %, 7079 MiB, 8188 MiB, P8, 0x0000000000000001
2026-09-26 14:55:53,2026/09/26 14:55:54.012, 69, 29.82 W, 1050 MHz, 6001 MHz, 100 %, 7079 MiB, 8188 MiB, P4, 0x0000000000000004
2026-09-26 14:56:04,2026/09/26 14:56:04.061, 68, 29.33 W, 1530 MHz, 6001 MHz, 100 %, 7079 MiB, 8188 MiB, P4, 0x0000000000000004
2026-09-26 14:56:14,2026/09/26 14:56:14.104, 68, 29.83 W, 1110 MHz, 6001 MHz, 100 %, 7079 MiB, 8188 MiB, P4, 0x0000000000000004
2026-09-26 14:56:24,2026/09/26 14:56:24.170, 64, 10.39 W, 210 MHz, 810 MHz, 0 %, 7079 MiB, 8188 MiB, P5, 0x0000000000000001
2026-09-26 14:56:34,2026/09/26 14:56:34.227, 77, 62.85 W, 2295 MHz, 8001 MHz, 88 %, 7079 MiB, 8188 MiB, P0, 0x0000000000000020
2026-09-26 14:56:44,2026/09/26 14:56:44.297, 76, 60.32 W, 2295 MHz, 8001 MHz, 78 %, 7079 MiB, 8188 MiB, P0, 0x0000000000000020
2026-09-26 14:56:54,2026/09/26 14:56:54.350, 76, 61.90 W, 2295 MHz, 8001 MHz, 79 %, 7079 MiB, 8188 MiB, P0, 0x0000000000000020
2026-09-26 14:57:04,2026/09/26 14:57:04.405, 77, 57.83 W, 2295 MHz, 8001 MHz, 85 %, 7079 MiB, 8188 MiB, P0, 0x0000000000000020
2026-09-26 14:57:14,2026/09/26 14:57:14.462, 78, 83.98 W, 2295 MHz, 8001 MHz, 93 %, 7079 MiB, 8188 MiB, P0, 0x0000000000000020
2026-09-26 14:57:24,2026/09/26 14:57:24.524, 69, 29.81 W, 540 MHz, 6001 MHz, 95 %, 7079 MiB, 8188 MiB, P4, 0x0000000000000004
2026-09-26 14:57:34,2026/09/26 14:57:34.578, 68, 29.96 W, 285 MHz, 6001 MHz, 100 %, 7079 MiB, 8188 MiB, P4, 0x0000000000000004
2026-09-26 14:57:44,2026/09/26 14:57:44.647, 67, 29.88 W, 345 MHz, 6001 MHz, 100 %, 7079 MiB, 8188 MiB, P4, 0x0000000000000004
2026-09-26 14:57:54,2026/09/26 14:57:54.690, 68, 29.85 W, 480 MHz, 6001 MHz, 96 %, 7079 MiB, 8188 MiB, P4, 0x0000000000000004
2026-09-26 14:58:04,2026/09/26 14:58:04.742, 67, 29.90 W, 345 MHz, 6001 MHz, 100 %, 7079 MiB, 8188 MiB, P4, 0x0000000000000004
2026-09-26 14:58:14,2026/09/26 14:58:14.787, 67, 29.83 W, 495 MHz, 6001 MHz, 94 %, 7079 MiB, 8188 MiB, P4, 0x0000000000000004
2026-09-26 14:58:24,2026/09/26 14:58:24.829, 67, 29.88 W, 330 MHz, 6001 MHz, 100 %, 7079 MiB, 8188 MiB, P4, 0x0000000000000004
2026-09-26 14:58:34,2026/09/26 14:58:34.872, 67, 29.85 W, 555 MHz, 6001 MHz, 92 %, 7079 MiB, 8188 MiB, P4, 0x0000000000000004
2026-09-26 14:58:44,2026/09/26 14:58:44.924, 67, 29.97 W, 315 MHz, 6001 MHz, 100 %, 7079 MiB, 8188 MiB, P4, 0x0000000000000004
2026-09-26 14:58:54,2026/09/26 14:58:54.973, 67, 29.83 W, 270 MHz, 6001 MHz, 100 %, 7079 MiB, 8188 MiB, P4, 0x0000000000000004
2026-09-26 14:59:04,2026/09/26 14:59:05.028, 67, 29.95 W, 495 MHz, 6001 MHz, 95 %, 7079 MiB, 8188 MiB, P4, 0x0000000000000004
2026-09-26 14:59:15,2026/09/26 14:59:15.075, 67, 29.88 W, 330 MHz, 6001 MHz, 100 %, 7079 MiB, 8188 MiB, P4, 0x0000000000000004
2026-09-26 14:59:25,2026/09/26 14:59:25.119, 67, 29.82 W, 555 MHz, 6001 MHz, 94 %, 7079 MiB, 8188 MiB, P4, 0x0000000000000004
2026-09-26 14:59:35,2026/09/26 14:59:35.164, 67, 29.83 W, 465 MHz, 6001 MHz, 94 %, 7079 MiB, 8188 MiB, P4, 0x0000000000000004
2026-09-26 14:59:45,2026/09/26 14:59:45.211, 67, 29.85 W, 315 MHz, 6001 MHz, 100 %, 7079 MiB, 8188 MiB, P4, 0x0000000000000004
2026-09-26 14:59:55,2026/09/26 14:59:55.262, 67, 29.84 W, 420 MHz, 6001 MHz, 95 %, 7079 MiB, 8188 MiB, P4, 0x0000000000000004
2026-09-26 15:00:05,2026/09/26 15:00:05.322, 67, 29.91 W, 315 MHz, 6001 MHz, 100 %, 7079 MiB, 8188 MiB, P4, 0x0000000000000004
2026-09-26 15:00:15,2026/09/26 15:00:15.381, 67, 29.84 W, 540 MHz, 6001 MHz, 93 %, 7079 MiB, 8188 MiB, P4, 0x0000000000000004
2026-09-26 15:00:25,2026/09/26 15:00:25.429, 67, 29.91 W, 330 MHz, 6001 MHz, 100 %, 7079 MiB, 8188 MiB, P4, 0x0000000000000004
2026-09-26 15:00:35,2026/09/26 15:00:35.471, 67, 29.84 W, 495 MHz, 6001 MHz, 93 %, 7079 MiB, 8188 MiB, P4, 0x0000000000000004
2026-09-26 15:00:45,2026/09/26 15:00:45.521, 67, 29.89 W, 345 MHz, 6001 MHz, 100 %, 7079 MiB, 8188 MiB, P4, 0x0000000000000004
2026-09-26 15:00:55,2026/09/26 15:00:55.565, 67, 29.85 W, 420 MHz, 6001 MHz, 93 %, 7079 MiB, 8188 MiB, P4, 0x0000000000000004
2026-09-26 15:01:05,2026/09/26 15:01:05.616, 67, 29.88 W, 345 MHz, 6001 MHz, 100 %, 7079 MiB, 8188 MiB, P4, 0x0000000000000004
2026-09-26 15:01:15,2026/09/26 15:01:15.669, 67, 29.78 W, 555 MHz, 6001 MHz, 94 %, 7079 MiB, 8188 MiB, P4, 0x0000000000000004
2026-09-26 15:01:25,2026/09/26 15:01:25.712, 67, 30.03 W, 330 MHz, 6001 MHz, 100 %, 7079 MiB, 8188 MiB, P4, 0x0000000000000004
2026-09-26 15:01:35,2026/09/26 15:01:35.757, 67, 29.85 W, 465 MHz, 6001 MHz, 94 %, 7079 MiB, 8188 MiB, P4, 0x0000000000000004
2026-09-26 15:01:45,2026/09/26 15:01:45.815, 67, 29.86 W, 330 MHz, 6001 MHz, 100 %, 7079 MiB, 8188 MiB, P4, 0x0000000000000004
2026-09-26 15:01:55,2026/09/26 15:01:55.864, 67, 29.80 W, 525 MHz, 6001 MHz, 95 %, 7079 MiB, 8188 MiB, P4, 0x0000000000000004
2026-09-26 15:02:05,2026/09/26 15:02:05.918, 67, 29.95 W, 330 MHz, 6001 MHz, 100 %, 7079 MiB, 8188 MiB, P4, 0x0000000000000004
2026-09-26 15:02:15,2026/09/26 15:02:15.971, 66, 22.32 W, 2370 MHz, 6001 MHz, 0 %, 7079 MiB, 8188 MiB, P4, 0x0000000000000024
2026-09-26 15:02:25,2026/09/26 15:02:26.035, 65, 18.66 W, 360 MHz, 6001 MHz, 0 %, 7079 MiB, 8188 MiB, P4, 0x0000000000000001
2026-09-26 15:02:36,2026/09/26 15:02:36.082, 81, 95.29 W, 2295 MHz, 8001 MHz, 100 %, 7079 MiB, 8188 MiB, P0, 0x0000000000000020
2026-09-26 15:02:46,2026/09/26 15:02:46.134, 68, 29.86 W, 525 MHz, 6001 MHz, 98 %, 7079 MiB, 8188 MiB, P4, 0x0000000000000004
2026-09-26 15:02:56,2026/09/26 15:02:56.185, 67, 29.73 W, 555 MHz, 6001 MHz, 100 %, 7079 MiB, 8188 MiB, P4, 0x0000000000000004
2026-09-26 15:03:06,2026/09/26 15:03:06.227, 67, 29.84 W, 555 MHz, 6001 MHz, 100 %, 7079 MiB, 8188 MiB, P4, 0x0000000000000004
2026-09-26 15:03:16,2026/09/26 15:03:16.281, 67, 29.78 W, 570 MHz, 6001 MHz, 100 %, 7079 MiB, 8188 MiB, P4, 0x0000000000000004
2026-09-26 15:03:26,2026/09/26 15:03:26.326, 67, 29.92 W, 525 MHz, 6001 MHz, 100 %, 7079 MiB, 8188 MiB, P4, 0x0000000000000004
2026-09-26 15:03:36,2026/09/26 15:03:36.376, 67, 29.81 W, 510 MHz, 6001 MHz, 100 %, 7079 MiB, 8188 MiB, P4, 0x0000000000000004
2026-09-26 15:03:46,2026/09/26 15:03:46.433, 67, 29.91 W, 555 MHz, 6001 MHz, 100 %, 7079 MiB, 8188 MiB, P4, 0x0000000000000004
2026-09-26 15:03:56,2026/09/26 15:03:56.490, 67, 29.98 W, 555 MHz, 6001 MHz, 100 %, 7079 MiB, 8188 MiB, P4, 0x0000000000000004
2026-09-26 15:04:06,2026/09/26 15:04:06.532, 67, 29.90 W, 540 MHz, 6001 MHz, 100 %, 7079 MiB, 8188 MiB, P4, 0x0000000000000004
2026-09-26 15:04:16,2026/09/26 15:04:16.588, 65, 25.56 W, 1080 MHz, 6001 MHz, 0 %, 7079 MiB, 8188 MiB, P4, 0x0000000000000001
2026-09-26 15:04:26,2026/09/26 15:04:26.674, 63, 3.56 W, 210 MHz, 405 MHz, 0 %, 7079 MiB, 8188 MiB, P8, 0x0000000000000001
2026-09-26 15:04:36,2026/09/26 15:04:36.738, 62, 3.57 W, 210 MHz, 405 MHz, 0 %, 7079 MiB, 8188 MiB, P8, 0x0000000000000001
2026-09-26 15:04:46,2026/09/26 15:04:46.786, 62, 4.23 W, 210 MHz, 405 MHz, 40 %, 7079 MiB, 8188 MiB, P8, 0x0000000000000001
2026-09-26 15:04:56,2026/09/26 15:04:56.836, 76, 83.74 W, 2295 MHz, 8001 MHz, 93 %, 7079 MiB, 8188 MiB, P0, 0x0000000000000020
2026-09-26 15:05:06,2026/09/26 15:05:06.884, 77, 84.67 W, 2295 MHz, 8001 MHz, 94 %, 7079 MiB, 8188 MiB, P0, 0x0000000000000020
2026-09-26 15:05:16,2026/09/26 15:05:16.939, 68, 29.88 W, 555 MHz, 6001 MHz, 94 %, 7079 MiB, 8188 MiB, P4, 0x0000000000000004
2026-09-26 15:05:26,2026/09/26 15:05:26.986, 67, 30.06 W, 450 MHz, 6001 MHz, 100 %, 7079 MiB, 8188 MiB, P4, 0x0000000000000004
2026-09-26 15:05:37,2026/09/26 15:05:37.040, 67, 29.88 W, 330 MHz, 6001 MHz, 100 %, 7079 MiB, 8188 MiB, P4, 0x0000000000000004
2026-09-26 15:05:47,2026/09/26 15:05:47.089, 67, 29.85 W, 555 MHz, 6001 MHz, 94 %, 7079 MiB, 8188 MiB, P4, 0x0000000000000004
2026-09-26 15:05:57,2026/09/26 15:05:57.140, 67, 29.95 W, 315 MHz, 6001 MHz, 100 %, 7079 MiB, 8188 MiB, P4, 0x0000000000000004
2026-09-26 15:06:07,2026/09/26 15:06:07.194, 67, 30.04 W, 345 MHz, 6001 MHz, 100 %, 7079 MiB, 8188 MiB, P4, 0x0000000000000004
2026-09-26 15:06:17,2026/09/26 15:06:17.237, 67, 29.96 W, 435 MHz, 6001 MHz, 96 %, 7079 MiB, 8188 MiB, P4, 0x0000000000000004
2026-09-26 15:06:27,2026/09/26 15:06:27.311, 67, 29.86 W, 345 MHz, 6001 MHz, 100 %, 7079 MiB, 8188 MiB, P4, 0x0000000000000004
2026-09-26 15:06:37,2026/09/26 15:06:37.372, 67, 29.92 W, 480 MHz, 6001 MHz, 100 %, 7079 MiB, 8188 MiB, P4, 0x0000000000000004
2026-09-26 15:06:47,2026/09/26 15:06:47.423, 67, 29.78 W, 330 MHz, 6001 MHz, 100 %, 7079 MiB, 8188 MiB, P4, 0x0000000000000004
2026-09-26 15:06:57,2026/09/26 15:06:57.467, 67, 30.17 W, 450 MHz, 6001 MHz, 94 %, 7079 MiB, 8188 MiB, P4, 0x0000000000000004
2026-09-26 15:07:07,2026/09/26 15:07:07.518, 67, 29.87 W, 300 MHz, 6001 MHz, 100 %, 7079 MiB, 8188 MiB, P4, 0x0000000000000004
2026-09-26 15:07:17,2026/09/26 15:07:17.564, 67, 29.90 W, 345 MHz, 6001 MHz, 95 %, 7079 MiB, 8188 MiB, P4, 0x0000000000000004
2026-09-26 15:07:27,2026/09/26 15:07:27.614, 67, 29.86 W, 555 MHz, 6001 MHz, 100 %, 7079 MiB, 8188 MiB, P4, 0x0000000000000004
2026-09-26 15:07:37,2026/09/26 15:07:37.664, 67, 30.13 W, 330 MHz, 6001 MHz, 100 %, 7079 MiB, 8188 MiB, P4, 0x0000000000000004
2026-09-26 15:07:47,2026/09/26 15:07:47.724, 67, 29.76 W, 495 MHz, 6001 MHz, 95 %, 7079 MiB, 8188 MiB, P4, 0x0000000000000004
2026-09-26 15:07:57,2026/09/26 15:07:57.776, 67, 29.87 W, 315 MHz, 6001 MHz, 100 %, 7079 MiB, 8188 MiB, P4, 0x0000000000000004
2026-09-26 15:08:07,2026/09/26 15:08:07.826, 67, 30.04 W, 360 MHz, 6001 MHz, 100 %, 7079 MiB, 8188 MiB, P4, 0x0000000000000004
2026-09-26 15:08:17,2026/09/26 15:08:17.893, 67, 29.80 W, 525 MHz, 6001 MHz, 100 %, 7079 MiB, 8188 MiB, P4, 0x0000000000000004
2026-09-26 15:08:27,2026/09/26 15:08:27.940, 67, 30.02 W, 315 MHz, 6001 MHz, 100 %, 7079 MiB, 8188 MiB, P4, 0x0000000000000004
2026-09-26 15:08:37,2026/09/26 15:08:37.992, 67, 29.82 W, 450 MHz, 6001 MHz, 95 %, 7079 MiB, 8188 MiB, P4, 0x0000000000000004
2026-09-26 15:08:48,2026/09/26 15:08:48.046, 67, 29.91 W, 300 MHz, 6001 MHz, 100 %, 7079 MiB, 8188 MiB, P4, 0x0000000000000004
2026-09-26 15:08:58,2026/09/26 15:08:58.095, 66, 30.15 W, 735 MHz, 6001 MHz, 100 %, 7079 MiB, 8188 MiB, P4, 0x0000000000000004
2026-09-26 15:09:08,2026/09/26 15:09:08.144, 67, 29.88 W, 255 MHz, 6001 MHz, 100 %, 7079 MiB, 8188 MiB, P4, 0x0000000000000004
2026-09-26 15:09:18,2026/09/26 15:09:18.190, 67, 30.09 W, 390 MHz, 6001 MHz, 100 %, 7079 MiB, 8188 MiB, P4, 0x0000000000000004
2026-09-26 15:09:28,2026/09/26 15:09:28.241, 67, 29.85 W, 330 MHz, 6001 MHz, 100 %, 7079 MiB, 8188 MiB, P4, 0x0000000000000004
2026-09-26 15:09:38,2026/09/26 15:09:38.285, 67, 29.85 W, 510 MHz, 6001 MHz, 93 %, 7079 MiB, 8188 MiB, P4, 0x0000000000000004
2026-09-26 15:09:48,2026/09/26 15:09:48.341, 67, 29.89 W, 345 MHz, 6001 MHz, 100 %, 7079 MiB, 8188 MiB, P4, 0x0000000000000004
2026-09-26 15:09:58,2026/09/26 15:09:58.390, 66, 30.06 W, 720 MHz, 6001 MHz, 100 %, 7079 MiB, 8188 MiB, P4, 0x0000000000000004
2026-09-26 15:10:08,2026/09/26 15:10:08.435, 67, 29.92 W, 330 MHz, 6001 MHz, 100 %, 7079 MiB, 8188 MiB, P4, 0x0000000000000004
2026-09-26 15:10:18,2026/09/26 15:10:18.492, 66, 29.88 W, 435 MHz, 6001 MHz, 100 %, 7079 MiB, 8188 MiB, P4, 0x0000000000000004
2026-09-26 15:10:28,2026/09/26 15:10:28.548, 67, 29.88 W, 330 MHz, 6001 MHz, 100 %, 7079 MiB, 8188 MiB, P4, 0x0000000000000004
2026-09-26 15:10:38,2026/09/26 15:10:38.595, 67, 30.08 W, 480 MHz, 6001 MHz, 100 %, 7079 MiB, 8188 MiB, P4, 0x0000000000000004
2026-09-26 15:10:48,2026/09/26 15:10:48.646, 67, 29.88 W, 330 MHz, 6001 MHz, 100 %, 7079 MiB, 8188 MiB, P4, 0x0000000000000004
2026-09-26 15:10:58,2026/09/26 15:10:58.702, 67, 29.74 W, 645 MHz, 6001 MHz, 94 %, 7079 MiB, 8188 MiB, P4, 0x0000000000000004
2026-09-26 15:11:08,2026/09/26 15:11:08.757, 67, 30.05 W, 315 MHz, 6001 MHz, 100 %, 7079 MiB, 8188 MiB, P4, 0x0000000000000004
2026-09-26 15:11:18,2026/09/26 15:11:18.804, 67, 29.75 W, 525 MHz, 6001 MHz, 94 %, 7079 MiB, 8188 MiB, P4, 0x0000000000000004
2026-09-26 15:11:28,2026/09/26 15:11:28.852, 67, 29.99 W, 330 MHz, 6001 MHz, 100 %, 7079 MiB, 8188 MiB, P4, 0x0000000000000004
2026-09-26 15:11:38,2026/09/26 15:11:38.906, 67, 29.84 W, 555 MHz, 6001 MHz, 100 %, 7079 MiB, 8188 MiB, P4, 0x0000000000000004
2026-09-26 15:11:48,2026/09/26 15:11:48.960, 67, 30.00 W, 315 MHz, 6001 MHz, 100 %, 7079 MiB, 8188 MiB, P4, 0x0000000000000004
2026-09-26 15:11:58,2026/09/26 15:11:59.009, 67, 29.65 W, 525 MHz, 6001 MHz, 99 %, 7079 MiB, 8188 MiB, P4, 0x0000000000000004
2026-09-26 15:12:09,2026/09/26 15:12:09.056, 67, 30.11 W, 330 MHz, 6001 MHz, 100 %, 7079 MiB, 8188 MiB, P4, 0x0000000000000004
2026-09-26 15:12:19,2026/09/26 15:12:19.108, 67, 29.86 W, 525 MHz, 6001 MHz, 93 %, 7079 MiB, 8188 MiB, P4, 0x0000000000000004
2026-09-26 15:12:29,2026/09/26 15:12:29.152, 67, 29.90 W, 345 MHz, 6001 MHz, 100 %, 7079 MiB, 8188 MiB, P4, 0x0000000000000004
2026-09-26 15:12:39,2026/09/26 15:12:39.198, 67, 29.82 W, 555 MHz, 6001 MHz, 94 %, 7079 MiB, 8188 MiB, P4, 0x0000000000000004
2026-09-26 15:12:49,2026/09/26 15:12:49.244, 67, 30.06 W, 390 MHz, 6001 MHz, 100 %, 7079 MiB, 8188 MiB, P4, 0x0000000000000004
2026-09-26 15:12:59,2026/09/26 15:12:59.300, 67, 29.90 W, 240 MHz, 6001 MHz, 100 %, 7079 MiB, 8188 MiB, P4, 0x0000000000000004
2026-09-26 15:13:09,2026/09/26 15:13:09.348, 67, 30.05 W, 375 MHz, 6001 MHz, 100 %, 7079 MiB, 8188 MiB, P4, 0x0000000000000004
2026-09-26 15:13:19,2026/09/26 15:13:19.402, 67, 29.73 W, 345 MHz, 6001 MHz, 100 %, 7079 MiB, 8188 MiB, P4, 0x0000000000000004
2026-09-26 15:13:29,2026/09/26 15:13:29.444, 66, 19.97 W, 2370 MHz, 7001 MHz, 0 %, 7079 MiB, 8188 MiB, P3, 0x0000000000000001
2026-09-26 15:13:39,2026/09/26 15:13:39.500, 78, 85.62 W, 2385 MHz, 8001 MHz, 93 %, 7079 MiB, 8188 MiB, P0, 0x0000000000000020
2026-09-26 15:13:49,2026/09/26 15:13:49.548, 68, 29.88 W, 345 MHz, 6001 MHz, 100 %, 7079 MiB, 8188 MiB, P4, 0x0000000000000004
2026-09-26 15:13:59,2026/09/26 15:13:59.592, 67, 29.86 W, 555 MHz, 6001 MHz, 100 %, 7079 MiB, 8188 MiB, P4, 0x0000000000000004
2026-09-26 15:14:09,2026/09/26 15:14:09.647, 67, 29.84 W, 330 MHz, 6001 MHz, 100 %, 7079 MiB, 8188 MiB, P4, 0x0000000000000004
2026-09-26 15:14:19,2026/09/26 15:14:19.689, 67, 30.15 W, 405 MHz, 6001 MHz, 100 %, 7079 MiB, 8188 MiB, P4, 0x0000000000000004
2026-09-26 15:14:29,2026/09/26 15:14:29.740, 67, 30.05 W, 315 MHz, 6001 MHz, 100 %, 7079 MiB, 8188 MiB, P4, 0x0000000000000004
2026-09-26 15:14:39,2026/09/26 15:14:39.787, 67, 29.72 W, 555 MHz, 6001 MHz, 100 %, 7079 MiB, 8188 MiB, P4, 0x0000000000000004
2026-09-26 15:14:49,2026/09/26 15:14:49.836, 67, 30.10 W, 330 MHz, 6001 MHz, 100 %, 7079 MiB, 8188 MiB, P4, 0x0000000000000004
2026-09-26 15:14:59,2026/09/26 15:14:59.885, 67, 29.91 W, 375 MHz, 6001 MHz, 100 %, 7079 MiB, 8188 MiB, P4, 0x0000000000000004
2026-09-26 15:15:09,2026/09/26 15:15:09.927, 67, 30.12 W, 330 MHz, 6001 MHz, 100 %, 7079 MiB, 8188 MiB, P4, 0x0000000000000004
2026-09-26 15:15:19,2026/09/26 15:15:19.972, 67, 29.70 W, 555 MHz, 6001 MHz, 100 %, 7079 MiB, 8188 MiB, P4, 0x0000000000000004
2026-09-26 15:15:29,2026/09/26 15:15:30.015, 67, 30.04 W, 330 MHz, 6001 MHz, 100 %, 7079 MiB, 8188 MiB, P4, 0x0000000000000004
2026-09-26 15:15:40,2026/09/26 15:15:40.064, 67, 29.83 W, 420 MHz, 6001 MHz, 94 %, 7079 MiB, 8188 MiB, P4, 0x0000000000000004
2026-09-26 15:15:50,2026/09/26 15:15:50.110, 67, 29.85 W, 300 MHz, 6001 MHz, 100 %, 7079 MiB, 8188 MiB, P4, 0x0000000000000004
2026-09-26 15:16:00,2026/09/26 15:16:00.152, 67, 29.87 W, 660 MHz, 6001 MHz, 95 %, 7079 MiB, 8188 MiB, P4, 0x0000000000000004
2026-09-26 15:16:10,2026/09/26 15:16:10.196, 67, 29.84 W, 270 MHz, 6001 MHz, 100 %, 7079 MiB, 8188 MiB, P4, 0x0000000000000004
2026-09-26 15:16:20,2026/09/26 15:16:20.240, 67, 30.12 W, 375 MHz, 6001 MHz, 100 %, 7079 MiB, 8188 MiB, P4, 0x0000000000000004
2026-09-26 15:16:30,2026/09/26 15:16:30.282, 67, 29.88 W, 330 MHz, 6001 MHz, 100 %, 7079 MiB, 8188 MiB, P4, 0x0000000000000004
2026-09-26 15:16:40,2026/09/26 15:16:40.323, 67, 30.02 W, 720 MHz, 6001 MHz, 100 %, 7079 MiB, 8188 MiB, P4, 0x0000000000000004
2026-09-26 15:16:50,2026/09/26 15:16:50.376, 67, 29.82 W, 405 MHz, 6001 MHz, 100 %, 7079 MiB, 8188 MiB, P4, 0x0000000000000004
2026-09-26 15:17:00,2026/09/26 15:17:00.443, 67, 29.91 W, 330 MHz, 6001 MHz, 100 %, 7079 MiB, 8188 MiB, P4, 0x0000000000000004
2026-09-26 15:17:10,2026/09/26 15:17:10.487, 67, 29.68 W, 435 MHz, 6001 MHz, 94 %, 7079 MiB, 8188 MiB, P4, 0x0000000000000004
2026-09-26 15:17:20,2026/09/26 15:17:20.531, 67, 29.85 W, 345 MHz, 6001 MHz, 100 %, 7079 MiB, 8188 MiB, P4, 0x0000000000000004
2026-09-26 15:17:30,2026/09/26 15:17:30.571, 67, 30.03 W, 555 MHz, 6001 MHz, 100 %, 7079 MiB, 8188 MiB, P4, 0x0000000000000004
2026-09-26 15:17:40,2026/09/26 15:17:40.627, 67, 29.98 W, 330 MHz, 6001 MHz, 100 %, 7079 MiB, 8188 MiB, P4, 0x0000000000000004
2026-09-26 15:17:50,2026/09/26 15:17:50.669, 67, 29.94 W, 285 MHz, 6001 MHz, 100 %, 7079 MiB, 8188 MiB, P4, 0x0000000000000004
2026-09-26 15:18:00,2026/09/26 15:18:00.735, 67, 29.98 W, 330 MHz, 6001 MHz, 100 %, 7079 MiB, 8188 MiB, P4, 0x0000000000000004
2026-09-26 15:18:10,2026/09/26 15:18:10.787, 67, 29.79 W, 300 MHz, 6001 MHz, 100 %, 7079 MiB, 8188 MiB, P4, 0x0000000000000004
2026-09-26 15:18:20,2026/09/26 15:18:20.832, 67, 29.81 W, 375 MHz, 6001 MHz, 100 %, 7079 MiB, 8188 MiB, P4, 0x0000000000000004
2026-09-26 15:18:30,2026/09/26 15:18:30.886, 67, 29.88 W, 300 MHz, 6001 MHz, 100 %, 7079 MiB, 8188 MiB, P4, 0x0000000000000004
2026-09-26 15:18:40,2026/09/26 15:18:40.942, 74, 41.82 W, 2565 MHz, 8001 MHz, 23 %, 7079 MiB, 8188 MiB, P0, 0x0000000000000020
2026-09-26 15:18:50,2026/09/26 15:18:50.984, 63, 3.56 W, 210 MHz, 405 MHz, 0 %, 7079 MiB, 8188 MiB, P8, 0x0000000000000001
2026-09-26 15:19:00,2026/09/26 15:19:01.042, 67, 29.88 W, 435 MHz, 6001 MHz, 100 %, 7079 MiB, 8188 MiB, P4, 0x0000000000000004
2026-09-26 15:19:11,2026/09/26 15:19:11.096, 67, 29.92 W, 435 MHz, 6001 MHz, 100 %, 7079 MiB, 8188 MiB, P4, 0x0000000000000004
2026-09-26 15:19:21,2026/09/26 15:19:21.151, 67, 29.87 W, 555 MHz, 6001 MHz, 100 %, 7079 MiB, 8188 MiB, P4, 0x0000000000000004
2026-09-26 15:19:31,2026/09/26 15:19:31.201, 67, 29.86 W, 495 MHz, 6001 MHz, 100 %, 7079 MiB, 8188 MiB, P4, 0x0000000000000004
2026-09-26 15:19:41,2026/09/26 15:19:41.249, 67, 29.91 W, 525 MHz, 6001 MHz, 100 %, 7079 MiB, 8188 MiB, P4, 0x0000000000000004
2026-09-26 15:19:51,2026/09/26 15:19:51.294, 67, 29.70 W, 660 MHz, 6001 MHz, 100 %, 7079 MiB, 8188 MiB, P4, 0x0000000000000004
2026-09-26 15:20:01,2026/09/26 15:20:01.358, 67, 29.94 W, 510 MHz, 6001 MHz, 100 %, 7079 MiB, 8188 MiB, P4, 0x0000000000000004
2026-09-26 15:20:11,2026/09/26 15:20:11.410, 67, 29.84 W, 585 MHz, 6001 MHz, 98 %, 7079 MiB, 8188 MiB, P4, 0x0000000000000004
2026-09-26 15:20:21,2026/09/26 15:20:21.456, 67, 29.85 W, 435 MHz, 6001 MHz, 100 %, 7079 MiB, 8188 MiB, P4, 0x0000000000000004
2026-09-26 15:20:31,2026/09/26 15:20:31.519, 67, 29.75 W, 420 MHz, 6001 MHz, 100 %, 7079 MiB, 8188 MiB, P4, 0x0000000000000004
2026-09-26 15:20:54,2026/09/26 15:20:54.256, 64, 12.93 W, 225 MHz, 6001 MHz, 0 %, 7079 MiB, 8188 MiB, P4, 0x0000000000000001
2026-09-26 15:21:04,2026/09/26 15:21:04.352, 62, 3.54 W, 210 MHz, 405 MHz, 0 %, 7079 MiB, 8188 MiB, P8, 0x0000000000000001
2026-09-26 15:21:14,2026/09/26 15:21:14.440, 62, 3.55 W, 210 MHz, 405 MHz, 0 %, 7079 MiB, 8188 MiB, P8, 0x0000000000000001
2026-09-26 15:21:24,2026/09/26 15:21:24.494, 77, 84.57 W, 2295 MHz, 8001 MHz, 93 %, 7079 MiB, 8188 MiB, P0, 0x0000000000000020
2026-09-26 15:21:34,2026/09/26 15:21:34.549, 75, 83.96 W, 2295 MHz, 8001 MHz, 91 %, 7079 MiB, 8188 MiB, P0, 0x0000000000000020
2026-09-26 15:21:44,2026/09/26 15:21:44.604, 75, 82.47 W, 2295 MHz, 8001 MHz, 100 %, 7079 MiB, 8188 MiB, P0, 0x0000000000000020
2026-09-26 15:21:54,2026/09/26 15:21:54.654, 68, 30.01 W, 450 MHz, 6001 MHz, 100 %, 7079 MiB, 8188 MiB, P4, 0x0000000000000004
2026-09-26 15:22:04,2026/09/26 15:22:04.707, 68, 29.87 W, 315 MHz, 6001 MHz, 100 %, 7079 MiB, 8188 MiB, P4, 0x0000000000000004
2026-09-26 15:22:14,2026/09/26 15:22:14.751, 68, 29.64 W, 570 MHz, 6001 MHz, 87 %, 7079 MiB, 8188 MiB, P4, 0x0000000000000004
2026-09-26 15:22:24,2026/09/26 15:22:24.796, 67, 30.09 W, 330 MHz, 6001 MHz, 100 %, 7079 MiB, 8188 MiB, P4, 0x0000000000000004
2026-09-26 15:22:34,2026/09/26 15:22:34.840, 67, 29.89 W, 300 MHz, 6001 MHz, 100 %, 7079 MiB, 8188 MiB, P4, 0x0000000000000004
2026-09-26 15:22:44,2026/09/26 15:22:44.884, 67, 29.83 W, 480 MHz, 6001 MHz, 93 %, 7079 MiB, 8188 MiB, P4, 0x0000000000000004
2026-09-26 15:22:54,2026/09/26 15:22:54.924, 67, 29.85 W, 345 MHz, 6001 MHz, 100 %, 7079 MiB, 8188 MiB, P4, 0x0000000000000004
2026-09-26 15:23:04,2026/09/26 15:23:04.963, 67, 29.86 W, 435 MHz, 6001 MHz, 100 %, 7079 MiB, 8188 MiB, P4, 0x0000000000000004
2026-09-26 15:23:14,2026/09/26 15:23:15.013, 67, 29.80 W, 645 MHz, 6001 MHz, 93 %, 7079 MiB, 8188 MiB, P4, 0x0000000000000004
2026-09-26 15:23:25,2026/09/26 15:23:25.068, 67, 29.87 W, 345 MHz, 6001 MHz, 100 %, 7079 MiB, 8188 MiB, P4, 0x0000000000000004
2026-09-26 15:23:35,2026/09/26 15:23:35.118, 67, 29.72 W, 540 MHz, 6001 MHz, 100 %, 7079 MiB, 8188 MiB, P4, 0x0000000000000004
2026-09-26 15:23:45,2026/09/26 15:23:45.163, 67, 30.06 W, 330 MHz, 6001 MHz, 100 %, 7079 MiB, 8188 MiB, P4, 0x0000000000000004
2026-09-26 15:23:55,2026/09/26 15:23:55.207, 67, 29.86 W, 285 MHz, 6001 MHz, 100 %, 7079 MiB, 8188 MiB, P4, 0x0000000000000004
2026-09-26 15:24:05,2026/09/26 15:24:05.260, 67, 29.90 W, 645 MHz, 6001 MHz, 96 %, 7079 MiB, 8188 MiB, P4, 0x0000000000000004
2026-09-26 15:24:15,2026/09/26 15:24:15.310, 66, 29.87 W, 330 MHz, 6001 MHz, 100 %, 7079 MiB, 8188 MiB, P4, 0x0000000000000004
2026-09-26 15:24:25,2026/09/26 15:24:25.356, 67, 29.87 W, 495 MHz, 6001 MHz, 95 %, 7079 MiB, 8188 MiB, P4, 0x0000000000000004
2026-09-26 15:24:35,2026/09/26 15:24:35.411, 66, 30.00 W, 315 MHz, 6001 MHz, 100 %, 7079 MiB, 8188 MiB, P4, 0x0000000000000004
2026-09-26 15:24:45,2026/09/26 15:24:45.458, 75, 83.59 W, 2295 MHz, 8001 MHz, 100 %, 7079 MiB, 8188 MiB, P0, 0x0000000000000020
2026-09-26 15:24:55,2026/09/26 15:24:55.508, 78, 84.36 W, 2295 MHz, 8001 MHz, 98 %, 7079 MiB, 8188 MiB, P0, 0x0000000000000020
2026-09-26 15:25:05,2026/09/26 15:25:05.553, 69, 30.08 W, 360 MHz, 6001 MHz, 100 %, 7079 MiB, 8188 MiB, P4, 0x0000000000000004
2026-09-26 15:25:15,2026/09/26 15:25:15.600, 68, 29.77 W, 225 MHz, 6001 MHz, 100 %, 7079 MiB, 8188 MiB, P4, 0x0000000000000004
2026-09-26 15:25:25,2026/09/26 15:25:25.640, 68, 30.05 W, 765 MHz, 6001 MHz, 100 %, 7079 MiB, 8188 MiB, P4, 0x0000000000000004
2026-09-26 15:25:35,2026/09/26 15:25:35.685, 68, 29.80 W, 270 MHz, 6001 MHz, 100 %, 7079 MiB, 8188 MiB, P4, 0x0000000000000004
2026-09-26 15:25:45,2026/09/26 15:25:45.740, 67, 30.06 W, 375 MHz, 6001 MHz, 100 %, 7079 MiB, 8188 MiB, P4, 0x0000000000000004
2026-09-26 15:25:55,2026/09/26 15:25:55.790, 68, 29.89 W, 420 MHz, 6001 MHz, 100 %, 7079 MiB, 8188 MiB, P4, 0x0000000000000004
2026-09-26 15:26:05,2026/09/26 15:26:05.843, 67, 29.93 W, 480 MHz, 6001 MHz, 96 %, 7079 MiB, 8188 MiB, P4, 0x0000000000000004
2026-09-26 15:26:15,2026/09/26 15:26:15.886, 67, 29.83 W, 285 MHz, 6001 MHz, 100 %, 7079 MiB, 8188 MiB, P4, 0x0000000000000004
2026-09-26 15:26:25,2026/09/26 15:26:25.928, 67, 30.05 W, 375 MHz, 6001 MHz, 100 %, 7079 MiB, 8188 MiB, P4, 0x0000000000000004
2026-09-26 15:26:35,2026/09/26 15:26:35.976, 66, 27.83 W, 2370 MHz, 6001 MHz, 0 %, 7079 MiB, 8188 MiB, P4, 0x0000000000000001
2026-09-26 15:26:46,2026/09/26 15:26:46.041, 79, 83.95 W, 2295 MHz, 8001 MHz, 98 %, 7079 MiB, 8188 MiB, P0, 0x0000000000000020
2026-09-26 15:26:56,2026/09/26 15:26:56.084, 68, 29.85 W, 675 MHz, 6001 MHz, 96 %, 7079 MiB, 8188 MiB, P4, 0x0000000000000004
2026-09-26 15:27:06,2026/09/26 15:27:06.133, 67, 29.85 W, 300 MHz, 6001 MHz, 100 %, 7079 MiB, 8188 MiB, P4, 0x0000000000000004
2026-09-26 15:27:16,2026/09/26 15:27:16.179, 68, 29.82 W, 435 MHz, 6001 MHz, 93 %, 7079 MiB, 8188 MiB, P4, 0x0000000000000004
2026-09-26 15:27:26,2026/09/26 15:27:26.225, 67, 29.93 W, 330 MHz, 6001 MHz, 100 %, 7079 MiB, 8188 MiB, P4, 0x0000000000000004
2026-09-26 15:27:36,2026/09/26 15:27:36.273, 67, 29.82 W, 465 MHz, 6001 MHz, 93 %, 7079 MiB, 8188 MiB, P4, 0x0000000000000004
2026-09-26 15:27:46,2026/09/26 15:27:46.322, 67, 29.88 W, 330 MHz, 6001 MHz, 100 %, 7079 MiB, 8188 MiB, P4, 0x0000000000000004
2026-09-26 15:27:56,2026/09/26 15:27:56.366, 67, 29.85 W, 225 MHz, 6001 MHz, 100 %, 7079 MiB, 8188 MiB, P4, 0x0000000000000004
2026-09-26 15:28:06,2026/09/26 15:28:06.408, 67, 29.82 W, 495 MHz, 6001 MHz, 94 %, 7079 MiB, 8188 MiB, P4, 0x0000000000000004
2026-09-26 15:28:16,2026/09/26 15:28:16.460, 67, 29.91 W, 315 MHz, 6001 MHz, 100 %, 7079 MiB, 8188 MiB, P4, 0x0000000000000004
2026-09-26 15:28:26,2026/09/26 15:28:26.503, 67, 29.74 W, 510 MHz, 6001 MHz, 94 %, 7079 MiB, 8188 MiB, P4, 0x0000000000000004
2026-09-26 15:28:36,2026/09/26 15:28:36.557, 67, 29.68 W, 480 MHz, 6001 MHz, 93 %, 7079 MiB, 8188 MiB, P4, 0x0000000000000004
2026-09-26 15:28:46,2026/09/26 15:28:46.609, 67, 29.89 W, 315 MHz, 6001 MHz, 100 %, 7079 MiB, 8188 MiB, P4, 0x0000000000000004
2026-09-26 15:28:56,2026/09/26 15:28:56.664, 67, 29.85 W, 555 MHz, 6001 MHz, 94 %, 7079 MiB, 8188 MiB, P4, 0x0000000000000004
2026-09-26 15:29:06,2026/09/26 15:29:06.713, 67, 29.92 W, 330 MHz, 6001 MHz, 100 %, 7079 MiB, 8188 MiB, P4, 0x0000000000000004
2026-09-26 15:29:16,2026/09/26 15:29:16.760, 67, 29.82 W, 525 MHz, 6001 MHz, 94 %, 7079 MiB, 8188 MiB, P4, 0x0000000000000004
2026-09-26 15:29:26,2026/09/26 15:29:26.813, 67, 29.85 W, 720 MHz, 6001 MHz, 100 %, 7079 MiB, 8188 MiB, P4, 0x0000000000000004
2026-09-26 15:29:36,2026/09/26 15:29:36.855, 67, 29.86 W, 345 MHz, 6001 MHz, 100 %, 7079 MiB, 8188 MiB, P4, 0x0000000000000004
2026-09-26 15:29:46,2026/09/26 15:29:46.900, 67, 29.82 W, 555 MHz, 6001 MHz, 100 %, 7079 MiB, 8188 MiB, P4, 0x0000000000000004
2026-09-26 15:29:56,2026/09/26 15:29:56.944, 67, 29.98 W, 285 MHz, 6001 MHz, 100 %, 7079 MiB, 8188 MiB, P4, 0x0000000000000004
2026-09-26 15:30:06,2026/09/26 15:30:06.995, 67, 29.75 W, 330 MHz, 6001 MHz, 100 %, 7079 MiB, 8188 MiB, P4, 0x0000000000000004
2026-09-26 15:30:17,2026/09/26 15:30:17.037, 67, 29.93 W, 240 MHz, 6001 MHz, 100 %, 7079 MiB, 8188 MiB, P4, 0x0000000000000004
2026-09-26 15:30:27,2026/09/26 15:30:27.085, 67, 29.84 W, 390 MHz, 6001 MHz, 95 %, 7079 MiB, 8188 MiB, P4, 0x0000000000000004
2026-09-26 15:30:37,2026/09/26 15:30:37.126, 67, 29.90 W, 345 MHz, 6001 MHz, 100 %, 7079 MiB, 8188 MiB, P4, 0x0000000000000004
2026-09-26 15:30:47,2026/09/26 15:30:47.176, 66, 29.84 W, 525 MHz, 6001 MHz, 94 %, 7079 MiB, 8188 MiB, P4, 0x0000000000000004
2026-09-26 15:30:57,2026/09/26 15:30:57.220, 67, 30.05 W, 330 MHz, 6001 MHz, 100 %, 7079 MiB, 8188 MiB, P4, 0x0000000000000004
2026-09-26 15:31:07,2026/09/26 15:31:07.265, 67, 29.81 W, 375 MHz, 6001 MHz, 100 %, 7079 MiB, 8188 MiB, P4, 0x0000000000000004
2026-09-26 15:31:17,2026/09/26 15:31:17.310, 66, 30.04 W, 510 MHz, 6001 MHz, 100 %, 7079 MiB, 8188 MiB, P4, 0x0000000000000004
2026-09-26 15:31:27,2026/09/26 15:31:27.358, 66, 25.73 W, 2610 MHz, 8001 MHz, 0 %, 7079 MiB, 8188 MiB, P4, 0x0000000000000001
2026-09-26 15:31:37,2026/09/26 15:31:37.405, 63, 4.71 W, 210 MHz, 405 MHz, 0 %, 7079 MiB, 8188 MiB, P8, 0x0000000000000001
2026-09-26 15:31:47,2026/09/26 15:31:47.449, 66, 29.86 W, 510 MHz, 6001 MHz, 100 %, 7079 MiB, 8188 MiB, P4, 0x0000000000000004
2026-09-26 15:31:57,2026/09/26 15:31:57.499, 67, 29.93 W, 570 MHz, 6001 MHz, 100 %, 7079 MiB, 8188 MiB, P4, 0x0000000000000004
2026-09-26 15:32:07,2026/09/26 15:32:07.541, 67, 30.02 W, 570 MHz, 6001 MHz, 98 %, 7079 MiB, 8188 MiB, P4, 0x0000000000000004
2026-09-26 15:32:17,2026/09/26 15:32:17.591, 66, 29.93 W, 510 MHz, 6001 MHz, 100 %, 7079 MiB, 8188 MiB, P4, 0x0000000000000004
2026-09-26 15:32:27,2026/09/26 15:32:27.638, 66, 29.68 W, 540 MHz, 6001 MHz, 100 %, 7079 MiB, 8188 MiB, P4, 0x0000000000000004
2026-09-26 15:32:37,2026/09/26 15:32:37.681, 66, 30.01 W, 570 MHz, 6001 MHz, 100 %, 7079 MiB, 8188 MiB, P4, 0x0000000000000004
2026-09-26 15:32:47,2026/09/26 15:32:47.723, 67, 29.83 W, 555 MHz, 6001 MHz, 100 %, 7079 MiB, 8188 MiB, P4, 0x0000000000000004
2026-09-26 15:32:57,2026/09/26 15:32:57.772, 67, 29.80 W, 495 MHz, 6001 MHz, 100 %, 7079 MiB, 8188 MiB, P4, 0x0000000000000004
2026-09-26 15:33:07,2026/09/26 15:33:07.824, 67, 29.78 W, 480 MHz, 6001 MHz, 100 %, 7079 MiB, 8188 MiB, P4, 0x0000000000000004
2026-09-26 15:33:17,2026/09/26 15:33:17.874, 67, 29.85 W, 540 MHz, 6001 MHz, 100 %, 7079 MiB, 8188 MiB, P4, 0x0000000000000004
2026-09-26 15:33:27,2026/09/26 15:33:27.927, 66, 28.93 W, 795 MHz, 6001 MHz, 92 %, 7079 MiB, 8188 MiB, P4, 0x0000000000000004
2026-09-26 15:33:37,2026/09/26 15:33:37.995, 63, 3.55 W, 210 MHz, 405 MHz, 0 %, 7079 MiB, 8188 MiB, P8, 0x0000000000000001
2026-09-26 15:33:48,2026/09/26 15:33:48.072, 62, 3.57 W, 210 MHz, 405 MHz, 0 %, 7079 MiB, 8188 MiB, P8, 0x0000000000000001
2026-09-26 15:33:58,2026/09/26 15:33:58.132, 73, 29.83 W, 2595 MHz, 8001 MHz, 95 %, 7079 MiB, 8188 MiB, P0, 0x0000000000000000
2026-09-26 15:34:08,2026/09/26 15:34:08.178, 75, 85.80 W, 2295 MHz, 8001 MHz, 94 %, 7079 MiB, 8188 MiB, P0, 0x0000000000000020
2026-09-26 15:34:18,2026/09/26 15:34:18.224, 76, 83.92 W, 2295 MHz, 8001 MHz, 95 %, 7079 MiB, 8188 MiB, P0, 0x0000000000000020
2026-09-26 15:34:28,2026/09/26 15:34:28.265, 76, 85.10 W, 2295 MHz, 8001 MHz, 92 %, 7079 MiB, 8188 MiB, P0, 0x0000000000000020
2026-09-26 15:34:38,2026/09/26 15:34:38.320, 78, 83.03 W, 2295 MHz, 8001 MHz, 100 %, 7079 MiB, 8188 MiB, P0, 0x0000000000000020
2026-09-26 15:34:48,2026/09/26 15:34:48.361, 69, 29.98 W, 285 MHz, 6001 MHz, 100 %, 7079 MiB, 8188 MiB, P4, 0x0000000000000004
2026-09-26 15:34:58,2026/09/26 15:34:58.402, 68, 29.88 W, 345 MHz, 6001 MHz, 100 %, 7079 MiB, 8188 MiB, P4, 0x0000000000000004
2026-09-26 15:35:08,2026/09/26 15:35:08.456, 68, 29.92 W, 255 MHz, 6001 MHz, 100 %, 7079 MiB, 8188 MiB, P4, 0x0000000000000004
2026-09-26 15:35:18,2026/09/26 15:35:18.505, 68, 30.08 W, 555 MHz, 6001 MHz, 100 %, 7079 MiB, 8188 MiB, P4, 0x0000000000000004
2026-09-26 15:35:28,2026/09/26 15:35:28.558, 67, 30.05 W, 330 MHz, 6001 MHz, 100 %, 7079 MiB, 8188 MiB, P4, 0x0000000000000004
2026-09-26 15:35:38,2026/09/26 15:35:38.598, 68, 29.88 W, 270 MHz, 6001 MHz, 100 %, 7079 MiB, 8188 MiB, P4, 0x0000000000000004
2026-09-26 15:35:48,2026/09/26 15:35:48.639, 67, 30.09 W, 795 MHz, 6001 MHz, 100 %, 7079 MiB, 8188 MiB, P4, 0x0000000000000004
2026-09-26 15:35:58,2026/09/26 15:35:58.685, 67, 29.89 W, 330 MHz, 6001 MHz, 100 %, 7079 MiB, 8188 MiB, P4, 0x0000000000000004
2026-09-26 15:36:08,2026/09/26 15:36:08.725, 67, 29.87 W, 540 MHz, 6001 MHz, 94 %, 7079 MiB, 8188 MiB, P4, 0x0000000000000004
2026-09-26 15:36:18,2026/09/26 15:36:18.770, 67, 29.88 W, 330 MHz, 6001 MHz, 100 %, 7079 MiB, 8188 MiB, P4, 0x0000000000000004
2026-09-26 15:36:28,2026/09/26 15:36:28.820, 67, 29.88 W, 540 MHz, 6001 MHz, 94 %, 7079 MiB, 8188 MiB, P4, 0x0000000000000004
2026-09-26 15:36:38,2026/09/26 15:36:38.862, 67, 30.01 W, 330 MHz, 6001 MHz, 100 %, 7079 MiB, 8188 MiB, P4, 0x0000000000000004
2026-09-26 15:36:48,2026/09/26 15:36:48.922, 67, 29.90 W, 330 MHz, 6001 MHz, 100 %, 7079 MiB, 8188 MiB, P4, 0x0000000000000004
2026-09-26 15:36:58,2026/09/26 15:36:58.996, 67, 29.82 W, 435 MHz, 6001 MHz, 91 %, 7079 MiB, 8188 MiB, P4, 0x0000000000000004
2026-09-26 15:37:09,2026/09/26 15:37:09.073, 67, 29.88 W, 270 MHz, 6001 MHz, 100 %, 7079 MiB, 8188 MiB, P4, 0x0000000000000004
2026-09-26 15:37:19,2026/09/26 15:37:19.127, 67, 29.63 W, 510 MHz, 6001 MHz, 100 %, 7079 MiB, 8188 MiB, P4, 0x0000000000000004
2026-09-26 15:37:29,2026/09/26 15:37:29.198, 67, 30.03 W, 330 MHz, 6001 MHz, 100 %, 7079 MiB, 8188 MiB, P4, 0x0000000000000004
2026-09-26 15:37:39,2026/09/26 15:37:39.249, 67, 29.84 W, 315 MHz, 6001 MHz, 100 %, 7079 MiB, 8188 MiB, P4, 0x0000000000000004
2026-09-26 15:37:49,2026/09/26 15:37:49.290, 66, 29.74 W, 540 MHz, 6001 MHz, 94 %, 7079 MiB, 8188 MiB, P4, 0x0000000000000004
2026-09-26 15:37:59,2026/09/26 15:37:59.342, 67, 29.88 W, 330 MHz, 6001 MHz, 100 %, 7079 MiB, 8188 MiB, P4, 0x0000000000000004
2026-09-26 15:38:09,2026/09/26 15:38:09.413, 67, 29.91 W, 345 MHz, 6001 MHz, 100 %, 7079 MiB, 8188 MiB, P4, 0x0000000000000004
2026-09-26 15:38:19,2026/09/26 15:38:19.479, 67, 29.84 W, 345 MHz, 6001 MHz, 100 %, 7079 MiB, 8188 MiB, P4, 0x0000000000000004
2026-09-26 15:38:29,2026/09/26 15:38:29.524, 67, 29.89 W, 450 MHz, 6001 MHz, 91 %, 7079 MiB, 8188 MiB, P4, 0x0000000000000004
2026-09-26 15:38:39,2026/09/26 15:38:39.590, 67, 29.78 W, 825 MHz, 6001 MHz, 92 %, 7079 MiB, 8188 MiB, P4, 0x0000000000000004
2026-09-26 15:38:49,2026/09/26 15:38:49.651, 67, 29.87 W, 330 MHz, 6001 MHz, 100 %, 7079 MiB, 8188 MiB, P4, 0x0000000000000004
2026-09-26 15:38:59,2026/09/26 15:38:59.716, 67, 29.78 W, 510 MHz, 6001 MHz, 100 %, 7079 MiB, 8188 MiB, P4, 0x0000000000000004
2026-09-26 15:39:09,2026/09/26 15:39:09.762, 67, 30.08 W, 315 MHz, 6001 MHz, 100 %, 7079 MiB, 8188 MiB, P4, 0x0000000000000004
2026-09-26 15:39:19,2026/09/26 15:39:19.805, 67, 29.87 W, 255 MHz, 6001 MHz, 100 %, 7079 MiB, 8188 MiB, P4, 0x0000000000000004
2026-09-26 15:39:29,2026/09/26 15:39:29.870, 67, 29.75 W, 480 MHz, 6001 MHz, 95 %, 7079 MiB, 8188 MiB, P4, 0x0000000000000004
2026-09-26 15:39:39,2026/09/26 15:39:39.928, 67, 30.14 W, 345 MHz, 6001 MHz, 100 %, 7079 MiB, 8188 MiB, P4, 0x0000000000000004
2026-09-26 15:39:49,2026/09/26 15:39:50.000, 67, 29.79 W, 300 MHz, 6001 MHz, 100 %, 7079 MiB, 8188 MiB, P4, 0x0000000000000004
2026-09-26 15:40:00,2026/09/26 15:40:00.066, 67, 29.88 W, 480 MHz, 6001 MHz, 95 %, 7079 MiB, 8188 MiB, P4, 0x0000000000000004
2026-09-26 15:40:10,2026/09/26 15:40:10.117, 66, 30.06 W, 795 MHz, 6001 MHz, 100 %, 7079 MiB, 8188 MiB, P4, 0x0000000000000004
2026-09-26 15:40:20,2026/09/26 15:40:20.173, 67, 29.89 W, 330 MHz, 6001 MHz, 100 %, 7079 MiB, 8188 MiB, P4, 0x0000000000000004
2026-09-26 15:40:30,2026/09/26 15:40:30.215, 67, 29.59 W, 450 MHz, 6001 MHz, 100 %, 7079 MiB, 8188 MiB, P4, 0x0000000000000004
2026-09-26 15:40:40,2026/09/26 15:40:40.266, 66, 29.73 W, 375 MHz, 6001 MHz, 100 %, 7079 MiB, 8188 MiB, P4, 0x0000000000000004
2026-09-26 15:40:50,2026/09/26 15:40:50.318, 66, 30.09 W, 345 MHz, 6001 MHz, 100 %, 7079 MiB, 8188 MiB, P4, 0x0000000000000004
2026-09-26 15:41:00,2026/09/26 15:41:00.372, 67, 29.83 W, 555 MHz, 6001 MHz, 100 %, 7079 MiB, 8188 MiB, P4, 0x0000000000000004
2026-09-26 15:41:10,2026/09/26 15:41:10.420, 67, 30.08 W, 330 MHz, 6001 MHz, 100 %, 7079 MiB, 8188 MiB, P4, 0x0000000000000004
2026-09-26 15:41:20,2026/09/26 15:41:20.465, 67, 29.92 W, 300 MHz, 6001 MHz, 100 %, 7079 MiB, 8188 MiB, P4, 0x0000000000000004
2026-09-26 15:41:30,2026/09/26 15:41:30.509, 66, 29.76 W, 510 MHz, 6001 MHz, 95 %, 7079 MiB, 8188 MiB, P4, 0x0000000000000004
2026-09-26 15:41:40,2026/09/26 15:41:40.550, 66, 30.05 W, 330 MHz, 6001 MHz, 100 %, 7079 MiB, 8188 MiB, P4, 0x0000000000000004
2026-09-26 15:41:50,2026/09/26 15:41:50.603, 77, 84.97 W, 2295 MHz, 8001 MHz, 96 %, 7079 MiB, 8188 MiB, P0, 0x0000000000000020
2026-09-26 15:42:00,2026/09/26 15:42:00.672, 68, 29.67 W, 465 MHz, 6001 MHz, 82 %, 7079 MiB, 8188 MiB, P4, 0x0000000000000004
2026-09-26 15:42:10,2026/09/26 15:42:10.723, 67, 29.93 W, 345 MHz, 6001 MHz, 100 %, 7079 MiB, 8188 MiB, P4, 0x0000000000000004
2026-09-26 15:42:20,2026/09/26 15:42:20.770, 67, 29.83 W, 255 MHz, 6001 MHz, 100 %, 7079 MiB, 8188 MiB, P4, 0x0000000000000004
2026-09-26 15:42:30,2026/09/26 15:42:30.814, 67, 30.06 W, 525 MHz, 6001 MHz, 100 %, 7079 MiB, 8188 MiB, P4, 0x0000000000000004
2026-09-26 15:42:40,2026/09/26 15:42:40.863, 67, 29.89 W, 330 MHz, 6001 MHz, 100 %, 7079 MiB, 8188 MiB, P4, 0x0000000000000004
2026-09-26 15:42:50,2026/09/26 15:42:50.911, 67, 29.66 W, 540 MHz, 6001 MHz, 96 %, 7079 MiB, 8188 MiB, P4, 0x0000000000000004
2026-09-26 15:43:00,2026/09/26 15:43:00.982, 67, 30.06 W, 360 MHz, 6001 MHz, 100 %, 7079 MiB, 8188 MiB, P4, 0x0000000000000004
2026-09-26 15:43:11,2026/09/26 15:43:11.054, 80, 83.13 W, 2295 MHz, 8001 MHz, 100 %, 7079 MiB, 8188 MiB, P0, 0x0000000000000020
2026-09-26 15:43:21,2026/09/26 15:43:21.112, 68, 29.70 W, 900 MHz, 6001 MHz, 100 %, 7079 MiB, 8188 MiB, P4, 0x0000000000000004
2026-09-26 15:43:31,2026/09/26 15:43:31.151, 68, 29.68 W, 750 MHz, 6001 MHz, 100 %, 7079 MiB, 8188 MiB, P4, 0x0000000000000004
2026-09-26 15:43:41,2026/09/26 15:43:41.201, 68, 29.45 W, 960 MHz, 6001 MHz, 100 %, 7079 MiB, 8188 MiB, P4, 0x0000000000000004
2026-09-26 15:43:51,2026/09/26 15:43:51.259, 68, 29.64 W, 1035 MHz, 6001 MHz, 100 %, 7079 MiB, 8188 MiB, P4, 0x0000000000000004
2026-09-26 15:44:01,2026/09/26 15:44:01.363, 68, 29.64 W, 690 MHz, 6001 MHz, 100 %, 7079 MiB, 8188 MiB, P4, 0x0000000000000004
2026-09-26 15:44:11,2026/09/26 15:44:11.430, 68, 29.71 W, 945 MHz, 6001 MHz, 100 %, 7079 MiB, 8188 MiB, P4, 0x0000000000000004
2026-09-26 15:44:21,2026/09/26 15:44:21.488, 68, 29.93 W, 1020 MHz, 6001 MHz, 100 %, 7079 MiB, 8188 MiB, P4, 0x0000000000000004
2026-09-26 15:44:31,2026/09/26 15:44:31.549, 68, 29.30 W, 975 MHz, 6001 MHz, 100 %, 7079 MiB, 8188 MiB, P4, 0x0000000000000004
2026-09-26 15:44:41,2026/09/26 15:44:41.622, 67, 29.79 W, 870 MHz, 6001 MHz, 100 %, 7079 MiB, 8188 MiB, P4, 0x0000000000000004
2026-09-26 15:44:51,2026/09/26 15:44:51.679, 67, 29.41 W, 1305 MHz, 6001 MHz, 93 %, 7079 MiB, 8188 MiB, P4, 0x0000000000000004
2026-09-26 15:45:01,2026/09/26 15:45:01.763, 67, 29.41 W, 1110 MHz, 6001 MHz, 81 %, 7079 MiB, 8188 MiB, P4, 0x0000000000000004
2026-09-26 15:45:11,2026/09/26 15:45:11.828, 67, 29.65 W, 720 MHz, 6001 MHz, 89 %, 7079 MiB, 8188 MiB, P4, 0x0000000000000004
2026-09-26 15:45:21,2026/09/26 15:45:21.893, 67, 29.94 W, 615 MHz, 6001 MHz, 100 %, 7079 MiB, 8188 MiB, P4, 0x0000000000000004
2026-09-26 15:45:31,2026/09/26 15:45:31.944, 68, 29.88 W, 480 MHz, 6001 MHz, 100 %, 7079 MiB, 8188 MiB, P4, 0x0000000000000004
2026-09-26 15:45:41,2026/09/26 15:45:41.991, 67, 29.79 W, 915 MHz, 6001 MHz, 100 %, 7079 MiB, 8188 MiB, P4, 0x0000000000000004
2026-09-26 15:45:52,2026/09/26 15:45:52.039, 68, 29.52 W, 1020 MHz, 6001 MHz, 100 %, 7079 MiB, 8188 MiB, P4, 0x0000000000000004
2026-09-26 15:46:02,2026/09/26 15:46:02.090, 67, 29.52 W, 1065 MHz, 6001 MHz, 100 %, 7079 MiB, 8188 MiB, P4, 0x0000000000000004
2026-09-26 15:46:12,2026/09/26 15:46:12.136, 67, 29.69 W, 1005 MHz, 6001 MHz, 100 %, 7079 MiB, 8188 MiB, P4, 0x0000000000000004
2026-09-26 15:46:22,2026/09/26 15:46:22.208, 67, 29.65 W, 645 MHz, 6001 MHz, 95 %, 7079 MiB, 8188 MiB, P4, 0x0000000000000004
2026-09-26 15:46:32,2026/09/26 15:46:32.272, 67, 29.92 W, 870 MHz, 6001 MHz, 99 %, 7079 MiB, 8188 MiB, P4, 0x0000000000000004
2026-09-26 15:46:42,2026/09/26 15:46:42.315, 67, 29.70 W, 750 MHz, 6001 MHz, 100 %, 7079 MiB, 8188 MiB, P4, 0x0000000000000004
2026-09-26 15:46:52,2026/09/26 15:46:52.379, 67, 29.75 W, 1020 MHz, 6001 MHz, 100 %, 7079 MiB, 8188 MiB, P4, 0x0000000000000004
2026-09-26 15:47:02,2026/09/26 15:47:02.448, 67, 29.85 W, 1050 MHz, 6001 MHz, 100 %, 7079 MiB, 8188 MiB, P4, 0x0000000000000004
2026-09-26 15:47:12,2026/09/26 15:47:12.514, 67, 29.35 W, 660 MHz, 6001 MHz, 92 %, 7079 MiB, 8188 MiB, P4, 0x0000000000000004
2026-09-26 15:47:22,2026/09/26 15:47:22.585, 67, 29.75 W, 645 MHz, 6001 MHz, 88 %, 7079 MiB, 8188 MiB, P4, 0x0000000000000004
2026-09-26 15:47:32,2026/09/26 15:47:32.653, 67, 29.72 W, 765 MHz, 6001 MHz, 96 %, 7079 MiB, 8188 MiB, P4, 0x0000000000000004
2026-09-26 15:47:42,2026/09/26 15:47:42.724, 67, 29.74 W, 1035 MHz, 6001 MHz, 100 %, 7079 MiB, 8188 MiB, P4, 0x0000000000000004
2026-09-26 15:47:52,2026/09/26 15:47:52.774, 67, 29.61 W, 855 MHz, 6001 MHz, 100 %, 7079 MiB, 8188 MiB, P4, 0x0000000000000004
2026-09-26 15:48:02,2026/09/26 15:48:02.841, 67, 30.03 W, 870 MHz, 6001 MHz, 100 %, 7079 MiB, 8188 MiB, P4, 0x0000000000000004
2026-09-26 15:48:12,2026/09/26 15:48:12.911, 67, 29.22 W, 690 MHz, 6001 MHz, 100 %, 7079 MiB, 8188 MiB, P4, 0x0000000000000004
2026-09-26 15:48:22,2026/09/26 15:48:22.954, 67, 29.68 W, 795 MHz, 6001 MHz, 100 %, 7079 MiB, 8188 MiB, P4, 0x0000000000000004
2026-09-26 15:48:32,2026/09/26 15:48:33.021, 67, 29.75 W, 960 MHz, 6001 MHz, 100 %, 7079 MiB, 8188 MiB, P4, 0x0000000000000004
2026-09-26 15:48:43,2026/09/26 15:48:43.070, 67, 29.88 W, 990 MHz, 6001 MHz, 100 %, 7079 MiB, 8188 MiB, P4, 0x0000000000000004
2026-09-26 15:48:53,2026/09/26 15:48:53.124, 67, 29.36 W, 1170 MHz, 6001 MHz, 93 %, 7079 MiB, 8188 MiB, P4, 0x0000000000000004
2026-09-26 15:49:03,2026/09/26 15:49:03.190, 67, 29.22 W, 1290 MHz, 6001 MHz, 100 %, 7079 MiB, 8188 MiB, P4, 0x0000000000000004
2026-09-26 15:49:13,2026/09/26 15:49:13.242, 67, 29.98 W, 525 MHz, 6001 MHz, 100 %, 7079 MiB, 8188 MiB, P4, 0x0000000000000004
2026-09-26 15:49:23,2026/09/26 15:49:23.290, 67, 29.76 W, 975 MHz, 6001 MHz, 100 %, 7079 MiB, 8188 MiB, P4, 0x0000000000000004
2026-09-26 15:49:33,2026/09/26 15:49:33.358, 67, 30.02 W, 975 MHz, 6001 MHz, 100 %, 7079 MiB, 8188 MiB, P4, 0x0000000000000004
2026-09-26 15:49:43,2026/09/26 15:49:43.429, 67, 29.56 W, 1020 MHz, 6001 MHz, 100 %, 7079 MiB, 8188 MiB, P4, 0x0000000000000004
2026-09-26 15:49:53,2026/09/26 15:49:53.499, 67, 29.89 W, 600 MHz, 6001 MHz, 100 %, 7079 MiB, 8188 MiB, P4, 0x0000000000000004
2026-09-26 15:50:03,2026/09/26 15:50:03.569, 67, 30.07 W, 780 MHz, 6001 MHz, 100 %, 7079 MiB, 8188 MiB, P4, 0x0000000000000004
2026-09-26 15:50:13,2026/09/26 15:50:13.631, 67, 29.79 W, 990 MHz, 6001 MHz, 100 %, 7079 MiB, 8188 MiB, P4, 0x0000000000000004
2026-09-26 15:50:23,2026/09/26 15:50:23.697, 67, 29.68 W, 990 MHz, 6001 MHz, 100 %, 7079 MiB, 8188 MiB, P4, 0x0000000000000004
2026-09-26 15:50:33,2026/09/26 15:50:33.757, 67, 29.75 W, 870 MHz, 6001 MHz, 100 %, 7079 MiB, 8188 MiB, P4, 0x0000000000000004
2026-09-26 15:50:43,2026/09/26 15:50:43.815, 68, 29.96 W, 1020 MHz, 6001 MHz, 100 %, 7079 MiB, 8188 MiB, P4, 0x0000000000000004
2026-09-26 15:50:53,2026/09/26 15:50:53.877, 67, 29.44 W, 1380 MHz, 6001 MHz, 100 %, 7079 MiB, 8188 MiB, P4, 0x0000000000000004
2026-09-26 15:51:03,2026/09/26 15:51:03.923, 68, 29.53 W, 825 MHz, 6001 MHz, 92 %, 7079 MiB, 8188 MiB, P4, 0x0000000000000004
2026-09-26 15:51:13,2026/09/26 15:51:13.964, 67, 29.66 W, 615 MHz, 6001 MHz, 95 %, 7079 MiB, 8188 MiB, P4, 0x0000000000000004
2026-09-26 15:51:23,2026/09/26 15:51:24.034, 67, 30.08 W, 555 MHz, 6001 MHz, 100 %, 7079 MiB, 8188 MiB, P4, 0x0000000000000004
2026-09-26 15:51:34,2026/09/26 15:51:34.102, 67, 29.65 W, 960 MHz, 6001 MHz, 100 %, 7079 MiB, 8188 MiB, P4, 0x0000000000000004
2026-09-26 15:51:44,2026/09/26 15:51:44.169, 67, 29.75 W, 1005 MHz, 6001 MHz, 100 %, 7079 MiB, 8188 MiB, P4, 0x0000000000000004
2026-09-26 15:51:54,2026/09/26 15:51:54.238, 67, 29.87 W, 1020 MHz, 6001 MHz, 100 %, 7079 MiB, 8188 MiB, P4, 0x0000000000000004
2026-09-26 15:52:04,2026/09/26 15:52:04.312, 67, 29.35 W, 675 MHz, 6001 MHz, 92 %, 7079 MiB, 8188 MiB, P4, 0x0000000000000004
2026-09-26 15:52:14,2026/09/26 15:52:14.377, 78, 83.64 W, 2295 MHz, 8001 MHz, 100 %, 7079 MiB, 8188 MiB, P0, 0x0000000000000020
2026-09-26 15:52:24,2026/09/26 15:52:24.434, 67, 29.47 W, 1290 MHz, 6001 MHz, 96 %, 7079 MiB, 8188 MiB, P4, 0x0000000000000004
2026-09-26 15:52:34,2026/09/26 15:52:34.487, 67, 29.97 W, 615 MHz, 6001 MHz, 100 %, 7079 MiB, 8188 MiB, P4, 0x0000000000000004
2026-09-26 15:52:44,2026/09/26 15:52:44.539, 67, 29.80 W, 795 MHz, 6001 MHz, 100 %, 7079 MiB, 8188 MiB, P4, 0x0000000000000004
2026-09-26 15:52:54,2026/09/26 15:52:54.608, 67, 29.64 W, 810 MHz, 6001 MHz, 100 %, 7079 MiB, 8188 MiB, P4, 0x0000000000000004
2026-09-26 15:53:04,2026/09/26 15:53:04.661, 67, 29.85 W, 1005 MHz, 6001 MHz, 100 %, 7079 MiB, 8188 MiB, P4, 0x0000000000000004
2026-09-26 15:53:14,2026/09/26 15:53:14.721, 67, 29.59 W, 1020 MHz, 6001 MHz, 100 %, 7079 MiB, 8188 MiB, P4, 0x0000000000000004
2026-09-26 15:53:24,2026/09/26 15:53:24.789, 67, 29.40 W, 1260 MHz, 6001 MHz, 100 %, 7079 MiB, 8188 MiB, P4, 0x0000000000000004
2026-09-26 15:53:34,2026/09/26 15:53:34.838, 67, 29.83 W, 645 MHz, 6001 MHz, 100 %, 7079 MiB, 8188 MiB, P4, 0x0000000000000004
2026-09-26 15:53:44,2026/09/26 15:53:44.892, 67, 29.76 W, 840 MHz, 6001 MHz, 100 %, 7079 MiB, 8188 MiB, P4, 0x0000000000000004
2026-09-26 15:53:54,2026/09/26 15:53:54.957, 66, 29.66 W, 855 MHz, 6001 MHz, 100 %, 7079 MiB, 8188 MiB, P4, 0x0000000000000004
2026-09-26 15:54:04,2026/09/26 15:54:05.024, 67, 30.13 W, 600 MHz, 6001 MHz, 78 %, 7079 MiB, 8188 MiB, P4, 0x0000000000000004
2026-09-26 15:54:15,2026/09/26 15:54:15.072, 66, 29.23 W, 945 MHz, 6001 MHz, 100 %, 7079 MiB, 8188 MiB, P4, 0x0000000000000004
2026-09-26 15:54:25,2026/09/26 15:54:25.114, 67, 29.81 W, 615 MHz, 6001 MHz, 90 %, 7079 MiB, 8188 MiB, P4, 0x0000000000000004
2026-09-26 15:54:35,2026/09/26 15:54:35.183, 68, 39.81 W, 2595 MHz, 8001 MHz, 0 %, 7079 MiB, 8188 MiB, P0, 0x0000000000000000
2026-09-26 15:54:45,2026/09/26 15:54:45.249, 65, 24.55 W, 1335 MHz, 6001 MHz, 0 %, 7079 MiB, 8188 MiB, P4, 0x0000000000000001
2026-09-26 15:54:55,2026/09/26 15:54:55.324, 63, 3.54 W, 210 MHz, 405 MHz, 0 %, 7079 MiB, 8188 MiB, P8, 0x0000000000000001
2026-09-26 15:55:05,2026/09/26 15:55:05.383, 77, 83.75 W, 2295 MHz, 8001 MHz, 100 %, 7079 MiB, 8188 MiB, P0, 0x0000000000000020
2026-09-26 15:55:15,2026/09/26 15:55:15.451, 78, 83.66 W, 2295 MHz, 8001 MHz, 100 %, 7079 MiB, 8188 MiB, P0, 0x0000000000000020
2026-09-26 15:55:25,2026/09/26 15:55:25.510, 67, 29.72 W, 855 MHz, 6001 MHz, 100 %, 7079 MiB, 8188 MiB, P4, 0x0000000000000004
2026-09-26 15:55:35,2026/09/26 15:55:35.561, 67, 29.53 W, 795 MHz, 6001 MHz, 100 %, 7079 MiB, 8188 MiB, P4, 0x0000000000000004
2026-09-26 15:55:45,2026/09/26 15:55:45.685, 67, 29.49 W, 1035 MHz, 6001 MHz, 100 %, 7079 MiB, 8188 MiB, P4, 0x0000000000000004
2026-09-26 15:55:55,2026/09/26 15:55:55.776, 67, 29.37 W, 1065 MHz, 6001 MHz, 100 %, 7079 MiB, 8188 MiB, P4, 0x0000000000000004
2026-09-26 15:56:05,2026/09/26 15:56:05.846, 67, 29.90 W, 630 MHz, 6001 MHz, 100 %, 7079 MiB, 8188 MiB, P4, 0x0000000000000004
2026-09-26 15:56:15,2026/09/26 15:56:15.923, 67, 29.67 W, 525 MHz, 6001 MHz, 100 %, 7079 MiB, 8188 MiB, P4, 0x0000000000000004
2026-09-26 15:56:25,2026/09/26 15:56:25.983, 67, 29.59 W, 1050 MHz, 6001 MHz, 100 %, 7079 MiB, 8188 MiB, P4, 0x0000000000000004
2026-09-26 15:56:35,2026/09/26 15:56:36.044, 67, 29.65 W, 975 MHz, 6001 MHz, 100 %, 7079 MiB, 8188 MiB, P4, 0x0000000000000004
2026-09-26 15:56:46,2026/09/26 15:56:46.102, 67, 29.78 W, 615 MHz, 6001 MHz, 100 %, 7079 MiB, 8188 MiB, P4, 0x0000000000000004
2026-09-26 15:56:56,2026/09/26 15:56:56.162, 67, 29.72 W, 750 MHz, 6001 MHz, 100 %, 7079 MiB, 8188 MiB, P4, 0x0000000000000004
2026-09-26 15:57:06,2026/09/26 15:57:06.209, 66, 29.34 W, 945 MHz, 6001 MHz, 100 %, 7079 MiB, 8188 MiB, P4, 0x0000000000000004
2026-09-26 15:57:16,2026/09/26 15:57:16.258, 67, 29.67 W, 705 MHz, 6001 MHz, 100 %, 7079 MiB, 8188 MiB, P4, 0x0000000000000004
2026-09-26 15:57:26,2026/09/26 15:57:26.327, 78, 81.48 W, 2295 MHz, 8001 MHz, 100 %, 7079 MiB, 8188 MiB, P0, 0x0000000000000020
2026-09-26 15:57:36,2026/09/26 15:57:36.389, 68, 29.65 W, 855 MHz, 6001 MHz, 100 %, 7079 MiB, 8188 MiB, P4, 0x0000000000000004
2026-09-26 15:57:46,2026/09/26 15:57:46.444, 67, 29.42 W, 945 MHz, 6001 MHz, 100 %, 7079 MiB, 8188 MiB, P4, 0x0000000000000004
2026-09-26 15:57:56,2026/09/26 15:57:56.496, 67, 29.82 W, 720 MHz, 6001 MHz, 100 %, 7079 MiB, 8188 MiB, P4, 0x0000000000000004
2026-09-26 15:58:06,2026/09/26 15:58:06.568, 67, 29.46 W, 660 MHz, 6001 MHz, 100 %, 7079 MiB, 8188 MiB, P4, 0x0000000000000004
2026-09-26 15:58:16,2026/09/26 15:58:16.640, 67, 29.95 W, 585 MHz, 6001 MHz, 100 %, 7079 MiB, 8188 MiB, P4, 0x0000000000000004
2026-09-26 15:58:26,2026/09/26 15:58:26.695, 67, 29.76 W, 540 MHz, 6001 MHz, 100 %, 7079 MiB, 8188 MiB, P4, 0x0000000000000004
2026-09-26 15:58:36,2026/09/26 15:58:36.741, 67, 29.65 W, 915 MHz, 6001 MHz, 100 %, 7079 MiB, 8188 MiB, P4, 0x0000000000000004
2026-09-26 15:58:46,2026/09/26 15:58:46.791, 67, 29.69 W, 615 MHz, 6001 MHz, 100 %, 7079 MiB, 8188 MiB, P4, 0x0000000000000004
2026-09-26 15:58:56,2026/09/26 15:58:56.854, 78, 83.32 W, 2295 MHz, 8001 MHz, 100 %, 7079 MiB, 8188 MiB, P0, 0x0000000000000020
2026-09-26 15:59:06,2026/09/26 15:59:06.928, 68, 30.00 W, 600 MHz, 6001 MHz, 100 %, 7079 MiB, 8188 MiB, P4, 0x0000000000000004
2026-09-26 15:59:16,2026/09/26 15:59:16.987, 67, 29.76 W, 705 MHz, 6001 MHz, 97 %, 7079 MiB, 8188 MiB, P4, 0x0000000000000004
2026-09-26 15:59:27,2026/09/26 15:59:27.051, 67, 29.42 W, 1275 MHz, 6001 MHz, 100 %, 7079 MiB, 8188 MiB, P4, 0x0000000000000004
2026-09-26 15:59:37,2026/09/26 15:59:37.102, 67, 29.40 W, 615 MHz, 6001 MHz, 93 %, 7079 MiB, 8188 MiB, P4, 0x0000000000000004
2026-09-26 15:59:47,2026/09/26 15:59:47.169, 67, 29.83 W, 495 MHz, 6001 MHz, 100 %, 7079 MiB, 8188 MiB, P4, 0x0000000000000004
2026-09-26 15:59:57,2026/09/26 15:59:57.236, 77, 78.40 W, 2295 MHz, 8001 MHz, 100 %, 7079 MiB, 8188 MiB, P0, 0x0000000000000020
2026-09-26 16:00:07,2026/09/26 16:00:07.307, 72, 33.24 W, 930 MHz, 8001 MHz, 100 %, 7079 MiB, 8188 MiB, P0, 0x0000000000000004
2026-09-26 16:00:17,2026/09/26 16:00:17.384, 68, 30.19 W, 510 MHz, 6001 MHz, 100 %, 7079 MiB, 8188 MiB, P4, 0x0000000000000004
2026-09-26 16:00:27,2026/09/26 16:00:27.458, 68, 29.97 W, 585 MHz, 6001 MHz, 100 %, 7079 MiB, 8188 MiB, P4, 0x0000000000000004
2026-09-26 16:00:37,2026/09/26 16:00:37.523, 67, 29.93 W, 570 MHz, 6001 MHz, 100 %, 7079 MiB, 8188 MiB, P4, 0x0000000000000004
2026-09-26 16:00:47,2026/09/26 16:00:47.595, 67, 30.02 W, 585 MHz, 6001 MHz, 100 %, 7079 MiB, 8188 MiB, P4, 0x0000000000000004
2026-09-26 16:00:57,2026/09/26 16:00:57.645, 67, 29.75 W, 750 MHz, 6001 MHz, 100 %, 7079 MiB, 8188 MiB, P4, 0x0000000000000004
2026-09-26 16:01:07,2026/09/26 16:01:07.715, 67, 29.68 W, 1035 MHz, 6001 MHz, 100 %, 7079 MiB, 8188 MiB, P4, 0x0000000000000004
2026-09-26 16:01:17,2026/09/26 16:01:17.813, 67, 29.73 W, 810 MHz, 6001 MHz, 100 %, 7079 MiB, 8188 MiB, P4, 0x0000000000000004
2026-09-26 16:01:27,2026/09/26 16:01:27.870, 79, 80.22 W, 2295 MHz, 8001 MHz, 80 %, 7079 MiB, 8188 MiB, P0, 0x0000000000000020
2026-09-26 16:01:37,2026/09/26 16:01:37.935, 68, 29.83 W, 1005 MHz, 6001 MHz, 100 %, 7079 MiB, 8188 MiB, P4, 0x0000000000000004
2026-09-26 16:01:47,2026/09/26 16:01:47.989, 67, 29.85 W, 1020 MHz, 6001 MHz, 100 %, 7079 MiB, 8188 MiB, P4, 0x0000000000000004
2026-09-26 16:01:58,2026/09/26 16:01:58.046, 67, 29.73 W, 1110 MHz, 6001 MHz, 100 %, 7079 MiB, 8188 MiB, P4, 0x0000000000000004
2026-09-26 16:02:08,2026/09/26 16:02:08.103, 67, 29.89 W, 1005 MHz, 6001 MHz, 100 %, 7079 MiB, 8188 MiB, P4, 0x0000000000000004
2026-09-26 16:02:18,2026/09/26 16:02:18.161, 67, 29.74 W, 1155 MHz, 6001 MHz, 100 %, 7079 MiB, 8188 MiB, P4, 0x0000000000000004
2026-09-26 16:02:28,2026/09/26 16:02:28.219, 68, 29.41 W, 705 MHz, 6001 MHz, 95 %, 7079 MiB, 8188 MiB, P4, 0x0000000000000004
2026-09-26 16:02:38,2026/09/26 16:02:38.270, 67, 29.36 W, 660 MHz, 6001 MHz, 94 %, 7079 MiB, 8188 MiB, P4, 0x0000000000000004
2026-09-26 16:02:48,2026/09/26 16:02:48.314, 67, 29.72 W, 630 MHz, 6001 MHz, 94 %, 7079 MiB, 8188 MiB, P4, 0x0000000000000004
2026-09-26 16:02:58,2026/09/26 16:02:58.380, 67, 29.72 W, 825 MHz, 6001 MHz, 100 %, 7079 MiB, 8188 MiB, P4, 0x0000000000000004
2026-09-26 16:03:08,2026/09/26 16:03:08.433, 79, 82.34 W, 2295 MHz, 8001 MHz, 100 %, 7079 MiB, 8188 MiB, P0, 0x0000000000000020
2026-09-26 16:03:18,2026/09/26 16:03:18.491, 68, 30.06 W, 600 MHz, 6001 MHz, 100 %, 7079 MiB, 8188 MiB, P4, 0x0000000000000004
2026-09-26 16:03:28,2026/09/26 16:03:28.546, 67, 30.02 W, 870 MHz, 6001 MHz, 100 %, 7079 MiB, 8188 MiB, P4, 0x0000000000000004
2026-09-26 16:03:38,2026/09/26 16:03:38.595, 67, 29.58 W, 1005 MHz, 6001 MHz, 100 %, 7079 MiB, 8188 MiB, P4, 0x0000000000000004
2026-09-26 16:03:48,2026/09/26 16:03:48.647, 67, 29.94 W, 885 MHz, 6001 MHz, 100 %, 7079 MiB, 8188 MiB, P4, 0x0000000000000004
2026-09-26 16:03:58,2026/09/26 16:03:58.688, 67, 29.93 W, 870 MHz, 6001 MHz, 97 %, 7079 MiB, 8188 MiB, P4, 0x0000000000000004
2026-09-26 16:04:08,2026/09/26 16:04:08.745, 67, 29.76 W, 885 MHz, 6001 MHz, 100 %, 7079 MiB, 8188 MiB, P4, 0x0000000000000004
2026-09-26 16:04:18,2026/09/26 16:04:18.797, 66, 29.65 W, 675 MHz, 6001 MHz, 94 %, 7079 MiB, 8188 MiB, P4, 0x0000000000000004
2026-09-26 16:04:28,2026/09/26 16:04:28.867, 67, 30.02 W, 600 MHz, 6001 MHz, 100 %, 7079 MiB, 8188 MiB, P4, 0x0000000000000004
2026-09-26 16:04:38,2026/09/26 16:04:38.939, 68, 33.68 W, 465 MHz, 8001 MHz, 100 %, 7079 MiB, 8188 MiB, P0, 0x0000000000000004
2026-09-26 16:04:48,2026/09/26 16:04:49.009, 67, 29.65 W, 825 MHz, 6001 MHz, 100 %, 7079 MiB, 8188 MiB, P4, 0x0000000000000004
2026-09-26 16:04:59,2026/09/26 16:04:59.062, 67, 29.90 W, 1020 MHz, 6001 MHz, 100 %, 7079 MiB, 8188 MiB, P4, 0x0000000000000004
2026-09-26 16:05:09,2026/09/26 16:05:09.126, 67, 30.00 W, 510 MHz, 6001 MHz, 100 %, 7079 MiB, 8188 MiB, P4, 0x0000000000000004
2026-09-26 16:05:19,2026/09/26 16:05:19.197, 66, 29.94 W, 615 MHz, 6001 MHz, 97 %, 7079 MiB, 8188 MiB, P4, 0x0000000000000004
2026-09-26 16:05:29,2026/09/26 16:05:29.268, 67, 29.61 W, 705 MHz, 6001 MHz, 95 %, 7079 MiB, 8188 MiB, P4, 0x0000000000000004
2026-09-26 16:05:39,2026/09/26 16:05:39.335, 76, 83.67 W, 2295 MHz, 8001 MHz, 100 %, 7079 MiB, 8188 MiB, P0, 0x0000000000000020
2026-09-26 16:05:49,2026/09/26 16:05:49.386, 68, 30.02 W, 630 MHz, 6001 MHz, 100 %, 7079 MiB, 8188 MiB, P4, 0x0000000000000004
2026-09-26 16:05:59,2026/09/26 16:05:59.437, 67, 29.88 W, 870 MHz, 6001 MHz, 100 %, 7079 MiB, 8188 MiB, P4, 0x0000000000000004
2026-09-26 16:06:09,2026/09/26 16:06:09.507, 67, 29.77 W, 990 MHz, 6001 MHz, 100 %, 7079 MiB, 8188 MiB, P4, 0x0000000000000004
2026-09-26 16:06:19,2026/09/26 16:06:19.563, 67, 29.92 W, 975 MHz, 6001 MHz, 100 %, 7079 MiB, 8188 MiB, P4, 0x0000000000000004
2026-09-26 16:06:29,2026/09/26 16:06:29.624, 67, 29.67 W, 600 MHz, 6001 MHz, 91 %, 7079 MiB, 8188 MiB, P4, 0x0000000000000004
2026-09-26 16:06:39,2026/09/26 16:06:39.676, 66, 29.77 W, 990 MHz, 6001 MHz, 100 %, 7079 MiB, 8188 MiB, P4, 0x0000000000000004
2026-09-26 16:06:49,2026/09/26 16:06:49.741, 67, 29.70 W, 915 MHz, 6001 MHz, 100 %, 7079 MiB, 8188 MiB, P4, 0x0000000000000004
2026-09-26 16:06:59,2026/09/26 16:06:59.814, 67, 29.69 W, 960 MHz, 6001 MHz, 100 %, 7079 MiB, 8188 MiB, P4, 0x0000000000000004
2026-09-26 16:07:09,2026/09/26 16:07:09.879, 66, 29.94 W, 1290 MHz, 6001 MHz, 100 %, 7079 MiB, 8188 MiB, P4, 0x0000000000000004
2026-09-26 16:07:19,2026/09/26 16:07:19.928, 79, 82.98 W, 2295 MHz, 8001 MHz, 95 %, 7079 MiB, 8188 MiB, P0, 0x0000000000000020
2026-09-26 16:07:29,2026/09/26 16:07:29.996, 68, 29.57 W, 900 MHz, 6001 MHz, 100 %, 7079 MiB, 8188 MiB, P4, 0x0000000000000004
2026-09-26 16:07:40,2026/09/26 16:07:40.048, 67, 29.26 W, 1080 MHz, 6001 MHz, 100 %, 7079 MiB, 8188 MiB, P4, 0x0000000000000004
2026-09-26 16:07:50,2026/09/26 16:07:50.119, 67, 29.91 W, 690 MHz, 6001 MHz, 100 %, 7079 MiB, 8188 MiB, P4, 0x0000000000000004
2026-09-26 16:08:00,2026/09/26 16:08:00.188, 67, 29.82 W, 915 MHz, 6001 MHz, 100 %, 7079 MiB, 8188 MiB, P4, 0x0000000000000004
2026-09-26 16:08:10,2026/09/26 16:08:10.235, 67, 29.78 W, 1005 MHz, 6001 MHz, 100 %, 7079 MiB, 8188 MiB, P4, 0x0000000000000004
2026-09-26 16:08:20,2026/09/26 16:08:20.301, 67, 29.62 W, 1020 MHz, 6001 MHz, 100 %, 7079 MiB, 8188 MiB, P4, 0x0000000000000004
2026-09-26 16:08:30,2026/09/26 16:08:30.349, 67, 29.67 W, 825 MHz, 6001 MHz, 97 %, 7079 MiB, 8188 MiB, P4, 0x0000000000000004
2026-09-26 16:08:40,2026/09/26 16:08:40.417, 68, 30.07 W, 600 MHz, 6001 MHz, 100 %, 7079 MiB, 8188 MiB, P4, 0x0000000000000004
2026-09-26 16:08:50,2026/09/26 16:08:50.486, 67, 29.87 W, 900 MHz, 6001 MHz, 100 %, 7079 MiB, 8188 MiB, P4, 0x0000000000000004
2026-09-26 16:09:00,2026/09/26 16:09:00.556, 67, 29.79 W, 810 MHz, 6001 MHz, 100 %, 7079 MiB, 8188 MiB, P4, 0x0000000000000004
2026-09-26 16:09:10,2026/09/26 16:09:10.612, 67, 29.37 W, 1020 MHz, 6001 MHz, 100 %, 7079 MiB, 8188 MiB, P4, 0x0000000000000004
2026-09-26 16:09:20,2026/09/26 16:09:20.671, 68, 29.59 W, 1740 MHz, 6001 MHz, 94 %, 7079 MiB, 8188 MiB, P4, 0x0000000000000004
2026-09-26 16:09:30,2026/09/26 16:09:30.725, 67, 29.77 W, 615 MHz, 6001 MHz, 93 %, 7079 MiB, 8188 MiB, P4, 0x0000000000000004
2026-09-26 16:09:40,2026/09/26 16:09:40.774, 67, 29.89 W, 660 MHz, 6001 MHz, 100 %, 7079 MiB, 8188 MiB, P4, 0x0000000000000004
2026-09-26 16:09:50,2026/09/26 16:09:50.827, 66, 29.72 W, 1050 MHz, 6001 MHz, 100 %, 7079 MiB, 8188 MiB, P4, 0x0000000000000004
2026-09-26 16:10:00,2026/09/26 16:10:00.893, 67, 29.68 W, 750 MHz, 6001 MHz, 100 %, 7079 MiB, 8188 MiB, P4, 0x0000000000000004
2026-09-26 16:10:10,2026/09/26 16:10:10.949, 81, 80.95 W, 2595 MHz, 7001 MHz, 75 %, 7079 MiB, 8188 MiB, P3, 0x0000000000000004
2026-09-26 16:10:20,2026/09/26 16:10:21.001, 82, 52.04 W, 2520 MHz, 8001 MHz, 100 %, 7079 MiB, 8188 MiB, P0, 0x0000000000000004
2026-09-26 16:10:31,2026/09/26 16:10:31.070, 63, 5.04 W, 210 MHz, 405 MHz, 0 %, 7079 MiB, 8188 MiB, P8, 0x0000000000000001
2026-09-26 16:10:41,2026/09/26 16:10:41.116, 66, 29.12 W, 750 MHz, 8001 MHz, 100 %, 7079 MiB, 8188 MiB, P0, 0x0000000000000004
2026-09-26 16:10:51,2026/09/26 16:10:51.151, 77, 83.69 W, 2295 MHz, 8001 MHz, 100 %, 7079 MiB, 8188 MiB, P0, 0x0000000000000020
2026-09-26 16:11:01,2026/09/26 16:11:01.200, 68, 29.58 W, 645 MHz, 6001 MHz, 100 %, 7079 MiB, 8188 MiB, P4, 0x0000000000000004
2026-09-26 16:11:11,2026/09/26 16:11:11.249, 67, 29.74 W, 1050 MHz, 6001 MHz, 100 %, 7079 MiB, 8188 MiB, P4, 0x0000000000000004
2026-09-26 16:11:21,2026/09/26 16:11:21.291, 67, 29.79 W, 600 MHz, 6001 MHz, 100 %, 7079 MiB, 8188 MiB, P4, 0x0000000000000004
2026-09-26 16:11:31,2026/09/26 16:11:31.340, 67, 29.67 W, 930 MHz, 6001 MHz, 100 %, 7079 MiB, 8188 MiB, P4, 0x0000000000000004
2026-09-26 16:11:41,2026/09/26 16:11:41.387, 67, 29.43 W, 1050 MHz, 6001 MHz, 100 %, 7079 MiB, 8188 MiB, P4, 0x0000000000000004
2026-09-26 16:11:51,2026/09/26 16:11:51.437, 66, 29.68 W, 1290 MHz, 6001 MHz, 90 %, 7079 MiB, 8188 MiB, P4, 0x0000000000000004
2026-09-26 16:12:01,2026/09/26 16:12:01.497, 67, 29.50 W, 585 MHz, 6001 MHz, 100 %, 7079 MiB, 8188 MiB, P4, 0x0000000000000004
2026-09-26 16:12:11,2026/09/26 16:12:11.551, 66, 29.39 W, 975 MHz, 6001 MHz, 100 %, 7079 MiB, 8188 MiB, P4, 0x0000000000000004
2026-09-26 16:12:21,2026/09/26 16:12:21.624, 80, 84.10 W, 2295 MHz, 8001 MHz, 100 %, 7079 MiB, 8188 MiB, P0, 0x0000000000000020
2026-09-26 16:12:31,2026/09/26 16:12:31.677, 67, 29.45 W, 1035 MHz, 6001 MHz, 100 %, 7079 MiB, 8188 MiB, P4, 0x0000000000000004
2026-09-26 16:12:41,2026/09/26 16:12:41.726, 67, 29.54 W, 765 MHz, 6001 MHz, 100 %, 7079 MiB, 8188 MiB, P4, 0x0000000000000004
2026-09-26 16:12:51,2026/09/26 16:12:51.768, 67, 29.80 W, 915 MHz, 6001 MHz, 100 %, 7079 MiB, 8188 MiB, P4, 0x0000000000000004
2026-09-26 16:13:01,2026/09/26 16:13:01.835, 67, 29.38 W, 1065 MHz, 6001 MHz, 100 %, 7079 MiB, 8188 MiB, P4, 0x0000000000000004
2026-09-26 16:13:11,2026/09/26 16:13:11.896, 67, 29.54 W, 1005 MHz, 6001 MHz, 100 %, 7079 MiB, 8188 MiB, P4, 0x0000000000000004
2026-09-26 16:13:21,2026/09/26 16:13:21.962, 67, 29.82 W, 570 MHz, 6001 MHz, 100 %, 7079 MiB, 8188 MiB, P4, 0x0000000000000004
2026-09-26 16:13:31,2026/09/26 16:13:32.010, 66, 29.58 W, 1065 MHz, 6001 MHz, 100 %, 7079 MiB, 8188 MiB, P4, 0x0000000000000004
2026-09-26 16:13:42,2026/09/26 16:13:42.066, 78, 82.22 W, 2340 MHz, 8001 MHz, 100 %, 7079 MiB, 8188 MiB, P0, 0x0000000000000020
2026-09-26 16:13:52,2026/09/26 16:13:52.120, 69, 30.29 W, 435 MHz, 8001 MHz, 100 %, 7079 MiB, 8188 MiB, P0, 0x0000000000000004
2026-09-26 16:14:02,2026/09/26 16:14:02.179, 68, 29.62 W, 1035 MHz, 6001 MHz, 100 %, 7079 MiB, 8188 MiB, P4, 0x0000000000000004
2026-09-26 16:14:12,2026/09/26 16:14:12.222, 67, 29.45 W, 1035 MHz, 6001 MHz, 100 %, 7079 MiB, 8188 MiB, P4, 0x0000000000000004
2026-09-26 16:14:22,2026/09/26 16:14:22.287, 67, 29.69 W, 915 MHz, 6001 MHz, 100 %, 7079 MiB, 8188 MiB, P4, 0x0000000000000004
2026-09-26 16:14:32,2026/09/26 16:14:32.351, 67, 29.51 W, 750 MHz, 6001 MHz, 100 %, 7079 MiB, 8188 MiB, P4, 0x0000000000000004
2026-09-26 16:14:42,2026/09/26 16:14:42.394, 67, 29.71 W, 705 MHz, 6001 MHz, 100 %, 7079 MiB, 8188 MiB, P4, 0x0000000000000004
2026-09-26 16:14:52,2026/09/26 16:14:52.456, 67, 29.84 W, 540 MHz, 6001 MHz, 100 %, 7079 MiB, 8188 MiB, P4, 0x0000000000000004
2026-09-26 16:15:02,2026/09/26 16:15:02.522, 63, 7.83 W, 210 MHz, 810 MHz, 0 %, 7079 MiB, 8188 MiB, P5, 0x0000000000000001
2026-09-26 16:15:12,2026/09/26 16:15:12.592, 68, 30.12 W, 825 MHz, 7001 MHz, 100 %, 7079 MiB, 8188 MiB, P3, 0x0000000000000004
2026-09-26 16:15:22,2026/09/26 16:15:22.645, 67, 29.25 W, 855 MHz, 6001 MHz, 100 %, 7079 MiB, 8188 MiB, P4, 0x0000000000000004
2026-09-26 16:15:32,2026/09/26 16:15:32.704, 67, 29.43 W, 690 MHz, 6001 MHz, 95 %, 7079 MiB, 8188 MiB, P4, 0x0000000000000004
2026-09-26 16:15:42,2026/09/26 16:15:42.764, 67, 30.02 W, 675 MHz, 6001 MHz, 100 %, 7079 MiB, 8188 MiB, P4, 0x0000000000000004
2026-09-26 16:15:52,2026/09/26 16:15:52.832, 67, 29.81 W, 645 MHz, 6001 MHz, 100 %, 7079 MiB, 8188 MiB, P4, 0x0000000000000004
2026-09-26 16:16:02,2026/09/26 16:16:02.901, 77, 81.57 W, 2295 MHz, 7001 MHz, 100 %, 7079 MiB, 8188 MiB, P3, 0x0000000000000020
2026-09-26 16:16:12,2026/09/26 16:16:12.975, 79, 82.75 W, 2295 MHz, 8001 MHz, 100 %, 7079 MiB, 8188 MiB, P0, 0x0000000000000020
2026-09-26 16:16:22,2026/09/26 16:16:23.047, 68, 29.75 W, 1005 MHz, 6001 MHz, 100 %, 7079 MiB, 8188 MiB, P4, 0x0000000000000004
2026-09-26 16:16:33,2026/09/26 16:16:33.115, 67, 29.64 W, 990 MHz, 6001 MHz, 100 %, 7079 MiB, 8188 MiB, P4, 0x0000000000000004
2026-09-26 16:16:43,2026/09/26 16:16:43.183, 67, 29.91 W, 1005 MHz, 6001 MHz, 100 %, 7079 MiB, 8188 MiB, P4, 0x0000000000000004
2026-09-26 16:16:53,2026/09/26 16:16:53.227, 67, 30.02 W, 795 MHz, 6001 MHz, 100 %, 7079 MiB, 8188 MiB, P4, 0x0000000000000004
2026-09-26 16:17:03,2026/09/26 16:17:03.286, 67, 28.39 W, 2445 MHz, 6001 MHz, 84 %, 7079 MiB, 8188 MiB, P4, 0x0000000000000004
2026-09-26 16:17:13,2026/09/26 16:17:13.360, 79, 82.39 W, 2295 MHz, 8001 MHz, 100 %, 7079 MiB, 8188 MiB, P0, 0x0000000000000020
2026-09-26 16:17:23,2026/09/26 16:17:23.419, 68, 30.18 W, 465 MHz, 6001 MHz, 100 %, 7079 MiB, 8188 MiB, P4, 0x0000000000000004
2026-09-26 16:17:33,2026/09/26 16:17:33.484, 67, 29.79 W, 885 MHz, 6001 MHz, 100 %, 7079 MiB, 8188 MiB, P4, 0x0000000000000004
2026-09-26 16:17:43,2026/09/26 16:17:43.544, 68, 29.47 W, 1005 MHz, 6001 MHz, 100 %, 7079 MiB, 8188 MiB, P4, 0x0000000000000004
2026-09-26 16:17:53,2026/09/26 16:17:53.606, 67, 29.47 W, 900 MHz, 6001 MHz, 100 %, 7079 MiB, 8188 MiB, P4, 0x0000000000000004
2026-09-26 16:18:03,2026/09/26 16:18:03.675, 67, 29.95 W, 1305 MHz, 6001 MHz, 100 %, 7079 MiB, 8188 MiB, P4, 0x0000000000000004
2026-09-26 16:18:13,2026/09/26 16:18:13.738, 67, 29.51 W, 630 MHz, 6001 MHz, 93 %, 7079 MiB, 8188 MiB, P4, 0x0000000000000004
2026-09-26 16:18:23,2026/09/26 16:18:23.808, 67, 29.89 W, 915 MHz, 6001 MHz, 100 %, 7079 MiB, 8188 MiB, P4, 0x0000000000000004
2026-09-26 16:18:33,2026/09/26 16:18:33.876, 67, 29.73 W, 720 MHz, 6001 MHz, 100 %, 7079 MiB, 8188 MiB, P4, 0x0000000000000004
2026-09-26 16:18:43,2026/09/26 16:18:43.944, 67, 29.56 W, 900 MHz, 6001 MHz, 100 %, 7079 MiB, 8188 MiB, P4, 0x0000000000000004
2026-09-26 16:18:53,2026/09/26 16:18:54.012, 67, 29.74 W, 840 MHz, 6001 MHz, 100 %, 7079 MiB, 8188 MiB, P4, 0x0000000000000004
2026-09-26 16:19:04,2026/09/26 16:19:04.073, 67, 29.50 W, 1005 MHz, 6001 MHz, 100 %, 7079 MiB, 8188 MiB, P4, 0x0000000000000004
2026-09-26 16:19:14,2026/09/26 16:19:14.138, 67, 29.78 W, 1020 MHz, 6001 MHz, 100 %, 7079 MiB, 8188 MiB, P4, 0x0000000000000004
2026-09-26 16:19:24,2026/09/26 16:19:24.199, 67, 29.80 W, 525 MHz, 6001 MHz, 100 %, 7079 MiB, 8188 MiB, P4, 0x0000000000000004
2026-09-26 16:19:34,2026/09/26 16:19:34.263, 67, 29.90 W, 675 MHz, 6001 MHz, 100 %, 7079 MiB, 8188 MiB, P4, 0x0000000000000004
2026-09-26 16:19:44,2026/09/26 16:19:44.331, 66, 29.77 W, 840 MHz, 6001 MHz, 100 %, 7079 MiB, 8188 MiB, P4, 0x0000000000000004
2026-09-26 16:19:54,2026/09/26 16:19:54.399, 67, 29.72 W, 1020 MHz, 6001 MHz, 100 %, 7079 MiB, 8188 MiB, P4, 0x0000000000000004
2026-09-26 16:20:04,2026/09/26 16:20:04.470, 78, 82.12 W, 2325 MHz, 8001 MHz, 92 %, 7079 MiB, 8188 MiB, P0, 0x0000000000000020
2026-09-26 16:20:14,2026/09/26 16:20:14.534, 68, 29.93 W, 615 MHz, 6001 MHz, 100 %, 7079 MiB, 8188 MiB, P4, 0x0000000000000004
2026-09-26 16:20:24,2026/09/26 16:20:24.588, 67, 26.99 W, 510 MHz, 7001 MHz, 100 %, 7079 MiB, 8188 MiB, P3, 0x0000000000000004
2026-09-26 16:20:34,2026/09/26 16:20:34.654, 79, 83.43 W, 2295 MHz, 8001 MHz, 100 %, 7079 MiB, 8188 MiB, P0, 0x0000000000000020
2026-09-26 16:20:44,2026/09/26 16:20:44.714, 68, 29.78 W, 915 MHz, 6001 MHz, 100 %, 7079 MiB, 8188 MiB, P4, 0x0000000000000004
2026-09-26 16:20:54,2026/09/26 16:20:54.759, 67, 29.66 W, 915 MHz, 6001 MHz, 100 %, 7079 MiB, 8188 MiB, P4, 0x0000000000000004
2026-09-26 16:21:04,2026/09/26 16:21:04.803, 67, 29.80 W, 960 MHz, 6001 MHz, 100 %, 7079 MiB, 8188 MiB, P4, 0x0000000000000004
2026-09-26 16:21:14,2026/09/26 16:21:14.870, 67, 29.72 W, 750 MHz, 6001 MHz, 100 %, 7079 MiB, 8188 MiB, P4, 0x0000000000000004
2026-09-26 16:21:24,2026/09/26 16:21:24.948, 66, 29.55 W, 1155 MHz, 6001 MHz, 100 %, 7079 MiB, 8188 MiB, P4, 0x0000000000000004
2026-09-26 16:21:34,2026/09/26 16:21:35.003, 67, 29.83 W, 600 MHz, 6001 MHz, 91 %, 7079 MiB, 8188 MiB, P4, 0x0000000000000004
2026-09-26 16:21:45,2026/09/26 16:21:45.062, 67, 29.79 W, 825 MHz, 6001 MHz, 100 %, 7079 MiB, 8188 MiB, P4, 0x0000000000000004
2026-09-26 16:21:55,2026/09/26 16:21:55.125, 67, 29.83 W, 840 MHz, 6001 MHz, 100 %, 7079 MiB, 8188 MiB, P4, 0x0000000000000004
2026-09-26 16:22:05,2026/09/26 16:22:05.185, 79, 82.96 W, 2295 MHz, 8001 MHz, 99 %, 7079 MiB, 8188 MiB, P0, 0x0000000000000020
2026-09-26 16:22:15,2026/09/26 16:22:15.246, 67, 30.17 W, 495 MHz, 6001 MHz, 100 %, 7079 MiB, 8188 MiB, P4, 0x0000000000000004
2026-09-26 16:22:25,2026/09/26 16:22:25.299, 67, 30.00 W, 750 MHz, 6001 MHz, 100 %, 7079 MiB, 8188 MiB, P4, 0x0000000000000004
2026-09-26 16:22:35,2026/09/26 16:22:35.353, 67, 29.58 W, 1050 MHz, 6001 MHz, 100 %, 7079 MiB, 8188 MiB, P4, 0x0000000000000004
2026-09-26 16:22:45,2026/09/26 16:22:45.422, 67, 29.75 W, 615 MHz, 6001 MHz, 100 %, 7079 MiB, 8188 MiB, P4, 0x0000000000000004
2026-09-26 16:22:55,2026/09/26 16:22:55.475, 66, 29.69 W, 675 MHz, 6001 MHz, 93 %, 7079 MiB, 8188 MiB, P4, 0x0000000000000004
2026-09-26 16:23:05,2026/09/26 16:23:05.538, 66, 29.58 W, 915 MHz, 6001 MHz, 100 %, 7079 MiB, 8188 MiB, P4, 0x0000000000000004
2026-09-26 16:23:15,2026/09/26 16:23:15.586, 67, 29.78 W, 960 MHz, 6001 MHz, 100 %, 7079 MiB, 8188 MiB, P4, 0x0000000000000004
2026-09-26 16:23:25,2026/09/26 16:23:25.653, 67, 29.49 W, 810 MHz, 6001 MHz, 100 %, 7079 MiB, 8188 MiB, P4, 0x0000000000000004
2026-09-26 16:23:35,2026/09/26 16:23:35.726, 67, 29.96 W, 660 MHz, 6001 MHz, 100 %, 7079 MiB, 8188 MiB, P4, 0x0000000000000004
2026-09-26 16:23:45,2026/09/26 16:23:45.793, 75, 82.38 W, 2295 MHz, 8001 MHz, 93 %, 7079 MiB, 8188 MiB, P0, 0x0000000000000020
2026-09-26 16:23:55,2026/09/26 16:23:55.843, 67, 29.76 W, 1020 MHz, 6001 MHz, 100 %, 7079 MiB, 8188 MiB, P4, 0x0000000000000004
2026-09-26 16:24:05,2026/09/26 16:24:05.905, 67, 29.60 W, 765 MHz, 6001 MHz, 100 %, 7079 MiB, 8188 MiB, P4, 0x0000000000000004
2026-09-26 16:24:15,2026/09/26 16:24:15.956, 67, 29.81 W, 1035 MHz, 6001 MHz, 100 %, 7079 MiB, 8188 MiB, P4, 0x0000000000000004
2026-09-26 16:24:25,2026/09/26 16:24:26.015, 67, 29.91 W, 645 MHz, 6001 MHz, 94 %, 7079 MiB, 8188 MiB, P4, 0x0000000000000004
2026-09-26 16:24:36,2026/09/26 16:24:36.074, 69, 30.33 W, 795 MHz, 8001 MHz, 100 %, 7079 MiB, 8188 MiB, P0, 0x0000000000000004
2026-09-26 16:24:46,2026/09/26 16:24:46.143, 68, 29.76 W, 735 MHz, 6001 MHz, 100 %, 7079 MiB, 8188 MiB, P4, 0x0000000000000004
2026-09-26 16:24:56,2026/09/26 16:24:56.209, 65, 25.77 W, 525 MHz, 6001 MHz, 0 %, 7079 MiB, 8188 MiB, P4, 0x0000000000000001
2026-09-26 16:25:06,2026/09/26 16:25:06.279, 78, 85.74 W, 2295 MHz, 8001 MHz, 86 %, 7079 MiB, 8188 MiB, P0, 0x0000000000000020
2026-09-26 16:25:16,2026/09/26 16:25:16.340, 63, 3.62 W, 210 MHz, 405 MHz, 0 %, 7079 MiB, 8188 MiB, P8, 0x0000000000000001
2026-09-26 16:25:26,2026/09/26 16:25:26.387, 76, 80.77 W, 2295 MHz, 8001 MHz, 100 %, 7079 MiB, 8188 MiB, P0, 0x0000000000000020
2026-09-26 16:25:36,2026/09/26 16:25:36.437, 68, 29.48 W, 1050 MHz, 6001 MHz, 100 %, 7079 MiB, 8188 MiB, P4, 0x0000000000000004
2026-09-26 16:25:46,2026/09/26 16:25:46.478, 67, 29.40 W, 1065 MHz, 6001 MHz, 100 %, 7079 MiB, 8188 MiB, P4, 0x0000000000000004
2026-09-26 16:25:56,2026/09/26 16:25:56.518, 67, 29.69 W, 615 MHz, 6001 MHz, 100 %, 7079 MiB, 8188 MiB, P4, 0x0000000000000004
2026-09-26 16:26:06,2026/09/26 16:26:06.561, 67, 29.99 W, 600 MHz, 6001 MHz, 100 %, 7079 MiB, 8188 MiB, P4, 0x0000000000000004
2026-09-26 16:26:16,2026/09/26 16:26:16.610, 67, 29.53 W, 1125 MHz, 6001 MHz, 100 %, 7079 MiB, 8188 MiB, P4, 0x0000000000000004
2026-09-26 16:26:26,2026/09/26 16:26:26.669, 66, 29.53 W, 945 MHz, 6001 MHz, 100 %, 7079 MiB, 8188 MiB, P4, 0x0000000000000004
2026-09-26 16:26:36,2026/09/26 16:26:36.720, 66, 29.89 W, 1095 MHz, 6001 MHz, 100 %, 7079 MiB, 8188 MiB, P4, 0x0000000000000004
2026-09-26 16:26:46,2026/09/26 16:26:46.767, 79, 82.19 W, 2295 MHz, 8001 MHz, 100 %, 7079 MiB, 8188 MiB, P0, 0x0000000000000020
2026-09-26 16:26:56,2026/09/26 16:26:56.817, 67, 29.91 W, 615 MHz, 6001 MHz, 100 %, 7079 MiB, 8188 MiB, P4, 0x0000000000000004
2026-09-26 16:27:06,2026/09/26 16:27:06.863, 67, 29.58 W, 1020 MHz, 6001 MHz, 100 %, 7079 MiB, 8188 MiB, P4, 0x0000000000000004
2026-09-26 16:27:16,2026/09/26 16:27:16.911, 67, 29.76 W, 570 MHz, 6001 MHz, 100 %, 7079 MiB, 8188 MiB, P4, 0x0000000000000004
2026-09-26 16:27:26,2026/09/26 16:27:26.957, 67, 29.57 W, 1095 MHz, 6001 MHz, 100 %, 7079 MiB, 8188 MiB, P4, 0x0000000000000004
2026-09-26 16:27:36,2026/09/26 16:27:37.009, 66, 29.37 W, 1020 MHz, 6001 MHz, 100 %, 7079 MiB, 8188 MiB, P4, 0x0000000000000004
2026-09-26 16:27:47,2026/09/26 16:27:47.062, 66, 29.92 W, 645 MHz, 6001 MHz, 100 %, 7079 MiB, 8188 MiB, P4, 0x0000000000000004
2026-09-26 16:27:57,2026/09/26 16:27:57.132, 76, 77.08 W, 2295 MHz, 8001 MHz, 100 %, 7079 MiB, 8188 MiB, P0, 0x0000000000000020
2026-09-26 16:28:07,2026/09/26 16:28:07.172, 67, 29.61 W, 885 MHz, 6001 MHz, 100 %, 7079 MiB, 8188 MiB, P4, 0x0000000000000004
2026-09-26 16:28:17,2026/09/26 16:28:17.222, 67, 29.80 W, 1035 MHz, 6001 MHz, 100 %, 7079 MiB, 8188 MiB, P4, 0x0000000000000004
2026-09-26 16:28:27,2026/09/26 16:28:27.265, 67, 29.52 W, 615 MHz, 6001 MHz, 100 %, 7079 MiB, 8188 MiB, P4, 0x0000000000000004
2026-09-26 16:28:37,2026/09/26 16:28:37.326, 67, 29.67 W, 585 MHz, 6001 MHz, 100 %, 7079 MiB, 8188 MiB, P4, 0x0000000000000004
2026-09-26 16:28:47,2026/09/26 16:28:47.378, 77, 83.39 W, 2295 MHz, 8001 MHz, 100 %, 7079 MiB, 8188 MiB, P0, 0x0000000000000020
2026-09-26 16:28:57,2026/09/26 16:28:57.430, 67, 29.82 W, 1035 MHz, 6001 MHz, 100 %, 7079 MiB, 8188 MiB, P4, 0x0000000000000004
2026-09-26 16:29:07,2026/09/26 16:29:07.472, 67, 29.57 W, 675 MHz, 6001 MHz, 100 %, 7079 MiB, 8188 MiB, P4, 0x0000000000000004
2026-09-26 16:29:17,2026/09/26 16:29:17.513, 67, 29.97 W, 570 MHz, 6001 MHz, 92 %, 7079 MiB, 8188 MiB, P4, 0x0000000000000004
2026-09-26 16:29:27,2026/09/26 16:29:27.573, 67, 29.84 W, 570 MHz, 6001 MHz, 100 %, 7079 MiB, 8188 MiB, P4, 0x0000000000000004
2026-09-26 16:29:37,2026/09/26 16:29:37.616, 66, 29.79 W, 540 MHz, 6001 MHz, 100 %, 7079 MiB, 8188 MiB, P4, 0x0000000000000004
2026-09-26 16:29:47,2026/09/26 16:29:47.685, 64, 12.93 W, 300 MHz, 6001 MHz, 0 %, 7079 MiB, 8188 MiB, P4, 0x0000000000000001
2026-09-26 16:29:57,2026/09/26 16:29:57.735, 78, 82.21 W, 2295 MHz, 8001 MHz, 91 %, 7079 MiB, 8188 MiB, P0, 0x0000000000000020
2026-09-26 16:30:07,2026/09/26 16:30:07.799, 68, 29.89 W, 660 MHz, 6001 MHz, 100 %, 7079 MiB, 8188 MiB, P4, 0x0000000000000004
2026-09-26 16:30:17,2026/09/26 16:30:17.841, 67, 29.76 W, 825 MHz, 6001 MHz, 100 %, 7079 MiB, 8188 MiB, P4, 0x0000000000000004
2026-09-26 16:30:27,2026/09/26 16:30:27.882, 67, 29.42 W, 915 MHz, 6001 MHz, 100 %, 7079 MiB, 8188 MiB, P4, 0x0000000000000004
2026-09-26 16:30:37,2026/09/26 16:30:37.940, 76, 76.06 W, 2295 MHz, 7001 MHz, 93 %, 7079 MiB, 8188 MiB, P3, 0x0000000000000020
2026-09-26 16:30:47,2026/09/26 16:30:47.993, 68, 29.55 W, 1020 MHz, 6001 MHz, 100 %, 7079 MiB, 8188 MiB, P4, 0x0000000000000004
2026-09-26 16:30:58,2026/09/26 16:30:58.053, 67, 29.09 W, 1305 MHz, 6001 MHz, 100 %, 7079 MiB, 8188 MiB, P4, 0x0000000000000004
2026-09-26 16:31:08,2026/09/26 16:31:08.105, 67, 29.58 W, 630 MHz, 6001 MHz, 95 %, 7079 MiB, 8188 MiB, P4, 0x0000000000000004
2026-09-26 16:31:18,2026/09/26 16:31:18.147, 67, 29.56 W, 990 MHz, 7001 MHz, 91 %, 7079 MiB, 8188 MiB, P3, 0x0000000000000004
2026-09-26 16:31:28,2026/09/26 16:31:28.192, 68, 29.92 W, 660 MHz, 6001 MHz, 100 %, 7079 MiB, 8188 MiB, P4, 0x0000000000000004
2026-09-26 16:31:38,2026/09/26 16:31:38.258, 67, 29.73 W, 915 MHz, 6001 MHz, 100 %, 7079 MiB, 8188 MiB, P4, 0x0000000000000004
2026-09-26 16:31:48,2026/09/26 16:31:48.325, 67, 29.62 W, 990 MHz, 6001 MHz, 100 %, 7079 MiB, 8188 MiB, P4, 0x0000000000000004
2026-09-26 16:31:58,2026/09/26 16:31:58.369, 67, 30.04 W, 1005 MHz, 6001 MHz, 100 %, 7079 MiB, 8188 MiB, P4, 0x0000000000000004
2026-09-26 16:32:08,2026/09/26 16:32:08.416, 66, 29.56 W, 1260 MHz, 6001 MHz, 100 %, 7079 MiB, 8188 MiB, P4, 0x0000000000000004
2026-09-26 16:32:18,2026/09/26 16:32:18.471, 66, 29.80 W, 555 MHz, 6001 MHz, 100 %, 7079 MiB, 8188 MiB, P4, 0x0000000000000004
2026-09-26 16:32:28,2026/09/26 16:32:28.522, 67, 29.68 W, 975 MHz, 6001 MHz, 100 %, 7079 MiB, 8188 MiB, P4, 0x0000000000000004
2026-09-26 16:32:38,2026/09/26 16:32:38.574, 67, 29.71 W, 1035 MHz, 6001 MHz, 100 %, 7079 MiB, 8188 MiB, P4, 0x0000000000000004
2026-09-26 16:32:48,2026/09/26 16:32:48.637, 79, 82.03 W, 2295 MHz, 8001 MHz, 100 %, 7079 MiB, 8188 MiB, P0, 0x0000000000000020
2026-09-26 16:32:58,2026/09/26 16:32:58.685, 69, 29.54 W, 555 MHz, 7001 MHz, 95 %, 7079 MiB, 8188 MiB, P3, 0x0000000000000004
2026-09-26 16:33:08,2026/09/26 16:33:08.743, 68, 30.07 W, 555 MHz, 6001 MHz, 100 %, 7079 MiB, 8188 MiB, P4, 0x0000000000000004
2026-09-26 16:33:18,2026/09/26 16:33:18.805, 67, 29.91 W, 930 MHz, 6001 MHz, 100 %, 7079 MiB, 8188 MiB, P4, 0x0000000000000004
2026-09-26 16:33:28,2026/09/26 16:33:28.868, 67, 29.67 W, 1005 MHz, 6001 MHz, 100 %, 7079 MiB, 8188 MiB, P4, 0x0000000000000004
2026-09-26 16:33:38,2026/09/26 16:33:38.920, 67, 29.76 W, 825 MHz, 6001 MHz, 100 %, 7079 MiB, 8188 MiB, P4, 0x0000000000000004
2026-09-26 16:33:48,2026/09/26 16:33:48.977, 67, 29.89 W, 1005 MHz, 6001 MHz, 100 %, 7079 MiB, 8188 MiB, P4, 0x0000000000000004
2026-09-26 16:33:58,2026/09/26 16:33:59.046, 67, 29.74 W, 1320 MHz, 6001 MHz, 100 %, 7079 MiB, 8188 MiB, P4, 0x0000000000000004
2026-09-26 16:34:09,2026/09/26 16:34:09.106, 67, 30.11 W, 555 MHz, 6001 MHz, 92 %, 7079 MiB, 8188 MiB, P4, 0x0000000000000004
2026-09-26 16:34:19,2026/09/26 16:34:19.177, 67, 29.65 W, 855 MHz, 6001 MHz, 100 %, 7079 MiB, 8188 MiB, P4, 0x0000000000000004
2026-09-26 16:34:29,2026/09/26 16:34:29.250, 67, 29.80 W, 990 MHz, 6001 MHz, 100 %, 7079 MiB, 8188 MiB, P4, 0x0000000000000004
2026-09-26 16:34:39,2026/09/26 16:34:39.322, 67, 29.83 W, 885 MHz, 6001 MHz, 100 %, 7079 MiB, 8188 MiB, P4, 0x0000000000000004
2026-09-26 16:34:49,2026/09/26 16:34:49.392, 79, 80.34 W, 2295 MHz, 8001 MHz, 100 %, 7079 MiB, 8188 MiB, P0, 0x0000000000000020
2026-09-26 16:34:59,2026/09/26 16:34:59.460, 78, 82.12 W, 2310 MHz, 8001 MHz, 88 %, 7079 MiB, 8188 MiB, P0, 0x0000000000000020
2026-09-26 16:35:09,2026/09/26 16:35:09.521, 69, 29.95 W, 630 MHz, 6001 MHz, 99 %, 7079 MiB, 8188 MiB, P4, 0x0000000000000004
2026-09-26 16:35:19,2026/09/26 16:35:19.598, 68, 29.91 W, 615 MHz, 6001 MHz, 100 %, 7079 MiB, 8188 MiB, P4, 0x0000000000000004
2026-09-26 16:35:29,2026/09/26 16:35:29.655, 68, 29.82 W, 660 MHz, 6001 MHz, 100 %, 7079 MiB, 8188 MiB, P4, 0x0000000000000004
2026-09-26 16:35:39,2026/09/26 16:35:39.703, 67, 29.80 W, 645 MHz, 6001 MHz, 100 %, 7079 MiB, 8188 MiB, P4, 0x0000000000000004
2026-09-26 16:35:49,2026/09/26 16:35:49.778, 67, 29.65 W, 840 MHz, 6001 MHz, 100 %, 7079 MiB, 8188 MiB, P4, 0x0000000000000004
2026-09-26 16:35:59,2026/09/26 16:35:59.843, 67, 30.09 W, 930 MHz, 6001 MHz, 100 %, 7079 MiB, 8188 MiB, P4, 0x0000000000000004
2026-09-26 16:36:09,2026/09/26 16:36:09.914, 68, 29.56 W, 540 MHz, 6001 MHz, 91 %, 7079 MiB, 8188 MiB, P4, 0x0000000000000004
2026-09-26 16:36:19,2026/09/26 16:36:19.963, 66, 29.39 W, 1380 MHz, 6001 MHz, 100 %, 7079 MiB, 8188 MiB, P4, 0x0000000000000004
2026-09-26 16:36:29,2026/09/26 16:36:30.020, 67, 29.69 W, 630 MHz, 6001 MHz, 95 %, 7079 MiB, 8188 MiB, P4, 0x0000000000000004
2026-09-26 16:36:40,2026/09/26 16:36:40.075, 67, 29.93 W, 930 MHz, 6001 MHz, 100 %, 7079 MiB, 8188 MiB, P4, 0x0000000000000004
2026-09-26 16:36:50,2026/09/26 16:36:50.144, 68, 29.70 W, 765 MHz, 6001 MHz, 100 %, 7079 MiB, 8188 MiB, P4, 0x0000000000000004
2026-09-26 16:37:00,2026/09/26 16:37:00.216, 67, 29.96 W, 870 MHz, 6001 MHz, 100 %, 7079 MiB, 8188 MiB, P4, 0x0000000000000004
2026-09-26 16:37:10,2026/09/26 16:37:10.270, 66, 29.57 W, 1290 MHz, 6001 MHz, 100 %, 7079 MiB, 8188 MiB, P4, 0x0000000000000004
2026-09-26 16:37:20,2026/09/26 16:37:20.329, 67, 29.33 W, 675 MHz, 6001 MHz, 94 %, 7079 MiB, 8188 MiB, P4, 0x0000000000000004
2026-09-26 16:37:30,2026/09/26 16:37:30.389, 67, 29.82 W, 675 MHz, 6001 MHz, 99 %, 7079 MiB, 8188 MiB, P4, 0x0000000000000004
2026-09-26 16:37:40,2026/09/26 16:37:40.457, 76, 83.99 W, 2475 MHz, 8001 MHz, 100 %, 7079 MiB, 8188 MiB, P0, 0x0000000000000020
2026-09-26 16:37:50,2026/09/26 16:37:50.526, 68, 29.49 W, 645 MHz, 6001 MHz, 94 %, 7079 MiB, 8188 MiB, P4, 0x0000000000000004
2026-09-26 16:38:00,2026/09/26 16:38:00.592, 67, 29.94 W, 465 MHz, 6001 MHz, 100 %, 7079 MiB, 8188 MiB, P4, 0x0000000000000004
2026-09-26 16:38:10,2026/09/26 16:38:10.654, 67, 29.63 W, 1005 MHz, 6001 MHz, 100 %, 7079 MiB, 8188 MiB, P4, 0x0000000000000004
2026-09-26 16:38:20,2026/09/26 16:38:20.709, 67, 30.17 W, 1035 MHz, 6001 MHz, 100 %, 7079 MiB, 8188 MiB, P4, 0x0000000000000004
2026-09-26 16:38:30,2026/09/26 16:38:30.765, 67, 29.49 W, 1305 MHz, 6001 MHz, 100 %, 7079 MiB, 8188 MiB, P4, 0x0000000000000004
2026-09-26 16:38:40,2026/09/26 16:38:40.833, 65, 20.83 W, 2370 MHz, 6001 MHz, 0 %, 7079 MiB, 8188 MiB, P4, 0x0000000000000024
2026-09-26 16:38:50,2026/09/26 16:38:50.906, 76, 65.44 W, 2295 MHz, 8001 MHz, 95 %, 7079 MiB, 8188 MiB, P0, 0x0000000000000020
2026-09-26 16:39:00,2026/09/26 16:39:00.982, 74, 61.72 W, 2295 MHz, 8001 MHz, 89 %, 7079 MiB, 8188 MiB, P0, 0x0000000000000020
2026-09-26 16:39:11,2026/09/26 16:39:11.058, 76, 62.41 W, 2295 MHz, 8001 MHz, 86 %, 7079 MiB, 8188 MiB, P0, 0x0000000000000020
2026-09-26 16:39:21,2026/09/26 16:39:21.126, 76, 62.02 W, 2295 MHz, 8001 MHz, 94 %, 7079 MiB, 8188 MiB, P0, 0x0000000000000020
2026-09-26 16:39:31,2026/09/26 16:39:31.195, 76, 62.15 W, 2295 MHz, 8001 MHz, 82 %, 7079 MiB, 8188 MiB, P0, 0x0000000000000020
2026-09-26 16:39:41,2026/09/26 16:39:41.251, 76, 62.56 W, 2295 MHz, 8001 MHz, 94 %, 7079 MiB, 8188 MiB, P0, 0x0000000000000020
2026-09-26 16:39:51,2026/09/26 16:39:51.310, 77, 62.89 W, 2295 MHz, 8001 MHz, 95 %, 7079 MiB, 8188 MiB, P0, 0x0000000000000020
2026-09-26 16:40:01,2026/09/26 16:40:01.382, 66, 25.90 W, 525 MHz, 6001 MHz, 0 %, 7079 MiB, 8188 MiB, P5, 0x0000000000000001
2026-09-26 16:40:11,2026/09/26 16:40:11.456, 63, 3.56 W, 210 MHz, 405 MHz, 0 %, 7079 MiB, 8188 MiB, P8, 0x0000000000000001
2026-09-26 16:40:21,2026/09/26 16:40:21.512, 77, 66.33 W, 2295 MHz, 8001 MHz, 100 %, 7079 MiB, 8188 MiB, P0, 0x0000000000000020
2026-09-26 16:40:31,2026/09/26 16:40:31.572, 77, 67.65 W, 2295 MHz, 8001 MHz, 100 %, 7079 MiB, 8188 MiB, P0, 0x0000000000000020
2026-09-26 16:40:41,2026/09/26 16:40:41.644, 78, 66.94 W, 2295 MHz, 8001 MHz, 100 %, 7079 MiB, 8188 MiB, P0, 0x0000000000000020
2026-09-26 16:40:51,2026/09/26 16:40:51.706, 65, 12.77 W, 210 MHz, 810 MHz, 0 %, 7079 MiB, 8188 MiB, P5, 0x0000000000000001
2026-09-26 16:41:01,2026/09/26 16:41:01.770, 76, 61.73 W, 2295 MHz, 8001 MHz, 87 %, 7079 MiB, 8188 MiB, P0, 0x0000000000000020
2026-09-26 16:41:11,2026/09/26 16:41:11.842, 77, 62.43 W, 2295 MHz, 8001 MHz, 87 %, 7079 MiB, 8188 MiB, P0, 0x0000000000000020
2026-09-26 16:41:21,2026/09/26 16:41:21.891, 77, 61.78 W, 2295 MHz, 8001 MHz, 85 %, 7079 MiB, 8188 MiB, P0, 0x0000000000000020
2026-09-26 16:41:31,2026/09/26 16:41:31.961, 77, 61.75 W, 2295 MHz, 8001 MHz, 90 %, 7079 MiB, 8188 MiB, P0, 0x0000000000000020
2026-09-26 16:41:41,2026/09/26 16:41:42.036, 77, 62.21 W, 2295 MHz, 8001 MHz, 95 %, 7079 MiB, 8188 MiB, P0, 0x0000000000000020
2026-09-26 16:41:52,2026/09/26 16:41:52.094, 77, 61.50 W, 2295 MHz, 8001 MHz, 84 %, 7079 MiB, 8188 MiB, P0, 0x0000000000000020
2026-09-26 16:42:02,2026/09/26 16:42:02.158, 65, 10.67 W, 225 MHz, 810 MHz, 100 %, 7079 MiB, 8188 MiB, P5, 0x0000000000000001
2026-09-26 16:42:12,2026/09/26 16:42:12.225, 68, 29.38 W, 1470 MHz, 6001 MHz, 92 %, 7079 MiB, 8188 MiB, P4, 0x0000000000000004
2026-09-26 16:42:22,2026/09/26 16:42:22.294, 68, 28.85 W, 1335 MHz, 6001 MHz, 95 %, 7079 MiB, 8188 MiB, P4, 0x0000000000000004
2026-09-26 16:42:32,2026/09/26 16:42:32.339, 68, 28.92 W, 1335 MHz, 6001 MHz, 74 %, 7079 MiB, 8188 MiB, P4, 0x0000000000000004
2026-09-26 16:42:42,2026/09/26 16:42:42.412, 68, 29.15 W, 1260 MHz, 6001 MHz, 94 %, 7079 MiB, 8188 MiB, P4, 0x0000000000000004
2026-09-26 16:42:52,2026/09/26 16:42:52.474, 67, 29.50 W, 1425 MHz, 6001 MHz, 88 %, 7079 MiB, 8188 MiB, P4, 0x0000000000000004
2026-09-26 16:43:02,2026/09/26 16:43:02.527, 68, 28.93 W, 1320 MHz, 6001 MHz, 89 %, 7079 MiB, 8188 MiB, P4, 0x0000000000000004
2026-09-26 16:43:12,2026/09/26 16:43:12.590, 67, 35.50 W, 2595 MHz, 8001 MHz, 0 %, 7079 MiB, 8188 MiB, P0, 0x0000000000000000
2026-09-26 16:43:22,2026/09/26 16:43:22.659, 62, 3.50 W, 210 MHz, 405 MHz, 0 %, 7079 MiB, 8188 MiB, P8, 0x0000000000000001
2026-09-26 16:43:32,2026/09/26 16:43:32.718, 77, 67.22 W, 2295 MHz, 8001 MHz, 100 %, 7079 MiB, 8188 MiB, P0, 0x0000000000000020
2026-09-26 16:43:42,2026/09/26 16:43:42.764, 77, 67.84 W, 2295 MHz, 8001 MHz, 100 %, 7079 MiB, 8188 MiB, P0, 0x0000000000000020
2026-09-26 16:43:52,2026/09/26 16:43:52.823, 69, 29.16 W, 1500 MHz, 6001 MHz, 100 %, 7079 MiB, 8188 MiB, P4, 0x0000000000000004
2026-09-26 16:44:02,2026/09/26 16:44:02.879, 75, 61.85 W, 2295 MHz, 8001 MHz, 87 %, 7079 MiB, 8188 MiB, P0, 0x0000000000000020
2026-09-26 16:44:12,2026/09/26 16:44:12.948, 75, 61.78 W, 2430 MHz, 8001 MHz, 73 %, 7079 MiB, 8188 MiB, P0, 0x0000000000000020
2026-09-26 16:44:22,2026/09/26 16:44:23.014, 74, 61.76 W, 2295 MHz, 8001 MHz, 92 %, 7079 MiB, 8188 MiB, P0, 0x0000000000000020
2026-09-26 16:44:33,2026/09/26 16:44:33.080, 77, 62.41 W, 2295 MHz, 8001 MHz, 86 %, 7079 MiB, 8188 MiB, P0, 0x0000000000000020
2026-09-26 16:44:43,2026/09/26 16:44:43.152, 77, 63.12 W, 2295 MHz, 8001 MHz, 95 %, 7079 MiB, 8188 MiB, P0, 0x0000000000000020
2026-09-26 16:44:53,2026/09/26 16:44:53.218, 77, 62.28 W, 2295 MHz, 8001 MHz, 93 %, 7079 MiB, 8188 MiB, P0, 0x0000000000000020
2026-09-26 16:45:03,2026/09/26 16:45:03.291, 76, 61.72 W, 2295 MHz, 8001 MHz, 92 %, 7079 MiB, 8188 MiB, P0, 0x0000000000000020
2026-09-26 16:45:13,2026/09/26 16:45:13.356, 77, 62.82 W, 2295 MHz, 8001 MHz, 89 %, 7079 MiB, 8188 MiB, P0, 0x0000000000000020
2026-09-26 16:45:23,2026/09/26 16:45:23.417, 76, 36.02 W, 2310 MHz, 7001 MHz, 91 %, 7079 MiB, 8188 MiB, P3, 0x0000000000000020
2026-09-26 16:45:33,2026/09/26 16:45:33.489, 77, 63.01 W, 2295 MHz, 8001 MHz, 87 %, 7079 MiB, 8188 MiB, P0, 0x0000000000000020
2026-09-26 16:45:43,2026/09/26 16:45:43.558, 76, 60.98 W, 2295 MHz, 8001 MHz, 92 %, 7079 MiB, 8188 MiB, P0, 0x0000000000000020
2026-09-26 16:45:53,2026/09/26 16:45:53.621, 76, 63.35 W, 2295 MHz, 8001 MHz, 95 %, 7079 MiB, 8188 MiB, P0, 0x0000000000000020
2026-09-26 16:46:03,2026/09/26 16:46:03.695, 77, 62.11 W, 2295 MHz, 8001 MHz, 90 %, 7079 MiB, 8188 MiB, P0, 0x0000000000000020
2026-09-26 16:46:13,2026/09/26 16:46:13.755, 77, 61.56 W, 2295 MHz, 8001 MHz, 86 %, 7079 MiB, 8188 MiB, P0, 0x0000000000000020
2026-09-26 16:46:23,2026/09/26 16:46:23.823, 67, 23.30 W, 2370 MHz, 8001 MHz, 0 %, 7079 MiB, 8188 MiB, P0, 0x0000000000000001
2026-09-26 16:46:33,2026/09/26 16:46:33.883, 64, 4.66 W, 210 MHz, 405 MHz, 0 %, 7079 MiB, 8188 MiB, P8, 0x0000000000000001
2026-09-26 16:46:43,2026/09/26 16:46:43.951, 77, 67.38 W, 2295 MHz, 8001 MHz, 100 %, 7079 MiB, 8188 MiB, P0, 0x0000000000000020
2026-09-26 16:46:53,2026/09/26 16:46:54.026, 77, 67.48 W, 2295 MHz, 8001 MHz, 100 %, 7079 MiB, 8188 MiB, P0, 0x0000000000000020
2026-09-26 16:47:04,2026/09/26 16:47:04.092, 79, 67.55 W, 2295 MHz, 8001 MHz, 100 %, 7079 MiB, 8188 MiB, P0, 0x0000000000000020
2026-09-26 16:47:14,2026/09/26 16:47:14.150, 65, 12.90 W, 210 MHz, 6001 MHz, 0 %, 7079 MiB, 8188 MiB, P5, 0x0000000000000001
2026-09-26 16:47:24,2026/09/26 16:47:24.220, 76, 62.33 W, 2295 MHz, 8001 MHz, 93 %, 7079 MiB, 8188 MiB, P0, 0x0000000000000020
2026-09-26 16:47:34,2026/09/26 16:47:34.278, 76, 62.88 W, 2295 MHz, 8001 MHz, 93 %, 7079 MiB, 8188 MiB, P0, 0x0000000000000020
2026-09-26 16:47:44,2026/09/26 16:47:44.339, 77, 61.79 W, 2295 MHz, 8001 MHz, 88 %, 7079 MiB, 8188 MiB, P0, 0x0000000000000020
2026-09-26 16:47:54,2026/09/26 16:47:54.411, 77, 61.64 W, 2295 MHz, 8001 MHz, 95 %, 7079 MiB, 8188 MiB, P0, 0x0000000000000020
2026-09-26 16:48:04,2026/09/26 16:48:04.471, 77, 61.26 W, 2295 MHz, 8001 MHz, 89 %, 7079 MiB, 8188 MiB, P0, 0x0000000000000020
2026-09-26 16:48:14,2026/09/26 16:48:14.533, 77, 62.49 W, 2295 MHz, 8001 MHz, 88 %, 7079 MiB, 8188 MiB, P0, 0x0000000000000020
2026-09-26 16:48:24,2026/09/26 16:48:24.605, 78, 61.86 W, 2295 MHz, 8001 MHz, 93 %, 7079 MiB, 8188 MiB, P0, 0x0000000000000020
2026-09-26 16:48:34,2026/09/26 16:48:34.667, 78, 62.24 W, 2295 MHz, 8001 MHz, 85 %, 7079 MiB, 8188 MiB, P0, 0x0000000000000020
2026-09-26 16:48:44,2026/09/26 16:48:44.738, 73, 15.59 W, 2370 MHz, 8001 MHz, 85 %, 7079 MiB, 8188 MiB, P0, 0x0000000000000001
2026-09-26 16:48:54,2026/09/26 16:48:54.798, 77, 58.33 W, 2295 MHz, 8001 MHz, 86 %, 7079 MiB, 8188 MiB, P0, 0x0000000000000020
2026-09-26 16:49:04,2026/09/26 16:49:04.866, 77, 57.71 W, 2295 MHz, 8001 MHz, 86 %, 7079 MiB, 8188 MiB, P0, 0x0000000000000020
2026-09-26 16:49:14,2026/09/26 16:49:14.933, 77, 60.56 W, 2295 MHz, 8001 MHz, 82 %, 7079 MiB, 8188 MiB, P0, 0x0000000000000020
2026-09-26 16:49:24,2026/09/26 16:49:24.994, 69, 28.41 W, 2355 MHz, 8001 MHz, 30 %, 7079 MiB, 8188 MiB, P0, 0x0000000000000001
2026-09-26 16:49:35,2026/09/26 16:49:35.046, 63, 3.56 W, 210 MHz, 405 MHz, 0 %, 7079 MiB, 8188 MiB, P8, 0x0000000000000001
2026-09-26 16:49:45,2026/09/26 16:49:45.108, 78, 69.31 W, 2295 MHz, 8001 MHz, 100 %, 7079 MiB, 8188 MiB, P0, 0x0000000000000020
2026-09-26 16:49:55,2026/09/26 16:49:55.152, 68, 29.38 W, 1545 MHz, 6001 MHz, 100 %, 7079 MiB, 8188 MiB, P4, 0x0000000000000004
2026-09-26 16:50:05,2026/09/26 16:50:05.201, 67, 29.99 W, 900 MHz, 6001 MHz, 57 %, 7079 MiB, 8188 MiB, P4, 0x0000000000000004
2026-09-26 16:50:15,2026/09/26 16:50:15.251, 63, 3.81 W, 210 MHz, 405 MHz, 0 %, 7079 MiB, 8188 MiB, P8, 0x0000000000000001
2026-09-26 16:50:25,2026/09/26 16:50:25.327, 76, 60.74 W, 2295 MHz, 8001 MHz, 79 %, 7079 MiB, 8188 MiB, P0, 0x0000000000000020
2026-09-26 16:50:35,2026/09/26 16:50:35.383, 76, 58.46 W, 2430 MHz, 8001 MHz, 76 %, 7079 MiB, 8188 MiB, P0, 0x0000000000000020
2026-09-26 16:50:45,2026/09/26 16:50:45.440, 77, 49.35 W, 2595 MHz, 8001 MHz, 55 %, 7079 MiB, 8188 MiB, P0, 0x0000000000000000
2026-09-26 16:50:55,2026/09/26 16:50:55.498, 76, 59.78 W, 2295 MHz, 8001 MHz, 72 %, 7079 MiB, 8188 MiB, P0, 0x0000000000000020
2026-09-26 16:51:05,2026/09/26 16:51:05.550, 77, 61.64 W, 2295 MHz, 8001 MHz, 85 %, 7079 MiB, 8188 MiB, P0, 0x0000000000000020
2026-09-26 16:51:15,2026/09/26 16:51:15.602, 76, 59.89 W, 2295 MHz, 8001 MHz, 79 %, 7079 MiB, 8188 MiB, P0, 0x0000000000000020
2026-09-26 16:51:25,2026/09/26 16:51:25.669, 76, 61.58 W, 2295 MHz, 8001 MHz, 84 %, 7079 MiB, 8188 MiB, P0, 0x0000000000000020
2026-09-26 16:51:35,2026/09/26 16:51:35.736, 75, 61.28 W, 2295 MHz, 8001 MHz, 81 %, 7079 MiB, 8188 MiB, P0, 0x0000000000000020
2026-09-26 16:51:45,2026/09/26 16:51:45.805, 77, 56.40 W, 2295 MHz, 8001 MHz, 75 %, 7079 MiB, 8188 MiB, P0, 0x0000000000000020
2026-09-26 16:51:55,2026/09/26 16:51:55.869, 67, 15.35 W, 2415 MHz, 8001 MHz, 0 %, 7079 MiB, 8188 MiB, P0, 0x0000000000000001
2026-09-26 16:52:05,2026/09/26 16:52:05.914, 63, 3.54 W, 210 MHz, 405 MHz, 0 %, 7079 MiB, 8188 MiB, P8, 0x0000000000000001
2026-09-26 16:52:15,2026/09/26 16:52:15.970, 77, 66.27 W, 2295 MHz, 8001 MHz, 100 %, 7079 MiB, 8188 MiB, P0, 0x0000000000000020
2026-09-26 16:52:25,2026/09/26 16:52:26.026, 77, 69.14 W, 2295 MHz, 8001 MHz, 100 %, 7079 MiB, 8188 MiB, P0, 0x0000000000000020
2026-09-26 16:52:36,2026/09/26 16:52:36.098, 63, 3.86 W, 210 MHz, 405 MHz, 0 %, 7079 MiB, 8188 MiB, P8, 0x0000000000000001
2026-09-26 16:52:46,2026/09/26 16:52:46.163, 77, 58.78 W, 2295 MHz, 8001 MHz, 72 %, 7079 MiB, 8188 MiB, P0, 0x0000000000000020
2026-09-26 16:52:56,2026/09/26 16:52:56.226, 74, 62.09 W, 2295 MHz, 8001 MHz, 86 %, 7079 MiB, 8188 MiB, P0, 0x0000000000000020
2026-09-26 16:53:06,2026/09/26 16:53:06.289, 74, 60.92 W, 2295 MHz, 8001 MHz, 83 %, 7079 MiB, 8188 MiB, P0, 0x0000000000000020
2026-09-26 16:53:16,2026/09/26 16:53:16.356, 72, 11.94 W, 2370 MHz, 6001 MHz, 85 %, 7079 MiB, 8188 MiB, P4, 0x0000000000000001
2026-09-26 16:53:26,2026/09/26 16:53:26.426, 77, 60.40 W, 2295 MHz, 8001 MHz, 79 %, 7079 MiB, 8188 MiB, P0, 0x0000000000000020
2026-09-26 16:53:36,2026/09/26 16:53:36.498, 76, 60.20 W, 2310 MHz, 8001 MHz, 84 %, 7079 MiB, 8188 MiB, P0, 0x0000000000000020
2026-09-26 16:53:46,2026/09/26 16:53:46.545, 68, 37.94 W, 2535 MHz, 8001 MHz, 0 %, 7079 MiB, 8188 MiB, P0, 0x0000000000000001
2026-09-26 16:53:56,2026/09/26 16:53:56.617, 64, 15.90 W, 375 MHz, 810 MHz, 0 %, 7079 MiB, 8188 MiB, P5, 0x0000000000000001
2026-09-26 16:54:06,2026/09/26 16:54:06.682, 75, 24.56 W, 2295 MHz, 8001 MHz, 100 %, 7079 MiB, 8188 MiB, P0, 0x0000000000000000
2026-09-26 16:54:16,2026/09/26 16:54:16.726, 77, 67.70 W, 2295 MHz, 8001 MHz, 100 %, 7079 MiB, 8188 MiB, P0, 0x0000000000000020
2026-09-26 16:54:26,2026/09/26 16:54:26.793, 66, 25.32 W, 2265 MHz, 6001 MHz, 0 %, 7079 MiB, 8188 MiB, P4, 0x0000000000000024
2026-09-26 16:54:36,2026/09/26 16:54:36.865, 74, 64.79 W, 2295 MHz, 8001 MHz, 82 %, 7079 MiB, 8188 MiB, P0, 0x0000000000000020
2026-09-26 16:54:46,2026/09/26 16:54:46.927, 76, 60.90 W, 2295 MHz, 8001 MHz, 85 %, 7079 MiB, 8188 MiB, P0, 0x0000000000000020
2026-09-26 16:54:56,2026/09/26 16:54:56.992, 75, 59.99 W, 2295 MHz, 8001 MHz, 81 %, 7079 MiB, 8188 MiB, P0, 0x0000000000000020
2026-09-26 16:55:07,2026/09/26 16:55:07.058, 74, 59.89 W, 2295 MHz, 8001 MHz, 80 %, 7079 MiB, 8188 MiB, P0, 0x0000000000000020
2026-09-26 16:55:17,2026/09/26 16:55:17.104, 76, 83.65 W, 2295 MHz, 8001 MHz, 94 %, 7079 MiB, 8188 MiB, P0, 0x0000000000000020
2026-09-26 16:55:27,2026/09/26 16:55:27.151, 77, 84.67 W, 2295 MHz, 8001 MHz, 95 %, 7079 MiB, 8188 MiB, P0, 0x0000000000000020
2026-09-26 16:55:37,2026/09/26 16:55:37.202, 78, 82.24 W, 2295 MHz, 8001 MHz, 95 %, 7079 MiB, 8188 MiB, P0, 0x0000000000000020
2026-09-26 16:55:47,2026/09/26 16:55:47.258, 68, 29.66 W, 270 MHz, 6001 MHz, 100 %, 7079 MiB, 8188 MiB, P4, 0x0000000000000004
2026-09-26 16:55:57,2026/09/26 16:55:57.301, 67, 30.08 W, 720 MHz, 6001 MHz, 100 %, 7079 MiB, 8188 MiB, P4, 0x0000000000000004
2026-09-26 16:56:07,2026/09/26 16:56:07.359, 67, 29.88 W, 345 MHz, 6001 MHz, 100 %, 7079 MiB, 8188 MiB, P4, 0x0000000000000004
2026-09-26 16:56:17,2026/09/26 16:56:17.426, 67, 29.78 W, 555 MHz, 6001 MHz, 91 %, 7079 MiB, 8188 MiB, P4, 0x0000000000000004
2026-09-26 16:56:27,2026/09/26 16:56:27.484, 67, 30.08 W, 360 MHz, 6001 MHz, 100 %, 7079 MiB, 8188 MiB, P4, 0x0000000000000004
2026-09-26 16:56:37,2026/09/26 16:56:37.548, 66, 29.93 W, 345 MHz, 6001 MHz, 100 %, 7079 MiB, 8188 MiB, P4, 0x0000000000000004
2026-09-26 16:56:47,2026/09/26 16:56:47.605, 77, 82.60 W, 2295 MHz, 8001 MHz, 94 %, 7079 MiB, 8188 MiB, P0, 0x0000000000000020
2026-09-26 16:56:57,2026/09/26 16:56:57.672, 67, 29.77 W, 540 MHz, 6001 MHz, 100 %, 7079 MiB, 8188 MiB, P4, 0x0000000000000004
2026-09-26 16:57:07,2026/09/26 16:57:07.716, 67, 29.99 W, 315 MHz, 6001 MHz, 100 %, 7079 MiB, 8188 MiB, P4, 0x0000000000000004
2026-09-26 16:57:17,2026/09/26 16:57:17.782, 66, 29.73 W, 540 MHz, 6001 MHz, 100 %, 7079 MiB, 8188 MiB, P4, 0x0000000000000004
2026-09-26 16:57:27,2026/09/26 16:57:27.855, 77, 81.29 W, 2295 MHz, 8001 MHz, 92 %, 7079 MiB, 8188 MiB, P0, 0x0000000000000020
2026-09-26 16:57:37,2026/09/26 16:57:37.915, 68, 28.53 W, 375 MHz, 6001 MHz, 92 %, 7079 MiB, 8188 MiB, P4, 0x0000000000000024
2026-09-26 16:57:47,2026/09/26 16:57:47.985, 68, 29.88 W, 300 MHz, 6001 MHz, 100 %, 7079 MiB, 8188 MiB, P4, 0x0000000000000004
2026-09-26 16:57:58,2026/09/26 16:57:58.032, 67, 29.73 W, 525 MHz, 6001 MHz, 94 %, 7079 MiB, 8188 MiB, P4, 0x0000000000000004
2026-09-26 16:58:08,2026/09/26 16:58:08.075, 67, 30.08 W, 315 MHz, 6001 MHz, 100 %, 7079 MiB, 8188 MiB, P4, 0x0000000000000004
2026-09-26 16:58:18,2026/09/26 16:58:18.123, 67, 29.87 W, 315 MHz, 6001 MHz, 100 %, 7079 MiB, 8188 MiB, P4, 0x0000000000000004
2026-09-26 16:58:28,2026/09/26 16:58:28.169, 67, 29.90 W, 765 MHz, 6001 MHz, 92 %, 7079 MiB, 8188 MiB, P4, 0x0000000000000004
2026-09-26 16:58:38,2026/09/26 16:58:38.212, 67, 30.00 W, 330 MHz, 6001 MHz, 100 %, 7079 MiB, 8188 MiB, P4, 0x0000000000000004
2026-09-26 16:58:48,2026/09/26 16:58:48.261, 77, 83.67 W, 2295 MHz, 8001 MHz, 92 %, 7079 MiB, 8188 MiB, P0, 0x0000000000000020
2026-09-26 16:58:58,2026/09/26 16:58:58.325, 67, 22.55 W, 2370 MHz, 6001 MHz, 0 %, 7079 MiB, 8188 MiB, P4, 0x0000000000000024
2026-09-26 16:59:08,2026/09/26 16:59:08.376, 68, 35.18 W, 2595 MHz, 8001 MHz, 0 %, 7079 MiB, 8188 MiB, P0, 0x0000000000000000
2026-09-26 16:59:18,2026/09/26 16:59:18.447, 64, 4.42 W, 240 MHz, 405 MHz, 100 %, 7079 MiB, 8188 MiB, P8, 0x0000000000000001
2026-09-26 16:59:28,2026/09/26 16:59:28.514, 67, 29.87 W, 420 MHz, 6001 MHz, 100 %, 7079 MiB, 8188 MiB, P4, 0x0000000000000004
2026-09-26 16:59:38,2026/09/26 16:59:38.563, 67, 29.87 W, 390 MHz, 6001 MHz, 100 %, 7079 MiB, 8188 MiB, P4, 0x0000000000000004
2026-09-26 16:59:48,2026/09/26 16:59:48.619, 67, 29.78 W, 525 MHz, 6001 MHz, 100 %, 7079 MiB, 8188 MiB, P4, 0x0000000000000004
2026-09-26 16:59:58,2026/09/26 16:59:58.671, 66, 29.90 W, 435 MHz, 6001 MHz, 100 %, 7079 MiB, 8188 MiB, P4, 0x0000000000000004
2026-09-26 17:00:08,2026/09/26 17:00:08.720, 66, 29.91 W, 690 MHz, 6001 MHz, 100 %, 7079 MiB, 8188 MiB, P4, 0x0000000000000004
2026-09-26 17:00:18,2026/09/26 17:00:18.778, 67, 29.88 W, 555 MHz, 6001 MHz, 100 %, 7079 MiB, 8188 MiB, P4, 0x0000000000000004
2026-09-26 17:00:28,2026/09/26 17:00:28.839, 67, 29.80 W, 495 MHz, 6001 MHz, 100 %, 7079 MiB, 8188 MiB, P4, 0x0000000000000004
2026-09-26 17:00:38,2026/09/26 17:00:38.886, 67, 29.90 W, 540 MHz, 6001 MHz, 100 %, 7079 MiB, 8188 MiB, P4, 0x0000000000000004
2026-09-26 17:00:48,2026/09/26 17:00:48.960, 67, 29.99 W, 405 MHz, 6001 MHz, 100 %, 7079 MiB, 8188 MiB, P4, 0x0000000000000004
2026-09-26 17:00:58,2026/09/26 17:00:59.017, 67, 28.95 W, 405 MHz, 6001 MHz, 97 %, 7079 MiB, 8188 MiB, P4, 0x0000000000000004
2026-09-26 17:01:09,2026/09/26 17:01:09.081, 63, 3.53 W, 210 MHz, 405 MHz, 0 %, 7079 MiB, 8188 MiB, P8, 0x0000000000000001
2026-09-26 17:01:19,2026/09/26 17:01:19.153, 62, 3.55 W, 210 MHz, 405 MHz, 0 %, 7079 MiB, 8188 MiB, P8, 0x0000000000000001
2026-09-26 17:01:29,2026/09/26 17:01:29.205, 61, 3.49 W, 210 MHz, 405 MHz, 0 %, 7079 MiB, 8188 MiB, P8, 0x0000000000000001
2026-09-26 17:01:39,2026/09/26 17:01:39.258, 75, 85.17 W, 2325 MHz, 8001 MHz, 100 %, 7079 MiB, 8188 MiB, P0, 0x0000000000000020
2026-09-26 17:01:49,2026/09/26 17:01:49.309, 78, 82.92 W, 2430 MHz, 8001 MHz, 88 %, 7079 MiB, 8188 MiB, P0, 0x0000000000000020
2026-09-26 17:01:59,2026/09/26 17:01:59.370, 75, 82.31 W, 2295 MHz, 8001 MHz, 100 %, 7079 MiB, 8188 MiB, P0, 0x0000000000000020
2026-09-26 17:02:09,2026/09/26 17:02:09.427, 67, 29.84 W, 270 MHz, 6001 MHz, 100 %, 7079 MiB, 8188 MiB, P4, 0x0000000000000004
2026-09-26 17:02:19,2026/09/26 17:02:19.471, 67, 29.82 W, 435 MHz, 6001 MHz, 93 %, 7079 MiB, 8188 MiB, P4, 0x0000000000000004
2026-09-26 17:02:29,2026/09/26 17:02:29.521, 67, 29.88 W, 345 MHz, 6001 MHz, 100 %, 7079 MiB, 8188 MiB, P4, 0x0000000000000004
2026-09-26 17:02:39,2026/09/26 17:02:39.583, 67, 29.76 W, 555 MHz, 6001 MHz, 92 %, 7079 MiB, 8188 MiB, P4, 0x0000000000000004
2026-09-26 17:02:49,2026/09/26 17:02:49.638, 77, 84.15 W, 2295 MHz, 8001 MHz, 93 %, 7079 MiB, 8188 MiB, P0, 0x0000000000000020
2026-09-26 17:02:59,2026/09/26 17:02:59.694, 79, 84.24 W, 2295 MHz, 8001 MHz, 94 %, 7079 MiB, 8188 MiB, P0, 0x0000000000000020
2026-09-26 17:03:09,2026/09/26 17:03:09.754, 68, 29.75 W, 345 MHz, 6001 MHz, 100 %, 7079 MiB, 8188 MiB, P4, 0x0000000000000004
2026-09-26 17:03:19,2026/09/26 17:03:19.802, 67, 30.03 W, 705 MHz, 6001 MHz, 100 %, 7079 MiB, 8188 MiB, P4, 0x0000000000000004
2026-09-26 17:03:29,2026/09/26 17:03:29.846, 67, 29.80 W, 285 MHz, 6001 MHz, 100 %, 7079 MiB, 8188 MiB, P4, 0x0000000000000004
2026-09-26 17:03:39,2026/09/26 17:03:39.897, 67, 30.02 W, 330 MHz, 6001 MHz, 100 %, 7079 MiB, 8188 MiB, P4, 0x0000000000000004
2026-09-26 17:03:49,2026/09/26 17:03:49.951, 67, 29.76 W, 525 MHz, 6001 MHz, 95 %, 7079 MiB, 8188 MiB, P4, 0x0000000000000004
2026-09-26 17:03:59,2026/09/26 17:04:00.017, 67, 29.96 W, 315 MHz, 6001 MHz, 100 %, 7079 MiB, 8188 MiB, P4, 0x0000000000000004
2026-09-26 17:04:10,2026/09/26 17:04:10.073, 67, 29.80 W, 540 MHz, 6001 MHz, 100 %, 7079 MiB, 8188 MiB, P4, 0x0000000000000004
2026-09-26 17:04:20,2026/09/26 17:04:20.143, 66, 30.05 W, 330 MHz, 6001 MHz, 100 %, 7079 MiB, 8188 MiB, P4, 0x0000000000000004
2026-09-26 17:04:30,2026/09/26 17:04:30.196, 67, 29.84 W, 465 MHz, 6001 MHz, 100 %, 7079 MiB, 8188 MiB, P4, 0x0000000000000004
2026-09-26 17:04:40,2026/09/26 17:04:40.249, 77, 82.97 W, 2340 MHz, 8001 MHz, 97 %, 7079 MiB, 8188 MiB, P0, 0x0000000000000020
2026-09-26 17:04:50,2026/09/26 17:04:50.318, 78, 83.96 W, 2295 MHz, 8001 MHz, 93 %, 7079 MiB, 8188 MiB, P0, 0x0000000000000020
2026-09-26 17:05:00,2026/09/26 17:05:00.383, 68, 30.03 W, 360 MHz, 6001 MHz, 97 %, 7079 MiB, 8188 MiB, P4, 0x0000000000000004
2026-09-26 17:05:10,2026/09/26 17:05:10.448, 68, 29.91 W, 345 MHz, 6001 MHz, 100 %, 7079 MiB, 8188 MiB, P4, 0x0000000000000004
2026-09-26 17:05:20,2026/09/26 17:05:20.490, 67, 29.84 W, 495 MHz, 6001 MHz, 95 %, 7079 MiB, 8188 MiB, P4, 0x0000000000000004
2026-09-26 17:05:30,2026/09/26 17:05:30.552, 67, 30.03 W, 315 MHz, 6001 MHz, 100 %, 7079 MiB, 8188 MiB, P4, 0x0000000000000004
2026-09-26 17:05:40,2026/09/26 17:05:40.606, 67, 29.84 W, 555 MHz, 6001 MHz, 100 %, 7079 MiB, 8188 MiB, P4, 0x0000000000000004
2026-09-26 17:05:50,2026/09/26 17:05:50.657, 67, 29.84 W, 405 MHz, 6001 MHz, 94 %, 7079 MiB, 8188 MiB, P4, 0x0000000000000004
2026-09-26 17:06:00,2026/09/26 17:06:00.725, 66, 29.84 W, 345 MHz, 6001 MHz, 100 %, 7079 MiB, 8188 MiB, P4, 0x0000000000000004
2026-09-26 17:06:10,2026/09/26 17:06:10.775, 74, 84.85 W, 2295 MHz, 8001 MHz, 95 %, 7079 MiB, 8188 MiB, P0, 0x0000000000000020
2026-09-26 17:06:20,2026/09/26 17:06:20.834, 77, 84.73 W, 2295 MHz, 8001 MHz, 92 %, 7079 MiB, 8188 MiB, P0, 0x0000000000000020
2026-09-26 17:06:30,2026/09/26 17:06:30.886, 68, 29.96 W, 765 MHz, 6001 MHz, 99 %, 7079 MiB, 8188 MiB, P4, 0x0000000000000004
2026-09-26 17:06:40,2026/09/26 17:06:40.930, 68, 29.91 W, 330 MHz, 6001 MHz, 100 %, 7079 MiB, 8188 MiB, P4, 0x0000000000000004
2026-09-26 17:06:50,2026/09/26 17:06:50.973, 68, 29.76 W, 510 MHz, 6001 MHz, 93 %, 7079 MiB, 8188 MiB, P4, 0x0000000000000004
2026-09-26 17:07:01,2026/09/26 17:07:01.047, 67, 30.10 W, 330 MHz, 6001 MHz, 100 %, 7079 MiB, 8188 MiB, P4, 0x0000000000000004
2026-09-26 17:07:11,2026/09/26 17:07:11.099, 67, 29.75 W, 225 MHz, 6001 MHz, 100 %, 7079 MiB, 8188 MiB, P4, 0x0000000000000004
2026-09-26 17:07:21,2026/09/26 17:07:21.161, 67, 29.90 W, 450 MHz, 6001 MHz, 95 %, 7079 MiB, 8188 MiB, P4, 0x0000000000000004
2026-09-26 17:07:31,2026/09/26 17:07:31.203, 67, 30.02 W, 390 MHz, 6001 MHz, 100 %, 7079 MiB, 8188 MiB, P4, 0x0000000000000004
2026-09-26 17:07:41,2026/09/26 17:07:41.260, 67, 29.83 W, 330 MHz, 6001 MHz, 100 %, 7079 MiB, 8188 MiB, P4, 0x0000000000000004
2026-09-26 17:07:51,2026/09/26 17:07:51.317, 67, 29.76 W, 465 MHz, 6001 MHz, 95 %, 7079 MiB, 8188 MiB, P4, 0x0000000000000004
2026-09-26 17:08:01,2026/09/26 17:08:01.385, 66, 30.03 W, 330 MHz, 6001 MHz, 100 %, 7079 MiB, 8188 MiB, P4, 0x0000000000000004
2026-09-26 17:08:11,2026/09/26 17:08:11.448, 77, 83.29 W, 2295 MHz, 8001 MHz, 100 %, 7079 MiB, 8188 MiB, P0, 0x0000000000000020
2026-09-26 17:08:21,2026/09/26 17:08:21.520, 77, 83.76 W, 2295 MHz, 8001 MHz, 88 %, 7079 MiB, 8188 MiB, P0, 0x0000000000000020
2026-09-26 17:08:31,2026/09/26 17:08:31.563, 68, 29.94 W, 315 MHz, 6001 MHz, 100 %, 7079 MiB, 8188 MiB, P4, 0x0000000000000004
2026-09-26 17:08:41,2026/09/26 17:08:41.612, 67, 29.84 W, 750 MHz, 6001 MHz, 92 %, 7079 MiB, 8188 MiB, P4, 0x0000000000000004
2026-09-26 17:08:51,2026/09/26 17:08:51.661, 67, 29.41 W, 1290 MHz, 6001 MHz, 80 %, 7079 MiB, 8188 MiB, P4, 0x0000000000000004
2026-09-26 17:09:01,2026/09/26 17:09:01.722, 67, 29.84 W, 315 MHz, 6001 MHz, 100 %, 7079 MiB, 8188 MiB, P4, 0x0000000000000004
2026-09-26 17:09:11,2026/09/26 17:09:11.772, 67, 30.01 W, 330 MHz, 6001 MHz, 100 %, 7079 MiB, 8188 MiB, P4, 0x0000000000000004
2026-09-26 17:09:21,2026/09/26 17:09:21.818, 67, 29.87 W, 255 MHz, 6001 MHz, 100 %, 7079 MiB, 8188 MiB, P4, 0x0000000000000004
2026-09-26 17:09:31,2026/09/26 17:09:31.877, 66, 30.07 W, 360 MHz, 6001 MHz, 100 %, 7079 MiB, 8188 MiB, P4, 0x0000000000000004
2026-09-26 17:09:41,2026/09/26 17:09:41.931, 76, 83.79 W, 2295 MHz, 8001 MHz, 94 %, 7079 MiB, 8188 MiB, P0, 0x0000000000000020
2026-09-26 17:09:51,2026/09/26 17:09:51.975, 77, 83.84 W, 2295 MHz, 8001 MHz, 89 %, 7079 MiB, 8188 MiB, P0, 0x0000000000000020
2026-09-26 17:10:02,2026/09/26 17:10:02.050, 67, 29.92 W, 330 MHz, 6001 MHz, 100 %, 7079 MiB, 8188 MiB, P4, 0x0000000000000004
2026-09-26 17:10:12,2026/09/26 17:10:12.118, 67, 29.70 W, 525 MHz, 6001 MHz, 93 %, 7079 MiB, 8188 MiB, P4, 0x0000000000000004
2026-09-26 17:10:22,2026/09/26 17:10:22.177, 67, 30.09 W, 330 MHz, 6001 MHz, 100 %, 7079 MiB, 8188 MiB, P4, 0x0000000000000004
2026-09-26 17:10:32,2026/09/26 17:10:32.226, 67, 29.99 W, 300 MHz, 6001 MHz, 100 %, 7079 MiB, 8188 MiB, P4, 0x0000000000000004
2026-09-26 17:10:42,2026/09/26 17:10:42.270, 66, 29.85 W, 420 MHz, 6001 MHz, 100 %, 7079 MiB, 8188 MiB, P4, 0x0000000000000004
2026-09-26 17:10:52,2026/09/26 17:10:52.328, 66, 29.93 W, 315 MHz, 6001 MHz, 100 %, 7079 MiB, 8188 MiB, P4, 0x0000000000000004
2026-09-26 17:11:02,2026/09/26 17:11:02.385, 67, 29.81 W, 510 MHz, 6001 MHz, 94 %, 7079 MiB, 8188 MiB, P4, 0x0000000000000004
2026-09-26 17:11:12,2026/09/26 17:11:12.448, 77, 84.17 W, 2295 MHz, 8001 MHz, 91 %, 7079 MiB, 8188 MiB, P0, 0x0000000000000020
2026-09-26 17:11:22,2026/09/26 17:11:22.518, 80, 81.82 W, 2295 MHz, 8001 MHz, 91 %, 7079 MiB, 8188 MiB, P0, 0x0000000000000020
2026-09-26 17:11:32,2026/09/26 17:11:32.564, 80, 83.70 W, 2295 MHz, 8001 MHz, 98 %, 7079 MiB, 8188 MiB, P0, 0x0000000000000020
2026-09-26 17:11:42,2026/09/26 17:11:42.614, 69, 29.82 W, 615 MHz, 6001 MHz, 95 %, 7079 MiB, 8188 MiB, P4, 0x0000000000000004
2026-09-26 17:11:52,2026/09/26 17:11:52.684, 68, 29.86 W, 300 MHz, 6001 MHz, 100 %, 7079 MiB, 8188 MiB, P4, 0x0000000000000004
2026-09-26 17:12:02,2026/09/26 17:12:02.736, 68, 29.90 W, 510 MHz, 6001 MHz, 100 %, 7079 MiB, 8188 MiB, P4, 0x0000000000000004
2026-09-26 17:12:12,2026/09/26 17:12:12.782, 67, 30.07 W, 330 MHz, 6001 MHz, 100 %, 7079 MiB, 8188 MiB, P4, 0x0000000000000004
2026-09-26 17:12:22,2026/09/26 17:12:22.837, 68, 30.07 W, 435 MHz, 6001 MHz, 100 %, 7079 MiB, 8188 MiB, P4, 0x0000000000000004
2026-09-26 17:12:32,2026/09/26 17:12:32.893, 67, 29.86 W, 345 MHz, 6001 MHz, 95 %, 7079 MiB, 8188 MiB, P4, 0x0000000000000004
2026-09-26 17:12:42,2026/09/26 17:12:42.938, 67, 29.84 W, 255 MHz, 6001 MHz, 100 %, 7079 MiB, 8188 MiB, P4, 0x0000000000000004
2026-09-26 17:12:52,2026/09/26 17:12:52.987, 67, 29.80 W, 450 MHz, 6001 MHz, 92 %, 7079 MiB, 8188 MiB, P4, 0x0000000000000004
2026-09-26 17:13:03,2026/09/26 17:13:03.042, 67, 30.20 W, 330 MHz, 6001 MHz, 100 %, 7079 MiB, 8188 MiB, P4, 0x0000000000000004
2026-09-26 17:13:13,2026/09/26 17:13:13.094, 67, 29.73 W, 525 MHz, 6001 MHz, 100 %, 7079 MiB, 8188 MiB, P4, 0x0000000000000004
2026-09-26 17:13:23,2026/09/26 17:13:23.145, 66, 30.07 W, 330 MHz, 6001 MHz, 100 %, 7079 MiB, 8188 MiB, P4, 0x0000000000000004
2026-09-26 17:13:33,2026/09/26 17:13:33.214, 77, 83.32 W, 2295 MHz, 8001 MHz, 91 %, 7079 MiB, 8188 MiB, P0, 0x0000000000000020
2026-09-26 17:13:43,2026/09/26 17:13:43.269, 80, 83.65 W, 2295 MHz, 8001 MHz, 91 %, 7079 MiB, 8188 MiB, P0, 0x0000000000000020
2026-09-26 17:13:53,2026/09/26 17:13:53.312, 68, 30.08 W, 375 MHz, 6001 MHz, 100 %, 7079 MiB, 8188 MiB, P4, 0x0000000000000004
2026-09-26 17:14:03,2026/09/26 17:14:03.365, 67, 29.90 W, 315 MHz, 6001 MHz, 100 %, 7079 MiB, 8188 MiB, P4, 0x0000000000000004
2026-09-26 17:14:13,2026/09/26 17:14:13.431, 67, 29.90 W, 480 MHz, 6001 MHz, 95 %, 7079 MiB, 8188 MiB, P4, 0x0000000000000004
2026-09-26 17:14:23,2026/09/26 17:14:23.496, 67, 29.86 W, 345 MHz, 6001 MHz, 100 %, 7079 MiB, 8188 MiB, P4, 0x0000000000000004
2026-09-26 17:14:33,2026/09/26 17:14:33.572, 67, 29.84 W, 540 MHz, 6001 MHz, 93 %, 7079 MiB, 8188 MiB, P4, 0x0000000000000004
2026-09-26 17:14:43,2026/09/26 17:14:43.616, 67, 29.90 W, 330 MHz, 6001 MHz, 100 %, 7079 MiB, 8188 MiB, P4, 0x0000000000000004
2026-09-26 17:14:53,2026/09/26 17:14:53.670, 67, 29.75 W, 540 MHz, 6001 MHz, 95 %, 7079 MiB, 8188 MiB, P4, 0x0000000000000004
2026-09-26 17:15:03,2026/09/26 17:15:03.714, 66, 30.00 W, 330 MHz, 6001 MHz, 100 %, 7079 MiB, 8188 MiB, P4, 0x0000000000000004
2026-09-26 17:15:13,2026/09/26 17:15:13.768, 76, 83.61 W, 2295 MHz, 8001 MHz, 95 %, 7079 MiB, 8188 MiB, P0, 0x0000000000000020
2026-09-26 17:15:23,2026/09/26 17:15:23.824, 78, 82.62 W, 2325 MHz, 8001 MHz, 100 %, 7079 MiB, 8188 MiB, P0, 0x0000000000000020
2026-09-26 17:15:33,2026/09/26 17:15:33.869, 78, 84.02 W, 2295 MHz, 8001 MHz, 92 %, 7079 MiB, 8188 MiB, P0, 0x0000000000000020
2026-09-26 17:15:43,2026/09/26 17:15:43.939, 67, 26.09 W, 525 MHz, 6001 MHz, 0 %, 7079 MiB, 8188 MiB, P4, 0x0000000000000001
2026-09-26 17:15:53,2026/09/26 17:15:53.985, 64, 3.58 W, 210 MHz, 405 MHz, 0 %, 7079 MiB, 8188 MiB, P8, 0x0000000000000001
2026-09-26 17:16:04,2026/09/26 17:16:04.034, 67, 29.95 W, 540 MHz, 6001 MHz, 100 %, 7079 MiB, 8188 MiB, P4, 0x0000000000000004
2026-09-26 17:16:14,2026/09/26 17:16:14.088, 67, 29.83 W, 555 MHz, 6001 MHz, 100 %, 7079 MiB, 8188 MiB, P4, 0x0000000000000004
2026-09-26 17:16:24,2026/09/26 17:16:24.134, 67, 29.99 W, 555 MHz, 6001 MHz, 98 %, 7079 MiB, 8188 MiB, P4, 0x0000000000000004
2026-09-26 17:16:34,2026/09/26 17:16:34.185, 67, 29.80 W, 555 MHz, 6001 MHz, 100 %, 7079 MiB, 8188 MiB, P4, 0x0000000000000004
2026-09-26 17:16:44,2026/09/26 17:16:44.231, 67, 29.90 W, 525 MHz, 6001 MHz, 100 %, 7079 MiB, 8188 MiB, P4, 0x0000000000000004
2026-09-26 17:16:54,2026/09/26 17:16:54.284, 67, 29.90 W, 450 MHz, 6001 MHz, 100 %, 7079 MiB, 8188 MiB, P4, 0x0000000000000004
2026-09-26 17:17:04,2026/09/26 17:17:04.353, 66, 29.84 W, 435 MHz, 6001 MHz, 100 %, 7079 MiB, 8188 MiB, P4, 0x0000000000000004
2026-09-26 17:17:14,2026/09/26 17:17:14.421, 67, 29.97 W, 570 MHz, 6001 MHz, 100 %, 7079 MiB, 8188 MiB, P4, 0x0000000000000004
2026-09-26 17:17:24,2026/09/26 17:17:24.470, 67, 29.91 W, 420 MHz, 6001 MHz, 100 %, 7079 MiB, 8188 MiB, P4, 0x0000000000000004
2026-09-26 17:17:34,2026/09/26 17:17:34.542, 67, 29.85 W, 495 MHz, 6001 MHz, 100 %, 7079 MiB, 8188 MiB, P4, 0x0000000000000004
2026-09-26 17:17:44,2026/09/26 17:17:44.597, 64, 12.97 W, 240 MHz, 810 MHz, 0 %, 7079 MiB, 8188 MiB, P5, 0x0000000000000001
2026-09-26 17:17:54,2026/09/26 17:17:54.698, 62, 3.49 W, 210 MHz, 405 MHz, 0 %, 7079 MiB, 8188 MiB, P8, 0x0000000000000001
2026-09-26 17:18:04,2026/09/26 17:18:04.774, 61, 3.54 W, 210 MHz, 405 MHz, 0 %, 7079 MiB, 8188 MiB, P8, 0x0000000000000001
2026-09-26 17:18:14,2026/09/26 17:18:14.827, 75, 43.56 W, 2505 MHz, 8001 MHz, 91 %, 7079 MiB, 8188 MiB, P0, 0x0000000000000000
2026-09-26 17:18:24,2026/09/26 17:18:24.883, 75, 85.24 W, 2325 MHz, 8001 MHz, 91 %, 7079 MiB, 8188 MiB, P0, 0x0000000000000020
2026-09-26 17:18:34,2026/09/26 17:18:34.928, 75, 84.41 W, 2295 MHz, 8001 MHz, 99 %, 7079 MiB, 8188 MiB, P0, 0x0000000000000020
2026-09-26 17:18:44,2026/09/26 17:18:44.968, 77, 83.60 W, 2295 MHz, 8001 MHz, 100 %, 7079 MiB, 8188 MiB, P0, 0x0000000000000020
2026-09-26 17:18:54,2026/09/26 17:18:55.022, 77, 81.83 W, 2295 MHz, 8001 MHz, 90 %, 7079 MiB, 8188 MiB, P0, 0x0000000000000020
2026-09-26 17:19:05,2026/09/26 17:19:05.075, 68, 29.85 W, 300 MHz, 6001 MHz, 100 %, 7079 MiB, 8188 MiB, P4, 0x0000000000000004
2026-09-26 17:19:15,2026/09/26 17:19:15.126, 67, 29.77 W, 555 MHz, 6001 MHz, 100 %, 7079 MiB, 8188 MiB, P4, 0x0000000000000004
2026-09-26 17:19:25,2026/09/26 17:19:25.182, 67, 29.98 W, 330 MHz, 6001 MHz, 100 %, 7079 MiB, 8188 MiB, P4, 0x0000000000000004
2026-09-26 17:19:35,2026/09/26 17:19:35.234, 67, 29.81 W, 525 MHz, 6001 MHz, 100 %, 7079 MiB, 8188 MiB, P4, 0x0000000000000004
2026-09-26 17:19:45,2026/09/26 17:19:45.291, 67, 29.84 W, 735 MHz, 6001 MHz, 92 %, 7079 MiB, 8188 MiB, P4, 0x0000000000000004
2026-09-26 17:19:55,2026/09/26 17:19:55.348, 67, 29.87 W, 300 MHz, 6001 MHz, 100 %, 7079 MiB, 8188 MiB, P4, 0x0000000000000004
2026-09-26 17:20:05,2026/09/26 17:20:05.398, 77, 83.41 W, 2295 MHz, 8001 MHz, 100 %, 7079 MiB, 8188 MiB, P0, 0x0000000000000020
2026-09-26 17:20:15,2026/09/26 17:20:15.465, 78, 83.72 W, 2295 MHz, 8001 MHz, 100 %, 7079 MiB, 8188 MiB, P0, 0x0000000000000020
2026-09-26 17:20:25,2026/09/26 17:20:25.513, 69, 29.93 W, 480 MHz, 6001 MHz, 88 %, 7079 MiB, 8188 MiB, P4, 0x0000000000000004
2026-09-26 17:20:35,2026/09/26 17:20:35.557, 68, 30.08 W, 330 MHz, 6001 MHz, 100 %, 7079 MiB, 8188 MiB, P4, 0x0000000000000004
2026-09-26 17:20:45,2026/09/26 17:20:45.607, 68, 29.92 W, 255 MHz, 6001 MHz, 100 %, 7079 MiB, 8188 MiB, P4, 0x0000000000000004
2026-09-26 17:20:55,2026/09/26 17:20:55.652, 67, 29.98 W, 360 MHz, 6001 MHz, 100 %, 7079 MiB, 8188 MiB, P4, 0x0000000000000004
2026-09-26 17:21:05,2026/09/26 17:21:05.701, 67, 29.90 W, 300 MHz, 6001 MHz, 100 %, 7079 MiB, 8188 MiB, P4, 0x0000000000000004
2026-09-26 17:21:15,2026/09/26 17:21:15.755, 67, 29.86 W, 555 MHz, 6001 MHz, 94 %, 7079 MiB, 8188 MiB, P4, 0x0000000000000004
2026-09-26 17:21:25,2026/09/26 17:21:25.809, 67, 30.05 W, 690 MHz, 6001 MHz, 100 %, 7079 MiB, 8188 MiB, P4, 0x0000000000000004
2026-09-26 17:21:35,2026/09/26 17:21:35.865, 66, 29.85 W, 330 MHz, 6001 MHz, 100 %, 7079 MiB, 8188 MiB, P4, 0x0000000000000004
2026-09-26 17:21:45,2026/09/26 17:21:45.915, 67, 29.77 W, 435 MHz, 6001 MHz, 99 %, 7079 MiB, 8188 MiB, P4, 0x0000000000000004
2026-09-26 17:21:55,2026/09/26 17:21:55.967, 66, 30.07 W, 555 MHz, 6001 MHz, 100 %, 7079 MiB, 8188 MiB, P4, 0x0000000000000004
2026-09-26 17:22:05,2026/09/26 17:22:06.010, 75, 84.51 W, 2295 MHz, 8001 MHz, 100 %, 7079 MiB, 8188 MiB, P0, 0x0000000000000020
2026-09-26 17:22:16,2026/09/26 17:22:16.056, 69, 29.45 W, 345 MHz, 6001 MHz, 100 %, 7079 MiB, 8188 MiB, P4, 0x0000000000000004
2026-09-26 17:22:26,2026/09/26 17:22:26.121, 68, 29.79 W, 345 MHz, 6001 MHz, 97 %, 7079 MiB, 8188 MiB, P4, 0x0000000000000004
2026-09-26 17:22:36,2026/09/26 17:22:36.189, 67, 29.72 W, 375 MHz, 6001 MHz, 100 %, 7079 MiB, 8188 MiB, P4, 0x0000000000000004
2026-09-26 17:22:46,2026/09/26 17:22:46.245, 67, 29.88 W, 270 MHz, 6001 MHz, 100 %, 7079 MiB, 8188 MiB, P4, 0x0000000000000004
2026-09-26 17:22:56,2026/09/26 17:22:56.287, 66, 29.79 W, 510 MHz, 6001 MHz, 92 %, 7079 MiB, 8188 MiB, P4, 0x0000000000000004
2026-09-26 17:23:06,2026/09/26 17:23:06.340, 66, 30.14 W, 315 MHz, 6001 MHz, 100 %, 7079 MiB, 8188 MiB, P4, 0x0000000000000004
2026-09-26 17:23:16,2026/09/26 17:23:16.383, 67, 29.78 W, 540 MHz, 6001 MHz, 100 %, 7079 MiB, 8188 MiB, P4, 0x0000000000000004
2026-09-26 17:23:26,2026/09/26 17:23:26.456, 76, 84.01 W, 2295 MHz, 8001 MHz, 95 %, 7079 MiB, 8188 MiB, P0, 0x0000000000000020
2026-09-26 17:23:36,2026/09/26 17:23:36.505, 77, 83.07 W, 2295 MHz, 8001 MHz, 94 %, 7079 MiB, 8188 MiB, P0, 0x0000000000000020
2026-09-26 17:23:46,2026/09/26 17:23:46.550, 69, 29.64 W, 750 MHz, 6001 MHz, 91 %, 7079 MiB, 8188 MiB, P4, 0x0000000000000004
2026-09-26 17:23:56,2026/09/26 17:23:56.600, 68, 29.89 W, 345 MHz, 6001 MHz, 100 %, 7079 MiB, 8188 MiB, P4, 0x0000000000000004
2026-09-26 17:24:06,2026/09/26 17:24:06.645, 68, 29.78 W, 555 MHz, 6001 MHz, 98 %, 7079 MiB, 8188 MiB, P4, 0x0000000000000004
2026-09-26 17:24:16,2026/09/26 17:24:16.693, 67, 30.07 W, 330 MHz, 6001 MHz, 100 %, 7079 MiB, 8188 MiB, P4, 0x0000000000000004
2026-09-26 17:24:26,2026/09/26 17:24:26.739, 67, 29.83 W, 510 MHz, 6001 MHz, 100 %, 7079 MiB, 8188 MiB, P4, 0x0000000000000004
2026-09-26 17:24:36,2026/09/26 17:24:36.784, 67, 30.06 W, 375 MHz, 6001 MHz, 100 %, 7079 MiB, 8188 MiB, P4, 0x0000000000000004
2026-09-26 17:24:46,2026/09/26 17:24:46.835, 66, 29.91 W, 330 MHz, 6001 MHz, 100 %, 7079 MiB, 8188 MiB, P4, 0x0000000000000004
2026-09-26 17:24:56,2026/09/26 17:24:56.883, 77, 84.16 W, 2295 MHz, 8001 MHz, 92 %, 7079 MiB, 8188 MiB, P0, 0x0000000000000020
2026-09-26 17:25:06,2026/09/26 17:25:06.928, 76, 84.31 W, 2295 MHz, 8001 MHz, 100 %, 7079 MiB, 8188 MiB, P0, 0x0000000000000020
2026-09-26 17:25:16,2026/09/26 17:25:16.978, 68, 30.12 W, 315 MHz, 6001 MHz, 100 %, 7079 MiB, 8188 MiB, P4, 0x0000000000000004
2026-09-26 17:25:26,2026/09/26 17:25:27.022, 68, 29.86 W, 270 MHz, 6001 MHz, 100 %, 7079 MiB, 8188 MiB, P4, 0x0000000000000004
2026-09-26 17:25:37,2026/09/26 17:25:37.070, 67, 30.01 W, 525 MHz, 6001 MHz, 100 %, 7079 MiB, 8188 MiB, P4, 0x0000000000000004
2026-09-26 17:25:47,2026/09/26 17:25:47.123, 67, 29.86 W, 285 MHz, 6001 MHz, 100 %, 7079 MiB, 8188 MiB, P4, 0x0000000000000004
2026-09-26 17:25:57,2026/09/26 17:25:57.187, 67, 30.02 W, 660 MHz, 6001 MHz, 100 %, 7079 MiB, 8188 MiB, P4, 0x0000000000000004
2026-09-26 17:26:07,2026/09/26 17:26:07.244, 67, 29.89 W, 315 MHz, 6001 MHz, 100 %, 7079 MiB, 8188 MiB, P4, 0x0000000000000004
2026-09-26 17:26:17,2026/09/26 17:26:17.292, 77, 83.01 W, 2295 MHz, 8001 MHz, 90 %, 7079 MiB, 8188 MiB, P0, 0x0000000000000020
2026-09-26 17:26:27,2026/09/26 17:26:27.353, 68, 29.91 W, 270 MHz, 6001 MHz, 100 %, 7079 MiB, 8188 MiB, P4, 0x0000000000000004
2026-09-26 17:26:37,2026/09/26 17:26:37.415, 67, 29.77 W, 375 MHz, 6001 MHz, 92 %, 7079 MiB, 8188 MiB, P4, 0x0000000000000004
2026-09-26 17:26:47,2026/09/26 17:26:47.476, 67, 29.86 W, 300 MHz, 6001 MHz, 100 %, 7079 MiB, 8188 MiB, P4, 0x0000000000000004
2026-09-26 17:26:57,2026/09/26 17:26:57.524, 67, 29.82 W, 555 MHz, 6001 MHz, 95 %, 7079 MiB, 8188 MiB, P4, 0x0000000000000004
2026-09-26 17:27:07,2026/09/26 17:27:07.595, 67, 29.92 W, 315 MHz, 6001 MHz, 100 %, 7079 MiB, 8188 MiB, P4, 0x0000000000000004
2026-09-26 17:27:17,2026/09/26 17:27:17.639, 66, 29.88 W, 450 MHz, 6001 MHz, 94 %, 7079 MiB, 8188 MiB, P4, 0x0000000000000004
2026-09-26 17:27:27,2026/09/26 17:27:27.689, 66, 30.06 W, 345 MHz, 6001 MHz, 100 %, 7079 MiB, 8188 MiB, P4, 0x0000000000000004
2026-09-26 17:27:37,2026/09/26 17:27:37.743, 76, 82.38 W, 2295 MHz, 8001 MHz, 88 %, 7079 MiB, 8188 MiB, P0, 0x0000000000000020
2026-09-26 17:27:47,2026/09/26 17:27:47.798, 79, 84.26 W, 2295 MHz, 8001 MHz, 93 %, 7079 MiB, 8188 MiB, P0, 0x0000000000000020
2026-09-26 17:27:57,2026/09/26 17:27:57.846, 68, 30.10 W, 330 MHz, 6001 MHz, 100 %, 7079 MiB, 8188 MiB, P4, 0x0000000000000004
2026-09-26 17:28:07,2026/09/26 17:28:07.896, 68, 29.78 W, 555 MHz, 6001 MHz, 100 %, 7079 MiB, 8188 MiB, P4, 0x0000000000000004
2026-09-26 17:28:17,2026/09/26 17:28:17.953, 68, 29.93 W, 315 MHz, 6001 MHz, 77 %, 7079 MiB, 8188 MiB, P4, 0x0000000000000004
2026-09-26 17:28:27,2026/09/26 17:28:27.997, 67, 29.80 W, 555 MHz, 6001 MHz, 94 %, 7079 MiB, 8188 MiB, P4, 0x0000000000000004
2026-09-26 17:28:38,2026/09/26 17:28:38.059, 67, 29.86 W, 330 MHz, 6001 MHz, 100 %, 7079 MiB, 8188 MiB, P4, 0x0000000000000004
2026-09-26 17:28:48,2026/09/26 17:28:48.114, 67, 29.83 W, 765 MHz, 6001 MHz, 92 %, 7079 MiB, 8188 MiB, P4, 0x0000000000000004
2026-09-26 17:28:58,2026/09/26 17:28:58.164, 67, 29.81 W, 255 MHz, 6001 MHz, 100 %, 7079 MiB, 8188 MiB, P4, 0x0000000000000004
2026-09-26 17:29:08,2026/09/26 17:29:08.218, 66, 30.09 W, 375 MHz, 6001 MHz, 100 %, 7079 MiB, 8188 MiB, P4, 0x0000000000000004
2026-09-26 17:29:18,2026/09/26 17:29:18.269, 78, 84.51 W, 2295 MHz, 8001 MHz, 100 %, 7079 MiB, 8188 MiB, P0, 0x0000000000000020
2026-09-26 17:29:28,2026/09/26 17:29:28.327, 69, 29.54 W, 570 MHz, 6001 MHz, 93 %, 7079 MiB, 8188 MiB, P4, 0x0000000000000024
2026-09-26 17:29:38,2026/09/26 17:29:38.374, 68, 30.04 W, 315 MHz, 6001 MHz, 100 %, 7079 MiB, 8188 MiB, P4, 0x0000000000000004
2026-09-26 17:29:48,2026/09/26 17:29:48.427, 67, 30.04 W, 675 MHz, 6001 MHz, 100 %, 7079 MiB, 8188 MiB, P4, 0x0000000000000004
2026-09-26 17:29:58,2026/09/26 17:29:58.472, 67, 29.63 W, 405 MHz, 6001 MHz, 95 %, 7079 MiB, 8188 MiB, P4, 0x0000000000000004
2026-09-26 17:30:08,2026/09/26 17:30:08.517, 67, 30.09 W, 330 MHz, 6001 MHz, 100 %, 7079 MiB, 8188 MiB, P4, 0x0000000000000004
2026-09-26 17:30:18,2026/09/26 17:30:18.564, 67, 29.79 W, 360 MHz, 6001 MHz, 100 %, 7079 MiB, 8188 MiB, P4, 0x0000000000000004
2026-09-26 17:30:28,2026/09/26 17:30:28.614, 66, 29.78 W, 330 MHz, 6001 MHz, 94 %, 7079 MiB, 8188 MiB, P4, 0x0000000000000004
2026-09-26 17:30:38,2026/09/26 17:30:38.674, 67, 29.91 W, 270 MHz, 6001 MHz, 100 %, 7079 MiB, 8188 MiB, P4, 0x0000000000000004
2026-09-26 17:30:48,2026/09/26 17:30:48.728, 66, 29.90 W, 780 MHz, 6001 MHz, 91 %, 7079 MiB, 8188 MiB, P4, 0x0000000000000004
2026-09-26 17:30:58,2026/09/26 17:30:58.774, 77, 83.58 W, 2295 MHz, 8001 MHz, 94 %, 7079 MiB, 8188 MiB, P0, 0x0000000000000020
2026-09-26 17:31:08,2026/09/26 17:31:08.829, 78, 83.50 W, 2295 MHz, 8001 MHz, 95 %, 7079 MiB, 8188 MiB, P0, 0x0000000000000020
2026-09-26 17:31:18,2026/09/26 17:31:18.882, 78, 83.79 W, 2295 MHz, 8001 MHz, 100 %, 7079 MiB, 8188 MiB, P0, 0x0000000000000020
2026-09-26 17:31:28,2026/09/26 17:31:28.951, 69, 29.61 W, 555 MHz, 6001 MHz, 100 %, 7079 MiB, 8188 MiB, P4, 0x0000000000000004
2026-09-26 17:31:38,2026/09/26 17:31:39.002, 68, 30.09 W, 330 MHz, 6001 MHz, 100 %, 7079 MiB, 8188 MiB, P4, 0x0000000000000004
2026-09-26 17:31:49,2026/09/26 17:31:49.056, 68, 29.85 W, 450 MHz, 6001 MHz, 93 %, 7079 MiB, 8188 MiB, P4, 0x0000000000000004
2026-09-26 17:31:59,2026/09/26 17:31:59.124, 67, 29.84 W, 1260 MHz, 6001 MHz, 100 %, 7079 MiB, 8188 MiB, P4, 0x0000000000000004
2026-09-26 17:32:09,2026/09/26 17:32:09.196, 67, 29.74 W, 480 MHz, 6001 MHz, 93 %, 7079 MiB, 8188 MiB, P4, 0x0000000000000004
2026-09-26 17:32:19,2026/09/26 17:32:19.245, 67, 29.88 W, 330 MHz, 6001 MHz, 100 %, 7079 MiB, 8188 MiB, P4, 0x0000000000000004
2026-09-26 17:32:29,2026/09/26 17:32:29.303, 77, 37.95 W, 2415 MHz, 8001 MHz, 61 %, 7079 MiB, 8188 MiB, P0, 0x0000000000000020
2026-09-26 17:32:39,2026/09/26 17:32:39.362, 63, 3.57 W, 210 MHz, 405 MHz, 0 %, 7079 MiB, 8188 MiB, P8, 0x0000000000000001
2026-09-26 17:32:49,2026/09/26 17:32:49.418, 67, 29.85 W, 555 MHz, 6001 MHz, 100 %, 7079 MiB, 8188 MiB, P4, 0x0000000000000004
2026-09-26 17:32:59,2026/09/26 17:32:59.490, 66, 29.96 W, 450 MHz, 6001 MHz, 100 %, 7079 MiB, 8188 MiB, P4, 0x0000000000000004
2026-09-26 17:33:09,2026/09/26 17:33:09.540, 67, 29.40 W, 345 MHz, 8001 MHz, 100 %, 7079 MiB, 8188 MiB, P0, 0x0000000000000004
2026-09-26 17:33:19,2026/09/26 17:33:19.606, 66, 29.78 W, 585 MHz, 6001 MHz, 100 %, 7079 MiB, 8188 MiB, P4, 0x0000000000000004
2026-09-26 17:33:29,2026/09/26 17:33:29.658, 66, 29.96 W, 510 MHz, 6001 MHz, 100 %, 7079 MiB, 8188 MiB, P4, 0x0000000000000004
2026-09-26 17:33:39,2026/09/26 17:33:39.710, 67, 29.83 W, 540 MHz, 6001 MHz, 100 %, 7079 MiB, 8188 MiB, P4, 0x0000000000000004
2026-09-26 17:33:49,2026/09/26 17:33:49.770, 67, 29.79 W, 495 MHz, 6001 MHz, 100 %, 7079 MiB, 8188 MiB, P4, 0x0000000000000004
2026-09-26 17:33:59,2026/09/26 17:33:59.826, 66, 29.78 W, 495 MHz, 6001 MHz, 100 %, 7079 MiB, 8188 MiB, P4, 0x0000000000000004
2026-09-26 17:34:09,2026/09/26 17:34:09.898, 66, 29.81 W, 765 MHz, 6001 MHz, 76 %, 7079 MiB, 8188 MiB, P4, 0x0000000000000004
2026-09-26 17:34:19,2026/09/26 17:34:19.967, 63, 4.62 W, 210 MHz, 405 MHz, 0 %, 7079 MiB, 8188 MiB, P8, 0x0000000000000001
2026-09-26 17:34:29,2026/09/26 17:34:30.039, 62, 3.50 W, 210 MHz, 405 MHz, 0 %, 7079 MiB, 8188 MiB, P8, 0x0000000000000001
2026-09-26 17:34:40,2026/09/26 17:34:40.106, 61, 3.50 W, 210 MHz, 405 MHz, 0 %, 7079 MiB, 8188 MiB, P8, 0x0000000000000001
2026-09-26 17:34:50,2026/09/26 17:34:50.168, 74, 88.27 W, 2355 MHz, 8001 MHz, 100 %, 7079 MiB, 8188 MiB, P0, 0x0000000000000020
2026-09-26 17:35:00,2026/09/26 17:35:00.229, 75, 83.82 W, 2295 MHz, 8001 MHz, 99 %, 7079 MiB, 8188 MiB, P0, 0x0000000000000020
2026-09-26 17:35:10,2026/09/26 17:35:10.288, 75, 83.54 W, 2295 MHz, 8001 MHz, 100 %, 7079 MiB, 8188 MiB, P0, 0x0000000000000020
2026-09-26 17:35:20,2026/09/26 17:35:20.349, 76, 83.04 W, 2295 MHz, 8001 MHz, 95 %, 7079 MiB, 8188 MiB, P0, 0x0000000000000020
2026-09-26 17:35:30,2026/09/26 17:35:30.399, 77, 84.30 W, 2295 MHz, 8001 MHz, 100 %, 7079 MiB, 8188 MiB, P0, 0x0000000000000020
2026-09-26 17:35:40,2026/09/26 17:35:40.453, 78, 84.40 W, 2295 MHz, 8001 MHz, 92 %, 7079 MiB, 8188 MiB, P0, 0x0000000000000020
2026-09-26 17:35:50,2026/09/26 17:35:50.499, 68, 29.76 W, 525 MHz, 6001 MHz, 93 %, 7079 MiB, 8188 MiB, P4, 0x0000000000000004
2026-09-26 17:36:00,2026/09/26 17:36:00.558, 67, 30.05 W, 315 MHz, 6001 MHz, 100 %, 7079 MiB, 8188 MiB, P4, 0x0000000000000004
2026-09-26 17:36:10,2026/09/26 17:36:10.607, 67, 29.84 W, 540 MHz, 6001 MHz, 100 %, 7079 MiB, 8188 MiB, P4, 0x0000000000000004
2026-09-26 17:36:20,2026/09/26 17:36:20.653, 67, 30.09 W, 330 MHz, 6001 MHz, 100 %, 7079 MiB, 8188 MiB, P4, 0x0000000000000004
2026-09-26 17:36:30,2026/09/26 17:36:30.704, 67, 29.88 W, 390 MHz, 6001 MHz, 100 %, 7079 MiB, 8188 MiB, P4, 0x0000000000000004
2026-09-26 17:36:40,2026/09/26 17:36:40.749, 66, 30.09 W, 330 MHz, 6001 MHz, 100 %, 7079 MiB, 8188 MiB, P4, 0x0000000000000004
2026-09-26 17:36:50,2026/09/26 17:36:50.805, 66, 29.94 W, 285 MHz, 6001 MHz, 100 %, 7079 MiB, 8188 MiB, P4, 0x0000000000000004
2026-09-26 17:37:00,2026/09/26 17:37:00.875, 67, 29.73 W, 765 MHz, 6001 MHz, 88 %, 7079 MiB, 8188 MiB, P4, 0x0000000000000004
2026-09-26 17:37:10,2026/09/26 17:37:10.927, 76, 84.42 W, 2295 MHz, 8001 MHz, 100 %, 7079 MiB, 8188 MiB, P0, 0x0000000000000020
2026-09-26 17:37:20,2026/09/26 17:37:20.982, 76, 83.97 W, 2295 MHz, 8001 MHz, 100 %, 7079 MiB, 8188 MiB, P0, 0x0000000000000020
2026-09-26 17:37:31,2026/09/26 17:37:31.039, 78, 84.39 W, 2295 MHz, 8001 MHz, 96 %, 7079 MiB, 8188 MiB, P0, 0x0000000000000020
2026-09-26 17:37:41,2026/09/26 17:37:41.088, 69, 30.10 W, 720 MHz, 6001 MHz, 100 %, 7079 MiB, 8188 MiB, P4, 0x0000000000000004
2026-09-26 17:37:51,2026/09/26 17:37:51.159, 68, 29.89 W, 345 MHz, 6001 MHz, 100 %, 7079 MiB, 8188 MiB, P4, 0x0000000000000004
2026-09-26 17:38:01,2026/09/26 17:38:01.230, 68, 29.83 W, 495 MHz, 6001 MHz, 88 %, 7079 MiB, 8188 MiB, P4, 0x0000000000000004
2026-09-26 17:38:11,2026/09/26 17:38:11.292, 67, 29.95 W, 345 MHz, 6001 MHz, 100 %, 7079 MiB, 8188 MiB, P4, 0x0000000000000004
2026-09-26 17:38:21,2026/09/26 17:38:21.348, 67, 29.84 W, 555 MHz, 6001 MHz, 91 %, 7079 MiB, 8188 MiB, P4, 0x0000000000000004
2026-09-26 17:38:31,2026/09/26 17:38:31.405, 67, 30.01 W, 315 MHz, 6001 MHz, 100 %, 7079 MiB, 8188 MiB, P4, 0x0000000000000004
2026-09-26 17:38:41,2026/09/26 17:38:41.454, 67, 29.90 W, 315 MHz, 6001 MHz, 100 %, 7079 MiB, 8188 MiB, P4, 0x0000000000000004
2026-09-26 17:38:51,2026/09/26 17:38:51.500, 67, 29.72 W, 525 MHz, 6001 MHz, 92 %, 7079 MiB, 8188 MiB, P4, 0x0000000000000004
2026-09-26 17:39:01,2026/09/26 17:39:01.565, 67, 30.06 W, 330 MHz, 6001 MHz, 100 %, 7079 MiB, 8188 MiB, P4, 0x0000000000000004
2026-09-26 17:39:11,2026/09/26 17:39:11.624, 67, 29.84 W, 540 MHz, 6001 MHz, 100 %, 7079 MiB, 8188 MiB, P4, 0x0000000000000004
2026-09-26 17:39:21,2026/09/26 17:39:21.682, 66, 29.87 W, 585 MHz, 6001 MHz, 95 %, 7079 MiB, 8188 MiB, P4, 0x0000000000000004
2026-09-26 17:39:31,2026/09/26 17:39:31.760, 77, 84.21 W, 2295 MHz, 8001 MHz, 93 %, 7079 MiB, 8188 MiB, P0, 0x0000000000000020
2026-09-26 17:39:41,2026/09/26 17:39:41.816, 77, 83.72 W, 2295 MHz, 8001 MHz, 96 %, 7079 MiB, 8188 MiB, P0, 0x0000000000000020
2026-09-26 17:39:51,2026/09/26 17:39:51.875, 69, 30.24 W, 780 MHz, 8001 MHz, 100 %, 7079 MiB, 8188 MiB, P0, 0x0000000000000004
2026-09-26 17:40:01,2026/09/26 17:40:01.935, 68, 29.55 W, 990 MHz, 6001 MHz, 100 %, 7079 MiB, 8188 MiB, P4, 0x0000000000000004
2026-09-26 17:40:11,2026/09/26 17:40:11.991, 68, 29.53 W, 720 MHz, 6001 MHz, 100 %, 7079 MiB, 8188 MiB, P4, 0x0000000000000004
2026-09-26 17:40:22,2026/09/26 17:40:22.037, 68, 29.51 W, 945 MHz, 6001 MHz, 100 %, 7079 MiB, 8188 MiB, P4, 0x0000000000000004
2026-09-26 17:40:32,2026/09/26 17:40:32.103, 68, 29.95 W, 960 MHz, 6001 MHz, 100 %, 7079 MiB, 8188 MiB, P4, 0x0000000000000004
2026-09-26 17:40:42,2026/09/26 17:40:42.146, 68, 29.94 W, 900 MHz, 6001 MHz, 100 %, 7079 MiB, 8188 MiB, P4, 0x0000000000000004
2026-09-26 17:40:52,2026/09/26 17:40:52.193, 67, 30.20 W, 1095 MHz, 6001 MHz, 95 %, 7079 MiB, 8188 MiB, P4, 0x0000000000000004
2026-09-26 17:41:02,2026/09/26 17:41:02.245, 67, 29.41 W, 810 MHz, 6001 MHz, 95 %, 7079 MiB, 8188 MiB, P4, 0x0000000000000004
2026-09-26 17:41:12,2026/09/26 17:41:12.312, 67, 29.75 W, 645 MHz, 6001 MHz, 88 %, 7079 MiB, 8188 MiB, P4, 0x0000000000000004
2026-09-26 17:41:22,2026/09/26 17:41:22.377, 67, 29.77 W, 645 MHz, 6001 MHz, 95 %, 7079 MiB, 8188 MiB, P4, 0x0000000000000004
2026-09-26 17:41:32,2026/09/26 17:41:32.434, 67, 29.62 W, 1005 MHz, 6001 MHz, 100 %, 7079 MiB, 8188 MiB, P4, 0x0000000000000004
2026-09-26 17:41:42,2026/09/26 17:41:42.485, 67, 29.70 W, 945 MHz, 6001 MHz, 100 %, 7079 MiB, 8188 MiB, P4, 0x0000000000000004
2026-09-26 17:41:52,2026/09/26 17:41:52.537, 67, 29.62 W, 960 MHz, 6001 MHz, 100 %, 7079 MiB, 8188 MiB, P4, 0x0000000000000004
2026-09-26 17:42:02,2026/09/26 17:42:02.598, 78, 82.19 W, 2295 MHz, 8001 MHz, 99 %, 7079 MiB, 8188 MiB, P0, 0x0000000000000020
2026-09-26 17:42:12,2026/09/26 17:42:12.651, 68, 29.89 W, 780 MHz, 6001 MHz, 100 %, 7079 MiB, 8188 MiB, P4, 0x0000000000000004
2026-09-26 17:42:22,2026/09/26 17:42:22.696, 67, 29.80 W, 990 MHz, 6001 MHz, 100 %, 7079 MiB, 8188 MiB, P4, 0x0000000000000004
2026-09-26 17:42:32,2026/09/26 17:42:32.754, 67, 29.45 W, 675 MHz, 6001 MHz, 95 %, 7079 MiB, 8188 MiB, P4, 0x0000000000000004
2026-09-26 17:42:42,2026/09/26 17:42:42.802, 67, 30.02 W, 765 MHz, 6001 MHz, 100 %, 7079 MiB, 8188 MiB, P4, 0x0000000000000004
2026-09-26 17:42:52,2026/09/26 17:42:52.850, 67, 29.74 W, 960 MHz, 6001 MHz, 100 %, 7079 MiB, 8188 MiB, P4, 0x0000000000000004
2026-09-26 17:43:02,2026/09/26 17:43:02.896, 67, 29.41 W, 750 MHz, 6001 MHz, 100 %, 7079 MiB, 8188 MiB, P4, 0x0000000000000004
2026-09-26 17:43:12,2026/09/26 17:43:12.959, 78, 83.91 W, 2295 MHz, 8001 MHz, 100 %, 7079 MiB, 8188 MiB, P0, 0x0000000000000020
2026-09-26 17:43:22,2026/09/26 17:43:23.003, 67, 29.75 W, 645 MHz, 6001 MHz, 100 %, 7079 MiB, 8188 MiB, P4, 0x0000000000000004
2026-09-26 17:43:33,2026/09/26 17:43:33.050, 67, 29.37 W, 705 MHz, 6001 MHz, 100 %, 7079 MiB, 8188 MiB, P4, 0x0000000000000004
2026-09-26 17:43:43,2026/09/26 17:43:43.099, 67, 29.73 W, 990 MHz, 6001 MHz, 100 %, 7079 MiB, 8188 MiB, P4, 0x0000000000000004
2026-09-26 17:43:53,2026/09/26 17:43:53.141, 67, 29.82 W, 795 MHz, 6001 MHz, 99 %, 7079 MiB, 8188 MiB, P4, 0x0000000000000004
2026-09-26 17:44:03,2026/09/26 17:44:03.198, 67, 29.52 W, 990 MHz, 6001 MHz, 100 %, 7079 MiB, 8188 MiB, P4, 0x0000000000000004
2026-09-26 17:44:13,2026/09/26 17:44:13.246, 67, 29.52 W, 1245 MHz, 6001 MHz, 100 %, 7079 MiB, 8188 MiB, P4, 0x0000000000000004
2026-09-26 17:44:23,2026/09/26 17:44:23.295, 67, 29.35 W, 690 MHz, 6001 MHz, 89 %, 7079 MiB, 8188 MiB, P4, 0x0000000000000004
2026-09-26 17:44:33,2026/09/26 17:44:33.358, 66, 29.67 W, 900 MHz, 6001 MHz, 100 %, 7079 MiB, 8188 MiB, P4, 0x0000000000000004
2026-09-26 17:44:43,2026/09/26 17:44:43.433, 66, 29.71 W, 1020 MHz, 6001 MHz, 100 %, 7079 MiB, 8188 MiB, P4, 0x0000000000000004
2026-09-26 17:44:53,2026/09/26 17:44:53.489, 66, 29.72 W, 1065 MHz, 6001 MHz, 100 %, 7079 MiB, 8188 MiB, P4, 0x0000000000000004
2026-09-26 17:45:03,2026/09/26 17:45:03.560, 79, 82.54 W, 2295 MHz, 8001 MHz, 100 %, 7079 MiB, 8188 MiB, P0, 0x0000000000000020
2026-09-26 17:45:13,2026/09/26 17:45:13.612, 68, 29.66 W, 1125 MHz, 6001 MHz, 100 %, 7079 MiB, 8188 MiB, P4, 0x0000000000000004
2026-09-26 17:45:23,2026/09/26 17:45:23.681, 67, 30.05 W, 1005 MHz, 6001 MHz, 100 %, 7079 MiB, 8188 MiB, P4, 0x0000000000000004
2026-09-26 17:45:33,2026/09/26 17:45:33.729, 67, 29.70 W, 1245 MHz, 6001 MHz, 100 %, 7079 MiB, 8188 MiB, P4, 0x0000000000000004
2026-09-26 17:45:43,2026/09/26 17:45:43.776, 67, 29.52 W, 960 MHz, 6001 MHz, 100 %, 7079 MiB, 8188 MiB, P4, 0x0000000000000004
2026-09-26 17:45:53,2026/09/26 17:45:53.822, 67, 29.68 W, 675 MHz, 6001 MHz, 98 %, 7079 MiB, 8188 MiB, P4, 0x0000000000000004
2026-09-26 17:46:03,2026/09/26 17:46:03.891, 66, 29.93 W, 600 MHz, 6001 MHz, 100 %, 7079 MiB, 8188 MiB, P4, 0x0000000000000004
2026-09-26 17:46:13,2026/09/26 17:46:13.955, 69, 35.49 W, 645 MHz, 8001 MHz, 100 %, 7079 MiB, 8188 MiB, P0, 0x0000000000000004
2026-09-26 17:46:23,2026/09/26 17:46:24.006, 67, 29.70 W, 930 MHz, 6001 MHz, 100 %, 7079 MiB, 8188 MiB, P4, 0x0000000000000004
2026-09-26 17:46:34,2026/09/26 17:46:34.051, 67, 29.56 W, 1020 MHz, 6001 MHz, 100 %, 7079 MiB, 8188 MiB, P4, 0x0000000000000004
2026-09-26 17:46:44,2026/09/26 17:46:44.117, 67, 29.66 W, 930 MHz, 6001 MHz, 100 %, 7079 MiB, 8188 MiB, P4, 0x0000000000000004
2026-09-26 17:46:54,2026/09/26 17:46:54.161, 66, 29.27 W, 690 MHz, 6001 MHz, 92 %, 7079 MiB, 8188 MiB, P4, 0x0000000000000004
2026-09-26 17:47:04,2026/09/26 17:47:04.211, 67, 29.78 W, 690 MHz, 6001 MHz, 96 %, 7079 MiB, 8188 MiB, P4, 0x0000000000000004
2026-09-26 17:47:14,2026/09/26 17:47:14.281, 67, 29.72 W, 525 MHz, 6001 MHz, 100 %, 7079 MiB, 8188 MiB, P4, 0x0000000000000004
2026-09-26 17:47:24,2026/09/26 17:47:24.357, 66, 29.69 W, 525 MHz, 6001 MHz, 100 %, 7079 MiB, 8188 MiB, P4, 0x0000000000000004
2026-09-26 17:47:34,2026/09/26 17:47:34.424, 77, 80.62 W, 2295 MHz, 8001 MHz, 85 %, 7079 MiB, 8188 MiB, P0, 0x0000000000000020
2026-09-26 17:47:44,2026/09/26 17:47:44.494, 68, 29.95 W, 615 MHz, 6001 MHz, 100 %, 7079 MiB, 8188 MiB, P4, 0x0000000000000004
2026-09-26 17:47:54,2026/09/26 17:47:54.542, 67, 22.50 W, 2610 MHz, 6001 MHz, 0 %, 7079 MiB, 8188 MiB, P4, 0x0000000000000024
2026-09-26 17:48:04,2026/09/26 17:48:04.600, 64, 12.89 W, 300 MHz, 6001 MHz, 0 %, 7079 MiB, 8188 MiB, P4, 0x0000000000000001
2026-09-26 17:48:14,2026/09/26 17:48:14.653, 77, 90.14 W, 2295 MHz, 8001 MHz, 100 %, 7079 MiB, 8188 MiB, P0, 0x0000000000000020
2026-09-26 17:48:24,2026/09/26 17:48:24.708, 78, 83.76 W, 2295 MHz, 8001 MHz, 100 %, 7079 MiB, 8188 MiB, P0, 0x0000000000000020
2026-09-26 17:48:34,2026/09/26 17:48:34.759, 68, 29.37 W, 825 MHz, 6001 MHz, 100 %, 7079 MiB, 8188 MiB, P4, 0x0000000000000004
2026-09-26 17:48:44,2026/09/26 17:48:44.801, 67, 29.29 W, 825 MHz, 6001 MHz, 100 %, 7079 MiB, 8188 MiB, P4, 0x0000000000000004
2026-09-26 17:48:54,2026/09/26 17:48:54.842, 67, 29.66 W, 1050 MHz, 6001 MHz, 100 %, 7079 MiB, 8188 MiB, P4, 0x0000000000000004
2026-09-26 17:49:04,2026/09/26 17:49:04.893, 67, 30.00 W, 600 MHz, 6001 MHz, 100 %, 7079 MiB, 8188 MiB, P4, 0x0000000000000004
2026-09-26 17:49:14,2026/09/26 17:49:14.933, 78, 81.50 W, 2295 MHz, 8001 MHz, 100 %, 7079 MiB, 8188 MiB, P0, 0x0000000000000020
2026-09-26 17:49:24,2026/09/26 17:49:24.985, 68, 29.39 W, 585 MHz, 7001 MHz, 100 %, 7079 MiB, 8188 MiB, P3, 0x0000000000000004
2026-09-26 17:49:35,2026/09/26 17:49:35.033, 67, 29.43 W, 615 MHz, 6001 MHz, 100 %, 7079 MiB, 8188 MiB, P4, 0x0000000000000004
2026-09-26 17:49:45,2026/09/26 17:49:45.086, 67, 29.48 W, 825 MHz, 6001 MHz, 100 %, 7079 MiB, 8188 MiB, P4, 0x0000000000000004
2026-09-26 17:49:55,2026/09/26 17:49:55.140, 67, 29.83 W, 855 MHz, 6001 MHz, 100 %, 7079 MiB, 8188 MiB, P4, 0x0000000000000004
2026-09-26 17:50:05,2026/09/26 17:50:05.186, 67, 29.56 W, 600 MHz, 6001 MHz, 100 %, 7079 MiB, 8188 MiB, P4, 0x0000000000000004
2026-09-26 17:50:15,2026/09/26 17:50:15.228, 67, 29.86 W, 615 MHz, 6001 MHz, 100 %, 7079 MiB, 8188 MiB, P4, 0x0000000000000004
2026-09-26 17:50:25,2026/09/26 17:50:25.280, 66, 29.39 W, 780 MHz, 6001 MHz, 100 %, 7079 MiB, 8188 MiB, P4, 0x0000000000000004
2026-09-26 17:50:35,2026/09/26 17:50:35.330, 66, 29.62 W, 795 MHz, 6001 MHz, 100 %, 7079 MiB, 8188 MiB, P4, 0x0000000000000004
2026-09-26 17:50:45,2026/09/26 17:50:45.376, 68, 30.40 W, 360 MHz, 8001 MHz, 100 %, 7079 MiB, 8188 MiB, P0, 0x0000000000000004
2026-09-26 17:50:55,2026/09/26 17:50:55.419, 67, 29.59 W, 585 MHz, 6001 MHz, 100 %, 7079 MiB, 8188 MiB, P4, 0x0000000000000004
2026-09-26 17:51:05,2026/09/26 17:51:05.466, 67, 29.51 W, 600 MHz, 6001 MHz, 100 %, 7079 MiB, 8188 MiB, P4, 0x0000000000000004
2026-09-26 17:51:15,2026/09/26 17:51:15.514, 66, 29.56 W, 1050 MHz, 6001 MHz, 100 %, 7079 MiB, 8188 MiB, P4, 0x0000000000000004
2026-09-26 17:51:25,2026/09/26 17:51:25.564, 67, 29.57 W, 630 MHz, 6001 MHz, 100 %, 7079 MiB, 8188 MiB, P4, 0x0000000000000004
2026-09-26 17:51:35,2026/09/26 17:51:35.609, 67, 29.71 W, 600 MHz, 6001 MHz, 100 %, 7079 MiB, 8188 MiB, P4, 0x0000000000000004
2026-09-26 17:51:45,2026/09/26 17:51:45.650, 66, 29.74 W, 885 MHz, 6001 MHz, 100 %, 7079 MiB, 8188 MiB, P4, 0x0000000000000004
2026-09-26 17:51:55,2026/09/26 17:51:55.700, 76, 80.69 W, 2295 MHz, 8001 MHz, 100 %, 7079 MiB, 8188 MiB, P0, 0x0000000000000020
2026-09-26 17:52:05,2026/09/26 17:52:05.753, 67, 29.66 W, 585 MHz, 6001 MHz, 100 %, 7079 MiB, 8188 MiB, P4, 0x0000000000000004
2026-09-26 17:52:15,2026/09/26 17:52:15.804, 67, 29.56 W, 1050 MHz, 6001 MHz, 100 %, 7079 MiB, 8188 MiB, P4, 0x0000000000000004
2026-09-26 17:52:25,2026/09/26 17:52:25.848, 67, 29.76 W, 600 MHz, 6001 MHz, 100 %, 7079 MiB, 8188 MiB, P4, 0x0000000000000004
2026-09-26 17:52:35,2026/09/26 17:52:35.917, 64, 13.50 W, 1290 MHz, 7001 MHz, 0 %, 7079 MiB, 8188 MiB, P0, 0x0000000000000001
2026-09-26 17:52:45,2026/09/26 17:52:45.977, 79, 82.31 W, 2295 MHz, 8001 MHz, 100 %, 7079 MiB, 8188 MiB, P0, 0x0000000000000020
2026-09-26 17:52:56,2026/09/26 17:52:56.049, 69, 30.21 W, 420 MHz, 8001 MHz, 100 %, 7079 MiB, 8188 MiB, P0, 0x0000000000000004
2026-09-26 17:53:06,2026/09/26 17:53:06.103, 67, 30.00 W, 585 MHz, 6001 MHz, 100 %, 7079 MiB, 8188 MiB, P4, 0x0000000000000004
2026-09-26 17:53:16,2026/09/26 17:53:16.153, 67, 29.66 W, 840 MHz, 6001 MHz, 100 %, 7079 MiB, 8188 MiB, P4, 0x0000000000000004
2026-09-26 17:53:26,2026/09/26 17:53:26.202, 67, 29.70 W, 735 MHz, 6001 MHz, 100 %, 7079 MiB, 8188 MiB, P4, 0x0000000000000004
2026-09-26 17:53:36,2026/09/26 17:53:36.255, 67, 29.86 W, 870 MHz, 6001 MHz, 100 %, 7079 MiB, 8188 MiB, P4, 0x0000000000000004
2026-09-26 17:53:46,2026/09/26 17:53:46.303, 67, 29.70 W, 1290 MHz, 6001 MHz, 100 %, 7079 MiB, 8188 MiB, P4, 0x0000000000000004
2026-09-26 17:53:56,2026/09/26 17:53:56.359, 68, 29.47 W, 630 MHz, 6001 MHz, 77 %, 7079 MiB, 8188 MiB, P4, 0x0000000000000004
2026-09-26 17:54:06,2026/09/26 17:54:06.421, 67, 29.58 W, 1035 MHz, 6001 MHz, 100 %, 7079 MiB, 8188 MiB, P4, 0x0000000000000004
2026-09-26 17:54:16,2026/09/26 17:54:16.468, 67, 29.39 W, 630 MHz, 6001 MHz, 91 %, 7079 MiB, 8188 MiB, P4, 0x0000000000000004
2026-09-26 17:54:26,2026/09/26 17:54:26.520, 67, 30.00 W, 465 MHz, 6001 MHz, 100 %, 7079 MiB, 8188 MiB, P4, 0x0000000000000004
2026-09-26 17:54:36,2026/09/26 17:54:36.572, 66, 29.80 W, 615 MHz, 6001 MHz, 100 %, 7079 MiB, 8188 MiB, P4, 0x0000000000000004
2026-09-26 17:54:46,2026/09/26 17:54:46.620, 66, 29.79 W, 1005 MHz, 6001 MHz, 100 %, 7079 MiB, 8188 MiB, P4, 0x0000000000000004
2026-09-26 17:54:56,2026/09/26 17:54:56.671, 67, 29.84 W, 945 MHz, 6001 MHz, 100 %, 7079 MiB, 8188 MiB, P4, 0x0000000000000004
2026-09-26 17:55:06,2026/09/26 17:55:06.742, 78, 80.47 W, 2460 MHz, 8001 MHz, 90 %, 7079 MiB, 8188 MiB, P0, 0x0000000000000020
2026-09-26 17:55:16,2026/09/26 17:55:16.799, 67, 29.49 W, 975 MHz, 6001 MHz, 100 %, 7079 MiB, 8188 MiB, P4, 0x0000000000000004
2026-09-26 17:55:26,2026/09/26 17:55:26.866, 67, 29.84 W, 960 MHz, 6001 MHz, 100 %, 7079 MiB, 8188 MiB, P4, 0x0000000000000004
2026-09-26 17:55:36,2026/09/26 17:55:36.927, 67, 29.84 W, 915 MHz, 6001 MHz, 100 %, 7079 MiB, 8188 MiB, P4, 0x0000000000000004
2026-09-26 17:55:46,2026/09/26 17:55:46.992, 67, 29.41 W, 1230 MHz, 6001 MHz, 100 %, 7079 MiB, 8188 MiB, P4, 0x0000000000000004
2026-09-26 17:55:57,2026/09/26 17:55:57.046, 67, 29.49 W, 1395 MHz, 6001 MHz, 97 %, 7079 MiB, 8188 MiB, P4, 0x0000000000000004
2026-09-26 17:56:07,2026/09/26 17:56:07.108, 67, 29.45 W, 1260 MHz, 6001 MHz, 97 %, 7079 MiB, 8188 MiB, P4, 0x0000000000000004
2026-09-26 17:56:17,2026/09/26 17:56:17.161, 67, 29.66 W, 630 MHz, 6001 MHz, 94 %, 7079 MiB, 8188 MiB, P4, 0x0000000000000004
2026-09-26 17:56:27,2026/09/26 17:56:27.213, 66, 29.92 W, 630 MHz, 6001 MHz, 100 %, 7079 MiB, 8188 MiB, P4, 0x0000000000000004
2026-09-26 17:56:37,2026/09/26 17:56:37.270, 66, 29.80 W, 1005 MHz, 6001 MHz, 100 %, 7079 MiB, 8188 MiB, P4, 0x0000000000000004
2026-09-26 17:56:47,2026/09/26 17:56:47.317, 75, 84.44 W, 2295 MHz, 8001 MHz, 100 %, 7079 MiB, 8188 MiB, P0, 0x0000000000000020
2026-09-26 17:56:57,2026/09/26 17:56:57.386, 80, 80.60 W, 2295 MHz, 8001 MHz, 86 %, 7079 MiB, 8188 MiB, P0, 0x0000000000000020
2026-09-26 17:57:07,2026/09/26 17:57:07.434, 68, 29.93 W, 915 MHz, 6001 MHz, 100 %, 7079 MiB, 8188 MiB, P4, 0x0000000000000004
2026-09-26 17:57:17,2026/09/26 17:57:17.478, 68, 29.94 W, 990 MHz, 6001 MHz, 100 %, 7079 MiB, 8188 MiB, P4, 0x0000000000000004
2026-09-26 17:57:27,2026/09/26 17:57:27.530, 67, 29.42 W, 1305 MHz, 6001 MHz, 100 %, 7079 MiB, 8188 MiB, P4, 0x0000000000000004
2026-09-26 17:57:37,2026/09/26 17:57:37.582, 67, 29.75 W, 1215 MHz, 6001 MHz, 100 %, 7079 MiB, 8188 MiB, P4, 0x0000000000000004
2026-09-26 17:57:47,2026/09/26 17:57:47.643, 66, 29.39 W, 1260 MHz, 6001 MHz, 100 %, 7079 MiB, 8188 MiB, P4, 0x0000000000000004
2026-09-26 17:57:57,2026/09/26 17:57:57.705, 67, 30.08 W, 765 MHz, 6001 MHz, 100 %, 7079 MiB, 8188 MiB, P4, 0x0000000000000004
2026-09-26 17:58:07,2026/09/26 17:58:07.763, 67, 29.58 W, 1020 MHz, 6001 MHz, 100 %, 7079 MiB, 8188 MiB, P4, 0x0000000000000004
2026-09-26 17:58:17,2026/09/26 17:58:17.813, 66, 29.54 W, 960 MHz, 6001 MHz, 100 %, 7079 MiB, 8188 MiB, P4, 0x0000000000000004
2026-09-26 17:58:27,2026/09/26 17:58:27.869, 67, 29.09 W, 1125 MHz, 6001 MHz, 100 %, 7079 MiB, 8188 MiB, P4, 0x0000000000000004
2026-09-26 17:58:37,2026/09/26 17:58:37.931, 79, 83.16 W, 2295 MHz, 8001 MHz, 99 %, 7079 MiB, 8188 MiB, P0, 0x0000000000000020
2026-09-26 17:58:47,2026/09/26 17:58:47.983, 68, 29.95 W, 480 MHz, 6001 MHz, 100 %, 7079 MiB, 8188 MiB, P4, 0x0000000000000004
2026-09-26 17:58:57,2026/09/26 17:58:58.029, 67, 29.82 W, 645 MHz, 6001 MHz, 100 %, 7079 MiB, 8188 MiB, P4, 0x0000000000000004
2026-09-26 17:59:08,2026/09/26 17:59:08.088, 68, 30.17 W, 570 MHz, 6001 MHz, 100 %, 7079 MiB, 8188 MiB, P4, 0x0000000000000004
2026-09-26 17:59:18,2026/09/26 17:59:18.132, 67, 29.83 W, 480 MHz, 6001 MHz, 100 %, 7079 MiB, 8188 MiB, P4, 0x0000000000000004
2026-09-26 17:59:28,2026/09/26 17:59:28.190, 67, 29.73 W, 780 MHz, 6001 MHz, 100 %, 7079 MiB, 8188 MiB, P4, 0x0000000000000004
2026-09-26 17:59:38,2026/09/26 17:59:38.240, 67, 29.99 W, 915 MHz, 6001 MHz, 100 %, 7079 MiB, 8188 MiB, P4, 0x0000000000000004
2026-09-26 17:59:48,2026/09/26 17:59:48.295, 66, 29.71 W, 975 MHz, 6001 MHz, 100 %, 7079 MiB, 8188 MiB, P4, 0x0000000000000004
2026-09-26 17:59:58,2026/09/26 17:59:58.346, 66, 30.00 W, 600 MHz, 6001 MHz, 100 %, 7079 MiB, 8188 MiB, P4, 0x0000000000000004
2026-09-26 18:00:08,2026/09/26 18:00:08.417, 68, 29.81 W, 600 MHz, 6001 MHz, 100 %, 7079 MiB, 8188 MiB, P4, 0x0000000000000004
2026-09-26 18:00:18,2026/09/26 18:00:18.485, 67, 30.04 W, 870 MHz, 6001 MHz, 100 %, 7079 MiB, 8188 MiB, P4, 0x0000000000000004
2026-09-26 18:00:28,2026/09/26 18:00:28.537, 67, 29.97 W, 1020 MHz, 6001 MHz, 100 %, 7079 MiB, 8188 MiB, P4, 0x0000000000000004
2026-09-26 18:00:38,2026/09/26 18:00:38.597, 66, 29.83 W, 1050 MHz, 6001 MHz, 100 %, 7079 MiB, 8188 MiB, P4, 0x0000000000000004
2026-09-26 18:00:48,2026/09/26 18:00:48.644, 67, 29.62 W, 975 MHz, 6001 MHz, 100 %, 7079 MiB, 8188 MiB, P4, 0x0000000000000004
2026-09-26 18:00:58,2026/09/26 18:00:58.692, 77, 83.98 W, 2295 MHz, 7001 MHz, 99 %, 7079 MiB, 8188 MiB, P3, 0x0000000000000020
2026-09-26 18:01:08,2026/09/26 18:01:08.762, 78, 82.44 W, 2295 MHz, 8001 MHz, 100 %, 7079 MiB, 8188 MiB, P0, 0x0000000000000020
2026-09-26 18:01:18,2026/09/26 18:01:18.813, 68, 29.88 W, 645 MHz, 6001 MHz, 100 %, 7079 MiB, 8188 MiB, P4, 0x0000000000000004
2026-09-26 18:01:28,2026/09/26 18:01:28.876, 67, 30.10 W, 585 MHz, 6001 MHz, 100 %, 7079 MiB, 8188 MiB, P4, 0x0000000000000004
2026-09-26 18:01:38,2026/09/26 18:01:38.943, 67, 29.80 W, 915 MHz, 6001 MHz, 100 %, 7079 MiB, 8188 MiB, P4, 0x0000000000000004
2026-09-26 18:01:48,2026/09/26 18:01:49.008, 78, 77.97 W, 2295 MHz, 8001 MHz, 95 %, 7079 MiB, 8188 MiB, P0, 0x0000000000000020
2026-09-26 18:01:59,2026/09/26 18:01:59.081, 68, 29.50 W, 585 MHz, 6001 MHz, 92 %, 7079 MiB, 8188 MiB, P4, 0x0000000000000004
2026-09-26 18:02:09,2026/09/26 18:02:09.154, 68, 29.60 W, 915 MHz, 6001 MHz, 100 %, 7079 MiB, 8188 MiB, P4, 0x0000000000000004
2026-09-26 18:02:19,2026/09/26 18:02:19.210, 67, 29.39 W, 1275 MHz, 6001 MHz, 90 %, 7079 MiB, 8188 MiB, P4, 0x0000000000000004
2026-09-26 18:02:29,2026/09/26 18:02:29.265, 67, 29.88 W, 660 MHz, 6001 MHz, 90 %, 7079 MiB, 8188 MiB, P4, 0x0000000000000004
2026-09-26 18:02:39,2026/09/26 18:02:39.311, 67, 29.92 W, 600 MHz, 6001 MHz, 100 %, 7079 MiB, 8188 MiB, P4, 0x0000000000000004
2026-09-26 18:02:49,2026/09/26 18:02:49.382, 66, 29.71 W, 900 MHz, 6001 MHz, 100 %, 7079 MiB, 8188 MiB, P4, 0x0000000000000004
2026-09-26 18:02:59,2026/09/26 18:02:59.437, 67, 29.52 W, 825 MHz, 6001 MHz, 100 %, 7079 MiB, 8188 MiB, P4, 0x0000000000000004
2026-09-26 18:03:09,2026/09/26 18:03:09.489, 67, 29.95 W, 1005 MHz, 6001 MHz, 100 %, 7079 MiB, 8188 MiB, P4, 0x0000000000000004
2026-09-26 18:03:19,2026/09/26 18:03:19.541, 67, 29.52 W, 1245 MHz, 6001 MHz, 86 %, 7079 MiB, 8188 MiB, P4, 0x0000000000000004
2026-09-26 18:03:29,2026/09/26 18:03:29.597, 68, 29.79 W, 870 MHz, 7001 MHz, 100 %, 7079 MiB, 8188 MiB, P3, 0x0000000000000004
2026-09-26 18:03:39,2026/09/26 18:03:39.641, 67, 30.00 W, 690 MHz, 6001 MHz, 100 %, 7079 MiB, 8188 MiB, P4, 0x0000000000000004
2026-09-26 18:03:49,2026/09/26 18:03:49.694, 67, 29.65 W, 900 MHz, 6001 MHz, 100 %, 7079 MiB, 8188 MiB, P4, 0x0000000000000004
2026-09-26 18:03:59,2026/09/26 18:03:59.755, 67, 29.87 W, 930 MHz, 6001 MHz, 100 %, 7079 MiB, 8188 MiB, P4, 0x0000000000000004
2026-09-26 18:04:09,2026/09/26 18:04:09.803, 66, 29.50 W, 1260 MHz, 6001 MHz, 100 %, 7079 MiB, 8188 MiB, P4, 0x0000000000000004
2026-09-26 18:04:19,2026/09/26 18:04:19.856, 67, 29.75 W, 750 MHz, 6001 MHz, 100 %, 7079 MiB, 8188 MiB, P4, 0x0000000000000004
2026-09-26 18:04:29,2026/09/26 18:04:29.916, 67, 29.92 W, 795 MHz, 6001 MHz, 100 %, 7079 MiB, 8188 MiB, P4, 0x0000000000000004
2026-09-26 18:04:39,2026/09/26 18:04:39.976, 79, 82.75 W, 2295 MHz, 8001 MHz, 100 %, 7079 MiB, 8188 MiB, P0, 0x0000000000000020
2026-09-26 18:04:49,2026/09/26 18:04:50.021, 68, 29.92 W, 825 MHz, 6001 MHz, 100 %, 7079 MiB, 8188 MiB, P4, 0x0000000000000004
2026-09-26 18:05:00,2026/09/26 18:05:00.064, 67, 29.85 W, 855 MHz, 6001 MHz, 100 %, 7079 MiB, 8188 MiB, P4, 0x0000000000000004
2026-09-26 18:05:10,2026/09/26 18:05:10.119, 67, 29.96 W, 615 MHz, 6001 MHz, 100 %, 7079 MiB, 8188 MiB, P4, 0x0000000000000004
2026-09-26 18:05:20,2026/09/26 18:05:20.174, 67, 29.82 W, 840 MHz, 6001 MHz, 100 %, 7079 MiB, 8188 MiB, P4, 0x0000000000000004
2026-09-26 18:05:30,2026/09/26 18:05:30.216, 67, 29.35 W, 585 MHz, 6001 MHz, 85 %, 7079 MiB, 8188 MiB, P4, 0x0000000000000004
2026-09-26 18:05:40,2026/09/26 18:05:40.289, 78, 81.31 W, 2565 MHz, 8001 MHz, 83 %, 7079 MiB, 8188 MiB, P0, 0x0000000000000020
2026-09-26 18:05:50,2026/09/26 18:05:50.354, 79, 83.26 W, 2295 MHz, 8001 MHz, 100 %, 7079 MiB, 8188 MiB, P0, 0x0000000000000020
2026-09-26 18:06:00,2026/09/26 18:06:00.417, 68, 29.84 W, 570 MHz, 6001 MHz, 100 %, 7079 MiB, 8188 MiB, P4, 0x0000000000000004
2026-09-26 18:06:10,2026/09/26 18:06:10.472, 68, 29.71 W, 855 MHz, 6001 MHz, 100 %, 7079 MiB, 8188 MiB, P4, 0x0000000000000004
2026-09-26 18:06:20,2026/09/26 18:06:20.527, 67, 29.93 W, 750 MHz, 6001 MHz, 100 %, 7079 MiB, 8188 MiB, P4, 0x0000000000000004
2026-09-26 18:06:30,2026/09/26 18:06:30.582, 67, 29.74 W, 795 MHz, 6001 MHz, 100 %, 7079 MiB, 8188 MiB, P4, 0x0000000000000004
2026-09-26 18:06:40,2026/09/26 18:06:40.640, 66, 26.00 W, 525 MHz, 8001 MHz, 0 %, 7079 MiB, 8188 MiB, P4, 0x0000000000000001
2026-09-26 18:06:50,2026/09/26 18:06:50.697, 64, 12.92 W, 285 MHz, 6001 MHz, 0 %, 7079 MiB, 8188 MiB, P4, 0x0000000000000001
2026-09-26 18:07:00,2026/09/26 18:07:00.768, 78, 83.76 W, 2295 MHz, 8001 MHz, 100 %, 7079 MiB, 8188 MiB, P0, 0x0000000000000020
2026-09-26 18:07:10,2026/09/26 18:07:10.818, 67, 29.70 W, 750 MHz, 6001 MHz, 100 %, 7079 MiB, 8188 MiB, P4, 0x0000000000000004
2026-09-26 18:07:20,2026/09/26 18:07:20.864, 67, 29.65 W, 630 MHz, 6001 MHz, 100 %, 7079 MiB, 8188 MiB, P4, 0x0000000000000004
2026-09-26 18:07:30,2026/09/26 18:07:30.915, 67, 29.74 W, 750 MHz, 6001 MHz, 100 %, 7079 MiB, 8188 MiB, P4, 0x0000000000000004
2026-09-26 18:07:40,2026/09/26 18:07:40.953, 66, 29.60 W, 840 MHz, 6001 MHz, 100 %, 7079 MiB, 8188 MiB, P4, 0x0000000000000004
2026-09-26 18:07:50,2026/09/26 18:07:51.006, 77, 81.54 W, 2295 MHz, 8001 MHz, 100 %, 7079 MiB, 8188 MiB, P0, 0x0000000000000020
2026-09-26 18:08:01,2026/09/26 18:08:01.075, 67, 29.76 W, 1035 MHz, 6001 MHz, 100 %, 7079 MiB, 8188 MiB, P4, 0x0000000000000004
2026-09-26 18:08:11,2026/09/26 18:08:11.135, 67, 29.32 W, 780 MHz, 6001 MHz, 100 %, 7079 MiB, 8188 MiB, P4, 0x0000000000000004
2026-09-26 18:08:21,2026/09/26 18:08:21.184, 78, 84.22 W, 2595 MHz, 7001 MHz, 100 %, 7079 MiB, 8188 MiB, P3, 0x0000000000000020
2026-09-26 18:08:31,2026/09/26 18:08:31.225, 78, 83.24 W, 2295 MHz, 8001 MHz, 100 %, 7079 MiB, 8188 MiB, P0, 0x0000000000000020
2026-09-26 18:08:41,2026/09/26 18:08:41.279, 68, 29.81 W, 810 MHz, 6001 MHz, 100 %, 7079 MiB, 8188 MiB, P4, 0x0000000000000004
2026-09-26 18:08:51,2026/09/26 18:08:51.325, 67, 29.62 W, 645 MHz, 6001 MHz, 100 %, 7079 MiB, 8188 MiB, P4, 0x0000000000000004
2026-09-26 18:09:01,2026/09/26 18:09:01.383, 67, 29.86 W, 615 MHz, 6001 MHz, 100 %, 7079 MiB, 8188 MiB, P4, 0x0000000000000004
2026-09-26 18:09:11,2026/09/26 18:09:11.434, 67, 29.32 W, 1080 MHz, 6001 MHz, 100 %, 7079 MiB, 8188 MiB, P4, 0x0000000000000004
2026-09-26 18:09:21,2026/09/26 18:09:21.483, 67, 29.75 W, 1065 MHz, 6001 MHz, 100 %, 7079 MiB, 8188 MiB, P4, 0x0000000000000004
2026-09-26 18:09:31,2026/09/26 18:09:31.527, 67, 29.58 W, 930 MHz, 6001 MHz, 100 %, 7079 MiB, 8188 MiB, P4, 0x0000000000000004
2026-09-26 18:09:41,2026/09/26 18:09:41.565, 67, 29.96 W, 630 MHz, 6001 MHz, 100 %, 7079 MiB, 8188 MiB, P4, 0x0000000000000004
2026-09-26 18:09:51,2026/09/26 18:09:51.607, 66, 29.54 W, 960 MHz, 6001 MHz, 100 %, 7079 MiB, 8188 MiB, P4, 0x0000000000000004
2026-09-26 18:10:01,2026/09/26 18:10:01.678, 67, 29.73 W, 585 MHz, 6001 MHz, 100 %, 7079 MiB, 8188 MiB, P4, 0x0000000000000004
2026-09-26 18:10:11,2026/09/26 18:10:11.734, 66, 29.58 W, 1005 MHz, 6001 MHz, 100 %, 7079 MiB, 8188 MiB, P4, 0x0000000000000004
2026-09-26 18:10:21,2026/09/26 18:10:21.788, 80, 81.58 W, 2295 MHz, 8001 MHz, 100 %, 7079 MiB, 8188 MiB, P0, 0x0000000000000020
2026-09-26 18:10:31,2026/09/26 18:10:31.836, 68, 29.87 W, 495 MHz, 7001 MHz, 100 %, 7079 MiB, 8188 MiB, P3, 0x0000000000000004
2026-09-26 18:10:41,2026/09/26 18:10:41.883, 67, 29.52 W, 705 MHz, 6001 MHz, 100 %, 7079 MiB, 8188 MiB, P4, 0x0000000000000004
2026-09-26 18:10:51,2026/09/26 18:10:51.930, 67, 29.46 W, 855 MHz, 6001 MHz, 100 %, 7079 MiB, 8188 MiB, P4, 0x0000000000000004
2026-09-26 18:11:01,2026/09/26 18:11:01.975, 67, 29.64 W, 615 MHz, 6001 MHz, 100 %, 7079 MiB, 8188 MiB, P4, 0x0000000000000004
2026-09-26 18:11:11,2026/09/26 18:11:12.016, 66, 29.74 W, 600 MHz, 6001 MHz, 100 %, 7079 MiB, 8188 MiB, P4, 0x0000000000000004
2026-09-26 18:11:22,2026/09/26 18:11:22.057, 67, 29.90 W, 510 MHz, 6001 MHz, 100 %, 7079 MiB, 8188 MiB, P4, 0x0000000000000004
2026-09-26 18:11:32,2026/09/26 18:11:32.104, 63, 10.00 W, 210 MHz, 810 MHz, 0 %, 7079 MiB, 8188 MiB, P5, 0x0000000000000001
2026-09-26 18:11:42,2026/09/26 18:11:42.147, 66, 29.40 W, 975 MHz, 6001 MHz, 100 %, 7079 MiB, 8188 MiB, P4, 0x0000000000000004
2026-09-26 18:11:52,2026/09/26 18:11:52.199, 66, 29.63 W, 1260 MHz, 6001 MHz, 100 %, 7079 MiB, 8188 MiB, P4, 0x0000000000000004
2026-09-26 18:12:02,2026/09/26 18:12:02.250, 67, 29.37 W, 705 MHz, 6001 MHz, 88 %, 7079 MiB, 8188 MiB, P4, 0x0000000000000004
2026-09-26 18:12:12,2026/09/26 18:12:12.294, 68, 29.59 W, 855 MHz, 6001 MHz, 100 %, 7079 MiB, 8188 MiB, P4, 0x0000000000000004
2026-09-26 18:12:22,2026/09/26 18:12:22.365, 67, 29.68 W, 960 MHz, 6001 MHz, 100 %, 7079 MiB, 8188 MiB, P4, 0x0000000000000004
2026-09-26 18:12:32,2026/09/26 18:12:32.421, 67, 29.69 W, 675 MHz, 6001 MHz, 88 %, 7079 MiB, 8188 MiB, P4, 0x0000000000000004
2026-09-26 18:12:42,2026/09/26 18:12:42.464, 67, 30.00 W, 480 MHz, 6001 MHz, 100 %, 7079 MiB, 8188 MiB, P4, 0x0000000000000004
2026-09-26 18:12:52,2026/09/26 18:12:52.524, 76, 79.29 W, 2415 MHz, 8001 MHz, 100 %, 7079 MiB, 8188 MiB, P0, 0x0000000000000020
2026-09-26 18:13:02,2026/09/26 18:13:02.599, 78, 81.24 W, 2295 MHz, 8001 MHz, 83 %, 7079 MiB, 8188 MiB, P0, 0x0000000000000020
2026-09-26 18:13:12,2026/09/26 18:13:12.644, 68, 29.56 W, 990 MHz, 6001 MHz, 100 %, 7079 MiB, 8188 MiB, P4, 0x0000000000000004
2026-09-26 18:13:22,2026/09/26 18:13:22.695, 68, 29.86 W, 975 MHz, 6001 MHz, 100 %, 7079 MiB, 8188 MiB, P4, 0x0000000000000004
2026-09-26 18:13:32,2026/09/26 18:13:32.741, 68, 29.28 W, 1065 MHz, 6001 MHz, 100 %, 7079 MiB, 8188 MiB, P4, 0x0000000000000004
2026-09-26 18:13:42,2026/09/26 18:13:42.799, 67, 29.41 W, 1305 MHz, 6001 MHz, 92 %, 7079 MiB, 8188 MiB, P4, 0x0000000000000004
2026-09-26 18:13:52,2026/09/26 18:13:52.848, 67, 29.96 W, 540 MHz, 6001 MHz, 100 %, 7079 MiB, 8188 MiB, P4, 0x0000000000000004
2026-09-26 18:14:02,2026/09/26 18:14:02.908, 67, 29.84 W, 690 MHz, 6001 MHz, 100 %, 7079 MiB, 8188 MiB, P4, 0x0000000000000004
2026-09-26 18:14:12,2026/09/26 18:14:12.949, 67, 29.72 W, 810 MHz, 6001 MHz, 100 %, 7079 MiB, 8188 MiB, P4, 0x0000000000000004
2026-09-26 18:14:22,2026/09/26 18:14:23.021, 67, 29.66 W, 990 MHz, 6001 MHz, 100 %, 7079 MiB, 8188 MiB, P4, 0x0000000000000004
2026-09-26 18:14:33,2026/09/26 18:14:33.078, 67, 29.48 W, 915 MHz, 6001 MHz, 100 %, 7079 MiB, 8188 MiB, P4, 0x0000000000000004
2026-09-26 18:14:43,2026/09/26 18:14:43.148, 66, 29.57 W, 675 MHz, 6001 MHz, 92 %, 7079 MiB, 8188 MiB, P4, 0x0000000000000004
2026-09-26 18:14:53,2026/09/26 18:14:53.217, 80, 83.09 W, 2295 MHz, 8001 MHz, 100 %, 7079 MiB, 8188 MiB, P0, 0x0000000000000020
2026-09-26 18:15:03,2026/09/26 18:15:03.274, 68, 29.72 W, 675 MHz, 6001 MHz, 86 %, 7079 MiB, 8188 MiB, P4, 0x0000000000000004
2026-09-26 18:15:13,2026/09/26 18:15:13.339, 68, 29.78 W, 600 MHz, 6001 MHz, 93 %, 7079 MiB, 8188 MiB, P4, 0x0000000000000004
2026-09-26 18:15:23,2026/09/26 18:15:23.388, 67, 30.01 W, 465 MHz, 6001 MHz, 100 %, 7079 MiB, 8188 MiB, P4, 0x0000000000000004
2026-09-26 18:15:33,2026/09/26 18:15:33.437, 67, 29.73 W, 930 MHz, 6001 MHz, 100 %, 7079 MiB, 8188 MiB, P4, 0x0000000000000004
2026-09-26 18:15:43,2026/09/26 18:15:43.498, 67, 29.70 W, 1005 MHz, 6001 MHz, 100 %, 7079 MiB, 8188 MiB, P4, 0x0000000000000004
2026-09-26 18:15:53,2026/09/26 18:15:53.551, 67, 30.10 W, 705 MHz, 6001 MHz, 97 %, 7079 MiB, 8188 MiB, P4, 0x0000000000000004
2026-09-26 18:16:03,2026/09/26 18:16:03.603, 67, 29.45 W, 645 MHz, 6001 MHz, 94 %, 7079 MiB, 8188 MiB, P4, 0x0000000000000004
2026-09-26 18:16:13,2026/09/26 18:16:13.662, 67, 30.01 W, 495 MHz, 6001 MHz, 100 %, 7079 MiB, 8188 MiB, P4, 0x0000000000000004
2026-09-26 18:16:23,2026/09/26 18:16:23.716, 66, 29.93 W, 885 MHz, 6001 MHz, 100 %, 7079 MiB, 8188 MiB, P4, 0x0000000000000004
2026-09-26 18:16:33,2026/09/26 18:16:33.771, 67, 29.58 W, 915 MHz, 6001 MHz, 100 %, 7079 MiB, 8188 MiB, P4, 0x0000000000000004
2026-09-26 18:16:43,2026/09/26 18:16:43.837, 67, 29.76 W, 1035 MHz, 6001 MHz, 100 %, 7079 MiB, 8188 MiB, P4, 0x0000000000000004
2026-09-26 18:16:53,2026/09/26 18:16:53.888, 66, 29.55 W, 1290 MHz, 6001 MHz, 100 %, 7079 MiB, 8188 MiB, P4, 0x0000000000000004
2026-09-26 18:17:03,2026/09/26 18:17:03.951, 66, 20.70 W, 2370 MHz, 8001 MHz, 0 %, 7079 MiB, 8188 MiB, P0, 0x0000000000000001
2026-09-26 18:17:13,2026/09/26 18:17:14.027, 77, 81.92 W, 2295 MHz, 8001 MHz, 100 %, 7079 MiB, 8188 MiB, P0, 0x0000000000000020
2026-09-26 18:17:24,2026/09/26 18:17:24.080, 80, 83.05 W, 2295 MHz, 8001 MHz, 100 %, 7079 MiB, 8188 MiB, P0, 0x0000000000000020
2026-09-26 18:17:34,2026/09/26 18:17:34.146, 68, 29.74 W, 690 MHz, 6001 MHz, 100 %, 7079 MiB, 8188 MiB, P4, 0x0000000000000004
2026-09-26 18:17:44,2026/09/26 18:17:44.201, 68, 29.88 W, 690 MHz, 6001 MHz, 97 %, 7079 MiB, 8188 MiB, P4, 0x0000000000000004
2026-09-26 18:17:54,2026/09/26 18:17:54.253, 68, 29.87 W, 720 MHz, 6001 MHz, 100 %, 7079 MiB, 8188 MiB, P4, 0x0000000000000004
2026-09-26 18:18:04,2026/09/26 18:18:04.298, 67, 29.68 W, 915 MHz, 6001 MHz, 100 %, 7079 MiB, 8188 MiB, P4, 0x0000000000000004
2026-09-26 18:18:14,2026/09/26 18:18:14.344, 67, 29.68 W, 900 MHz, 6001 MHz, 100 %, 7079 MiB, 8188 MiB, P4, 0x0000000000000004
2026-09-26 18:18:24,2026/09/26 18:18:24.390, 67, 29.80 W, 855 MHz, 6001 MHz, 100 %, 7079 MiB, 8188 MiB, P4, 0x0000000000000004
2026-09-26 18:18:34,2026/09/26 18:18:34.459, 67, 29.72 W, 945 MHz, 6001 MHz, 100 %, 7079 MiB, 8188 MiB, P4, 0x0000000000000004
2026-09-26 18:18:44,2026/09/26 18:18:44.531, 67, 29.96 W, 990 MHz, 6001 MHz, 100 %, 7079 MiB, 8188 MiB, P4, 0x0000000000000004
2026-09-26 18:18:54,2026/09/26 18:18:54.574, 67, 29.74 W, 975 MHz, 6001 MHz, 100 %, 7079 MiB, 8188 MiB, P4, 0x0000000000000004
2026-09-26 18:19:04,2026/09/26 18:19:04.624, 67, 29.71 W, 615 MHz, 6001 MHz, 93 %, 7079 MiB, 8188 MiB, P4, 0x0000000000000004
2026-09-26 18:19:14,2026/09/26 18:19:14.696, 67, 29.80 W, 465 MHz, 6001 MHz, 100 %, 7079 MiB, 8188 MiB, P4, 0x0000000000000004
2026-09-26 18:19:24,2026/09/26 18:19:24.755, 67, 29.49 W, 885 MHz, 6001 MHz, 100 %, 7079 MiB, 8188 MiB, P4, 0x0000000000000004
2026-09-26 18:19:34,2026/09/26 18:19:34.812, 67, 29.58 W, 840 MHz, 6001 MHz, 100 %, 7079 MiB, 8188 MiB, P4, 0x0000000000000004
2026-09-26 18:19:44,2026/09/26 18:19:44.884, 67, 29.35 W, 870 MHz, 6001 MHz, 100 %, 7079 MiB, 8188 MiB, P4, 0x0000000000000004
2026-09-26 18:19:54,2026/09/26 18:19:54.930, 67, 29.61 W, 1215 MHz, 6001 MHz, 100 %, 7079 MiB, 8188 MiB, P4, 0x0000000000000004
2026-09-26 18:20:04,2026/09/26 18:20:04.987, 79, 82.72 W, 2295 MHz, 8001 MHz, 99 %, 7079 MiB, 8188 MiB, P0, 0x0000000000000020
2026-09-26 18:20:15,2026/09/26 18:20:15.049, 68, 29.70 W, 795 MHz, 6001 MHz, 100 %, 7079 MiB, 8188 MiB, P4, 0x0000000000000004
2026-09-26 18:20:25,2026/09/26 18:20:25.112, 67, 29.83 W, 1020 MHz, 6001 MHz, 100 %, 7079 MiB, 8188 MiB, P4, 0x0000000000000004
2026-09-26 18:20:35,2026/09/26 18:20:35.157, 67, 30.05 W, 1305 MHz, 6001 MHz, 100 %, 7079 MiB, 8188 MiB, P4, 0x0000000000000004
2026-09-26 18:20:45,2026/09/26 18:20:45.204, 67, 29.58 W, 690 MHz, 6001 MHz, 100 %, 7079 MiB, 8188 MiB, P4, 0x0000000000000004
2026-09-26 18:20:55,2026/09/26 18:20:55.276, 67, 29.37 W, 1275 MHz, 6001 MHz, 100 %, 7079 MiB, 8188 MiB, P4, 0x0000000000000004
2026-09-26 18:21:05,2026/09/26 18:21:05.326, 67, 30.49 W, 645 MHz, 8001 MHz, 100 %, 7079 MiB, 8188 MiB, P0, 0x0000000000000004
2026-09-26 18:21:15,2026/09/26 18:21:15.373, 67, 29.62 W, 705 MHz, 6001 MHz, 91 %, 7079 MiB, 8188 MiB, P4, 0x0000000000000004
2026-09-26 18:21:25,2026/09/26 18:21:25.413, 67, 29.84 W, 645 MHz, 6001 MHz, 100 %, 7079 MiB, 8188 MiB, P4, 0x0000000000000004
2026-09-26 18:21:35,2026/09/26 18:21:35.477, 67, 29.70 W, 480 MHz, 6001 MHz, 100 %, 7079 MiB, 8188 MiB, P4, 0x0000000000000004
2026-09-26 18:21:45,2026/09/26 18:21:45.552, 67, 29.76 W, 885 MHz, 6001 MHz, 100 %, 7079 MiB, 8188 MiB, P4, 0x0000000000000004
2026-09-26 18:21:55,2026/09/26 18:21:55.613, 67, 29.95 W, 960 MHz, 6001 MHz, 100 %, 7079 MiB, 8188 MiB, P4, 0x0000000000000004
2026-09-26 18:22:05,2026/09/26 18:22:05.678, 74, 77.30 W, 2295 MHz, 7001 MHz, 86 %, 7079 MiB, 8188 MiB, P3, 0x0000000000000020
2026-09-26 18:22:15,2026/09/26 18:22:15.753, 78, 80.84 W, 2295 MHz, 8001 MHz, 100 %, 7079 MiB, 8188 MiB, P0, 0x0000000000000020
2026-09-26 18:22:25,2026/09/26 18:22:25.810, 67, 20.72 W, 2370 MHz, 6001 MHz, 0 %, 7079 MiB, 8188 MiB, P4, 0x0000000000000024
2026-09-26 18:22:35,2026/09/26 18:22:35.876, 66, 27.11 W, 2250 MHz, 6001 MHz, 0 %, 7079 MiB, 8188 MiB, P4, 0x0000000000000001
2026-09-26 18:22:45,2026/09/26 18:22:45.940, 63, 4.77 W, 210 MHz, 405 MHz, 0 %, 7079 MiB, 8188 MiB, P8, 0x0000000000000001
2026-09-26 18:22:55,2026/09/26 18:22:55.995, 79, 81.66 W, 2295 MHz, 8001 MHz, 95 %, 7079 MiB, 8188 MiB, P0, 0x0000000000000020
2026-09-26 18:23:06,2026/09/26 18:23:06.035, 68, 29.47 W, 675 MHz, 6001 MHz, 100 %, 7079 MiB, 8188 MiB, P4, 0x0000000000000004
2026-09-26 18:23:16,2026/09/26 18:23:16.082, 68, 29.90 W, 585 MHz, 6001 MHz, 100 %, 7079 MiB, 8188 MiB, P4, 0x0000000000000004
2026-09-26 18:23:26,2026/09/26 18:23:26.120, 67, 29.75 W, 585 MHz, 6001 MHz, 100 %, 7079 MiB, 8188 MiB, P4, 0x0000000000000004
2026-09-26 18:23:36,2026/09/26 18:23:36.173, 67, 29.56 W, 615 MHz, 6001 MHz, 100 %, 7079 MiB, 8188 MiB, P4, 0x0000000000000004
2026-09-26 18:23:46,2026/09/26 18:23:46.218, 66, 29.29 W, 720 MHz, 6001 MHz, 100 %, 7079 MiB, 8188 MiB, P4, 0x0000000000000004
2026-09-26 18:23:56,2026/09/26 18:23:56.262, 67, 30.07 W, 600 MHz, 6001 MHz, 100 %, 7079 MiB, 8188 MiB, P4, 0x0000000000000004
2026-09-26 18:24:06,2026/09/26 18:24:06.306, 67, 29.77 W, 600 MHz, 6001 MHz, 100 %, 7079 MiB, 8188 MiB, P4, 0x0000000000000004
2026-09-26 18:24:16,2026/09/26 18:24:16.349, 66, 29.56 W, 1050 MHz, 6001 MHz, 100 %, 7079 MiB, 8188 MiB, P4, 0x0000000000000004
2026-09-26 18:24:26,2026/09/26 18:24:26.400, 76, 80.97 W, 2295 MHz, 8001 MHz, 100 %, 7079 MiB, 8188 MiB, P0, 0x0000000000000020
2026-09-26 18:24:36,2026/09/26 18:24:36.448, 68, 29.65 W, 1050 MHz, 6001 MHz, 100 %, 7079 MiB, 8188 MiB, P4, 0x0000000000000004
2026-09-26 18:24:46,2026/09/26 18:24:46.492, 67, 29.78 W, 810 MHz, 6001 MHz, 100 %, 7079 MiB, 8188 MiB, P4, 0x0000000000000004
2026-09-26 18:24:56,2026/09/26 18:24:56.542, 67, 29.93 W, 900 MHz, 6001 MHz, 100 %, 7079 MiB, 8188 MiB, P4, 0x0000000000000004
2026-09-26 18:25:06,2026/09/26 18:25:06.582, 67, 29.90 W, 615 MHz, 6001 MHz, 100 %, 7079 MiB, 8188 MiB, P4, 0x0000000000000004
2026-09-26 18:25:16,2026/09/26 18:25:16.628, 67, 29.64 W, 555 MHz, 6001 MHz, 100 %, 7079 MiB, 8188 MiB, P4, 0x0000000000000004
2026-09-26 18:25:26,2026/09/26 18:25:26.695, 66, 29.76 W, 990 MHz, 6001 MHz, 100 %, 7079 MiB, 8188 MiB, P4, 0x0000000000000004
2026-09-26 18:25:36,2026/09/26 18:25:36.750, 76, 81.94 W, 2295 MHz, 8001 MHz, 100 %, 7079 MiB, 8188 MiB, P0, 0x0000000000000020
2026-09-26 18:25:46,2026/09/26 18:25:46.813, 77, 82.24 W, 2295 MHz, 8001 MHz, 100 %, 7079 MiB, 8188 MiB, P0, 0x0000000000000020
2026-09-26 18:25:56,2026/09/26 18:25:56.857, 68, 29.37 W, 795 MHz, 6001 MHz, 100 %, 7079 MiB, 8188 MiB, P4, 0x0000000000000004
2026-09-26 18:26:06,2026/09/26 18:26:06.908, 67, 29.67 W, 1050 MHz, 6001 MHz, 100 %, 7079 MiB, 8188 MiB, P4, 0x0000000000000004
2026-09-26 18:26:16,2026/09/26 18:26:16.961, 67, 29.79 W, 525 MHz, 6001 MHz, 100 %, 7079 MiB, 8188 MiB, P4, 0x0000000000000004
2026-09-26 18:26:26,2026/09/26 18:26:27.005, 67, 29.60 W, 840 MHz, 6001 MHz, 100 %, 7079 MiB, 8188 MiB, P4, 0x0000000000000004
2026-09-26 18:26:37,2026/09/26 18:26:37.053, 66, 29.66 W, 660 MHz, 6001 MHz, 100 %, 7079 MiB, 8188 MiB, P4, 0x0000000000000004
2026-09-26 18:26:47,2026/09/26 18:26:47.105, 67, 29.70 W, 630 MHz, 6001 MHz, 100 %, 7079 MiB, 8188 MiB, P4, 0x0000000000000004
2026-09-26 18:26:57,2026/09/26 18:26:57.167, 66, 29.38 W, 1080 MHz, 6001 MHz, 100 %, 7079 MiB, 8188 MiB, P4, 0x0000000000000004
2026-09-26 18:27:07,2026/09/26 18:27:07.210, 66, 30.34 W, 585 MHz, 6001 MHz, 100 %, 7079 MiB, 8188 MiB, P4, 0x0000000000000004
2026-09-26 18:27:17,2026/09/26 18:27:17.270, 78, 81.25 W, 2295 MHz, 8001 MHz, 88 %, 7079 MiB, 8188 MiB, P0, 0x0000000000000020
2026-09-26 18:27:27,2026/09/26 18:27:27.316, 66, 29.23 W, 1305 MHz, 6001 MHz, 93 %, 7079 MiB, 8188 MiB, P4, 0x0000000000000004
2026-09-26 18:27:37,2026/09/26 18:27:37.384, 68, 29.56 W, 630 MHz, 6001 MHz, 100 %, 7079 MiB, 8188 MiB, P4, 0x0000000000000004
2026-09-26 18:27:47,2026/09/26 18:27:47.431, 67, 29.78 W, 975 MHz, 6001 MHz, 100 %, 7079 MiB, 8188 MiB, P4, 0x0000000000000004
2026-09-26 18:27:57,2026/09/26 18:27:57.495, 67, 29.67 W, 975 MHz, 6001 MHz, 100 %, 7079 MiB, 8188 MiB, P4, 0x0000000000000004
2026-09-26 18:28:07,2026/09/26 18:28:07.548, 67, 30.15 W, 555 MHz, 6001 MHz, 78 %, 7079 MiB, 8188 MiB, P4, 0x0000000000000004
2026-09-26 18:28:17,2026/09/26 18:28:17.591, 67, 29.33 W, 585 MHz, 6001 MHz, 92 %, 7079 MiB, 8188 MiB, P4, 0x0000000000000004
2026-09-26 18:28:27,2026/09/26 18:28:27.648, 67, 29.92 W, 600 MHz, 6001 MHz, 92 %, 7079 MiB, 8188 MiB, P4, 0x0000000000000004
2026-09-26 18:28:37,2026/09/26 18:28:37.702, 66, 29.77 W, 975 MHz, 6001 MHz, 100 %, 7079 MiB, 8188 MiB, P4, 0x0000000000000004
2026-09-26 18:28:47,2026/09/26 18:28:47.776, 67, 16.04 W, 2370 MHz, 6001 MHz, 87 %, 7079 MiB, 8188 MiB, P4, 0x0000000000000001
2026-09-26 18:28:57,2026/09/26 18:28:57.833, 79, 82.58 W, 2295 MHz, 8001 MHz, 99 %, 7079 MiB, 8188 MiB, P0, 0x0000000000000020
2026-09-26 18:29:07,2026/09/26 18:29:07.894, 69, 29.40 W, 915 MHz, 7001 MHz, 100 %, 7079 MiB, 8188 MiB, P3, 0x0000000000000004
2026-09-26 18:29:17,2026/09/26 18:29:17.958, 68, 29.72 W, 1020 MHz, 6001 MHz, 100 %, 7079 MiB, 8188 MiB, P4, 0x0000000000000004
2026-09-26 18:29:27,2026/09/26 18:29:28.002, 67, 29.54 W, 1065 MHz, 6001 MHz, 89 %, 7079 MiB, 8188 MiB, P4, 0x0000000000000004
2026-09-26 18:29:38,2026/09/26 18:29:38.049, 67, 29.98 W, 675 MHz, 6001 MHz, 100 %, 7079 MiB, 8188 MiB, P4, 0x0000000000000004
2026-09-26 18:29:48,2026/09/26 18:29:48.093, 67, 29.83 W, 600 MHz, 6001 MHz, 100 %, 7079 MiB, 8188 MiB, P4, 0x0000000000000004
2026-09-26 18:29:58,2026/09/26 18:29:58.147, 67, 29.67 W, 735 MHz, 6001 MHz, 100 %, 7079 MiB, 8188 MiB, P4, 0x0000000000000004
2026-09-26 18:30:08,2026/09/26 18:30:08.196, 67, 29.70 W, 720 MHz, 6001 MHz, 100 %, 7079 MiB, 8188 MiB, P4, 0x0000000000000004
2026-09-26 18:30:18,2026/09/26 18:30:18.253, 67, 29.67 W, 750 MHz, 6001 MHz, 100 %, 7079 MiB, 8188 MiB, P4, 0x0000000000000004
2026-09-26 18:30:28,2026/09/26 18:30:28.296, 67, 29.82 W, 870 MHz, 6001 MHz, 100 %, 7079 MiB, 8188 MiB, P4, 0x0000000000000004
2026-09-26 18:30:38,2026/09/26 18:30:38.343, 67, 29.46 W, 705 MHz, 6001 MHz, 95 %, 7079 MiB, 8188 MiB, P4, 0x0000000000000004
2026-09-26 18:30:48,2026/09/26 18:30:48.385, 67, 29.77 W, 900 MHz, 6001 MHz, 100 %, 7079 MiB, 8188 MiB, P4, 0x0000000000000004
2026-09-26 18:30:58,2026/09/26 18:30:58.445, 67, 29.69 W, 1020 MHz, 6001 MHz, 100 %, 7079 MiB, 8188 MiB, P4, 0x0000000000000004
2026-09-26 18:31:08,2026/09/26 18:31:08.495, 75, 83.29 W, 2340 MHz, 8001 MHz, 100 %, 7079 MiB, 8188 MiB, P0, 0x0000000000000020
2026-09-26 18:31:18,2026/09/26 18:31:18.554, 80, 81.43 W, 2295 MHz, 8001 MHz, 94 %, 7079 MiB, 8188 MiB, P0, 0x0000000000000020
2026-09-26 18:31:28,2026/09/26 18:31:28.611, 68, 29.51 W, 1020 MHz, 6001 MHz, 100 %, 7079 MiB, 8188 MiB, P4, 0x0000000000000004
2026-09-26 18:31:38,2026/09/26 18:31:38.682, 67, 29.53 W, 1275 MHz, 6001 MHz, 100 %, 7079 MiB, 8188 MiB, P4, 0x0000000000000004
2026-09-26 18:31:48,2026/09/26 18:31:48.745, 68, 29.31 W, 735 MHz, 6001 MHz, 95 %, 7079 MiB, 8188 MiB, P4, 0x0000000000000004
2026-09-26 18:31:58,2026/09/26 18:31:58.791, 67, 29.95 W, 615 MHz, 6001 MHz, 100 %, 7079 MiB, 8188 MiB, P4, 0x0000000000000004
2026-09-26 18:32:08,2026/09/26 18:32:08.839, 78, 82.60 W, 2295 MHz, 8001 MHz, 100 %, 7079 MiB, 8188 MiB, P0, 0x0000000000000020
2026-09-26 18:32:18,2026/09/26 18:32:18.904, 67, 29.95 W, 885 MHz, 6001 MHz, 100 %, 7079 MiB, 8188 MiB, P4, 0x0000000000000004
2026-09-26 18:32:28,2026/09/26 18:32:28.968, 67, 29.82 W, 885 MHz, 6001 MHz, 100 %, 7079 MiB, 8188 MiB, P4, 0x0000000000000004
2026-09-26 18:32:38,2026/09/26 18:32:39.030, 67, 29.89 W, 900 MHz, 6001 MHz, 100 %, 7079 MiB, 8188 MiB, P4, 0x0000000000000004
2026-09-26 18:32:49,2026/09/26 18:32:49.091, 67, 29.65 W, 1035 MHz, 6001 MHz, 100 %, 7079 MiB, 8188 MiB, P4, 0x0000000000000004
2026-09-26 18:32:59,2026/09/26 18:32:59.141, 67, 29.82 W, 585 MHz, 6001 MHz, 100 %, 7079 MiB, 8188 MiB, P4, 0x0000000000000004
2026-09-26 18:33:09,2026/09/26 18:33:09.189, 66, 29.64 W, 630 MHz, 6001 MHz, 100 %, 7079 MiB, 8188 MiB, P4, 0x0000000000000004
2026-09-26 18:33:19,2026/09/26 18:33:19.235, 66, 29.59 W, 885 MHz, 6001 MHz, 100 %, 7079 MiB, 8188 MiB, P4, 0x0000000000000004
2026-09-26 18:33:29,2026/09/26 18:33:29.284, 66, 29.89 W, 1020 MHz, 6001 MHz, 100 %, 7079 MiB, 8188 MiB, P4, 0x0000000000000004
2026-09-26 18:33:39,2026/09/26 18:33:39.343, 79, 82.46 W, 2295 MHz, 8001 MHz, 100 %, 7079 MiB, 8188 MiB, P0, 0x0000000000000020
2026-09-26 18:33:49,2026/09/26 18:33:49.400, 68, 29.76 W, 810 MHz, 7001 MHz, 100 %, 7079 MiB, 8188 MiB, P3, 0x0000000000000004
2026-09-26 18:33:59,2026/09/26 18:33:59.467, 67, 29.92 W, 885 MHz, 6001 MHz, 100 %, 7079 MiB, 8188 MiB, P4, 0x0000000000000004
2026-09-26 18:34:09,2026/09/26 18:34:09.540, 67, 29.92 W, 900 MHz, 6001 MHz, 100 %, 7079 MiB, 8188 MiB, P4, 0x0000000000000004
2026-09-26 18:34:19,2026/09/26 18:34:19.606, 67, 29.50 W, 990 MHz, 6001 MHz, 100 %, 7079 MiB, 8188 MiB, P4, 0x0000000000000004
2026-09-26 18:34:29,2026/09/26 18:34:29.666, 67, 29.87 W, 600 MHz, 6001 MHz, 95 %, 7079 MiB, 8188 MiB, P4, 0x0000000000000004
2026-09-26 18:34:39,2026/09/26 18:34:39.708, 67, 29.76 W, 945 MHz, 6001 MHz, 100 %, 7079 MiB, 8188 MiB, P4, 0x0000000000000004
2026-09-26 18:34:49,2026/09/26 18:34:49.755, 67, 29.58 W, 960 MHz, 6001 MHz, 100 %, 7079 MiB, 8188 MiB, P4, 0x0000000000000004
2026-09-26 18:34:59,2026/09/26 18:34:59.817, 77, 78.94 W, 2295 MHz, 7001 MHz, 92 %, 7079 MiB, 8188 MiB, P3, 0x0000000000000020
2026-09-26 18:35:09,2026/09/26 18:35:09.880, 80, 83.03 W, 2295 MHz, 8001 MHz, 92 %, 7079 MiB, 8188 MiB, P0, 0x0000000000000020
2026-09-26 18:35:19,2026/09/26 18:35:19.928, 68, 29.76 W, 1005 MHz, 6001 MHz, 100 %, 7079 MiB, 8188 MiB, P4, 0x0000000000000004
2026-09-26 18:35:29,2026/09/26 18:35:30.001, 67, 29.81 W, 1005 MHz, 6001 MHz, 100 %, 7079 MiB, 8188 MiB, P4, 0x0000000000000004
2026-09-26 18:35:40,2026/09/26 18:35:40.043, 67, 29.77 W, 1320 MHz, 6001 MHz, 100 %, 7079 MiB, 8188 MiB, P4, 0x0000000000000004
2026-09-26 18:35:50,2026/09/26 18:35:50.090, 67, 29.41 W, 675 MHz, 6001 MHz, 91 %, 7079 MiB, 8188 MiB, P4, 0x0000000000000004
2026-09-26 18:36:00,2026/09/26 18:36:00.162, 75, 62.13 W, 2295 MHz, 8001 MHz, 87 %, 7079 MiB, 8188 MiB, P0, 0x0000000000000020
2026-09-26 18:36:10,2026/09/26 18:36:10.229, 76, 62.11 W, 2295 MHz, 8001 MHz, 87 %, 7079 MiB, 8188 MiB, P0, 0x0000000000000020
2026-09-26 18:36:20,2026/09/26 18:36:20.285, 77, 62.01 W, 2475 MHz, 8001 MHz, 74 %, 7079 MiB, 8188 MiB, P0, 0x0000000000000020
2026-09-26 18:36:30,2026/09/26 18:36:30.339, 76, 61.63 W, 2295 MHz, 8001 MHz, 84 %, 7079 MiB, 8188 MiB, P0, 0x0000000000000020
2026-09-26 18:36:40,2026/09/26 18:36:40.401, 76, 62.26 W, 2295 MHz, 8001 MHz, 86 %, 7079 MiB, 8188 MiB, P0, 0x0000000000000020
2026-09-26 18:36:50,2026/09/26 18:36:50.451, 77, 62.25 W, 2295 MHz, 8001 MHz, 88 %, 7079 MiB, 8188 MiB, P0, 0x0000000000000020
2026-09-26 18:37:00,2026/09/26 18:37:00.514, 69, 41.87 W, 2595 MHz, 8001 MHz, 0 %, 7079 MiB, 8188 MiB, P0, 0x0000000000000000
2026-09-26 18:37:10,2026/09/26 18:37:10.590, 67, 35.68 W, 2595 MHz, 8001 MHz, 0 %, 7079 MiB, 8188 MiB, P0, 0x0000000000000000
2026-09-26 18:37:20,2026/09/26 18:37:20.657, 63, 3.49 W, 210 MHz, 405 MHz, 0 %, 7079 MiB, 8188 MiB, P8, 0x0000000000000001
2026-09-26 18:37:30,2026/09/26 18:37:30.706, 77, 67.60 W, 2295 MHz, 8001 MHz, 100 %, 7079 MiB, 8188 MiB, P0, 0x0000000000000020
2026-09-26 18:37:40,2026/09/26 18:37:40.758, 77, 67.56 W, 2295 MHz, 8001 MHz, 100 %, 7079 MiB, 8188 MiB, P0, 0x0000000000000020
2026-09-26 18:37:50,2026/09/26 18:37:50.800, 69, 28.16 W, 1500 MHz, 7001 MHz, 100 %, 7079 MiB, 8188 MiB, P3, 0x0000000000000004
2026-09-26 18:38:00,2026/09/26 18:38:00.866, 75, 62.46 W, 2415 MHz, 8001 MHz, 77 %, 7079 MiB, 8188 MiB, P0, 0x0000000000000020
2026-09-26 18:38:10,2026/09/26 18:38:10.919, 76, 64.72 W, 2295 MHz, 8001 MHz, 79 %, 7079 MiB, 8188 MiB, P0, 0x0000000000000020
2026-09-26 18:38:20,2026/09/26 18:38:20.973, 76, 61.91 W, 2295 MHz, 8001 MHz, 82 %, 7079 MiB, 8188 MiB, P0, 0x0000000000000020
2026-09-26 18:38:30,2026/09/26 18:38:31.022, 77, 61.97 W, 2295 MHz, 8001 MHz, 95 %, 7079 MiB, 8188 MiB, P0, 0x0000000000000020
2026-09-26 18:38:41,2026/09/26 18:38:41.071, 76, 62.82 W, 2295 MHz, 8001 MHz, 86 %, 7079 MiB, 8188 MiB, P0, 0x0000000000000020
2026-09-26 18:38:51,2026/09/26 18:38:51.143, 65, 12.99 W, 255 MHz, 810 MHz, 0 %, 7079 MiB, 8188 MiB, P5, 0x0000000000000001
2026-09-26 18:39:01,2026/09/26 18:39:01.210, 74, 61.34 W, 2310 MHz, 8001 MHz, 94 %, 7079 MiB, 8188 MiB, P0, 0x0000000000000020
2026-09-26 18:39:11,2026/09/26 18:39:11.267, 76, 61.93 W, 2295 MHz, 8001 MHz, 96 %, 7079 MiB, 8188 MiB, P0, 0x0000000000000020
2026-09-26 18:39:21,2026/09/26 18:39:21.311, 76, 61.06 W, 2295 MHz, 8001 MHz, 95 %, 7079 MiB, 8188 MiB, P0, 0x0000000000000020
2026-09-26 18:39:31,2026/09/26 18:39:31.354, 66, 24.79 W, 645 MHz, 6001 MHz, 0 %, 7079 MiB, 8188 MiB, P4, 0x0000000000000001
2026-09-26 18:39:41,2026/09/26 18:39:41.421, 64, 5.69 W, 330 MHz, 810 MHz, 0 %, 7079 MiB, 8188 MiB, P5, 0x0000000000000001
2026-09-26 18:39:51,2026/09/26 18:39:51.482, 75, 66.62 W, 2295 MHz, 8001 MHz, 100 %, 7079 MiB, 8188 MiB, P0, 0x0000000000000020
2026-09-26 18:40:01,2026/09/26 18:40:01.554, 77, 67.06 W, 2295 MHz, 8001 MHz, 100 %, 7079 MiB, 8188 MiB, P0, 0x0000000000000020
2026-09-26 18:40:11,2026/09/26 18:40:11.622, 77, 66.93 W, 2295 MHz, 8001 MHz, 100 %, 7079 MiB, 8188 MiB, P0, 0x0000000000000020
2026-09-26 18:40:21,2026/09/26 18:40:21.677, 66, 26.03 W, 525 MHz, 6001 MHz, 0 %, 7079 MiB, 8188 MiB, P4, 0x0000000000000001
2026-09-26 18:40:31,2026/09/26 18:40:31.734, 76, 62.14 W, 2295 MHz, 8001 MHz, 88 %, 7079 MiB, 8188 MiB, P0, 0x0000000000000020
2026-09-26 18:40:41,2026/09/26 18:40:41.785, 75, 60.65 W, 2295 MHz, 8001 MHz, 85 %, 7079 MiB, 8188 MiB, P0, 0x0000000000000020
2026-09-26 18:40:51,2026/09/26 18:40:51.857, 76, 62.79 W, 2295 MHz, 8001 MHz, 92 %, 7079 MiB, 8188 MiB, P0, 0x0000000000000020
2026-09-26 18:41:01,2026/09/26 18:41:01.929, 74, 58.08 W, 2595 MHz, 8001 MHz, 9 %, 7079 MiB, 8188 MiB, P0, 0x0000000000000000
2026-09-26 18:41:11,2026/09/26 18:41:11.978, 76, 62.35 W, 2295 MHz, 8001 MHz, 82 %, 7079 MiB, 8188 MiB, P0, 0x0000000000000020
2026-09-26 18:41:21,2026/09/26 18:41:22.025, 76, 60.78 W, 2295 MHz, 8001 MHz, 91 %, 7079 MiB, 8188 MiB, P0, 0x0000000000000020
2026-09-26 18:41:32,2026/09/26 18:41:32.068, 77, 61.83 W, 2295 MHz, 8001 MHz, 89 %, 7079 MiB, 8188 MiB, P0, 0x0000000000000020
2026-09-26 18:41:42,2026/09/26 18:41:42.119, 77, 62.41 W, 2295 MHz, 8001 MHz, 90 %, 7079 MiB, 8188 MiB, P0, 0x0000000000000020
2026-09-26 18:41:52,2026/09/26 18:41:52.173, 67, 34.34 W, 2610 MHz, 8001 MHz, 0 %, 7079 MiB, 8188 MiB, P0, 0x0000000000000000
2026-09-26 18:42:02,2026/09/26 18:42:02.230, 63, 3.65 W, 210 MHz, 405 MHz, 0 %, 7079 MiB, 8188 MiB, P8, 0x0000000000000001
2026-09-26 18:42:12,2026/09/26 18:42:12.296, 76, 67.60 W, 2295 MHz, 8001 MHz, 100 %, 7079 MiB, 8188 MiB, P0, 0x0000000000000020
2026-09-26 18:42:22,2026/09/26 18:42:22.347, 77, 68.04 W, 2295 MHz, 8001 MHz, 100 %, 7079 MiB, 8188 MiB, P0, 0x0000000000000020
2026-09-26 18:42:32,2026/09/26 18:42:32.396, 77, 66.78 W, 2295 MHz, 8001 MHz, 100 %, 7079 MiB, 8188 MiB, P0, 0x0000000000000020
2026-09-26 18:42:42,2026/09/26 18:42:42.451, 74, 60.58 W, 2340 MHz, 8001 MHz, 88 %, 7079 MiB, 8188 MiB, P0, 0x0000000000000020
2026-09-26 18:42:52,2026/09/26 18:42:52.498, 76, 62.14 W, 2295 MHz, 8001 MHz, 92 %, 7079 MiB, 8188 MiB, P0, 0x0000000000000020
2026-09-26 18:43:02,2026/09/26 18:43:02.552, 76, 61.35 W, 2295 MHz, 8001 MHz, 89 %, 7079 MiB, 8188 MiB, P0, 0x0000000000000020
2026-09-26 18:43:12,2026/09/26 18:43:12.598, 75, 62.75 W, 2295 MHz, 8001 MHz, 89 %, 7079 MiB, 8188 MiB, P0, 0x0000000000000020
2026-09-26 18:43:22,2026/09/26 18:43:22.663, 76, 61.13 W, 2295 MHz, 8001 MHz, 83 %, 7079 MiB, 8188 MiB, P0, 0x0000000000000020
2026-09-26 18:43:32,2026/09/26 18:43:32.719, 65, 12.97 W, 345 MHz, 6001 MHz, 0 %, 7079 MiB, 8188 MiB, P4, 0x0000000000000001
2026-09-26 18:43:42,2026/09/26 18:43:42.768, 76, 60.60 W, 2295 MHz, 8001 MHz, 83 %, 7079 MiB, 8188 MiB, P0, 0x0000000000000020
2026-09-26 18:43:52,2026/09/26 18:43:52.829, 77, 61.14 W, 2295 MHz, 8001 MHz, 80 %, 7079 MiB, 8188 MiB, P0, 0x0000000000000020
2026-09-26 18:44:02,2026/09/26 18:44:02.877, 76, 59.82 W, 2295 MHz, 8001 MHz, 84 %, 7079 MiB, 8188 MiB, P0, 0x0000000000000020
2026-09-26 18:44:12,2026/09/26 18:44:12.933, 65, 20.63 W, 1185 MHz, 8001 MHz, 0 %, 7079 MiB, 8188 MiB, P4, 0x0000000000000001
2026-09-26 18:44:22,2026/09/26 18:44:22.980, 69, 11.96 W, 2370 MHz, 8001 MHz, 70 %, 7079 MiB, 8188 MiB, P0, 0x0000000000000001
2026-09-26 18:44:32,2026/09/26 18:44:33.026, 77, 67.80 W, 2295 MHz, 8001 MHz, 100 %, 7079 MiB, 8188 MiB, P0, 0x0000000000000020
2026-09-26 18:44:43,2026/09/26 18:44:43.095, 68, 30.29 W, 2595 MHz, 8001 MHz, 0 %, 7079 MiB, 8188 MiB, P0, 0x0000000000000000
2026-09-26 18:44:53,2026/09/26 18:44:53.165, 74, 61.56 W, 2295 MHz, 8001 MHz, 85 %, 7079 MiB, 8188 MiB, P0, 0x0000000000000020
2026-09-26 18:45:03,2026/09/26 18:45:03.221, 73, 60.07 W, 2295 MHz, 8001 MHz, 80 %, 7079 MiB, 8188 MiB, P0, 0x0000000000000020
2026-09-26 18:45:13,2026/09/26 18:45:13.278, 74, 59.97 W, 2340 MHz, 8001 MHz, 76 %, 7079 MiB, 8188 MiB, P0, 0x0000000000000020
2026-09-26 18:45:23,2026/09/26 18:45:23.348, 75, 60.92 W, 2295 MHz, 8001 MHz, 90 %, 7079 MiB, 8188 MiB, P0, 0x0000000000000020
2026-09-26 18:45:33,2026/09/26 18:45:33.408, 75, 60.48 W, 2295 MHz, 8001 MHz, 86 %, 7079 MiB, 8188 MiB, P0, 0x0000000000000020
2026-09-26 18:45:43,2026/09/26 18:45:43.474, 67, 29.68 W, 2595 MHz, 8001 MHz, 0 %, 7079 MiB, 8188 MiB, P0, 0x0000000000000000
2026-09-26 18:45:53,2026/09/26 18:45:53.523, 63, 11.65 W, 825 MHz, 810 MHz, 0 %, 7079 MiB, 8188 MiB, P5, 0x0000000000000001
2026-09-26 18:46:03,2026/09/26 18:46:03.596, 62, 3.81 W, 210 MHz, 405 MHz, 85 %, 7079 MiB, 8188 MiB, P8, 0x0000000000000001
2026-09-26 18:46:13,2026/09/26 18:46:13.645, 77, 71.17 W, 2295 MHz, 8001 MHz, 100 %, 7079 MiB, 8188 MiB, P0, 0x0000000000000020
2026-09-26 18:46:23,2026/09/26 18:46:23.705, 68, 29.94 W, 1320 MHz, 6001 MHz, 43 %, 7079 MiB, 8188 MiB, P4, 0x0000000000000004
2026-09-26 18:46:33,2026/09/26 18:46:33.751, 75, 55.38 W, 2295 MHz, 8001 MHz, 77 %, 7079 MiB, 8188 MiB, P0, 0x0000000000000020
2026-09-26 18:46:43,2026/09/26 18:46:43.817, 74, 61.01 W, 2355 MHz, 8001 MHz, 80 %, 7079 MiB, 8188 MiB, P0, 0x0000000000000020
2026-09-26 18:46:53,2026/09/26 18:46:53.878, 75, 60.55 W, 2325 MHz, 8001 MHz, 84 %, 7079 MiB, 8188 MiB, P0, 0x0000000000000020
2026-09-26 18:47:03,2026/09/26 18:47:03.936, 75, 67.05 W, 2340 MHz, 8001 MHz, 72 %, 7079 MiB, 8188 MiB, P0, 0x0000000000000020
2026-09-26 18:47:13,2026/09/26 18:47:14.008, 74, 61.15 W, 2295 MHz, 8001 MHz, 78 %, 7079 MiB, 8188 MiB, P0, 0x0000000000000020
2026-09-26 18:47:24,2026/09/26 18:47:24.081, 75, 59.19 W, 2295 MHz, 8001 MHz, 75 %, 7079 MiB, 8188 MiB, P0, 0x0000000000000020
2026-09-26 18:47:34,2026/09/26 18:47:34.150, 75, 60.07 W, 2295 MHz, 8001 MHz, 84 %, 7079 MiB, 8188 MiB, P0, 0x0000000000000020
2026-09-26 18:47:44,2026/09/26 18:47:44.200, 66, 30.34 W, 1605 MHz, 8001 MHz, 0 %, 7079 MiB, 8188 MiB, P0, 0x0000000000000001
2026-09-26 18:47:54,2026/09/26 18:47:54.255, 61, 3.44 W, 210 MHz, 405 MHz, 0 %, 7079 MiB, 8188 MiB, P8, 0x0000000000000001
2026-09-26 18:48:04,2026/09/26 18:48:04.313, 76, 68.42 W, 2415 MHz, 8001 MHz, 100 %, 7079 MiB, 8188 MiB, P0, 0x0000000000000020
2026-09-26 18:48:14,2026/09/26 18:48:14.385, 74, 59.77 W, 2295 MHz, 8001 MHz, 52 %, 7079 MiB, 8188 MiB, P0, 0x0000000000000020
2026-09-26 18:48:24,2026/09/26 18:48:24.450, 62, 4.07 W, 210 MHz, 405 MHz, 0 %, 7079 MiB, 8188 MiB, P8, 0x0000000000000001
2026-09-26 18:48:34,2026/09/26 18:48:34.514, 74, 63.12 W, 2295 MHz, 8001 MHz, 72 %, 7079 MiB, 8188 MiB, P0, 0x0000000000000020
2026-09-26 18:48:44,2026/09/26 18:48:44.557, 73, 54.35 W, 2295 MHz, 7001 MHz, 78 %, 7079 MiB, 8188 MiB, P3, 0x0000000000000020
2026-09-26 18:48:54,2026/09/26 18:48:54.610, 76, 47.21 W, 2295 MHz, 8001 MHz, 100 %, 7079 MiB, 8188 MiB, P0, 0x0000000000000020
2026-09-26 18:49:04,2026/09/26 18:49:04.676, 75, 82.25 W, 2295 MHz, 8001 MHz, 100 %, 7079 MiB, 8188 MiB, P0, 0x0000000000000020
2026-09-26 18:49:14,2026/09/26 18:49:14.750, 77, 82.72 W, 2295 MHz, 8001 MHz, 92 %, 7079 MiB, 8188 MiB, P0, 0x0000000000000020
2026-09-26 18:49:24,2026/09/26 18:49:24.798, 77, 83.99 W, 2295 MHz, 8001 MHz, 100 %, 7079 MiB, 8188 MiB, P0, 0x0000000000000020
2026-09-26 18:49:34,2026/09/26 18:49:34.849, 69, 29.97 W, 255 MHz, 6001 MHz, 100 %, 7079 MiB, 8188 MiB, P4, 0x0000000000000004
2026-09-26 18:49:44,2026/09/26 18:49:44.905, 67, 29.86 W, 480 MHz, 6001 MHz, 92 %, 7079 MiB, 8188 MiB, P4, 0x0000000000000004
2026-09-26 18:49:54,2026/09/26 18:49:54.956, 67, 29.86 W, 345 MHz, 6001 MHz, 100 %, 7079 MiB, 8188 MiB, P4, 0x0000000000000004
2026-09-26 18:50:04,2026/09/26 18:50:05.007, 67, 29.88 W, 510 MHz, 6001 MHz, 94 %, 7079 MiB, 8188 MiB, P4, 0x0000000000000004
2026-09-26 18:50:15,2026/09/26 18:50:15.053, 66, 29.90 W, 315 MHz, 6001 MHz, 100 %, 7079 MiB, 8188 MiB, P4, 0x0000000000000004
2026-09-26 18:50:25,2026/09/26 18:50:25.099, 67, 29.84 W, 525 MHz, 6001 MHz, 93 %, 7079 MiB, 8188 MiB, P4, 0x0000000000000004
2026-09-26 18:50:35,2026/09/26 18:50:35.168, 78, 83.59 W, 2295 MHz, 8001 MHz, 100 %, 7079 MiB, 8188 MiB, P0, 0x0000000000000020
2026-09-26 18:50:45,2026/09/26 18:50:45.219, 77, 83.47 W, 2295 MHz, 8001 MHz, 91 %, 7079 MiB, 8188 MiB, P0, 0x0000000000000020
2026-09-26 18:50:55,2026/09/26 18:50:55.284, 69, 29.73 W, 255 MHz, 6001 MHz, 100 %, 7079 MiB, 8188 MiB, P4, 0x0000000000000004
2026-09-26 18:51:05,2026/09/26 18:51:05.339, 67, 30.03 W, 450 MHz, 6001 MHz, 100 %, 7079 MiB, 8188 MiB, P4, 0x0000000000000004
2026-09-26 18:51:15,2026/09/26 18:51:15.394, 67, 29.89 W, 330 MHz, 6001 MHz, 100 %, 7079 MiB, 8188 MiB, P4, 0x0000000000000004
2026-09-26 18:51:25,2026/09/26 18:51:25.447, 67, 29.91 W, 405 MHz, 6001 MHz, 100 %, 7079 MiB, 8188 MiB, P4, 0x0000000000000004
2026-09-26 18:51:35,2026/09/26 18:51:35.499, 67, 30.01 W, 315 MHz, 6001 MHz, 100 %, 7079 MiB, 8188 MiB, P4, 0x0000000000000004
2026-09-26 18:51:45,2026/09/26 18:51:45.555, 67, 29.90 W, 315 MHz, 6001 MHz, 100 %, 7079 MiB, 8188 MiB, P4, 0x0000000000000004
2026-09-26 18:51:55,2026/09/26 18:51:55.607, 66, 30.11 W, 375 MHz, 6001 MHz, 99 %, 7079 MiB, 8188 MiB, P4, 0x0000000000000004
2026-09-26 18:52:05,2026/09/26 18:52:05.656, 76, 84.32 W, 2295 MHz, 8001 MHz, 93 %, 7079 MiB, 8188 MiB, P0, 0x0000000000000020
2026-09-26 18:52:15,2026/09/26 18:52:15.730, 77, 84.43 W, 2295 MHz, 8001 MHz, 94 %, 7079 MiB, 8188 MiB, P0, 0x0000000000000020
2026-09-26 18:52:25,2026/09/26 18:52:25.772, 78, 84.25 W, 2295 MHz, 8001 MHz, 100 %, 7079 MiB, 8188 MiB, P0, 0x0000000000000020
2026-09-26 18:52:35,2026/09/26 18:52:35.819, 69, 29.78 W, 525 MHz, 6001 MHz, 100 %, 7079 MiB, 8188 MiB, P4, 0x0000000000000004
2026-09-26 18:52:45,2026/09/26 18:52:45.869, 68, 30.01 W, 330 MHz, 6001 MHz, 100 %, 7079 MiB, 8188 MiB, P4, 0x0000000000000004
2026-09-26 18:52:55,2026/09/26 18:52:55.939, 67, 21.39 W, 2370 MHz, 6001 MHz, 0 %, 7079 MiB, 8188 MiB, P4, 0x0000000000000024
2026-09-26 18:53:05,2026/09/26 18:53:06.007, 65, 18.75 W, 330 MHz, 6001 MHz, 0 %, 7079 MiB, 8188 MiB, P4, 0x0000000000000001
2026-09-26 18:53:16,2026/09/26 18:53:16.059, 79, 85.68 W, 2295 MHz, 8001 MHz, 98 %, 7079 MiB, 8188 MiB, P0, 0x0000000000000020
2026-09-26 18:53:26,2026/09/26 18:53:26.113, 67, 29.80 W, 375 MHz, 6001 MHz, 100 %, 7079 MiB, 8188 MiB, P4, 0x0000000000000004
2026-09-26 18:53:36,2026/09/26 18:53:36.159, 67, 29.90 W, 615 MHz, 6001 MHz, 100 %, 7079 MiB, 8188 MiB, P4, 0x0000000000000004
2026-09-26 18:53:46,2026/09/26 18:53:46.220, 67, 29.83 W, 525 MHz, 6001 MHz, 100 %, 7079 MiB, 8188 MiB, P4, 0x0000000000000004
2026-09-26 18:53:56,2026/09/26 18:53:56.266, 67, 29.90 W, 435 MHz, 6001 MHz, 100 %, 7079 MiB, 8188 MiB, P4, 0x0000000000000004
2026-09-26 18:54:06,2026/09/26 18:54:06.327, 67, 29.85 W, 405 MHz, 6001 MHz, 100 %, 7079 MiB, 8188 MiB, P4, 0x0000000000000004
2026-09-26 18:54:16,2026/09/26 18:54:16.374, 67, 29.93 W, 555 MHz, 6001 MHz, 100 %, 7079 MiB, 8188 MiB, P4, 0x0000000000000004
2026-09-26 18:54:26,2026/09/26 18:54:26.423, 67, 29.94 W, 750 MHz, 6001 MHz, 100 %, 7079 MiB, 8188 MiB, P4, 0x0000000000000004
2026-09-26 18:54:36,2026/09/26 18:54:36.466, 66, 29.83 W, 405 MHz, 6001 MHz, 100 %, 7079 MiB, 8188 MiB, P4, 0x0000000000000004
2026-09-26 18:54:46,2026/09/26 18:54:46.526, 67, 29.78 W, 495 MHz, 6001 MHz, 98 %, 7079 MiB, 8188 MiB, P4, 0x0000000000000004
2026-09-26 18:54:56,2026/09/26 18:54:56.570, 66, 29.79 W, 555 MHz, 6001 MHz, 100 %, 7079 MiB, 8188 MiB, P4, 0x0000000000000004
2026-09-26 18:55:06,2026/09/26 18:55:06.635, 63, 7.02 W, 210 MHz, 810 MHz, 0 %, 7079 MiB, 8188 MiB, P8, 0x0000000000000001
2026-09-26 18:55:16,2026/09/26 18:55:16.704, 62, 3.50 W, 210 MHz, 405 MHz, 0 %, 7079 MiB, 8188 MiB, P8, 0x0000000000000001
2026-09-26 18:55:26,2026/09/26 18:55:26.769, 61, 3.47 W, 210 MHz, 405 MHz, 0 %, 7079 MiB, 8188 MiB, P8, 0x0000000000000001
2026-09-26 18:55:36,2026/09/26 18:55:36.828, 75, 85.43 W, 2295 MHz, 8001 MHz, 100 %, 7079 MiB, 8188 MiB, P0, 0x0000000000000020
2026-09-26 18:55:46,2026/09/26 18:55:46.870, 66, 29.77 W, 210 MHz, 8001 MHz, 100 %, 7079 MiB, 8188 MiB, P0, 0x0000000000000004
2026-09-26 18:55:56,2026/09/26 18:55:56.914, 76, 83.74 W, 2295 MHz, 8001 MHz, 100 %, 7079 MiB, 8188 MiB, P0, 0x0000000000000020
2026-09-26 18:56:06,2026/09/26 18:56:06.965, 77, 82.21 W, 2295 MHz, 8001 MHz, 100 %, 7079 MiB, 8188 MiB, P0, 0x0000000000000020
2026-09-26 18:56:16,2026/09/26 18:56:17.016, 80, 84.36 W, 2295 MHz, 8001 MHz, 100 %, 7079 MiB, 8188 MiB, P0, 0x0000000000000020
2026-09-26 18:56:27,2026/09/26 18:56:27.077, 68, 29.79 W, 420 MHz, 6001 MHz, 95 %, 7079 MiB, 8188 MiB, P4, 0x0000000000000004
2026-09-26 18:56:37,2026/09/26 18:56:37.121, 67, 29.87 W, 330 MHz, 6001 MHz, 100 %, 7079 MiB, 8188 MiB, P4, 0x0000000000000004
2026-09-26 18:56:47,2026/09/26 18:56:47.173, 67, 29.85 W, 450 MHz, 6001 MHz, 93 %, 7079 MiB, 8188 MiB, P4, 0x0000000000000004
2026-09-26 18:56:57,2026/09/26 18:56:57.220, 67, 29.89 W, 330 MHz, 6001 MHz, 100 %, 7079 MiB, 8188 MiB, P4, 0x0000000000000004
2026-09-26 18:57:07,2026/09/26 18:57:07.271, 67, 29.82 W, 420 MHz, 6001 MHz, 100 %, 7079 MiB, 8188 MiB, P4, 0x0000000000000004
2026-09-26 18:57:17,2026/09/26 18:57:17.333, 67, 30.04 W, 480 MHz, 6001 MHz, 98 %, 7079 MiB, 8188 MiB, P4, 0x0000000000000004
2026-09-26 18:57:27,2026/09/26 18:57:27.391, 66, 30.00 W, 345 MHz, 6001 MHz, 100 %, 7079 MiB, 8188 MiB, P4, 0x0000000000000004
2026-09-26 18:57:37,2026/09/26 18:57:37.450, 75, 73.74 W, 2295 MHz, 7001 MHz, 95 %, 7079 MiB, 8188 MiB, P3, 0x0000000000000020
2026-09-26 18:57:47,2026/09/26 18:57:47.498, 77, 82.20 W, 2295 MHz, 8001 MHz, 97 %, 7079 MiB, 8188 MiB, P0, 0x0000000000000020
2026-09-26 18:57:57,2026/09/26 18:57:57.567, 69, 29.83 W, 315 MHz, 6001 MHz, 100 %, 7079 MiB, 8188 MiB, P4, 0x0000000000000004
2026-09-26 18:58:07,2026/09/26 18:58:07.615, 67, 29.86 W, 645 MHz, 6001 MHz, 92 %, 7079 MiB, 8188 MiB, P4, 0x0000000000000004
2026-09-26 18:58:17,2026/09/26 18:58:17.658, 67, 29.89 W, 345 MHz, 6001 MHz, 100 %, 7079 MiB, 8188 MiB, P4, 0x0000000000000004
2026-09-26 18:58:27,2026/09/26 18:58:27.707, 67, 29.77 W, 435 MHz, 6001 MHz, 94 %, 7079 MiB, 8188 MiB, P4, 0x0000000000000004
2026-09-26 18:58:37,2026/09/26 18:58:37.758, 67, 29.91 W, 345 MHz, 6001 MHz, 100 %, 7079 MiB, 8188 MiB, P4, 0x0000000000000004
2026-09-26 18:58:47,2026/09/26 18:58:47.807, 67, 29.89 W, 345 MHz, 6001 MHz, 100 %, 7079 MiB, 8188 MiB, P4, 0x0000000000000004
2026-09-26 18:58:57,2026/09/26 18:58:57.860, 66, 29.94 W, 270 MHz, 6001 MHz, 100 %, 7079 MiB, 8188 MiB, P4, 0x0000000000000004
2026-09-26 18:59:07,2026/09/26 18:59:07.904, 67, 29.84 W, 420 MHz, 6001 MHz, 100 %, 7079 MiB, 8188 MiB, P4, 0x0000000000000004
2026-09-26 18:59:17,2026/09/26 18:59:17.967, 67, 29.83 W, 525 MHz, 6001 MHz, 94 %, 7079 MiB, 8188 MiB, P4, 0x0000000000000004
2026-09-26 18:59:27,2026/09/26 18:59:28.037, 65, 12.96 W, 255 MHz, 6001 MHz, 0 %, 7079 MiB, 8188 MiB, P4, 0x0000000000000001
2026-09-26 18:59:38,2026/09/26 18:59:38.093, 70, 29.51 W, 510 MHz, 8001 MHz, 100 %, 7079 MiB, 8188 MiB, P0, 0x0000000000000024
2026-09-26 18:59:48,2026/09/26 18:59:48.144, 67, 29.92 W, 330 MHz, 6001 MHz, 100 %, 7079 MiB, 8188 MiB, P4, 0x0000000000000004
2026-09-26 18:59:58,2026/09/26 18:59:58.200, 67, 29.73 W, 555 MHz, 6001 MHz, 90 %, 7079 MiB, 8188 MiB, P4, 0x0000000000000004
2026-09-26 19:00:08,2026/09/26 19:00:08.244, 66, 29.95 W, 330 MHz, 6001 MHz, 100 %, 7079 MiB, 8188 MiB, P4, 0x0000000000000004
2026-09-26 19:00:18,2026/09/26 19:00:18.292, 67, 29.74 W, 555 MHz, 6001 MHz, 96 %, 7079 MiB, 8188 MiB, P4, 0x0000000000000004
2026-09-26 19:00:28,2026/09/26 19:00:28.344, 66, 29.82 W, 330 MHz, 6001 MHz, 100 %, 7079 MiB, 8188 MiB, P4, 0x0000000000000004
2026-09-26 19:00:38,2026/09/26 19:00:38.393, 78, 84.30 W, 2295 MHz, 8001 MHz, 94 %, 7079 MiB, 8188 MiB, P0, 0x0000000000000020
2026-09-26 19:00:48,2026/09/26 19:00:48.436, 75, 41.24 W, 210 MHz, 6001 MHz, 79 %, 7079 MiB, 8188 MiB, P4, 0x0000000000000020
2026-09-26 19:00:58,2026/09/26 19:00:58.504, 67, 29.98 W, 540 MHz, 6001 MHz, 100 %, 7079 MiB, 8188 MiB, P4, 0x0000000000000004
2026-09-26 19:01:08,2026/09/26 19:01:08.549, 67, 30.08 W, 330 MHz, 6001 MHz, 100 %, 7079 MiB, 8188 MiB, P4, 0x0000000000000004
2026-09-26 19:01:18,2026/09/26 19:01:18.604, 67, 29.74 W, 510 MHz, 6001 MHz, 100 %, 7079 MiB, 8188 MiB, P4, 0x0000000000000004
2026-09-26 19:01:28,2026/09/26 19:01:28.677, 67, 30.00 W, 315 MHz, 6001 MHz, 100 %, 7079 MiB, 8188 MiB, P4, 0x0000000000000004
2026-09-26 19:01:38,2026/09/26 19:01:38.735, 67, 29.77 W, 555 MHz, 6001 MHz, 100 %, 7079 MiB, 8188 MiB, P4, 0x0000000000000004
2026-09-26 19:01:48,2026/09/26 19:01:48.791, 66, 30.08 W, 330 MHz, 6001 MHz, 100 %, 7079 MiB, 8188 MiB, P4, 0x0000000000000004
2026-09-26 19:01:58,2026/09/26 19:01:58.853, 76, 81.39 W, 2295 MHz, 8001 MHz, 86 %, 7079 MiB, 8188 MiB, P0, 0x0000000000000020
2026-09-26 19:02:08,2026/09/26 19:02:08.910, 67, 29.89 W, 315 MHz, 6001 MHz, 100 %, 7079 MiB, 8188 MiB, P4, 0x0000000000000004
2026-09-26 19:02:18,2026/09/26 19:02:18.958, 67, 30.10 W, 390 MHz, 6001 MHz, 100 %, 7079 MiB, 8188 MiB, P4, 0x0000000000000004
2026-09-26 19:02:28,2026/09/26 19:02:29.016, 67, 29.85 W, 285 MHz, 6001 MHz, 100 %, 7079 MiB, 8188 MiB, P4, 0x0000000000000004
2026-09-26 19:02:39,2026/09/26 19:02:39.066, 67, 29.73 W, 555 MHz, 6001 MHz, 93 %, 7079 MiB, 8188 MiB, P4, 0x0000000000000004
2026-09-26 19:02:49,2026/09/26 19:02:49.115, 75, 83.04 W, 2295 MHz, 8001 MHz, 100 %, 7079 MiB, 8188 MiB, P0, 0x0000000000000020
2026-09-26 19:02:59,2026/09/26 19:02:59.187, 72, 38.83 W, 2595 MHz, 8001 MHz, 4 %, 7079 MiB, 8188 MiB, P0, 0x0000000000000000
2026-09-26 19:03:09,2026/09/26 19:03:09.252, 63, 3.62 W, 210 MHz, 405 MHz, 0 %, 7079 MiB, 8188 MiB, P8, 0x0000000000000001
2026-09-26 19:03:19,2026/09/26 19:03:19.310, 67, 29.79 W, 510 MHz, 6001 MHz, 100 %, 7079 MiB, 8188 MiB, P4, 0x0000000000000004
2026-09-26 19:03:29,2026/09/26 19:03:29.361, 70, 28.61 W, 210 MHz, 8001 MHz, 100 %, 7079 MiB, 8188 MiB, P0, 0x0000000000000004
2026-09-26 19:03:39,2026/09/26 19:03:39.406, 67, 29.96 W, 585 MHz, 6001 MHz, 100 %, 7079 MiB, 8188 MiB, P4, 0x0000000000000004
2026-09-26 19:03:49,2026/09/26 19:03:49.450, 66, 29.79 W, 540 MHz, 6001 MHz, 100 %, 7079 MiB, 8188 MiB, P4, 0x0000000000000004
2026-09-26 19:03:59,2026/09/26 19:03:59.514, 76, 75.90 W, 2595 MHz, 6001 MHz, 98 %, 7079 MiB, 8188 MiB, P4, 0x0000000000000000
2026-09-26 19:04:09,2026/09/26 19:04:09.565, 66, 29.92 W, 570 MHz, 6001 MHz, 100 %, 7079 MiB, 8188 MiB, P4, 0x0000000000000004
2026-09-26 19:04:19,2026/09/26 19:04:19.625, 66, 29.81 W, 540 MHz, 6001 MHz, 100 %, 7079 MiB, 8188 MiB, P4, 0x0000000000000004
2026-09-26 19:04:29,2026/09/26 19:04:29.677, 66, 29.80 W, 600 MHz, 6001 MHz, 100 %, 7079 MiB, 8188 MiB, P4, 0x0000000000000004
2026-09-26 19:04:39,2026/09/26 19:04:39.743, 66, 28.82 W, 735 MHz, 6001 MHz, 84 %, 7079 MiB, 8188 MiB, P4, 0x0000000000000004
2026-09-26 19:04:49,2026/09/26 19:04:49.805, 63, 3.53 W, 210 MHz, 405 MHz, 0 %, 7079 MiB, 8188 MiB, P8, 0x0000000000000001
2026-09-26 19:04:59,2026/09/26 19:04:59.871, 62, 3.51 W, 210 MHz, 405 MHz, 0 %, 7079 MiB, 8188 MiB, P8, 0x0000000000000001
2026-09-26 19:05:09,2026/09/26 19:05:09.940, 61, 3.47 W, 210 MHz, 405 MHz, 0 %, 7079 MiB, 8188 MiB, P8, 0x0000000000000001
2026-09-26 19:05:19,2026/09/26 19:05:19.997, 72, 83.02 W, 2295 MHz, 8001 MHz, 64 %, 7079 MiB, 8188 MiB, P0, 0x0000000000000020
2026-09-26 19:05:30,2026/09/26 19:05:30.057, 76, 83.34 W, 2295 MHz, 8001 MHz, 100 %, 7079 MiB, 8188 MiB, P0, 0x0000000000000020
2026-09-26 19:05:40,2026/09/26 19:05:40.167, 75, 81.15 W, 2295 MHz, 8001 MHz, 81 %, 7079 MiB, 8188 MiB, P0, 0x0000000000000020
2026-09-26 19:05:50,2026/09/26 19:05:50.249, 77, 84.65 W, 2295 MHz, 8001 MHz, 95 %, 7079 MiB, 8188 MiB, P0, 0x0000000000000020
2026-09-26 19:06:00,2026/09/26 19:06:00.318, 78, 85.15 W, 2295 MHz, 8001 MHz, 94 %, 7079 MiB, 8188 MiB, P0, 0x0000000000000020
2026-09-26 19:06:10,2026/09/26 19:06:10.387, 68, 29.84 W, 450 MHz, 6001 MHz, 100 %, 7079 MiB, 8188 MiB, P4, 0x0000000000000004
2026-09-26 19:06:20,2026/09/26 19:06:20.457, 67, 30.04 W, 315 MHz, 6001 MHz, 100 %, 7079 MiB, 8188 MiB, P4, 0x0000000000000004
2026-09-26 19:06:30,2026/09/26 19:06:30.521, 68, 29.78 W, 540 MHz, 6001 MHz, 100 %, 7079 MiB, 8188 MiB, P4, 0x0000000000000004
2026-09-26 19:06:40,2026/09/26 19:06:40.564, 67, 30.06 W, 660 MHz, 6001 MHz, 100 %, 7079 MiB, 8188 MiB, P4, 0x0000000000000004
2026-09-26 19:06:50,2026/09/26 19:06:50.641, 67, 29.89 W, 285 MHz, 6001 MHz, 100 %, 7079 MiB, 8188 MiB, P4, 0x0000000000000004
2026-09-26 19:07:00,2026/09/26 19:07:00.712, 66, 29.98 W, 285 MHz, 6001 MHz, 100 %, 7079 MiB, 8188 MiB, P4, 0x0000000000000004
2026-09-26 19:07:10,2026/09/26 19:07:10.772, 67, 29.81 W, 495 MHz, 6001 MHz, 100 %, 7079 MiB, 8188 MiB, P4, 0x0000000000000004
2026-09-26 19:07:20,2026/09/26 19:07:20.825, 66, 30.16 W, 330 MHz, 6001 MHz, 100 %, 7079 MiB, 8188 MiB, P4, 0x0000000000000004
2026-09-26 19:07:30,2026/09/26 19:07:30.891, 77, 83.29 W, 2295 MHz, 8001 MHz, 100 %, 7079 MiB, 8188 MiB, P0, 0x0000000000000020
2026-09-26 19:07:40,2026/09/26 19:07:40.943, 69, 28.87 W, 300 MHz, 6001 MHz, 100 %, 7079 MiB, 8188 MiB, P4, 0x0000000000000024
2026-09-26 19:07:50,2026/09/26 19:07:51.014, 67, 30.09 W, 645 MHz, 6001 MHz, 100 %, 7079 MiB, 8188 MiB, P4, 0x0000000000000004
2026-09-26 19:08:01,2026/09/26 19:08:01.072, 67, 29.82 W, 360 MHz, 6001 MHz, 100 %, 7079 MiB, 8188 MiB, P4, 0x0000000000000004
2026-09-26 19:08:11,2026/09/26 19:08:11.127, 67, 30.12 W, 690 MHz, 6001 MHz, 100 %, 7079 MiB, 8188 MiB, P4, 0x0000000000000004
2026-09-26 19:08:21,2026/09/26 19:08:21.174, 67, 29.81 W, 270 MHz, 6001 MHz, 100 %, 7079 MiB, 8188 MiB, P4, 0x0000000000000004
2026-09-26 19:08:31,2026/09/26 19:08:31.236, 66, 29.90 W, 345 MHz, 6001 MHz, 96 %, 7079 MiB, 8188 MiB, P4, 0x0000000000000004
2026-09-26 19:08:41,2026/09/26 19:08:41.301, 65, 23.21 W, 2355 MHz, 6001 MHz, 0 %, 7079 MiB, 8188 MiB, P4, 0x0000000000000004
2026-09-26 19:08:51,2026/09/26 19:08:51.354, 67, 29.81 W, 660 MHz, 6001 MHz, 95 %, 7079 MiB, 8188 MiB, P4, 0x0000000000000004
2026-09-26 19:09:01,2026/09/26 19:09:01.422, 75, 76.55 W, 2295 MHz, 8001 MHz, 94 %, 7079 MiB, 8188 MiB, P0, 0x0000000000000020
2026-09-26 19:09:11,2026/09/26 19:09:11.488, 76, 84.65 W, 2295 MHz, 8001 MHz, 94 %, 7079 MiB, 8188 MiB, P0, 0x0000000000000020
2026-09-26 19:09:21,2026/09/26 19:09:21.559, 69, 29.63 W, 555 MHz, 6001 MHz, 100 %, 7079 MiB, 8188 MiB, P4, 0x0000000000000004
2026-09-26 19:09:31,2026/09/26 19:09:31.606, 67, 30.08 W, 330 MHz, 6001 MHz, 100 %, 7079 MiB, 8188 MiB, P4, 0x0000000000000004
2026-09-26 19:09:41,2026/09/26 19:09:41.665, 67, 29.80 W, 435 MHz, 6001 MHz, 96 %, 7079 MiB, 8188 MiB, P4, 0x0000000000000004
2026-09-26 19:09:51,2026/09/26 19:09:51.724, 67, 29.90 W, 300 MHz, 6001 MHz, 100 %, 7079 MiB, 8188 MiB, P4, 0x0000000000000004
2026-09-26 19:10:01,2026/09/26 19:10:01.796, 67, 29.99 W, 315 MHz, 6001 MHz, 100 %, 7079 MiB, 8188 MiB, P4, 0x0000000000000004
2026-09-26 19:10:11,2026/09/26 19:10:11.863, 67, 29.77 W, 525 MHz, 6001 MHz, 94 %, 7079 MiB, 8188 MiB, P4, 0x0000000000000004
2026-09-26 19:10:21,2026/09/26 19:10:21.934, 66, 29.93 W, 330 MHz, 6001 MHz, 100 %, 7079 MiB, 8188 MiB, P4, 0x0000000000000004
2026-09-26 19:10:31,2026/09/26 19:10:31.998, 77, 84.83 W, 2295 MHz, 8001 MHz, 94 %, 7079 MiB, 8188 MiB, P0, 0x0000000000000020
2026-09-26 19:10:42,2026/09/26 19:10:42.055, 78, 84.87 W, 2295 MHz, 8001 MHz, 95 %, 7079 MiB, 8188 MiB, P0, 0x0000000000000020
2026-09-26 19:10:52,2026/09/26 19:10:52.114, 69, 29.69 W, 540 MHz, 6001 MHz, 95 %, 7079 MiB, 8188 MiB, P4, 0x0000000000000004
2026-09-26 19:11:02,2026/09/26 19:11:02.179, 68, 29.87 W, 330 MHz, 6001 MHz, 100 %, 7079 MiB, 8188 MiB, P4, 0x0000000000000004
2026-09-26 19:11:12,2026/09/26 19:11:12.226, 67, 30.08 W, 660 MHz, 6001 MHz, 100 %, 7079 MiB, 8188 MiB, P4, 0x0000000000000004
2026-09-26 19:11:22,2026/09/26 19:11:22.276, 67, 29.88 W, 300 MHz, 6001 MHz, 100 %, 7079 MiB, 8188 MiB, P4, 0x0000000000000004
2026-09-26 19:11:32,2026/09/26 19:11:32.336, 67, 30.05 W, 315 MHz, 6001 MHz, 100 %, 7079 MiB, 8188 MiB, P4, 0x0000000000000004
2026-09-26 19:11:42,2026/09/26 19:11:42.386, 67, 29.83 W, 540 MHz, 6001 MHz, 95 %, 7079 MiB, 8188 MiB, P4, 0x0000000000000004
2026-09-26 19:11:52,2026/09/26 19:11:52.449, 67, 29.78 W, 300 MHz, 6001 MHz, 100 %, 7079 MiB, 8188 MiB, P4, 0x0000000000000004
2026-09-26 19:12:02,2026/09/26 19:12:02.522, 66, 30.10 W, 720 MHz, 6001 MHz, 100 %, 7079 MiB, 8188 MiB, P4, 0x0000000000000004
2026-09-26 19:12:12,2026/09/26 19:12:12.575, 67, 29.74 W, 435 MHz, 6001 MHz, 100 %, 7079 MiB, 8188 MiB, P4, 0x0000000000000004
2026-09-26 19:12:22,2026/09/26 19:12:22.625, 66, 29.83 W, 585 MHz, 6001 MHz, 95 %, 7079 MiB, 8188 MiB, P4, 0x0000000000000004
2026-09-26 19:12:32,2026/09/26 19:12:32.686, 79, 84.66 W, 2400 MHz, 8001 MHz, 100 %, 7079 MiB, 8188 MiB, P0, 0x0000000000000020
2026-09-26 19:12:42,2026/09/26 19:12:42.729, 67, 29.71 W, 570 MHz, 6001 MHz, 100 %, 7079 MiB, 8188 MiB, P4, 0x0000000000000004
2026-09-26 19:12:52,2026/09/26 19:12:52.778, 67, 30.06 W, 330 MHz, 6001 MHz, 100 %, 7079 MiB, 8188 MiB, P4, 0x0000000000000004
2026-09-26 19:13:02,2026/09/26 19:13:02.842, 66, 29.80 W, 480 MHz, 6001 MHz, 95 %, 7079 MiB, 8188 MiB, P4, 0x0000000000000004
2026-09-26 19:13:12,2026/09/26 19:13:12.909, 67, 30.03 W, 345 MHz, 6001 MHz, 100 %, 7079 MiB, 8188 MiB, P4, 0x0000000000000004
2026-09-26 19:13:22,2026/09/26 19:13:22.964, 67, 29.90 W, 360 MHz, 6001 MHz, 100 %, 7079 MiB, 8188 MiB, P4, 0x0000000000000004
2026-09-26 19:13:32,2026/09/26 19:13:33.038, 77, 84.11 W, 2295 MHz, 8001 MHz, 94 %, 7079 MiB, 8188 MiB, P0, 0x0000000000000020
2026-09-26 19:13:43,2026/09/26 19:13:43.110, 69, 33.81 W, 2595 MHz, 8001 MHz, 0 %, 7079 MiB, 8188 MiB, P0, 0x0000000000000000
2026-09-26 19:13:53,2026/09/26 19:13:53.179, 64, 6.61 W, 210 MHz, 810 MHz, 0 %, 7079 MiB, 8188 MiB, P8, 0x0000000000000001
2026-09-26 19:14:03,2026/09/26 19:14:03.249, 67, 29.89 W, 555 MHz, 6001 MHz, 100 %, 7079 MiB, 8188 MiB, P4, 0x0000000000000004
2026-09-26 19:14:13,2026/09/26 19:14:13.313, 67, 29.84 W, 570 MHz, 6001 MHz, 100 %, 7079 MiB, 8188 MiB, P4, 0x0000000000000004
2026-09-26 19:14:23,2026/09/26 19:14:23.373, 67, 29.90 W, 555 MHz, 6001 MHz, 99 %, 7079 MiB, 8188 MiB, P4, 0x0000000000000004
2026-09-26 19:14:33,2026/09/26 19:14:33.437, 67, 29.97 W, 525 MHz, 6001 MHz, 100 %, 7079 MiB, 8188 MiB, P4, 0x0000000000000004
2026-09-26 19:14:43,2026/09/26 19:14:43.510, 66, 29.93 W, 465 MHz, 6001 MHz, 100 %, 7079 MiB, 8188 MiB, P4, 0x0000000000000004
2026-09-26 19:14:53,2026/09/26 19:14:53.574, 66, 29.78 W, 540 MHz, 6001 MHz, 100 %, 7079 MiB, 8188 MiB, P4, 0x0000000000000004
2026-09-26 19:15:03,2026/09/26 19:15:03.619, 66, 29.91 W, 405 MHz, 6001 MHz, 100 %, 7079 MiB, 8188 MiB, P4, 0x0000000000000004
2026-09-26 19:15:13,2026/09/26 19:15:13.679, 67, 29.88 W, 570 MHz, 6001 MHz, 100 %, 7079 MiB, 8188 MiB, P4, 0x0000000000000004
2026-09-26 19:15:23,2026/09/26 19:15:23.738, 67, 29.94 W, 555 MHz, 6001 MHz, 99 %, 7079 MiB, 8188 MiB, P4, 0x0000000000000004
2026-09-26 19:15:33,2026/09/26 19:15:33.798, 66, 29.18 W, 570 MHz, 6001 MHz, 88 %, 7079 MiB, 8188 MiB, P4, 0x0000000000000004
2026-09-26 19:15:43,2026/09/26 19:15:43.955, 63, 3.54 W, 210 MHz, 405 MHz, 0 %, 7079 MiB, 8188 MiB, P8, 0x0000000000000001
2026-09-26 19:15:54,2026/09/26 19:15:54.054, 62, 3.57 W, 210 MHz, 405 MHz, 0 %, 7079 MiB, 8188 MiB, P8, 0x0000000000000001
2026-09-26 19:16:04,2026/09/26 19:16:04.126, 75, 83.96 W, 2295 MHz, 8001 MHz, 100 %, 7079 MiB, 8188 MiB, P0, 0x0000000000000020
2026-09-26 19:16:14,2026/09/26 19:16:14.198, 75, 84.67 W, 2295 MHz, 8001 MHz, 95 %, 7079 MiB, 8188 MiB, P0, 0x0000000000000020
2026-09-26 19:16:24,2026/09/26 19:16:24.255, 77, 85.12 W, 2295 MHz, 8001 MHz, 95 %, 7079 MiB, 8188 MiB, P0, 0x0000000000000020
2026-09-26 19:16:34,2026/09/26 19:16:34.306, 67, 29.82 W, 435 MHz, 6001 MHz, 93 %, 7079 MiB, 8188 MiB, P4, 0x0000000000000004
2026-09-26 19:16:44,2026/09/26 19:16:44.367, 67, 30.01 W, 330 MHz, 6001 MHz, 100 %, 7079 MiB, 8188 MiB, P4, 0x0000000000000004
2026-09-26 19:16:54,2026/09/26 19:16:54.431, 67, 29.76 W, 540 MHz, 6001 MHz, 95 %, 7079 MiB, 8188 MiB, P4, 0x0000000000000004
2026-09-26 19:17:04,2026/09/26 19:17:04.504, 67, 30.01 W, 330 MHz, 6001 MHz, 100 %, 7079 MiB, 8188 MiB, P4, 0x0000000000000004
2026-09-26 19:17:14,2026/09/26 19:17:14.571, 67, 29.77 W, 540 MHz, 6001 MHz, 95 %, 7079 MiB, 8188 MiB, P4, 0x0000000000000004
2026-09-26 19:17:24,2026/09/26 19:17:24.633, 66, 30.12 W, 330 MHz, 6001 MHz, 100 %, 7079 MiB, 8188 MiB, P4, 0x0000000000000004
2026-09-26 19:17:34,2026/09/26 19:17:34.705, 77, 85.34 W, 2295 MHz, 8001 MHz, 94 %, 7079 MiB, 8188 MiB, P0, 0x0000000000000020
2026-09-26 19:17:44,2026/09/26 19:17:44.779, 77, 84.26 W, 2295 MHz, 8001 MHz, 94 %, 7079 MiB, 8188 MiB, P0, 0x0000000000000020
2026-09-26 19:17:54,2026/09/26 19:17:54.846, 67, 30.16 W, 330 MHz, 6001 MHz, 100 %, 7079 MiB, 8188 MiB, P4, 0x0000000000000004
2026-09-26 19:18:04,2026/09/26 19:18:04.915, 67, 29.87 W, 210 MHz, 6001 MHz, 100 %, 7079 MiB, 8188 MiB, P4, 0x0000000000000004
2026-09-26 19:18:14,2026/09/26 19:18:14.976, 67, 29.92 W, 330 MHz, 6001 MHz, 100 %, 7079 MiB, 8188 MiB, P4, 0x0000000000000004
2026-09-26 19:18:24,2026/09/26 19:18:25.036, 67, 29.78 W, 540 MHz, 6001 MHz, 95 %, 7079 MiB, 8188 MiB, P4, 0x0000000000000004
2026-09-26 19:18:35,2026/09/26 19:18:35.103, 78, 83.66 W, 2325 MHz, 8001 MHz, 95 %, 7079 MiB, 8188 MiB, P0, 0x0000000000000020
2026-09-26 19:18:45,2026/09/26 19:18:45.145, 67, 29.86 W, 330 MHz, 6001 MHz, 100 %, 7079 MiB, 8188 MiB, P4, 0x0000000000000004
2026-09-26 19:18:55,2026/09/26 19:18:55.202, 67, 29.84 W, 555 MHz, 6001 MHz, 95 %, 7079 MiB, 8188 MiB, P4, 0x0000000000000004
2026-09-26 19:19:05,2026/09/26 19:19:05.252, 67, 29.89 W, 345 MHz, 6001 MHz, 100 %, 7079 MiB, 8188 MiB, P4, 0x0000000000000004
2026-09-26 19:19:15,2026/09/26 19:19:15.320, 66, 30.05 W, 375 MHz, 6001 MHz, 100 %, 7079 MiB, 8188 MiB, P4, 0x0000000000000004
2026-09-26 19:19:25,2026/09/26 19:19:25.389, 78, 83.53 W, 2295 MHz, 8001 MHz, 96 %, 7079 MiB, 8188 MiB, P0, 0x0000000000000020
2026-09-26 19:19:35,2026/09/26 19:19:35.458, 78, 84.26 W, 2295 MHz, 8001 MHz, 100 %, 7079 MiB, 8188 MiB, P0, 0x0000000000000020
2026-09-26 19:19:45,2026/09/26 19:19:45.514, 68, 29.56 W, 765 MHz, 6001 MHz, 100 %, 7079 MiB, 8188 MiB, P4, 0x0000000000000004
2026-09-26 19:19:55,2026/09/26 19:19:55.575, 68, 29.56 W, 765 MHz, 6001 MHz, 100 %, 7079 MiB, 8188 MiB, P4, 0x0000000000000004
2026-09-26 19:20:05,2026/09/26 19:20:05.634, 67, 29.56 W, 810 MHz, 6001 MHz, 100 %, 7079 MiB, 8188 MiB, P4, 0x0000000000000004
2026-09-26 19:20:15,2026/09/26 19:20:15.679, 67, 29.73 W, 1005 MHz, 6001 MHz, 100 %, 7079 MiB, 8188 MiB, P4, 0x0000000000000004
2026-09-26 19:20:25,2026/09/26 19:20:25.740, 67, 29.76 W, 1005 MHz, 6001 MHz, 100 %, 7079 MiB, 8188 MiB, P4, 0x0000000000000004
2026-09-26 19:20:35,2026/09/26 19:20:35.804, 67, 29.72 W, 855 MHz, 6001 MHz, 100 %, 7079 MiB, 8188 MiB, P4, 0x0000000000000004
2026-09-26 19:20:45,2026/09/26 19:20:45.876, 67, 29.94 W, 930 MHz, 6001 MHz, 99 %, 7079 MiB, 8188 MiB, P4, 0x0000000000000004
2026-09-26 19:20:55,2026/09/26 19:20:55.918, 66, 29.53 W, 1050 MHz, 6001 MHz, 100 %, 7079 MiB, 8188 MiB, P4, 0x0000000000000004
2026-09-26 19:21:05,2026/09/26 19:21:05.964, 67, 30.00 W, 630 MHz, 6001 MHz, 100 %, 7079 MiB, 8188 MiB, P4, 0x0000000000000004
2026-09-26 19:21:15,2026/09/26 19:21:16.008, 66, 29.87 W, 855 MHz, 6001 MHz, 100 %, 7079 MiB, 8188 MiB, P4, 0x0000000000000004
2026-09-26 19:21:26,2026/09/26 19:21:26.072, 80, 83.12 W, 2295 MHz, 8001 MHz, 95 %, 7079 MiB, 8188 MiB, P0, 0x0000000000000020
2026-09-26 19:21:36,2026/09/26 19:21:36.120, 68, 29.65 W, 660 MHz, 6001 MHz, 94 %, 7079 MiB, 8188 MiB, P4, 0x0000000000000004
2026-09-26 19:21:46,2026/09/26 19:21:46.173, 67, 29.94 W, 660 MHz, 6001 MHz, 100 %, 7079 MiB, 8188 MiB, P4, 0x0000000000000004
2026-09-26 19:21:56,2026/09/26 19:21:56.229, 67, 29.96 W, 630 MHz, 6001 MHz, 100 %, 7079 MiB, 8188 MiB, P4, 0x0000000000000004
2026-09-26 19:22:06,2026/09/26 19:22:06.294, 67, 29.90 W, 975 MHz, 6001 MHz, 99 %, 7079 MiB, 8188 MiB, P4, 0x0000000000000004
2026-09-26 19:22:16,2026/09/26 19:22:16.354, 67, 29.55 W, 825 MHz, 6001 MHz, 100 %, 7079 MiB, 8188 MiB, P4, 0x0000000000000004
2026-09-26 19:22:26,2026/09/26 19:22:26.401, 67, 29.84 W, 1200 MHz, 6001 MHz, 100 %, 7079 MiB, 8188 MiB, P4, 0x0000000000000004
2026-09-26 19:22:36,2026/09/26 19:22:36.446, 67, 29.42 W, 585 MHz, 6001 MHz, 95 %, 7079 MiB, 8188 MiB, P4, 0x0000000000000004
2026-09-26 19:22:46,2026/09/26 19:22:46.508, 66, 29.91 W, 660 MHz, 6001 MHz, 100 %, 7079 MiB, 8188 MiB, P4, 0x0000000000000004
2026-09-26 19:22:56,2026/09/26 19:22:56.581, 67, 32.67 W, 495 MHz, 6001 MHz, 100 %, 7079 MiB, 8188 MiB, P4, 0x0000000000000004
2026-09-26 19:23:06,2026/09/26 19:23:06.644, 79, 83.98 W, 2295 MHz, 8001 MHz, 100 %, 7079 MiB, 8188 MiB, P0, 0x0000000000000020
2026-09-26 19:23:16,2026/09/26 19:23:16.717, 68, 29.41 W, 1200 MHz, 6001 MHz, 100 %, 7079 MiB, 8188 MiB, P4, 0x0000000000000004
2026-09-26 19:23:26,2026/09/26 19:23:26.792, 67, 29.86 W, 675 MHz, 6001 MHz, 95 %, 7079 MiB, 8188 MiB, P4, 0x0000000000000004
2026-09-26 19:23:36,2026/09/26 19:23:36.839, 67, 30.04 W, 660 MHz, 6001 MHz, 100 %, 7079 MiB, 8188 MiB, P4, 0x0000000000000004
2026-09-26 19:23:46,2026/09/26 19:23:46.899, 67, 29.73 W, 795 MHz, 6001 MHz, 100 %, 7079 MiB, 8188 MiB, P4, 0x0000000000000004
2026-09-26 19:23:56,2026/09/26 19:23:56.945, 67, 29.69 W, 1005 MHz, 6001 MHz, 100 %, 7079 MiB, 8188 MiB, P4, 0x0000000000000004
2026-09-26 19:24:06,2026/09/26 19:24:06.998, 67, 30.08 W, 1035 MHz, 6001 MHz, 100 %, 7079 MiB, 8188 MiB, P4, 0x0000000000000004
2026-09-26 19:24:17,2026/09/26 19:24:17.052, 67, 29.59 W, 1065 MHz, 6001 MHz, 94 %, 7079 MiB, 8188 MiB, P4, 0x0000000000000004
2026-09-26 19:24:27,2026/09/26 19:24:27.103, 67, 29.64 W, 675 MHz, 6001 MHz, 94 %, 7079 MiB, 8188 MiB, P4, 0x0000000000000004
2026-09-26 19:24:37,2026/09/26 19:24:37.172, 67, 29.92 W, 660 MHz, 6001 MHz, 100 %, 7079 MiB, 8188 MiB, P4, 0x0000000000000004
2026-09-26 19:24:47,2026/09/26 19:24:47.216, 67, 29.84 W, 645 MHz, 6001 MHz, 100 %, 7079 MiB, 8188 MiB, P4, 0x0000000000000004
2026-09-26 19:24:57,2026/09/26 19:24:57.285, 77, 81.27 W, 2595 MHz, 6001 MHz, 100 %, 7079 MiB, 8188 MiB, P4, 0x0000000000000000
2026-09-26 19:25:07,2026/09/26 19:25:07.343, 68, 29.66 W, 660 MHz, 6001 MHz, 94 %, 7079 MiB, 8188 MiB, P4, 0x0000000000000004
2026-09-26 19:25:17,2026/09/26 19:25:17.390, 67, 29.70 W, 810 MHz, 6001 MHz, 100 %, 7079 MiB, 8188 MiB, P4, 0x0000000000000004
2026-09-26 19:25:27,2026/09/26 19:25:27.458, 67, 29.56 W, 780 MHz, 6001 MHz, 100 %, 7079 MiB, 8188 MiB, P4, 0x0000000000000004
2026-09-26 19:25:37,2026/09/26 19:25:37.516, 67, 29.77 W, 1020 MHz, 6001 MHz, 100 %, 7079 MiB, 8188 MiB, P4, 0x0000000000000004
2026-09-26 19:25:47,2026/09/26 19:25:47.557, 78, 85.11 W, 2295 MHz, 8001 MHz, 93 %, 7079 MiB, 8188 MiB, P0, 0x0000000000000020
2026-09-26 19:25:57,2026/09/26 19:25:57.628, 67, 29.68 W, 870 MHz, 6001 MHz, 100 %, 7079 MiB, 8188 MiB, P4, 0x0000000000000004
2026-09-26 19:26:07,2026/09/26 19:26:07.674, 67, 29.73 W, 945 MHz, 6001 MHz, 100 %, 7079 MiB, 8188 MiB, P4, 0x0000000000000004
2026-09-26 19:26:17,2026/09/26 19:26:17.719, 67, 29.83 W, 960 MHz, 6001 MHz, 100 %, 7079 MiB, 8188 MiB, P4, 0x0000000000000004
2026-09-26 19:26:27,2026/09/26 19:26:27.777, 66, 29.52 W, 1275 MHz, 6001 MHz, 100 %, 7079 MiB, 8188 MiB, P4, 0x0000000000000004
2026-09-26 19:26:37,2026/09/26 19:26:37.820, 67, 29.88 W, 645 MHz, 6001 MHz, 95 %, 7079 MiB, 8188 MiB, P4, 0x0000000000000004
2026-09-26 19:26:47,2026/09/26 19:26:47.862, 66, 29.78 W, 915 MHz, 6001 MHz, 100 %, 7079 MiB, 8188 MiB, P4, 0x0000000000000004
2026-09-26 19:26:57,2026/09/26 19:26:57.927, 77, 82.82 W, 2295 MHz, 8001 MHz, 100 %, 7079 MiB, 8188 MiB, P0, 0x0000000000000020
2026-09-26 19:27:07,2026/09/26 19:27:07.982, 68, 29.47 W, 645 MHz, 6001 MHz, 95 %, 7079 MiB, 8188 MiB, P4, 0x0000000000000004
2026-09-26 19:27:17,2026/09/26 19:27:18.044, 67, 29.68 W, 1050 MHz, 6001 MHz, 89 %, 7079 MiB, 8188 MiB, P4, 0x0000000000000004
2026-09-26 19:27:28,2026/09/26 19:27:28.114, 67, 23.49 W, 585 MHz, 6001 MHz, 100 %, 7079 MiB, 8188 MiB, P4, 0x0000000000000024
2026-09-26 19:27:38,2026/09/26 19:27:38.172, 77, 90.22 W, 2355 MHz, 8001 MHz, 100 %, 7079 MiB, 8188 MiB, P0, 0x0000000000000020
2026-09-26 19:27:48,2026/09/26 19:27:48.222, 68, 29.74 W, 840 MHz, 6001 MHz, 100 %, 7079 MiB, 8188 MiB, P4, 0x0000000000000004
2026-09-26 19:27:58,2026/09/26 19:27:58.285, 67, 29.44 W, 915 MHz, 6001 MHz, 100 %, 7079 MiB, 8188 MiB, P4, 0x0000000000000004
2026-09-26 19:28:08,2026/09/26 19:28:08.328, 67, 29.56 W, 1020 MHz, 6001 MHz, 100 %, 7079 MiB, 8188 MiB, P4, 0x0000000000000004
2026-09-26 19:28:18,2026/09/26 19:28:18.383, 67, 29.93 W, 615 MHz, 6001 MHz, 100 %, 7079 MiB, 8188 MiB, P4, 0x0000000000000004
2026-09-26 19:28:28,2026/09/26 19:28:28.428, 67, 29.90 W, 600 MHz, 6001 MHz, 100 %, 7079 MiB, 8188 MiB, P4, 0x0000000000000004
2026-09-26 19:28:38,2026/09/26 19:28:38.473, 66, 29.54 W, 540 MHz, 6001 MHz, 100 %, 7079 MiB, 8188 MiB, P4, 0x0000000000000004
2026-09-26 19:28:48,2026/09/26 19:28:48.510, 67, 29.55 W, 960 MHz, 6001 MHz, 100 %, 7079 MiB, 8188 MiB, P4, 0x0000000000000004
2026-09-26 19:28:58,2026/09/26 19:28:58.563, 67, 29.75 W, 675 MHz, 6001 MHz, 100 %, 7079 MiB, 8188 MiB, P4, 0x0000000000000004
2026-09-26 19:29:08,2026/09/26 19:29:08.625, 67, 29.91 W, 615 MHz, 6001 MHz, 100 %, 7079 MiB, 8188 MiB, P4, 0x0000000000000004
2026-09-26 19:29:18,2026/09/26 19:29:18.676, 66, 29.43 W, 705 MHz, 6001 MHz, 100 %, 7079 MiB, 8188 MiB, P4, 0x0000000000000004
2026-09-26 19:29:28,2026/09/26 19:29:28.729, 66, 29.77 W, 585 MHz, 6001 MHz, 100 %, 7079 MiB, 8188 MiB, P4, 0x0000000000000004
2026-09-26 19:29:38,2026/09/26 19:29:38.771, 76, 80.42 W, 2295 MHz, 8001 MHz, 100 %, 7079 MiB, 8188 MiB, P0, 0x0000000000000020
2026-09-26 19:29:48,2026/09/26 19:29:48.826, 67, 29.34 W, 1050 MHz, 6001 MHz, 100 %, 7079 MiB, 8188 MiB, P4, 0x0000000000000004
2026-09-26 19:29:58,2026/09/26 19:29:58.881, 67, 29.43 W, 1050 MHz, 6001 MHz, 100 %, 7079 MiB, 8188 MiB, P4, 0x0000000000000004
2026-09-26 19:30:08,2026/09/26 19:30:08.927, 67, 29.46 W, 1110 MHz, 6001 MHz, 100 %, 7079 MiB, 8188 MiB, P4, 0x0000000000000004
2026-09-26 19:30:18,2026/09/26 19:30:18.976, 67, 29.62 W, 1155 MHz, 6001 MHz, 100 %, 7079 MiB, 8188 MiB, P4, 0x0000000000000004
2026-09-26 19:30:28,2026/09/26 19:30:29.028, 67, 29.74 W, 600 MHz, 6001 MHz, 100 %, 7079 MiB, 8188 MiB, P4, 0x0000000000000004
2026-09-26 19:30:39,2026/09/26 19:30:39.071, 67, 29.44 W, 960 MHz, 6001 MHz, 100 %, 7079 MiB, 8188 MiB, P4, 0x0000000000000004
2026-09-26 19:30:49,2026/09/26 19:30:49.124, 67, 29.39 W, 780 MHz, 6001 MHz, 100 %, 7079 MiB, 8188 MiB, P4, 0x0000000000000004
2026-09-26 19:30:59,2026/09/26 19:30:59.174, 67, 29.63 W, 630 MHz, 6001 MHz, 100 %, 7079 MiB, 8188 MiB, P4, 0x0000000000000004
2026-09-26 19:31:09,2026/09/26 19:31:09.221, 66, 29.71 W, 1095 MHz, 6001 MHz, 100 %, 7079 MiB, 8188 MiB, P4, 0x0000000000000004
2026-09-26 19:31:19,2026/09/26 19:31:19.279, 78, 81.19 W, 2295 MHz, 8001 MHz, 100 %, 7079 MiB, 8188 MiB, P0, 0x0000000000000020
2026-09-26 19:31:29,2026/09/26 19:31:29.349, 67, 29.65 W, 690 MHz, 6001 MHz, 98 %, 7079 MiB, 8188 MiB, P4, 0x0000000000000004
2026-09-26 19:31:39,2026/09/26 19:31:39.394, 67, 29.78 W, 600 MHz, 6001 MHz, 100 %, 7079 MiB, 8188 MiB, P4, 0x0000000000000004
2026-09-26 19:31:49,2026/09/26 19:31:49.463, 67, 29.75 W, 510 MHz, 6001 MHz, 100 %, 7079 MiB, 8188 MiB, P4, 0x0000000000000004
2026-09-26 19:31:59,2026/09/26 19:31:59.519, 67, 29.64 W, 840 MHz, 6001 MHz, 100 %, 7079 MiB, 8188 MiB, P4, 0x0000000000000004
2026-09-26 19:32:09,2026/09/26 19:32:09.578, 67, 29.90 W, 600 MHz, 6001 MHz, 100 %, 7079 MiB, 8188 MiB, P4, 0x0000000000000004
2026-09-26 19:32:19,2026/09/26 19:32:19.640, 80, 26.06 W, 2595 MHz, 8001 MHz, 91 %, 7079 MiB, 8188 MiB, P0, 0x0000000000000000
2026-09-26 19:32:29,2026/09/26 19:32:29.691, 68, 29.75 W, 990 MHz, 6001 MHz, 100 %, 7079 MiB, 8188 MiB, P4, 0x0000000000000004
2026-09-26 19:32:39,2026/09/26 19:32:39.734, 67, 29.92 W, 795 MHz, 6001 MHz, 100 %, 7079 MiB, 8188 MiB, P4, 0x0000000000000004
2026-09-26 19:32:49,2026/09/26 19:32:49.793, 67, 29.81 W, 1005 MHz, 6001 MHz, 100 %, 7079 MiB, 8188 MiB, P4, 0x0000000000000004
2026-09-26 19:32:59,2026/09/26 19:32:59.839, 67, 29.68 W, 1110 MHz, 6001 MHz, 100 %, 7079 MiB, 8188 MiB, P4, 0x0000000000000004
2026-09-26 19:33:09,2026/09/26 19:33:09.887, 68, 29.44 W, 945 MHz, 6001 MHz, 95 %, 7079 MiB, 8188 MiB, P4, 0x0000000000000004
2026-09-26 19:33:19,2026/09/26 19:33:19.934, 67, 29.77 W, 885 MHz, 6001 MHz, 100 %, 7079 MiB, 8188 MiB, P4, 0x0000000000000004
2026-09-26 19:33:29,2026/09/26 19:33:29.998, 67, 29.83 W, 825 MHz, 6001 MHz, 100 %, 7079 MiB, 8188 MiB, P4, 0x0000000000000004
2026-09-26 19:33:40,2026/09/26 19:33:40.051, 67, 29.65 W, 945 MHz, 6001 MHz, 100 %, 7079 MiB, 8188 MiB, P4, 0x0000000000000004
2026-09-26 19:33:50,2026/09/26 19:33:50.096, 67, 29.87 W, 930 MHz, 6001 MHz, 100 %, 7079 MiB, 8188 MiB, P4, 0x0000000000000004
2026-09-26 19:34:00,2026/09/26 19:34:00.162, 67, 29.28 W, 720 MHz, 6001 MHz, 100 %, 7079 MiB, 8188 MiB, P4, 0x0000000000000004
2026-09-26 19:34:10,2026/09/26 19:34:10.231, 67, 29.68 W, 630 MHz, 6001 MHz, 93 %, 7079 MiB, 8188 MiB, P4, 0x0000000000000004
2026-09-26 19:34:20,2026/09/26 19:34:20.301, 67, 29.51 W, 660 MHz, 6001 MHz, 95 %, 7079 MiB, 8188 MiB, P4, 0x0000000000000004
2026-09-26 19:34:30,2026/09/26 19:34:30.359, 67, 29.59 W, 930 MHz, 6001 MHz, 100 %, 7079 MiB, 8188 MiB, P4, 0x0000000000000004
2026-09-26 19:34:40,2026/09/26 19:34:40.422, 78, 79.73 W, 2295 MHz, 8001 MHz, 94 %, 7079 MiB, 8188 MiB, P0, 0x0000000000000020
2026-09-26 19:34:50,2026/09/26 19:34:50.495, 68, 29.91 W, 540 MHz, 6001 MHz, 100 %, 7079 MiB, 8188 MiB, P4, 0x0000000000000004
2026-09-26 19:35:00,2026/09/26 19:35:00.570, 67, 29.66 W, 990 MHz, 6001 MHz, 100 %, 7079 MiB, 8188 MiB, P4, 0x0000000000000004
2026-09-26 19:35:10,2026/09/26 19:35:10.633, 67, 29.84 W, 825 MHz, 6001 MHz, 100 %, 7079 MiB, 8188 MiB, P4, 0x0000000000000004
2026-09-26 19:35:20,2026/09/26 19:35:20.683, 67, 29.97 W, 885 MHz, 6001 MHz, 100 %, 7079 MiB, 8188 MiB, P4, 0x0000000000000004
2026-09-26 19:35:30,2026/09/26 19:35:30.749, 67, 29.26 W, 1260 MHz, 6001 MHz, 100 %, 7079 MiB, 8188 MiB, P4, 0x0000000000000004
2026-09-26 19:35:40,2026/09/26 19:35:40.799, 67, 29.57 W, 990 MHz, 6001 MHz, 100 %, 7079 MiB, 8188 MiB, P4, 0x0000000000000004
2026-09-26 19:35:50,2026/09/26 19:35:50.842, 67, 29.40 W, 750 MHz, 6001 MHz, 94 %, 7079 MiB, 8188 MiB, P4, 0x0000000000000004
2026-09-26 19:36:00,2026/09/26 19:36:00.913, 67, 29.97 W, 495 MHz, 6001 MHz, 100 %, 7079 MiB, 8188 MiB, P4, 0x0000000000000004
2026-09-26 19:36:10,2026/09/26 19:36:10.960, 67, 29.82 W, 900 MHz, 6001 MHz, 100 %, 7079 MiB, 8188 MiB, P4, 0x0000000000000004
2026-09-26 19:36:20,2026/09/26 19:36:21.031, 67, 29.67 W, 915 MHz, 6001 MHz, 100 %, 7079 MiB, 8188 MiB, P4, 0x0000000000000004
2026-09-26 19:36:31,2026/09/26 19:36:31.083, 67, 29.93 W, 585 MHz, 6001 MHz, 100 %, 7079 MiB, 8188 MiB, P4, 0x0000000000000004
2026-09-26 19:36:41,2026/09/26 19:36:41.149, 67, 29.68 W, 1305 MHz, 6001 MHz, 100 %, 7079 MiB, 8188 MiB, P4, 0x0000000000000004
2026-09-26 19:36:51,2026/09/26 19:36:51.213, 67, 29.28 W, 660 MHz, 6001 MHz, 95 %, 7079 MiB, 8188 MiB, P4, 0x0000000000000004
2026-09-26 19:37:01,2026/09/26 19:37:01.275, 67, 29.59 W, 615 MHz, 6001 MHz, 93 %, 7079 MiB, 8188 MiB, P4, 0x0000000000000004
2026-09-26 19:37:11,2026/09/26 19:37:11.337, 67, 29.99 W, 480 MHz, 6001 MHz, 100 %, 7079 MiB, 8188 MiB, P4, 0x0000000000000004
2026-09-26 19:37:21,2026/09/26 19:37:21.389, 67, 29.78 W, 1005 MHz, 6001 MHz, 100 %, 7079 MiB, 8188 MiB, P4, 0x0000000000000004
2026-09-26 19:37:31,2026/09/26 19:37:31.457, 67, 29.65 W, 975 MHz, 6001 MHz, 100 %, 7079 MiB, 8188 MiB, P4, 0x0000000000000004
2026-09-26 19:37:41,2026/09/26 19:37:41.518, 67, 29.96 W, 960 MHz, 6001 MHz, 100 %, 7079 MiB, 8188 MiB, P4, 0x0000000000000004
2026-09-26 19:37:51,2026/09/26 19:37:51.571, 67, 29.41 W, 690 MHz, 6001 MHz, 100 %, 7079 MiB, 8188 MiB, P4, 0x0000000000000004
2026-09-26 19:38:01,2026/09/26 19:38:01.641, 79, 83.03 W, 2295 MHz, 8001 MHz, 100 %, 7079 MiB, 8188 MiB, P0, 0x0000000000000020
2026-09-26 19:38:11,2026/09/26 19:38:11.698, 68, 29.41 W, 555 MHz, 6001 MHz, 94 %, 7079 MiB, 8188 MiB, P4, 0x0000000000000004
2026-09-26 19:38:21,2026/09/26 19:38:21.764, 67, 29.77 W, 495 MHz, 6001 MHz, 100 %, 7079 MiB, 8188 MiB, P4, 0x0000000000000004
2026-09-26 19:38:31,2026/09/26 19:38:31.814, 67, 29.93 W, 720 MHz, 6001 MHz, 100 %, 7079 MiB, 8188 MiB, P4, 0x0000000000000004
2026-09-26 19:38:41,2026/09/26 19:38:41.885, 70, 67.32 W, 2595 MHz, 7001 MHz, 0 %, 7079 MiB, 8188 MiB, P3, 0x0000000000000000
2026-09-26 19:38:51,2026/09/26 19:38:51.932, 68, 30.22 W, 495 MHz, 6001 MHz, 100 %, 7079 MiB, 8188 MiB, P4, 0x0000000000000004
2026-09-26 19:39:01,2026/09/26 19:39:01.997, 67, 29.73 W, 660 MHz, 6001 MHz, 100 %, 7079 MiB, 8188 MiB, P4, 0x0000000000000004
2026-09-26 19:39:12,2026/09/26 19:39:12.045, 67, 29.37 W, 885 MHz, 6001 MHz, 86 %, 7079 MiB, 8188 MiB, P4, 0x0000000000000004
2026-09-26 19:39:22,2026/09/26 19:39:22.102, 67, 29.44 W, 975 MHz, 6001 MHz, 100 %, 7079 MiB, 8188 MiB, P4, 0x0000000000000004
2026-09-26 19:39:32,2026/09/26 19:39:32.157, 67, 29.32 W, 990 MHz, 6001 MHz, 95 %, 7079 MiB, 8188 MiB, P4, 0x0000000000000004
2026-09-26 19:39:42,2026/09/26 19:39:42.213, 67, 29.92 W, 660 MHz, 6001 MHz, 95 %, 7079 MiB, 8188 MiB, P4, 0x0000000000000004
2026-09-26 19:39:52,2026/09/26 19:39:52.275, 67, 29.84 W, 690 MHz, 6001 MHz, 100 %, 7079 MiB, 8188 MiB, P4, 0x0000000000000004
2026-09-26 19:40:02,2026/09/26 19:40:02.321, 67, 30.02 W, 495 MHz, 6001 MHz, 100 %, 7079 MiB, 8188 MiB, P4, 0x0000000000000004
2026-09-26 19:40:12,2026/09/26 19:40:12.378, 67, 29.76 W, 900 MHz, 6001 MHz, 100 %, 7079 MiB, 8188 MiB, P4, 0x0000000000000004
2026-09-26 19:40:22,2026/09/26 19:40:22.446, 67, 29.70 W, 720 MHz, 6001 MHz, 100 %, 7079 MiB, 8188 MiB, P4, 0x0000000000000004
2026-09-26 19:40:32,2026/09/26 19:40:32.509, 67, 29.83 W, 750 MHz, 6001 MHz, 100 %, 7079 MiB, 8188 MiB, P4, 0x0000000000000004
2026-09-26 19:40:42,2026/09/26 19:40:42.560, 66, 29.47 W, 1230 MHz, 6001 MHz, 100 %, 7079 MiB, 8188 MiB, P4, 0x0000000000000004
2026-09-26 19:40:52,2026/09/26 19:40:52.630, 66, 29.83 W, 510 MHz, 6001 MHz, 100 %, 7079 MiB, 8188 MiB, P4, 0x0000000000000004
2026-09-26 19:41:02,2026/09/26 19:41:02.687, 67, 30.05 W, 600 MHz, 6001 MHz, 100 %, 7079 MiB, 8188 MiB, P4, 0x0000000000000004
2026-09-26 19:41:12,2026/09/26 19:41:12.752, 67, 29.99 W, 615 MHz, 6001 MHz, 100 %, 7079 MiB, 8188 MiB, P4, 0x0000000000000004
2026-09-26 19:41:22,2026/09/26 19:41:22.797, 67, 29.63 W, 1005 MHz, 6001 MHz, 100 %, 7079 MiB, 8188 MiB, P4, 0x0000000000000004
2026-09-26 19:41:32,2026/09/26 19:41:32.862, 67, 29.94 W, 1185 MHz, 6001 MHz, 100 %, 7079 MiB, 8188 MiB, P4, 0x0000000000000004
2026-09-26 19:41:42,2026/09/26 19:41:42.915, 66, 29.27 W, 1230 MHz, 6001 MHz, 100 %, 7079 MiB, 8188 MiB, P4, 0x0000000000000004
2026-09-26 19:41:52,2026/09/26 19:41:52.962, 67, 29.88 W, 630 MHz, 6001 MHz, 95 %, 7079 MiB, 8188 MiB, P4, 0x0000000000000004
2026-09-26 19:42:02,2026/09/26 19:42:03.030, 66, 29.89 W, 960 MHz, 6001 MHz, 100 %, 7079 MiB, 8188 MiB, P4, 0x0000000000000004
2026-09-26 19:42:13,2026/09/26 19:42:13.095, 67, 29.58 W, 765 MHz, 6001 MHz, 100 %, 7079 MiB, 8188 MiB, P4, 0x0000000000000004
2026-09-26 19:42:23,2026/09/26 19:42:23.153, 67, 29.62 W, 780 MHz, 6001 MHz, 100 %, 7079 MiB, 8188 MiB, P4, 0x0000000000000004
2026-09-26 19:42:33,2026/09/26 19:42:33.218, 78, 79.17 W, 2295 MHz, 7001 MHz, 100 %, 7079 MiB, 8188 MiB, P3, 0x0000000000000020
2026-09-26 19:42:43,2026/09/26 19:42:43.288, 68, 29.98 W, 885 MHz, 6001 MHz, 100 %, 7079 MiB, 8188 MiB, P4, 0x0000000000000004
2026-09-26 19:42:53,2026/09/26 19:42:53.339, 67, 29.64 W, 1005 MHz, 6001 MHz, 100 %, 7079 MiB, 8188 MiB, P4, 0x0000000000000004
2026-09-26 19:43:03,2026/09/26 19:43:03.405, 67, 29.97 W, 975 MHz, 6001 MHz, 100 %, 7079 MiB, 8188 MiB, P4, 0x0000000000000004
2026-09-26 19:43:13,2026/09/26 19:43:13.463, 67, 29.59 W, 765 MHz, 6001 MHz, 100 %, 7079 MiB, 8188 MiB, P4, 0x0000000000000004
2026-09-26 19:43:23,2026/09/26 19:43:23.516, 67, 29.62 W, 1260 MHz, 6001 MHz, 94 %, 7079 MiB, 8188 MiB, P4, 0x0000000000000004
2026-09-26 19:43:33,2026/09/26 19:43:33.573, 67, 29.90 W, 810 MHz, 6001 MHz, 100 %, 7079 MiB, 8188 MiB, P4, 0x0000000000000004
2026-09-26 19:43:43,2026/09/26 19:43:43.633, 67, 29.71 W, 1005 MHz, 6001 MHz, 100 %, 7079 MiB, 8188 MiB, P4, 0x0000000000000004
2026-09-26 19:43:53,2026/09/26 19:43:53.686, 67, 29.66 W, 765 MHz, 6001 MHz, 100 %, 7079 MiB, 8188 MiB, P4, 0x0000000000000004
2026-09-26 19:44:03,2026/09/26 19:44:03.731, 66, 29.91 W, 720 MHz, 6001 MHz, 97 %, 7079 MiB, 8188 MiB, P4, 0x0000000000000004
2026-09-26 19:44:13,2026/09/26 19:44:13.795, 67, 29.55 W, 705 MHz, 6001 MHz, 94 %, 7079 MiB, 8188 MiB, P4, 0x0000000000000004
2026-09-26 19:44:23,2026/09/26 19:44:23.862, 67, 29.54 W, 660 MHz, 6001 MHz, 94 %, 7079 MiB, 8188 MiB, P4, 0x0000000000000004
2026-09-26 19:44:33,2026/09/26 19:44:33.913, 66, 29.87 W, 525 MHz, 6001 MHz, 100 %, 7079 MiB, 8188 MiB, P4, 0x0000000000000004
2026-09-26 19:44:43,2026/09/26 19:44:43.986, 67, 24.41 W, 615 MHz, 6001 MHz, 100 %, 7079 MiB, 8188 MiB, P4, 0x0000000000000004
2026-09-26 19:44:54,2026/09/26 19:44:54.057, 63, 10.08 W, 210 MHz, 810 MHz, 0 %, 7079 MiB, 8188 MiB, P5, 0x0000000000000001
2026-09-26 19:45:04,2026/09/26 19:45:04.103, 67, 29.30 W, 690 MHz, 6001 MHz, 100 %, 7079 MiB, 8188 MiB, P4, 0x0000000000000004
2026-09-26 19:45:14,2026/09/26 19:45:14.143, 67, 29.61 W, 765 MHz, 6001 MHz, 100 %, 7079 MiB, 8188 MiB, P4, 0x0000000000000004
2026-09-26 19:45:24,2026/09/26 19:45:24.197, 67, 30.10 W, 600 MHz, 6001 MHz, 100 %, 7079 MiB, 8188 MiB, P4, 0x0000000000000004
2026-09-26 19:45:34,2026/09/26 19:45:34.260, 79, 81.26 W, 2295 MHz, 8001 MHz, 100 %, 7079 MiB, 8188 MiB, P0, 0x0000000000000020
2026-09-26 19:45:44,2026/09/26 19:45:44.314, 67, 29.61 W, 810 MHz, 6001 MHz, 100 %, 7079 MiB, 8188 MiB, P4, 0x0000000000000004
2026-09-26 19:45:54,2026/09/26 19:45:54.359, 67, 29.76 W, 570 MHz, 6001 MHz, 100 %, 7079 MiB, 8188 MiB, P4, 0x0000000000000004
2026-09-26 19:46:04,2026/09/26 19:46:04.400, 67, 29.48 W, 1065 MHz, 6001 MHz, 100 %, 7079 MiB, 8188 MiB, P4, 0x0000000000000004
2026-09-26 19:46:14,2026/09/26 19:46:14.453, 67, 29.45 W, 1020 MHz, 6001 MHz, 100 %, 7079 MiB, 8188 MiB, P4, 0x0000000000000004
2026-09-26 19:46:24,2026/09/26 19:46:24.500, 67, 29.48 W, 990 MHz, 6001 MHz, 100 %, 7079 MiB, 8188 MiB, P4, 0x0000000000000004
2026-09-26 19:46:34,2026/09/26 19:46:34.552, 67, 29.82 W, 585 MHz, 6001 MHz, 100 %, 7079 MiB, 8188 MiB, P4, 0x0000000000000004
2026-09-26 19:46:44,2026/09/26 19:46:44.617, 67, 29.39 W, 960 MHz, 6001 MHz, 100 %, 7079 MiB, 8188 MiB, P4, 0x0000000000000004
2026-09-26 19:46:54,2026/09/26 19:46:54.665, 66, 29.46 W, 1065 MHz, 6001 MHz, 100 %, 7079 MiB, 8188 MiB, P4, 0x0000000000000004
2026-09-26 19:47:04,2026/09/26 19:47:04.720, 67, 29.76 W, 600 MHz, 6001 MHz, 100 %, 7079 MiB, 8188 MiB, P4, 0x0000000000000004
2026-09-26 19:47:14,2026/09/26 19:47:14.789, 67, 29.53 W, 645 MHz, 6001 MHz, 100 %, 7079 MiB, 8188 MiB, P4, 0x0000000000000004
2026-09-26 19:47:24,2026/09/26 19:47:24.833, 67, 29.67 W, 1080 MHz, 6001 MHz, 100 %, 7079 MiB, 8188 MiB, P4, 0x0000000000000004
2026-09-26 19:47:34,2026/09/26 19:47:34.884, 67, 29.48 W, 990 MHz, 6001 MHz, 100 %, 7079 MiB, 8188 MiB, P4, 0x0000000000000004
2026-09-26 19:47:44,2026/09/26 19:47:44.933, 78, 83.50 W, 2295 MHz, 8001 MHz, 100 %, 7079 MiB, 8188 MiB, P0, 0x0000000000000020
2026-09-26 19:47:54,2026/09/26 19:47:54.984, 67, 29.49 W, 975 MHz, 6001 MHz, 100 %, 7079 MiB, 8188 MiB, P4, 0x0000000000000004
2026-09-26 19:48:05,2026/09/26 19:48:05.035, 67, 29.57 W, 975 MHz, 6001 MHz, 100 %, 7079 MiB, 8188 MiB, P4, 0x0000000000000004
2026-09-26 19:48:15,2026/09/26 19:48:15.076, 67, 29.79 W, 555 MHz, 6001 MHz, 100 %, 7079 MiB, 8188 MiB, P4, 0x0000000000000004
2026-09-26 19:48:25,2026/09/26 19:48:25.130, 67, 29.78 W, 615 MHz, 6001 MHz, 100 %, 7079 MiB, 8188 MiB, P4, 0x0000000000000004
2026-09-26 19:48:35,2026/09/26 19:48:35.177, 66, 29.60 W, 645 MHz, 6001 MHz, 100 %, 7079 MiB, 8188 MiB, P4, 0x0000000000000004
2026-09-26 19:48:45,2026/09/26 19:48:45.234, 67, 29.33 W, 660 MHz, 6001 MHz, 100 %, 7079 MiB, 8188 MiB, P4, 0x0000000000000004
2026-09-26 19:48:55,2026/09/26 19:48:55.284, 78, 83.99 W, 2295 MHz, 8001 MHz, 100 %, 7079 MiB, 8188 MiB, P0, 0x0000000000000020
2026-09-26 19:49:05,2026/09/26 19:49:05.325, 68, 29.40 W, 1035 MHz, 6001 MHz, 100 %, 7079 MiB, 8188 MiB, P4, 0x0000000000000004
2026-09-26 19:49:15,2026/09/26 19:49:15.377, 67, 29.96 W, 600 MHz, 6001 MHz, 100 %, 7079 MiB, 8188 MiB, P4, 0x0000000000000004
2026-09-26 19:49:25,2026/09/26 19:49:25.424, 67, 29.66 W, 600 MHz, 6001 MHz, 100 %, 7079 MiB, 8188 MiB, P4, 0x0000000000000004
2026-09-26 19:49:35,2026/09/26 19:49:35.486, 66, 30.01 W, 885 MHz, 6001 MHz, 100 %, 7079 MiB, 8188 MiB, P4, 0x0000000000000004
2026-09-26 19:49:45,2026/09/26 19:49:45.546, 67, 29.72 W, 1230 MHz, 6001 MHz, 100 %, 7079 MiB, 8188 MiB, P4, 0x0000000000000004
2026-09-26 19:49:55,2026/09/26 19:49:55.593, 67, 29.49 W, 1305 MHz, 6001 MHz, 100 %, 7079 MiB, 8188 MiB, P4, 0x0000000000000004
2026-09-26 19:50:05,2026/09/26 19:50:05.655, 67, 29.46 W, 660 MHz, 6001 MHz, 95 %, 7079 MiB, 8188 MiB, P4, 0x0000000000000004
2026-09-26 19:50:15,2026/09/26 19:50:15.718, 67, 29.77 W, 735 MHz, 6001 MHz, 100 %, 7079 MiB, 8188 MiB, P4, 0x0000000000000004
2026-09-26 19:50:25,2026/09/26 19:50:25.783, 67, 29.52 W, 1035 MHz, 6001 MHz, 100 %, 7079 MiB, 8188 MiB, P4, 0x0000000000000004
2026-09-26 19:50:35,2026/09/26 19:50:35.842, 67, 29.80 W, 1035 MHz, 6001 MHz, 100 %, 7079 MiB, 8188 MiB, P4, 0x0000000000000004
2026-09-26 19:50:45,2026/09/26 19:50:45.916, 67, 29.63 W, 930 MHz, 6001 MHz, 100 %, 7079 MiB, 8188 MiB, P4, 0x0000000000000004
2026-09-26 19:50:55,2026/09/26 19:50:55.966, 67, 29.84 W, 660 MHz, 6001 MHz, 100 %, 7079 MiB, 8188 MiB, P4, 0x0000000000000004
2026-09-26 19:51:05,2026/09/26 19:51:06.008, 67, 29.83 W, 645 MHz, 6001 MHz, 100 %, 7079 MiB, 8188 MiB, P4, 0x0000000000000004
2026-09-26 19:51:16,2026/09/26 19:51:16.054, 66, 29.77 W, 1020 MHz, 6001 MHz, 100 %, 7079 MiB, 8188 MiB, P4, 0x0000000000000004
2026-09-26 19:51:26,2026/09/26 19:51:26.122, 67, 29.67 W, 1155 MHz, 6001 MHz, 100 %, 7079 MiB, 8188 MiB, P4, 0x0000000000000004
2026-09-26 19:51:36,2026/09/26 19:51:36.194, 68, 29.88 W, 765 MHz, 6001 MHz, 100 %, 7079 MiB, 8188 MiB, P4, 0x0000000000000004
2026-09-26 19:51:46,2026/09/26 19:51:46.250, 67, 29.65 W, 990 MHz, 6001 MHz, 100 %, 7079 MiB, 8188 MiB, P4, 0x0000000000000004
2026-09-26 19:51:56,2026/09/26 19:51:56.310, 67, 29.70 W, 675 MHz, 6001 MHz, 95 %, 7079 MiB, 8188 MiB, P4, 0x0000000000000004
2026-09-26 19:52:06,2026/09/26 19:52:06.383, 67, 29.49 W, 1080 MHz, 6001 MHz, 94 %, 7079 MiB, 8188 MiB, P4, 0x0000000000000004
2026-09-26 19:52:16,2026/09/26 19:52:16.454, 76, 84.42 W, 2295 MHz, 8001 MHz, 100 %, 7079 MiB, 8188 MiB, P0, 0x0000000000000020
2026-09-26 19:52:26,2026/09/26 19:52:26.502, 68, 29.82 W, 600 MHz, 6001 MHz, 100 %, 7079 MiB, 8188 MiB, P4, 0x0000000000000004
2026-09-26 19:52:36,2026/09/26 19:52:36.561, 67, 29.70 W, 705 MHz, 6001 MHz, 100 %, 7079 MiB, 8188 MiB, P4, 0x0000000000000004
2026-09-26 19:52:46,2026/09/26 19:52:46.613, 67, 29.81 W, 945 MHz, 6001 MHz, 100 %, 7079 MiB, 8188 MiB, P4, 0x0000000000000004
2026-09-26 19:52:56,2026/09/26 19:52:56.664, 67, 29.93 W, 705 MHz, 6001 MHz, 100 %, 7079 MiB, 8188 MiB, P4, 0x0000000000000004
2026-09-26 19:53:06,2026/09/26 19:53:06.712, 67, 30.01 W, 1050 MHz, 6001 MHz, 100 %, 7079 MiB, 8188 MiB, P4, 0x0000000000000004
2026-09-26 19:53:16,2026/09/26 19:53:16.779, 66, 29.29 W, 1395 MHz, 6001 MHz, 100 %, 7079 MiB, 8188 MiB, P4, 0x0000000000000004
2026-09-26 19:53:26,2026/09/26 19:53:26.848, 67, 29.86 W, 495 MHz, 6001 MHz, 100 %, 7079 MiB, 8188 MiB, P4, 0x0000000000000004
2026-09-26 19:53:36,2026/09/26 19:53:36.916, 77, 76.74 W, 2295 MHz, 7001 MHz, 95 %, 7079 MiB, 8188 MiB, P3, 0x0000000000000020
2026-09-26 19:53:46,2026/09/26 19:53:46.975, 68, 29.62 W, 930 MHz, 6001 MHz, 100 %, 7079 MiB, 8188 MiB, P4, 0x0000000000000004
2026-09-26 19:53:56,2026/09/26 19:53:57.046, 67, 29.66 W, 990 MHz, 6001 MHz, 100 %, 7079 MiB, 8188 MiB, P4, 0x0000000000000004
2026-09-26 19:54:07,2026/09/26 19:54:07.101, 67, 29.41 W, 990 MHz, 6001 MHz, 95 %, 7079 MiB, 8188 MiB, P4, 0x0000000000000004
2026-09-26 19:54:17,2026/09/26 19:54:17.147, 67, 29.82 W, 675 MHz, 6001 MHz, 100 %, 7079 MiB, 8188 MiB, P4, 0x0000000000000004
2026-09-26 19:54:27,2026/09/26 19:54:27.218, 79, 83.24 W, 2295 MHz, 8001 MHz, 100 %, 7079 MiB, 8188 MiB, P0, 0x0000000000000020
2026-09-26 19:54:37,2026/09/26 19:54:37.268, 68, 29.61 W, 945 MHz, 6001 MHz, 100 %, 7079 MiB, 8188 MiB, P4, 0x0000000000000004
2026-09-26 19:54:47,2026/09/26 19:54:47.318, 68, 29.88 W, 990 MHz, 6001 MHz, 100 %, 7079 MiB, 8188 MiB, P4, 0x0000000000000004
2026-09-26 19:54:57,2026/09/26 19:54:57.367, 67, 25.84 W, 2610 MHz, 8001 MHz, 0 %, 7079 MiB, 8188 MiB, P4, 0x0000000000000000
2026-09-26 19:55:07,2026/09/26 19:55:07.409, 67, 29.69 W, 990 MHz, 6001 MHz, 100 %, 7079 MiB, 8188 MiB, P4, 0x0000000000000004
2026-09-26 19:55:17,2026/09/26 19:55:17.475, 67, 29.77 W, 885 MHz, 6001 MHz, 100 %, 7079 MiB, 8188 MiB, P4, 0x0000000000000004
2026-09-26 19:55:27,2026/09/26 19:55:27.539, 67, 29.62 W, 750 MHz, 6001 MHz, 100 %, 7079 MiB, 8188 MiB, P4, 0x0000000000000004
2026-09-26 19:55:37,2026/09/26 19:55:37.593, 67, 29.91 W, 570 MHz, 6001 MHz, 100 %, 7079 MiB, 8188 MiB, P4, 0x0000000000000004
2026-09-26 19:55:47,2026/09/26 19:55:47.648, 67, 29.71 W, 930 MHz, 6001 MHz, 100 %, 7079 MiB, 8188 MiB, P4, 0x0000000000000004
2026-09-26 19:55:57,2026/09/26 19:55:57.707, 67, 29.71 W, 1035 MHz, 6001 MHz, 100 %, 7079 MiB, 8188 MiB, P4, 0x0000000000000004
2026-09-26 19:56:07,2026/09/26 19:56:07.752, 67, 29.69 W, 1275 MHz, 6001 MHz, 100 %, 7079 MiB, 8188 MiB, P4, 0x0000000000000004
2026-09-26 19:56:17,2026/09/26 19:56:17.812, 67, 30.14 W, 555 MHz, 6001 MHz, 100 %, 7079 MiB, 8188 MiB, P4, 0x0000000000000004
2026-09-26 19:56:27,2026/09/26 19:56:27.880, 67, 29.77 W, 960 MHz, 6001 MHz, 100 %, 7079 MiB, 8188 MiB, P4, 0x0000000000000004
2026-09-26 19:56:37,2026/09/26 19:56:37.931, 67, 29.62 W, 915 MHz, 6001 MHz, 100 %, 7079 MiB, 8188 MiB, P4, 0x0000000000000004
2026-09-26 19:56:47,2026/09/26 19:56:47.992, 67, 29.91 W, 870 MHz, 6001 MHz, 100 %, 7079 MiB, 8188 MiB, P4, 0x0000000000000004
2026-09-26 19:56:58,2026/09/26 19:56:58.056, 78, 83.65 W, 2295 MHz, 8001 MHz, 100 %, 7079 MiB, 8188 MiB, P0, 0x0000000000000020
2026-09-26 19:57:08,2026/09/26 19:57:08.101, 67, 29.77 W, 630 MHz, 6001 MHz, 95 %, 7079 MiB, 8188 MiB, P4, 0x0000000000000004
2026-09-26 19:57:18,2026/09/26 19:57:18.166, 67, 29.67 W, 570 MHz, 6001 MHz, 100 %, 7079 MiB, 8188 MiB, P4, 0x0000000000000004
2026-09-26 19:57:28,2026/09/26 19:57:28.235, 67, 29.72 W, 960 MHz, 6001 MHz, 100 %, 7079 MiB, 8188 MiB, P4, 0x0000000000000004
2026-09-26 19:57:38,2026/09/26 19:57:38.292, 67, 29.58 W, 1020 MHz, 6001 MHz, 100 %, 7079 MiB, 8188 MiB, P4, 0x0000000000000004
2026-09-26 19:57:48,2026/09/26 19:57:48.350, 66, 29.71 W, 675 MHz, 6001 MHz, 100 %, 7079 MiB, 8188 MiB, P4, 0x0000000000000004
2026-09-26 19:57:58,2026/09/26 19:57:58.419, 66, 29.72 W, 1305 MHz, 6001 MHz, 94 %, 7079 MiB, 8188 MiB, P4, 0x0000000000000004
2026-09-26 19:58:08,2026/09/26 19:58:08.492, 67, 29.74 W, 930 MHz, 6001 MHz, 100 %, 7079 MiB, 8188 MiB, P4, 0x0000000000000004
2026-09-26 19:58:18,2026/09/26 19:58:18.564, 67, 29.59 W, 840 MHz, 6001 MHz, 100 %, 7079 MiB, 8188 MiB, P4, 0x0000000000000004
2026-09-26 19:58:28,2026/09/26 19:58:28.613, 67, 29.64 W, 930 MHz, 6001 MHz, 100 %, 7079 MiB, 8188 MiB, P4, 0x0000000000000004
2026-09-26 19:58:38,2026/09/26 19:58:38.670, 67, 29.92 W, 1020 MHz, 6001 MHz, 100 %, 7079 MiB, 8188 MiB, P4, 0x0000000000000004
2026-09-26 19:58:48,2026/09/26 19:58:48.739, 67, 29.66 W, 1380 MHz, 6001 MHz, 93 %, 7079 MiB, 8188 MiB, P4, 0x0000000000000004
2026-09-26 19:58:58,2026/09/26 19:58:58.798, 67, 29.86 W, 675 MHz, 6001 MHz, 94 %, 7079 MiB, 8188 MiB, P4, 0x0000000000000004
2026-09-26 19:59:08,2026/09/26 19:59:08.853, 67, 29.85 W, 570 MHz, 6001 MHz, 100 %, 7079 MiB, 8188 MiB, P4, 0x0000000000000004
2026-09-26 19:59:18,2026/09/26 19:59:18.907, 67, 29.51 W, 975 MHz, 6001 MHz, 100 %, 7079 MiB, 8188 MiB, P4, 0x0000000000000004
2026-09-26 19:59:28,2026/09/26 19:59:28.959, 79, 82.46 W, 2295 MHz, 8001 MHz, 87 %, 7079 MiB, 8188 MiB, P0, 0x0000000000000020
2026-09-26 19:59:38,2026/09/26 19:59:39.009, 69, 29.92 W, 465 MHz, 7001 MHz, 100 %, 7079 MiB, 8188 MiB, P3, 0x0000000000000004
2026-09-26 19:59:49,2026/09/26 19:59:49.053, 68, 30.05 W, 600 MHz, 6001 MHz, 100 %, 7079 MiB, 8188 MiB, P4, 0x0000000000000004
2026-09-26 19:59:59,2026/09/26 19:59:59.123, 68, 29.93 W, 585 MHz, 6001 MHz, 100 %, 7079 MiB, 8188 MiB, P4, 0x0000000000000004
2026-09-26 20:00:09,2026/09/26 20:00:09.211, 67, 30.02 W, 585 MHz, 6001 MHz, 100 %, 7079 MiB, 8188 MiB, P4, 0x0000000000000004
2026-09-26 20:00:19,2026/09/26 20:00:19.303, 67, 30.01 W, 540 MHz, 6001 MHz, 100 %, 7079 MiB, 8188 MiB, P4, 0x0000000000000004
2026-09-26 20:00:29,2026/09/26 20:00:29.385, 67, 29.87 W, 840 MHz, 6001 MHz, 100 %, 7079 MiB, 8188 MiB, P4, 0x0000000000000004
2026-09-26 20:00:39,2026/09/26 20:00:39.458, 67, 29.95 W, 465 MHz, 6001 MHz, 100 %, 7079 MiB, 8188 MiB, P4, 0x0000000000000004
2026-09-26 20:00:49,2026/09/26 20:00:49.514, 67, 29.72 W, 975 MHz, 6001 MHz, 100 %, 7079 MiB, 8188 MiB, P4, 0x0000000000000004
2026-09-26 20:00:59,2026/09/26 20:00:59.572, 67, 29.70 W, 945 MHz, 6001 MHz, 100 %, 7079 MiB, 8188 MiB, P4, 0x0000000000000004
2026-09-26 20:01:09,2026/09/26 20:01:09.619, 67, 29.71 W, 900 MHz, 6001 MHz, 100 %, 7079 MiB, 8188 MiB, P4, 0x0000000000000004
2026-09-26 20:01:19,2026/09/26 20:01:19.756, 67, 29.21 W, 600 MHz, 6001 MHz, 71 %, 7079 MiB, 8188 MiB, P4, 0x0000000000000004
2026-09-26 20:01:29,2026/09/26 20:01:29.854, 67, 29.81 W, 930 MHz, 6001 MHz, 100 %, 7079 MiB, 8188 MiB, P4, 0x0000000000000004
2026-09-26 20:01:39,2026/09/26 20:01:39.934, 67, 29.43 W, 885 MHz, 6001 MHz, 100 %, 7079 MiB, 8188 MiB, P4, 0x0000000000000004
2026-09-26 20:01:49,2026/09/26 20:01:49.996, 67, 29.81 W, 795 MHz, 6001 MHz, 100 %, 7079 MiB, 8188 MiB, P4, 0x0000000000000004
2026-09-26 20:02:00,2026/09/26 20:02:00.058, 67, 29.40 W, 1005 MHz, 6001 MHz, 91 %, 7079 MiB, 8188 MiB, P4, 0x0000000000000004
2026-09-26 20:02:10,2026/09/26 20:02:10.124, 68, 29.97 W, 630 MHz, 6001 MHz, 100 %, 7079 MiB, 8188 MiB, P4, 0x0000000000000004
2026-09-26 20:02:20,2026/09/26 20:02:20.184, 67, 29.83 W, 645 MHz, 6001 MHz, 100 %, 7079 MiB, 8188 MiB, P4, 0x0000000000000004
2026-09-26 20:02:30,2026/09/26 20:02:30.257, 67, 29.66 W, 870 MHz, 6001 MHz, 100 %, 7079 MiB, 8188 MiB, P4, 0x0000000000000004
2026-09-26 20:02:40,2026/09/26 20:02:40.324, 67, 29.57 W, 765 MHz, 6001 MHz, 100 %, 7079 MiB, 8188 MiB, P4, 0x0000000000000004
2026-09-26 20:02:50,2026/09/26 20:02:50.411, 67, 29.85 W, 930 MHz, 6001 MHz, 100 %, 7079 MiB, 8188 MiB, P4, 0x0000000000000004
2026-09-26 20:03:00,2026/09/26 20:03:00.475, 67, 29.88 W, 615 MHz, 6001 MHz, 100 %, 7079 MiB, 8188 MiB, P4, 0x0000000000000004
2026-09-26 20:03:10,2026/09/26 20:03:10.548, 67, 29.91 W, 1020 MHz, 6001 MHz, 100 %, 7079 MiB, 8188 MiB, P4, 0x0000000000000004
2026-09-26 20:03:20,2026/09/26 20:03:20.612, 67, 29.33 W, 1290 MHz, 6001 MHz, 100 %, 7079 MiB, 8188 MiB, P4, 0x0000000000000004
2026-09-26 20:03:30,2026/09/26 20:03:30.676, 68, 29.35 W, 975 MHz, 6001 MHz, 94 %, 7079 MiB, 8188 MiB, P4, 0x0000000000000004
2026-09-26 20:03:40,2026/09/26 20:03:40.743, 67, 29.80 W, 675 MHz, 6001 MHz, 93 %, 7079 MiB, 8188 MiB, P4, 0x0000000000000004
2026-09-26 20:03:50,2026/09/26 20:03:50.804, 67, 29.99 W, 615 MHz, 6001 MHz, 100 %, 7079 MiB, 8188 MiB, P4, 0x0000000000000004
2026-09-26 20:04:00,2026/09/26 20:04:00.869, 67, 29.81 W, 885 MHz, 6001 MHz, 100 %, 7079 MiB, 8188 MiB, P4, 0x0000000000000004
2026-09-26 20:04:10,2026/09/26 20:04:10.931, 68, 29.83 W, 720 MHz, 6001 MHz, 100 %, 7079 MiB, 8188 MiB, P4, 0x0000000000000004
2026-09-26 20:04:20,2026/09/26 20:04:20.999, 67, 30.07 W, 630 MHz, 6001 MHz, 100 %, 7079 MiB, 8188 MiB, P4, 0x0000000000000004
2026-09-26 20:04:31,2026/09/26 20:04:31.069, 67, 29.93 W, 930 MHz, 6001 MHz, 99 %, 7079 MiB, 8188 MiB, P4, 0x0000000000000004
2026-09-26 20:04:41,2026/09/26 20:04:41.134, 66, 22.67 W, 2370 MHz, 6001 MHz, 0 %, 7079 MiB, 8188 MiB, P4, 0x0000000000000024
2026-09-26 20:04:51,2026/09/26 20:04:51.201, 75, 92.91 W, 2295 MHz, 8001 MHz, 100 %, 7079 MiB, 8188 MiB, P0, 0x0000000000000020
2026-09-26 20:05:01,2026/09/26 20:05:01.273, 67, 29.18 W, 540 MHz, 7001 MHz, 100 %, 7079 MiB, 8188 MiB, P3, 0x0000000000000004
2026-09-26 20:05:11,2026/09/26 20:05:11.346, 67, 29.65 W, 600 MHz, 6001 MHz, 100 %, 7079 MiB, 8188 MiB, P4, 0x0000000000000004
2026-09-26 20:05:21,2026/09/26 20:05:21.427, 67, 29.71 W, 1035 MHz, 6001 MHz, 100 %, 7079 MiB, 8188 MiB, P4, 0x0000000000000004
2026-09-26 20:05:31,2026/09/26 20:05:31.511, 67, 30.01 W, 585 MHz, 6001 MHz, 100 %, 7079 MiB, 8188 MiB, P4, 0x0000000000000004
2026-09-26 20:05:41,2026/09/26 20:05:41.558, 67, 29.41 W, 600 MHz, 6001 MHz, 100 %, 7079 MiB, 8188 MiB, P4, 0x0000000000000004
2026-09-26 20:05:51,2026/09/26 20:05:51.615, 67, 29.35 W, 750 MHz, 6001 MHz, 100 %, 7079 MiB, 8188 MiB, P4, 0x0000000000000004
2026-09-26 20:06:01,2026/09/26 20:06:01.698, 67, 29.51 W, 990 MHz, 6001 MHz, 100 %, 7079 MiB, 8188 MiB, P4, 0x0000000000000004
2026-09-26 20:06:11,2026/09/26 20:06:11.764, 67, 29.54 W, 930 MHz, 6001 MHz, 100 %, 7079 MiB, 8188 MiB, P4, 0x0000000000000004
2026-09-26 20:06:21,2026/09/26 20:06:21.835, 67, 29.76 W, 675 MHz, 6001 MHz, 100 %, 7079 MiB, 8188 MiB, P4, 0x0000000000000004
2026-09-26 20:06:31,2026/09/26 20:06:31.897, 67, 29.60 W, 915 MHz, 6001 MHz, 100 %, 7079 MiB, 8188 MiB, P4, 0x0000000000000004
2026-09-26 20:06:41,2026/09/26 20:06:41.949, 67, 29.69 W, 600 MHz, 6001 MHz, 100 %, 7079 MiB, 8188 MiB, P4, 0x0000000000000004
2026-09-26 20:06:51,2026/09/26 20:06:52.022, 67, 29.58 W, 855 MHz, 6001 MHz, 100 %, 7079 MiB, 8188 MiB, P4, 0x0000000000000004
2026-09-26 20:07:02,2026/09/26 20:07:02.095, 67, 29.45 W, 1110 MHz, 6001 MHz, 100 %, 7079 MiB, 8188 MiB, P4, 0x0000000000000004
2026-09-26 20:07:12,2026/09/26 20:07:12.152, 67, 29.88 W, 645 MHz, 6001 MHz, 100 %, 7079 MiB, 8188 MiB, P4, 0x0000000000000004
2026-09-26 20:07:22,2026/09/26 20:07:22.206, 67, 29.93 W, 615 MHz, 6001 MHz, 100 %, 7079 MiB, 8188 MiB, P4, 0x0000000000000004
2026-09-26 20:07:32,2026/09/26 20:07:32.250, 67, 29.68 W, 570 MHz, 6001 MHz, 100 %, 7079 MiB, 8188 MiB, P4, 0x0000000000000004
2026-09-26 20:07:42,2026/09/26 20:07:42.290, 67, 29.40 W, 1110 MHz, 6001 MHz, 100 %, 7079 MiB, 8188 MiB, P4, 0x0000000000000004
2026-09-26 20:07:52,2026/09/26 20:07:52.360, 67, 29.57 W, 840 MHz, 6001 MHz, 100 %, 7079 MiB, 8188 MiB, P4, 0x0000000000000004
2026-09-26 20:08:02,2026/09/26 20:08:02.428, 67, 29.76 W, 1110 MHz, 6001 MHz, 100 %, 7079 MiB, 8188 MiB, P4, 0x0000000000000004
2026-09-26 20:08:12,2026/09/26 20:08:12.473, 67, 29.45 W, 780 MHz, 6001 MHz, 100 %, 7079 MiB, 8188 MiB, P4, 0x0000000000000004
2026-09-26 20:08:22,2026/09/26 20:08:22.520, 67, 29.85 W, 600 MHz, 6001 MHz, 100 %, 7079 MiB, 8188 MiB, P4, 0x0000000000000004
2026-09-26 20:08:32,2026/09/26 20:08:32.590, 67, 29.46 W, 1110 MHz, 6001 MHz, 100 %, 7079 MiB, 8188 MiB, P4, 0x0000000000000004
2026-09-26 20:08:42,2026/09/26 20:08:42.659, 67, 29.44 W, 600 MHz, 6001 MHz, 100 %, 7079 MiB, 8188 MiB, P4, 0x0000000000000004
2026-09-26 20:08:52,2026/09/26 20:08:52.725, 67, 30.03 W, 525 MHz, 6001 MHz, 100 %, 7079 MiB, 8188 MiB, P4, 0x0000000000000004
2026-09-26 20:09:02,2026/09/26 20:09:02.800, 67, 29.60 W, 750 MHz, 6001 MHz, 100 %, 7079 MiB, 8188 MiB, P4, 0x0000000000000004
2026-09-26 20:09:12,2026/09/26 20:09:12.872, 67, 29.64 W, 1035 MHz, 6001 MHz, 100 %, 7079 MiB, 8188 MiB, P4, 0x0000000000000004
2026-09-26 20:09:22,2026/09/26 20:09:22.916, 67, 29.72 W, 1035 MHz, 6001 MHz, 100 %, 7079 MiB, 8188 MiB, P4, 0x0000000000000004
2026-09-26 20:09:32,2026/09/26 20:09:32.984, 67, 29.41 W, 1065 MHz, 6001 MHz, 100 %, 7079 MiB, 8188 MiB, P4, 0x0000000000000004
2026-09-26 20:09:43,2026/09/26 20:09:43.060, 67, 29.48 W, 855 MHz, 6001 MHz, 100 %, 7079 MiB, 8188 MiB, P4, 0x0000000000000004
2026-09-26 20:09:53,2026/09/26 20:09:53.130, 67, 29.44 W, 810 MHz, 6001 MHz, 100 %, 7079 MiB, 8188 MiB, P4, 0x0000000000000004
2026-09-26 20:10:03,2026/09/26 20:10:03.194, 68, 29.67 W, 495 MHz, 6001 MHz, 100 %, 7079 MiB, 8188 MiB, P4, 0x0000000000000004
2026-09-26 20:10:13,2026/09/26 20:10:13.276, 78, 79.13 W, 2295 MHz, 8001 MHz, 89 %, 7079 MiB, 8188 MiB, P0, 0x0000000000000020
2026-09-26 20:10:23,2026/09/26 20:10:23.356, 68, 29.49 W, 1050 MHz, 6001 MHz, 100 %, 7079 MiB, 8188 MiB, P4, 0x0000000000000004
2026-09-26 20:10:33,2026/09/26 20:10:33.412, 68, 29.23 W, 1200 MHz, 6001 MHz, 100 %, 7079 MiB, 8188 MiB, P4, 0x0000000000000004
2026-09-26 20:10:43,2026/09/26 20:10:43.474, 68, 29.77 W, 660 MHz, 6001 MHz, 100 %, 7079 MiB, 8188 MiB, P4, 0x0000000000000004
2026-09-26 20:10:53,2026/09/26 20:10:53.543, 68, 29.62 W, 615 MHz, 6001 MHz, 94 %, 7079 MiB, 8188 MiB, P4, 0x0000000000000004
2026-09-26 20:11:03,2026/09/26 20:11:03.607, 67, 29.94 W, 645 MHz, 6001 MHz, 100 %, 7079 MiB, 8188 MiB, P4, 0x0000000000000004
2026-09-26 20:11:13,2026/09/26 20:11:13.680, 68, 29.81 W, 990 MHz, 6001 MHz, 100 %, 7079 MiB, 8188 MiB, P4, 0x0000000000000004
2026-09-26 20:11:23,2026/09/26 20:11:23.739, 67, 29.71 W, 960 MHz, 6001 MHz, 100 %, 7079 MiB, 8188 MiB, P4, 0x0000000000000004
2026-09-26 20:11:33,2026/09/26 20:11:33.806, 67, 29.76 W, 885 MHz, 6001 MHz, 100 %, 7079 MiB, 8188 MiB, P4, 0x0000000000000004
2026-09-26 20:11:43,2026/09/26 20:11:43.858, 67, 29.64 W, 1125 MHz, 6001 MHz, 100 %, 7079 MiB, 8188 MiB, P4, 0x0000000000000004
2026-09-26 20:11:53,2026/09/26 20:11:53.923, 67, 30.07 W, 585 MHz, 6001 MHz, 100 %, 7079 MiB, 8188 MiB, P4, 0x0000000000000004
2026-09-26 20:12:03,2026/09/26 20:12:03.967, 67, 29.94 W, 855 MHz, 6001 MHz, 100 %, 7079 MiB, 8188 MiB, P4, 0x0000000000000004
2026-09-26 20:12:13,2026/09/26 20:12:14.014, 67, 29.80 W, 630 MHz, 6001 MHz, 100 %, 7079 MiB, 8188 MiB, P4, 0x0000000000000004
2026-09-26 20:12:24,2026/09/26 20:12:24.085, 67, 29.77 W, 840 MHz, 6001 MHz, 100 %, 7079 MiB, 8188 MiB, P4, 0x0000000000000004
2026-09-26 20:12:34,2026/09/26 20:12:34.152, 67, 29.55 W, 1035 MHz, 6001 MHz, 100 %, 7079 MiB, 8188 MiB, P4, 0x0000000000000004
2026-09-26 20:12:44,2026/09/26 20:12:44.210, 67, 29.82 W, 765 MHz, 6001 MHz, 100 %, 7079 MiB, 8188 MiB, P4, 0x0000000000000004
2026-09-26 20:12:54,2026/09/26 20:12:54.279, 67, 29.99 W, 570 MHz, 6001 MHz, 100 %, 7079 MiB, 8188 MiB, P4, 0x0000000000000004
2026-09-26 20:13:04,2026/09/26 20:13:04.346, 67, 29.61 W, 660 MHz, 6001 MHz, 95 %, 7079 MiB, 8188 MiB, P4, 0x0000000000000004
2026-09-26 20:13:14,2026/09/26 20:13:14.415, 67, 29.67 W, 705 MHz, 6001 MHz, 100 %, 7079 MiB, 8188 MiB, P4, 0x0000000000000004
2026-09-26 20:13:24,2026/09/26 20:13:24.473, 67, 29.61 W, 795 MHz, 6001 MHz, 100 %, 7079 MiB, 8188 MiB, P4, 0x0000000000000004
2026-09-26 20:13:34,2026/09/26 20:13:34.532, 67, 29.64 W, 1005 MHz, 6001 MHz, 100 %, 7079 MiB, 8188 MiB, P4, 0x0000000000000004
2026-09-26 20:13:44,2026/09/26 20:13:44.595, 67, 30.07 W, 870 MHz, 6001 MHz, 100 %, 7079 MiB, 8188 MiB, P4, 0x0000000000000004
2026-09-26 20:13:54,2026/09/26 20:13:54.654, 67, 29.35 W, 1230 MHz, 6001 MHz, 100 %, 7079 MiB, 8188 MiB, P4, 0x0000000000000004
2026-09-26 20:14:04,2026/09/26 20:14:04.695, 67, 29.90 W, 660 MHz, 6001 MHz, 100 %, 7079 MiB, 8188 MiB, P4, 0x0000000000000004
2026-09-26 20:14:14,2026/09/26 20:14:14.740, 67, 29.81 W, 615 MHz, 6001 MHz, 100 %, 7079 MiB, 8188 MiB, P4, 0x0000000000000004
2026-09-26 20:14:24,2026/09/26 20:14:24.811, 67, 29.76 W, 720 MHz, 6001 MHz, 100 %, 7079 MiB, 8188 MiB, P4, 0x0000000000000004
2026-09-26 20:14:34,2026/09/26 20:14:34.866, 67, 29.82 W, 630 MHz, 6001 MHz, 100 %, 7079 MiB, 8188 MiB, P4, 0x0000000000000004
2026-09-26 20:14:44,2026/09/26 20:14:44.909, 67, 29.70 W, 990 MHz, 6001 MHz, 100 %, 7079 MiB, 8188 MiB, P4, 0x0000000000000004
2026-09-26 20:14:54,2026/09/26 20:14:54.969, 68, 29.24 W, 1275 MHz, 6001 MHz, 95 %, 7079 MiB, 8188 MiB, P4, 0x0000000000000004
2026-09-26 20:15:04,2026/09/26 20:15:05.030, 68, 29.46 W, 720 MHz, 6001 MHz, 94 %, 7079 MiB, 8188 MiB, P4, 0x0000000000000004
2026-09-26 20:15:15,2026/09/26 20:15:15.081, 67, 29.78 W, 750 MHz, 6001 MHz, 100 %, 7079 MiB, 8188 MiB, P4, 0x0000000000000004
2026-09-26 20:15:25,2026/09/26 20:15:25.154, 67, 29.76 W, 750 MHz, 6001 MHz, 100 %, 7079 MiB, 8188 MiB, P4, 0x0000000000000004
2026-09-26 20:15:35,2026/09/26 20:15:35.227, 67, 29.92 W, 795 MHz, 6001 MHz, 100 %, 7079 MiB, 8188 MiB, P4, 0x0000000000000004
2026-09-26 20:15:45,2026/09/26 20:15:45.314, 67, 29.46 W, 645 MHz, 6001 MHz, 92 %, 7079 MiB, 8188 MiB, P4, 0x0000000000000004
2026-09-26 20:15:55,2026/09/26 20:15:55.376, 67, 30.03 W, 555 MHz, 6001 MHz, 100 %, 7079 MiB, 8188 MiB, P4, 0x0000000000000004
2026-09-26 20:16:05,2026/09/26 20:16:05.435, 67, 29.85 W, 885 MHz, 6001 MHz, 100 %, 7079 MiB, 8188 MiB, P4, 0x0000000000000004
2026-09-26 20:16:15,2026/09/26 20:16:15.481, 67, 29.39 W, 885 MHz, 6001 MHz, 100 %, 7079 MiB, 8188 MiB, P4, 0x0000000000000004
2026-09-26 20:16:25,2026/09/26 20:16:25.545, 67, 29.65 W, 840 MHz, 6001 MHz, 100 %, 7079 MiB, 8188 MiB, P4, 0x0000000000000004
2026-09-26 20:16:35,2026/09/26 20:16:35.609, 67, 30.07 W, 1260 MHz, 6001 MHz, 100 %, 7079 MiB, 8188 MiB, P4, 0x0000000000000004
2026-09-26 20:16:45,2026/09/26 20:16:45.669, 68, 29.58 W, 570 MHz, 6001 MHz, 94 %, 7079 MiB, 8188 MiB, P4, 0x0000000000000004
2026-09-26 20:16:55,2026/09/26 20:16:55.710, 67, 29.56 W, 915 MHz, 6001 MHz, 100 %, 7079 MiB, 8188 MiB, P4, 0x0000000000000004
2026-09-26 20:17:05,2026/09/26 20:17:05.780, 67, 29.67 W, 825 MHz, 6001 MHz, 100 %, 7079 MiB, 8188 MiB, P4, 0x0000000000000004
2026-09-26 20:17:15,2026/09/26 20:17:15.844, 66, 29.56 W, 1125 MHz, 6001 MHz, 93 %, 7079 MiB, 8188 MiB, P4, 0x0000000000000004
2026-09-26 20:17:25,2026/09/26 20:17:25.912, 67, 29.55 W, 705 MHz, 6001 MHz, 99 %, 7079 MiB, 8188 MiB, P4, 0x0000000000000004
2026-09-26 20:17:35,2026/09/26 20:17:35.966, 67, 29.83 W, 885 MHz, 6001 MHz, 100 %, 7079 MiB, 8188 MiB, P4, 0x0000000000000004
2026-09-26 20:17:45,2026/09/26 20:17:46.023, 67, 29.90 W, 960 MHz, 6001 MHz, 100 %, 7079 MiB, 8188 MiB, P4, 0x0000000000000004
2026-09-26 20:17:56,2026/09/26 20:17:56.089, 67, 29.85 W, 885 MHz, 6001 MHz, 100 %, 7079 MiB, 8188 MiB, P4, 0x0000000000000004
2026-09-26 20:18:06,2026/09/26 20:18:06.147, 66, 29.87 W, 585 MHz, 6001 MHz, 95 %, 7079 MiB, 8188 MiB, P4, 0x0000000000000004
2026-09-26 20:18:16,2026/09/26 20:18:16.191, 67, 29.89 W, 495 MHz, 6001 MHz, 100 %, 7079 MiB, 8188 MiB, P4, 0x0000000000000004
2026-09-26 20:18:26,2026/09/26 20:18:26.254, 67, 29.76 W, 945 MHz, 6001 MHz, 100 %, 7079 MiB, 8188 MiB, P4, 0x0000000000000004
2026-09-26 20:18:36,2026/09/26 20:18:37.842, 64, 21.92 W, 2370 MHz, 8001 MHz, 0 %, 0 MiB, 8188 MiB, P0, 0x0000000000000004
