local_time,timestamp,temperature.gpu,power.draw,clocks.sm,clocks.mem,utilization.gpu,memory.used,memory.total,pstate,clocks_throttle_reasons.active
2026-09-26 20:19:50,2026/09/26 20:19:50.724, 61, 21.12 W, 2370 MHz, 8001 MHz, 0 %, 0 MiB, 8188 MiB, P0, 0x0000000000000004
2026-09-26 20:20:00,2026/09/26 20:20:01.436, 62, 590.01 W, 2370 MHz, 8001 MHz, 0 %, 0 MiB, 8188 MiB, P0, 0x0000000000000001
2026-09-26 20:20:11,2026/09/26 20:20:13.053, 62, 20.94 W, 2370 MHz, 8001 MHz, 0 %, 0 MiB, 8188 MiB, P0, 0x0000000000000004
2026-09-26 20:20:23,2026/09/26 20:20:24.684, 62, 20.77 W, 2370 MHz, 8001 MHz, 0 %, 0 MiB, 8188 MiB, P0, 0x0000000000000004
2026-09-26 20:20:34,2026/09/26 20:20:36.332, 61, 22.01 W, 2370 MHz, 8001 MHz, 0 %, 0 MiB, 8188 MiB, P0, 0x0000000000000004
2026-09-26 20:20:46,2026/09/26 20:20:47.964, 61, 20.89 W, 2370 MHz, 8001 MHz, 0 %, 0 MiB, 8188 MiB, P0, 0x0000000000000004
2026-09-26 20:20:57,2026/09/26 20:20:58.573, 61, 20.90 W, 2370 MHz, 8001 MHz, 0 %, 0 MiB, 8188 MiB, P0, 0x0000000000000004
2026-09-26 20:21:08,2026/09/26 20:21:10.173, 61, 20.94 W, 2370 MHz, 8001 MHz, 0 %, 0 MiB, 8188 MiB, P0, 0x0000000000000004
2026-09-26 20:21:20,2026/09/26 20:21:21.796, 61, 21.06 W, 2370 MHz, 8001 MHz, 0 %, 0 MiB, 8188 MiB, P0, 0x0000000000000004
2026-09-26 20:21:31,2026/09/26 20:21:33.399, 60, 21.39 W, 2370 MHz, 8001 MHz, 0 %, 0 MiB, 8188 MiB, P0, 0x0000000000000004
2026-09-26 20:21:43,2026/09/26 20:21:45.024, 61, 21.57 W, 2370 MHz, 8001 MHz, 0 %, 0 MiB, 8188 MiB, P0, 0x0000000000000004
2026-09-26 20:21:55,2026/09/26 20:21:55.096, 74, 70.52 W, 2595 MHz, 8001 MHz, 84 %, 1153 MiB, 8188 MiB, P0, 0x0000000000000000
2026-09-26 20:22:05,2026/09/26 20:22:05.149, 73, 69.36 W, 2505 MHz, 8001 MHz, 86 %, 1153 MiB, 8188 MiB, P0, 0x0000000000000020
2026-09-26 20:22:15,2026/09/26 20:22:15.202, 75, 66.84 W, 2550 MHz, 8001 MHz, 83 %, 1153 MiB, 8188 MiB, P0, 0x0000000000000020
2026-09-26 20:22:25,2026/09/26 20:22:25.263, 74, 64.03 W, 2370 MHz, 8001 MHz, 82 %, 1153 MiB, 8188 MiB, P0, 0x0000000000000020
2026-09-26 20:22:35,2026/09/26 20:22:35.349, 74, 61.83 W, 2295 MHz, 8001 MHz, 85 %, 1153 MiB, 8188 MiB, P0, 0x0000000000000020
2026-09-26 20:22:45,2026/09/26 20:22:45.426, 64, 18.35 W, 435 MHz, 6001 MHz, 0 %, 1153 MiB, 8188 MiB, P4, 0x0000000000000001
2026-09-26 20:22:55,2026/09/26 20:22:55.491, 65, 31.99 W, 2610 MHz, 8001 MHz, 0 %, 1153 MiB, 8188 MiB, P0, 0x0000000000000000
2026-09-26 20:23:05,2026/09/26 20:23:05.568, 61, 3.41 W, 210 MHz, 405 MHz, 0 %, 1153 MiB, 8188 MiB, P8, 0x0000000000000001
2026-09-26 20:23:15,2026/09/26 20:23:15.628, 60, 3.40 W, 210 MHz, 405 MHz, 0 %, 1153 MiB, 8188 MiB, P8, 0x0000000000000001
2026-09-26 20:23:25,2026/09/26 20:23:25.696, 75, 69.87 W, 2295 MHz, 8001 MHz, 99 %, 3359 MiB, 8188 MiB, P0, 0x0000000000000020
2026-09-26 20:23:35,2026/09/26 20:23:35.771, 76, 64.81 W, 2355 MHz, 8001 MHz, 84 %, 3359 MiB, 8188 MiB, P0, 0x0000000000000020
2026-09-26 20:23:45,2026/09/26 20:23:45.826, 75, 60.85 W, 2475 MHz, 8001 MHz, 83 %, 3359 MiB, 8188 MiB, P0, 0x0000000000000020
2026-09-26 20:23:55,2026/09/26 20:23:55.885, 74, 60.23 W, 2295 MHz, 8001 MHz, 86 %, 3359 MiB, 8188 MiB, P0, 0x0000000000000020
2026-09-26 20:24:05,2026/09/26 20:24:05.977, 75, 58.83 W, 2295 MHz, 8001 MHz, 79 %, 3359 MiB, 8188 MiB, P0, 0x0000000000000020
2026-09-26 20:24:16,2026/09/26 20:24:16.055, 75, 62.75 W, 2295 MHz, 8001 MHz, 88 %, 3359 MiB, 8188 MiB, P0, 0x0000000000000020
2026-09-26 20:24:26,2026/09/26 20:24:26.119, 68, 31.83 W, 2595 MHz, 8001 MHz, 0 %, 3359 MiB, 8188 MiB, P4, 0x0000000000000000
2026-09-26 20:24:36,2026/09/26 20:24:36.222, 63, 8.54 W, 255 MHz, 810 MHz, 0 %, 3359 MiB, 8188 MiB, P8, 0x0000000000000001
2026-09-26 20:24:46,2026/09/26 20:24:46.309, 62, 3.52 W, 210 MHz, 405 MHz, 0 %, 3359 MiB, 8188 MiB, P8, 0x0000000000000001
2026-09-26 20:24:56,2026/09/26 20:24:56.373, 75, 69.20 W, 2295 MHz, 8001 MHz, 100 %, 3359 MiB, 8188 MiB, P0, 0x0000000000000020
2026-09-26 20:25:06,2026/09/26 20:25:06.453, 74, 60.84 W, 2295 MHz, 8001 MHz, 77 %, 3359 MiB, 8188 MiB, P0, 0x0000000000000020
2026-09-26 20:25:16,2026/09/26 20:25:16.512, 75, 60.74 W, 2430 MHz, 8001 MHz, 81 %, 3359 MiB, 8188 MiB, P0, 0x0000000000000020
2026-09-26 20:25:26,2026/09/26 20:25:26.573, 75, 58.30 W, 2295 MHz, 8001 MHz, 84 %, 3359 MiB, 8188 MiB, P0, 0x0000000000000020
2026-09-26 20:25:36,2026/09/26 20:25:36.639, 75, 59.13 W, 2400 MHz, 8001 MHz, 66 %, 3359 MiB, 8188 MiB, P0, 0x0000000000000020
2026-09-26 20:25:46,2026/09/26 20:25:46.713, 75, 58.86 W, 2295 MHz, 8001 MHz, 86 %, 3359 MiB, 8188 MiB, P0, 0x0000000000000020
2026-09-26 20:25:56,2026/09/26 20:25:56.773, 74, 60.19 W, 2295 MHz, 8001 MHz, 82 %, 3359 MiB, 8188 MiB, P0, 0x0000000000000020
2026-09-26 20:26:06,2026/09/26 20:26:06.834, 68, 30.97 W, 2595 MHz, 8001 MHz, 0 %, 3359 MiB, 8188 MiB, P0, 0x0000000000000000
2026-09-26 20:26:16,2026/09/26 20:26:16.891, 64, 12.88 W, 255 MHz, 6001 MHz, 0 %, 3359 MiB, 8188 MiB, P5, 0x0000000000000001
2026-09-26 20:26:26,2026/09/26 20:26:26.961, 62, 3.54 W, 210 MHz, 405 MHz, 0 %, 3359 MiB, 8188 MiB, P8, 0x0000000000000001
2026-09-26 20:26:36,2026/09/26 20:26:37.018, 74, 62.62 W, 2580 MHz, 8001 MHz, 47 %, 3359 MiB, 8188 MiB, P0, 0x0000000000000000
2026-09-26 20:26:47,2026/09/26 20:26:47.079, 77, 70.32 W, 2295 MHz, 8001 MHz, 100 %, 3359 MiB, 8188 MiB, P0, 0x0000000000000020
2026-09-26 20:26:57,2026/09/26 20:26:57.141, 75, 59.24 W, 2295 MHz, 8001 MHz, 67 %, 3363 MiB, 8188 MiB, P0, 0x0000000000000020
2026-09-26 20:27:07,2026/09/26 20:27:07.227, 75, 56.10 W, 2295 MHz, 8001 MHz, 77 %, 3363 MiB, 8188 MiB, P0, 0x0000000000000020
2026-09-26 20:27:17,2026/09/26 20:27:17.292, 76, 57.92 W, 2310 MHz, 8001 MHz, 59 %, 3363 MiB, 8188 MiB, P0, 0x0000000000000020
2026-09-26 20:27:27,2026/09/26 20:27:27.353, 73, 57.39 W, 2295 MHz, 8001 MHz, 59 %, 3363 MiB, 8188 MiB, P0, 0x0000000000000020
2026-09-26 20:27:37,2026/09/26 20:27:37.410, 75, 59.04 W, 2295 MHz, 8001 MHz, 76 %, 3363 MiB, 8188 MiB, P0, 0x0000000000000020
2026-09-26 20:27:47,2026/09/26 20:27:47.480, 74, 54.64 W, 2310 MHz, 8001 MHz, 54 %, 3363 MiB, 8188 MiB, P0, 0x0000000000000020
2026-09-26 20:27:57,2026/09/26 20:27:57.545, 76, 58.46 W, 2295 MHz, 8001 MHz, 63 %, 3363 MiB, 8188 MiB, P0, 0x0000000000000020
2026-09-26 20:28:07,2026/09/26 20:28:07.610, 75, 58.88 W, 2295 MHz, 8001 MHz, 75 %, 3363 MiB, 8188 MiB, P0, 0x0000000000000020
2026-09-26 20:28:17,2026/09/26 20:28:17.688, 69, 39.75 W, 2595 MHz, 8001 MHz, 0 %, 3363 MiB, 8188 MiB, P0, 0x0000000000000000
2026-09-26 20:28:27,2026/09/26 20:28:27.745, 64, 8.65 W, 255 MHz, 810 MHz, 100 %, 3363 MiB, 8188 MiB, P5, 0x0000000000000001
2026-09-26 20:28:37,2026/09/26 20:28:37.804, 63, 3.57 W, 210 MHz, 405 MHz, 0 %, 3363 MiB, 8188 MiB, P8, 0x0000000000000001
2026-09-26 20:28:47,2026/09/26 20:28:47.872, 77, 72.06 W, 2295 MHz, 8001 MHz, 100 %, 3765 MiB, 8188 MiB, P0, 0x0000000000000020
2026-09-26 20:28:57,2026/09/26 20:28:57.954, 74, 58.74 W, 2295 MHz, 8001 MHz, 75 %, 3765 MiB, 8188 MiB, P0, 0x0000000000000020
2026-09-26 20:29:07,2026/09/26 20:29:08.027, 75, 60.02 W, 2295 MHz, 8001 MHz, 81 %, 3765 MiB, 8188 MiB, P0, 0x0000000000000020
2026-09-26 20:29:18,2026/09/26 20:29:18.085, 75, 56.89 W, 2385 MHz, 8001 MHz, 67 %, 3765 MiB, 8188 MiB, P0, 0x0000000000000020
2026-09-26 20:29:28,2026/09/26 20:29:28.150, 65, 15.94 W, 465 MHz, 6001 MHz, 0 %, 3765 MiB, 8188 MiB, P5, 0x0000000000000001
2026-09-26 20:29:38,2026/09/26 20:29:38.207, 66, 31.41 W, 2610 MHz, 8001 MHz, 0 %, 3765 MiB, 8188 MiB, P0, 0x0000000000000000
2026-09-26 20:29:48,2026/09/26 20:29:48.253, 62, 3.53 W, 210 MHz, 405 MHz, 0 %, 3765 MiB, 8188 MiB, P8, 0x0000000000000001
2026-09-26 20:29:58,2026/09/26 20:29:58.316, 77, 71.64 W, 2295 MHz, 8001 MHz, 100 %, 3765 MiB, 8188 MiB, P0, 0x0000000000000020
2026-09-26 20:30:08,2026/09/26 20:30:08.388, 75, 59.66 W, 2295 MHz, 8001 MHz, 70 %, 3765 MiB, 8188 MiB, P0, 0x0000000000000020
2026-09-26 20:30:18,2026/09/26 20:30:18.454, 75, 58.06 W, 2295 MHz, 8001 MHz, 71 %, 3765 MiB, 8188 MiB, P0, 0x0000000000000020
2026-09-26 20:30:28,2026/09/26 20:30:28.513, 75, 58.80 W, 2295 MHz, 8001 MHz, 78 %, 3765 MiB, 8188 MiB, P0, 0x0000000000000020
2026-09-26 20:30:38,2026/09/26 20:30:38.574, 76, 62.68 W, 2295 MHz, 8001 MHz, 80 %, 3765 MiB, 8188 MiB, P0, 0x0000000000000020
2026-09-26 20:30:48,2026/09/26 20:30:48.636, 76, 62.79 W, 2295 MHz, 8001 MHz, 81 %, 3765 MiB, 8188 MiB, P0, 0x0000000000000020
2026-09-26 20:30:58,2026/09/26 20:30:58.715, 65, 19.65 W, 600 MHz, 6001 MHz, 0 %, 3765 MiB, 8188 MiB, P4, 0x0000000000000001
2026-09-26 20:31:08,2026/09/26 20:31:08.786, 63, 3.57 W, 210 MHz, 405 MHz, 0 %, 3765 MiB, 8188 MiB, P8, 0x0000000000000001
2026-09-26 20:31:18,2026/09/26 20:31:18.849, 76, 72.32 W, 2295 MHz, 8001 MHz, 100 %, 3765 MiB, 8188 MiB, P0, 0x0000000000000020
2026-09-26 20:31:28,2026/09/26 20:31:28.906, 78, 85.17 W, 2295 MHz, 8001 MHz, 96 %, 4845 MiB, 8188 MiB, P0, 0x0000000000000020
2026-09-26 20:31:38,2026/09/26 20:31:38.970, 68, 30.02 W, 450 MHz, 6001 MHz, 100 %, 4845 MiB, 8188 MiB, P4, 0x0000000000000004
2026-09-26 20:31:48,2026/09/26 20:31:49.036, 67, 29.94 W, 300 MHz, 6001 MHz, 100 %, 4845 MiB, 8188 MiB, P4, 0x0000000000000004
2026-09-26 20:31:59,2026/09/26 20:31:59.098, 67, 29.83 W, 300 MHz, 6001 MHz, 100 %, 4845 MiB, 8188 MiB, P4, 0x0000000000000004
2026-09-26 20:32:09,2026/09/26 20:32:09.146, 67, 29.39 W, 900 MHz, 6001 MHz, 92 %, 4845 MiB, 8188 MiB, P4, 0x0000000000000004
2026-09-26 20:32:19,2026/09/26 20:32:19.210, 67, 29.86 W, 315 MHz, 6001 MHz, 100 %, 4845 MiB, 8188 MiB, P4, 0x0000000000000004
2026-09-26 20:32:29,2026/09/26 20:32:29.277, 67, 29.96 W, 285 MHz, 6001 MHz, 100 %, 4845 MiB, 8188 MiB, P4, 0x0000000000000004
2026-09-26 20:32:39,2026/09/26 20:32:39.336, 67, 29.93 W, 435 MHz, 6001 MHz, 100 %, 4845 MiB, 8188 MiB, P4, 0x0000000000000004
2026-09-26 20:32:49,2026/09/26 20:32:49.409, 67, 29.83 W, 525 MHz, 6001 MHz, 100 %, 4845 MiB, 8188 MiB, P4, 0x0000000000000004
2026-09-26 20:32:59,2026/09/26 20:32:59.473, 67, 29.82 W, 630 MHz, 6001 MHz, 96 %, 4845 MiB, 8188 MiB, P4, 0x0000000000000004
2026-09-26 20:33:09,2026/09/26 20:33:09.537, 67, 29.74 W, 615 MHz, 6001 MHz, 97 %, 4845 MiB, 8188 MiB, P4, 0x0000000000000004
2026-09-26 20:33:19,2026/09/26 20:33:19.599, 66, 29.81 W, 555 MHz, 6001 MHz, 97 %, 4845 MiB, 8188 MiB, P4, 0x0000000000000004
2026-09-26 20:33:29,2026/09/26 20:33:29.672, 66, 29.90 W, 540 MHz, 6001 MHz, 100 %, 4845 MiB, 8188 MiB, P4, 0x0000000000000004
2026-09-26 20:33:39,2026/09/26 20:33:39.744, 79, 85.53 W, 2295 MHz, 8001 MHz, 95 %, 4845 MiB, 8188 MiB, P0, 0x0000000000000020
2026-09-26 20:33:49,2026/09/26 20:33:49.803, 68, 29.90 W, 525 MHz, 6001 MHz, 100 %, 4845 MiB, 8188 MiB, P4, 0x0000000000000004
2026-09-26 20:33:59,2026/09/26 20:33:59.871, 67, 29.81 W, 510 MHz, 6001 MHz, 97 %, 4845 MiB, 8188 MiB, P4, 0x0000000000000004
2026-09-26 20:34:09,2026/09/26 20:34:09.920, 67, 29.69 W, 585 MHz, 6001 MHz, 97 %, 4845 MiB, 8188 MiB, P4, 0x0000000000000004
2026-09-26 20:34:19,2026/09/26 20:34:19.982, 67, 29.77 W, 600 MHz, 6001 MHz, 97 %, 4845 MiB, 8188 MiB, P4, 0x0000000000000004
2026-09-26 20:34:30,2026/09/26 20:34:30.056, 66, 29.86 W, 600 MHz, 6001 MHz, 100 %, 4845 MiB, 8188 MiB, P4, 0x0000000000000004
2026-09-26 20:34:40,2026/09/26 20:34:40.122, 66, 29.83 W, 570 MHz, 6001 MHz, 100 %, 4845 MiB, 8188 MiB, P4, 0x0000000000000004
2026-09-26 20:34:50,2026/09/26 20:34:50.181, 66, 29.86 W, 585 MHz, 6001 MHz, 100 %, 4845 MiB, 8188 MiB, P4, 0x0000000000000004
2026-09-26 20:35:00,2026/09/26 20:35:00.246, 66, 29.93 W, 615 MHz, 6001 MHz, 97 %, 4845 MiB, 8188 MiB, P4, 0x0000000000000004
2026-09-26 20:35:10,2026/09/26 20:35:10.310, 67, 29.83 W, 285 MHz, 6001 MHz, 97 %, 4845 MiB, 8188 MiB, P4, 0x0000000000000004
2026-09-26 20:35:20,2026/09/26 20:35:20.381, 67, 29.87 W, 285 MHz, 6001 MHz, 100 %, 4845 MiB, 8188 MiB, P4, 0x0000000000000004
2026-09-26 20:35:30,2026/09/26 20:35:30.451, 67, 29.66 W, 375 MHz, 6001 MHz, 97 %, 4845 MiB, 8188 MiB, P4, 0x0000000000000004
2026-09-26 20:35:40,2026/09/26 20:35:40.512, 66, 29.75 W, 585 MHz, 6001 MHz, 97 %, 4845 MiB, 8188 MiB, P4, 0x0000000000000004
2026-09-26 20:35:50,2026/09/26 20:35:50.594, 66, 29.77 W, 585 MHz, 6001 MHz, 97 %, 4845 MiB, 8188 MiB, P4, 0x0000000000000004
2026-09-26 20:36:00,2026/09/26 20:36:00.654, 66, 29.70 W, 600 MHz, 6001 MHz, 97 %, 4845 MiB, 8188 MiB, P4, 0x0000000000000004
2026-09-26 20:36:10,2026/09/26 20:36:10.724, 67, 30.01 W, 270 MHz, 6001 MHz, 100 %, 4845 MiB, 8188 MiB, P4, 0x0000000000000004
2026-09-26 20:36:20,2026/09/26 20:36:20.797, 67, 29.88 W, 525 MHz, 6001 MHz, 100 %, 4845 MiB, 8188 MiB, P4, 0x0000000000000004
2026-09-26 20:36:30,2026/09/26 20:36:30.850, 66, 30.01 W, 270 MHz, 6001 MHz, 100 %, 4845 MiB, 8188 MiB, P4, 0x0000000000000004
2026-09-26 20:36:40,2026/09/26 20:36:40.914, 67, 29.83 W, 330 MHz, 6001 MHz, 100 %, 4845 MiB, 8188 MiB, P4, 0x0000000000000004
2026-09-26 20:36:50,2026/09/26 20:36:50.975, 67, 29.90 W, 315 MHz, 6001 MHz, 100 %, 4845 MiB, 8188 MiB, P4, 0x0000000000000004
2026-09-26 20:37:00,2026/09/26 20:37:01.046, 67, 29.83 W, 330 MHz, 6001 MHz, 100 %, 4845 MiB, 8188 MiB, P4, 0x0000000000000004
2026-09-26 20:37:11,2026/09/26 20:37:11.108, 67, 29.96 W, 465 MHz, 6001 MHz, 100 %, 4845 MiB, 8188 MiB, P4, 0x0000000000000004
2026-09-26 20:37:21,2026/09/26 20:37:21.179, 67, 29.82 W, 345 MHz, 6001 MHz, 100 %, 4845 MiB, 8188 MiB, P4, 0x0000000000000004
2026-09-26 20:37:31,2026/09/26 20:37:31.246, 66, 29.78 W, 615 MHz, 6001 MHz, 97 %, 4845 MiB, 8188 MiB, P4, 0x0000000000000004
2026-09-26 20:37:41,2026/09/26 20:37:41.309, 67, 29.81 W, 525 MHz, 6001 MHz, 97 %, 4845 MiB, 8188 MiB, P4, 0x0000000000000004
2026-09-26 20:37:51,2026/09/26 20:37:51.373, 67, 29.73 W, 525 MHz, 6001 MHz, 97 %, 4845 MiB, 8188 MiB, P4, 0x0000000000000004
2026-09-26 20:38:01,2026/09/26 20:38:01.433, 67, 29.95 W, 285 MHz, 6001 MHz, 100 %, 4845 MiB, 8188 MiB, P4, 0x0000000000000004
2026-09-26 20:38:11,2026/09/26 20:38:11.485, 66, 29.85 W, 600 MHz, 6001 MHz, 100 %, 4845 MiB, 8188 MiB, P4, 0x0000000000000004
2026-09-26 20:38:21,2026/09/26 20:38:21.543, 67, 29.66 W, 540 MHz, 6001 MHz, 97 %, 4845 MiB, 8188 MiB, P4, 0x0000000000000004
2026-09-26 20:38:31,2026/09/26 20:38:31.607, 66, 29.88 W, 315 MHz, 6001 MHz, 100 %, 4845 MiB, 8188 MiB, P4, 0x0000000000000004
2026-09-26 20:38:41,2026/09/26 20:38:41.670, 66, 29.81 W, 570 MHz, 6001 MHz, 97 %, 4845 MiB, 8188 MiB, P4, 0x0000000000000004
2026-09-26 20:38:51,2026/09/26 20:38:51.730, 73, 23.84 W, 2595 MHz, 6001 MHz, 80 %, 4845 MiB, 8188 MiB, P4, 0x0000000000000000
2026-09-26 20:39:01,2026/09/26 20:39:01.813, 64, 4.78 W, 210 MHz, 405 MHz, 0 %, 4845 MiB, 8188 MiB, P8, 0x0000000000000001
2026-09-26 20:39:11,2026/09/26 20:39:11.914, 63, 6.56 W, 210 MHz, 405 MHz, 0 %, 4845 MiB, 8188 MiB, P8, 0x0000000000000001
2026-09-26 20:39:21,2026/09/26 20:39:21.985, 67, 29.50 W, 555 MHz, 6001 MHz, 100 %, 4845 MiB, 8188 MiB, P4, 0x0000000000000024
2026-09-26 20:39:32,2026/09/26 20:39:32.052, 67, 29.88 W, 555 MHz, 6001 MHz, 100 %, 4845 MiB, 8188 MiB, P4, 0x0000000000000004
2026-09-26 20:39:42,2026/09/26 20:39:42.126, 67, 29.99 W, 480 MHz, 6001 MHz, 100 %, 4845 MiB, 8188 MiB, P4, 0x0000000000000004
2026-09-26 20:39:52,2026/09/26 20:39:52.191, 67, 29.90 W, 525 MHz, 6001 MHz, 99 %, 4845 MiB, 8188 MiB, P4, 0x0000000000000004
2026-09-26 20:40:02,2026/09/26 20:40:02.264, 67, 29.99 W, 525 MHz, 6001 MHz, 100 %, 4845 MiB, 8188 MiB, P4, 0x0000000000000004
2026-09-26 20:40:12,2026/09/26 20:40:12.332, 67, 29.84 W, 540 MHz, 6001 MHz, 100 %, 4845 MiB, 8188 MiB, P4, 0x0000000000000004
2026-09-26 20:40:22,2026/09/26 20:40:22.393, 67, 30.02 W, 540 MHz, 6001 MHz, 100 %, 4845 MiB, 8188 MiB, P4, 0x0000000000000004
2026-09-26 20:40:32,2026/09/26 20:40:32.460, 67, 29.93 W, 540 MHz, 6001 MHz, 100 %, 4845 MiB, 8188 MiB, P4, 0x0000000000000004
2026-09-26 20:40:42,2026/09/26 20:40:42.534, 77, 85.98 W, 2295 MHz, 8001 MHz, 96 %, 4845 MiB, 8188 MiB, P0, 0x0000000000000020
2026-09-26 20:40:52,2026/09/26 20:40:52.592, 77, 84.96 W, 2295 MHz, 8001 MHz, 97 %, 4845 MiB, 8188 MiB, P0, 0x0000000000000020
2026-09-26 20:41:02,2026/09/26 20:41:02.651, 68, 29.77 W, 360 MHz, 6001 MHz, 100 %, 4845 MiB, 8188 MiB, P4, 0x0000000000000004
2026-09-26 20:41:12,2026/09/26 20:41:12.725, 68, 29.91 W, 240 MHz, 6001 MHz, 100 %, 4845 MiB, 8188 MiB, P4, 0x0000000000000004
2026-09-26 20:41:22,2026/09/26 20:41:22.786, 68, 29.90 W, 435 MHz, 6001 MHz, 97 %, 4845 MiB, 8188 MiB, P4, 0x0000000000000004
2026-09-26 20:41:32,2026/09/26 20:41:32.858, 67, 29.95 W, 615 MHz, 6001 MHz, 100 %, 4845 MiB, 8188 MiB, P4, 0x0000000000000004
2026-09-26 20:41:42,2026/09/26 20:41:42.926, 67, 29.86 W, 330 MHz, 6001 MHz, 100 %, 4845 MiB, 8188 MiB, P4, 0x0000000000000004
2026-09-26 20:41:52,2026/09/26 20:41:52.989, 67, 29.67 W, 600 MHz, 6001 MHz, 81 %, 4845 MiB, 8188 MiB, P4, 0x0000000000000004
2026-09-26 20:42:03,2026/09/26 20:42:03.055, 67, 29.92 W, 585 MHz, 6001 MHz, 97 %, 4845 MiB, 8188 MiB, P4, 0x0000000000000004
2026-09-26 20:42:13,2026/09/26 20:42:13.121, 67, 29.76 W, 375 MHz, 6001 MHz, 97 %, 4845 MiB, 8188 MiB, P4, 0x0000000000000004
2026-09-26 20:42:23,2026/09/26 20:42:23.194, 67, 29.91 W, 270 MHz, 6001 MHz, 100 %, 4845 MiB, 8188 MiB, P4, 0x0000000000000004
2026-09-26 20:42:33,2026/09/26 20:42:33.267, 67, 29.88 W, 540 MHz, 6001 MHz, 100 %, 4845 MiB, 8188 MiB, P4, 0x0000000000000004
2026-09-26 20:42:43,2026/09/26 20:42:43.332, 67, 29.85 W, 345 MHz, 6001 MHz, 100 %, 4845 MiB, 8188 MiB, P4, 0x0000000000000004
2026-09-26 20:42:53,2026/09/26 20:42:53.404, 67, 29.91 W, 435 MHz, 6001 MHz, 100 %, 4845 MiB, 8188 MiB, P4, 0x0000000000000004
2026-09-26 20:43:03,2026/09/26 20:43:03.474, 67, 29.95 W, 510 MHz, 6001 MHz, 97 %, 4845 MiB, 8188 MiB, P4, 0x0000000000000004
2026-09-26 20:43:13,2026/09/26 20:43:13.543, 67, 29.80 W, 600 MHz, 6001 MHz, 97 %, 4845 MiB, 8188 MiB, P4, 0x0000000000000004
2026-09-26 20:43:23,2026/09/26 20:43:23.616, 66, 29.87 W, 465 MHz, 6001 MHz, 100 %, 4845 MiB, 8188 MiB, P4, 0x0000000000000004
2026-09-26 20:43:33,2026/09/26 20:43:33.681, 66, 30.00 W, 270 MHz, 6001 MHz, 100 %, 4845 MiB, 8188 MiB, P4, 0x0000000000000004
2026-09-26 20:43:43,2026/09/26 20:43:43.744, 77, 86.52 W, 2295 MHz, 8001 MHz, 96 %, 4845 MiB, 8188 MiB, P0, 0x0000000000000020
2026-09-26 20:43:53,2026/09/26 20:43:53.816, 69, 29.83 W, 390 MHz, 6001 MHz, 100 %, 4845 MiB, 8188 MiB, P4, 0x0000000000000004
2026-09-26 20:44:03,2026/09/26 20:44:03.882, 68, 29.74 W, 615 MHz, 6001 MHz, 96 %, 4845 MiB, 8188 MiB, P4, 0x0000000000000004
2026-09-26 20:44:13,2026/09/26 20:44:13.947, 67, 29.81 W, 360 MHz, 6001 MHz, 100 %, 4845 MiB, 8188 MiB, P4, 0x0000000000000004
2026-09-26 20:44:23,2026/09/26 20:44:24.011, 67, 29.95 W, 255 MHz, 6001 MHz, 100 %, 4845 MiB, 8188 MiB, P4, 0x0000000000000004
2026-09-26 20:44:34,2026/09/26 20:44:34.077, 67, 29.93 W, 495 MHz, 6001 MHz, 97 %, 4845 MiB, 8188 MiB, P4, 0x0000000000000004
2026-09-26 20:44:44,2026/09/26 20:44:44.150, 67, 29.79 W, 360 MHz, 6001 MHz, 100 %, 4845 MiB, 8188 MiB, P4, 0x0000000000000004
2026-09-26 20:44:54,2026/09/26 20:44:54.211, 67, 29.90 W, 255 MHz, 6001 MHz, 100 %, 4845 MiB, 8188 MiB, P4, 0x0000000000000004
2026-09-26 20:45:04,2026/09/26 20:45:04.259, 67, 29.72 W, 495 MHz, 6001 MHz, 97 %, 4845 MiB, 8188 MiB, P4, 0x0000000000000004
2026-09-26 20:45:14,2026/09/26 20:45:14.325, 67, 29.73 W, 495 MHz, 6001 MHz, 96 %, 4845 MiB, 8188 MiB, P4, 0x0000000000000004
2026-09-26 20:45:24,2026/09/26 20:45:24.383, 67, 29.96 W, 435 MHz, 6001 MHz, 100 %, 4845 MiB, 8188 MiB, P4, 0x0000000000000004
2026-09-26 20:45:34,2026/09/26 20:45:34.448, 66, 29.90 W, 615 MHz, 6001 MHz, 97 %, 4845 MiB, 8188 MiB, P4, 0x0000000000000004
2026-09-26 20:45:44,2026/09/26 20:45:44.513, 67, 29.87 W, 345 MHz, 6001 MHz, 100 %, 4845 MiB, 8188 MiB, P4, 0x0000000000000004
2026-09-26 20:45:54,2026/09/26 20:45:54.583, 67, 29.89 W, 525 MHz, 6001 MHz, 100 %, 4845 MiB, 8188 MiB, P4, 0x0000000000000004
2026-09-26 20:46:04,2026/09/26 20:46:04.645, 66, 29.76 W, 480 MHz, 6001 MHz, 97 %, 4845 MiB, 8188 MiB, P4, 0x0000000000000004
2026-09-26 20:46:14,2026/09/26 20:46:14.713, 67, 29.77 W, 300 MHz, 6001 MHz, 100 %, 4845 MiB, 8188 MiB, P4, 0x0000000000000004
2026-09-26 20:46:24,2026/09/26 20:46:24.781, 67, 29.89 W, 525 MHz, 6001 MHz, 100 %, 4845 MiB, 8188 MiB, P4, 0x0000000000000004
2026-09-26 20:46:34,2026/09/26 20:46:34.853, 67, 29.81 W, 570 MHz, 6001 MHz, 97 %, 4845 MiB, 8188 MiB, P4, 0x0000000000000004
2026-09-26 20:46:44,2026/09/26 20:46:44.922, 66, 30.01 W, 270 MHz, 6001 MHz, 100 %, 4845 MiB, 8188 MiB, P4, 0x0000000000000004
2026-09-26 20:46:54,2026/09/26 20:46:54.996, 67, 29.93 W, 495 MHz, 6001 MHz, 97 %, 4845 MiB, 8188 MiB, P4, 0x0000000000000004
2026-09-26 20:47:05,2026/09/26 20:47:05.059, 77, 86.76 W, 2295 MHz, 8001 MHz, 96 %, 4845 MiB, 8188 MiB, P0, 0x0000000000000020
2026-09-26 20:47:15,2026/09/26 20:47:15.132, 78, 86.47 W, 2295 MHz, 8001 MHz, 97 %, 4845 MiB, 8188 MiB, P0, 0x0000000000000020
2026-09-26 20:47:25,2026/09/26 20:47:25.194, 69, 29.84 W, 330 MHz, 6001 MHz, 100 %, 4845 MiB, 8188 MiB, P4, 0x0000000000000004
2026-09-26 20:47:35,2026/09/26 20:47:35.260, 68, 29.91 W, 510 MHz, 6001 MHz, 96 %, 4845 MiB, 8188 MiB, P4, 0x0000000000000004
2026-09-26 20:47:45,2026/09/26 20:47:45.331, 68, 29.79 W, 570 MHz, 6001 MHz, 100 %, 4845 MiB, 8188 MiB, P4, 0x0000000000000004
2026-09-26 20:47:55,2026/09/26 20:47:55.395, 68, 29.93 W, 450 MHz, 6001 MHz, 97 %, 4845 MiB, 8188 MiB, P4, 0x0000000000000004
2026-09-26 20:48:05,2026/09/26 20:48:05.459, 67, 29.87 W, 600 MHz, 6001 MHz, 100 %, 4845 MiB, 8188 MiB, P4, 0x0000000000000004
2026-09-26 20:48:15,2026/09/26 20:48:15.526, 68, 29.68 W, 270 MHz, 6001 MHz, 100 %, 4845 MiB, 8188 MiB, P4, 0x0000000000000004
2026-09-26 20:48:25,2026/09/26 20:48:25.585, 67, 29.83 W, 570 MHz, 6001 MHz, 100 %, 4845 MiB, 8188 MiB, P4, 0x0000000000000004
2026-09-26 20:48:35,2026/09/26 20:48:35.650, 66, 24.73 W, 660 MHz, 6001 MHz, 0 %, 4845 MiB, 8188 MiB, P4, 0x0000000000000001
2026-09-26 20:48:45,2026/09/26 20:48:45.709, 63, 3.63 W, 210 MHz, 405 MHz, 0 %, 4845 MiB, 8188 MiB, P8, 0x0000000000000001
2026-09-26 20:48:55,2026/09/26 20:48:55.777, 63, 3.62 W, 210 MHz, 405 MHz, 0 %, 4845 MiB, 8188 MiB, P8, 0x0000000000000001
2026-09-26 20:49:05,2026/09/26 20:49:05.837, 67, 29.91 W, 450 MHz, 6001 MHz, 100 %, 4845 MiB, 8188 MiB, P4, 0x0000000000000004
2026-09-26 20:49:15,2026/09/26 20:49:15.901, 67, 30.01 W, 540 MHz, 6001 MHz, 100 %, 4845 MiB, 8188 MiB, P4, 0x0000000000000004
2026-09-26 20:49:25,2026/09/26 20:49:25.976, 66, 29.88 W, 540 MHz, 6001 MHz, 100 %, 4845 MiB, 8188 MiB, P4, 0x0000000000000004
2026-09-26 20:49:35,2026/09/26 20:49:36.044, 67, 29.96 W, 435 MHz, 6001 MHz, 100 %, 4845 MiB, 8188 MiB, P4, 0x0000000000000004
2026-09-26 20:49:46,2026/09/26 20:49:46.116, 66, 29.92 W, 570 MHz, 6001 MHz, 99 %, 4845 MiB, 8188 MiB, P4, 0x0000000000000004
2026-09-26 20:49:56,2026/09/26 20:49:56.188, 67, 29.91 W, 405 MHz, 6001 MHz, 100 %, 4845 MiB, 8188 MiB, P4, 0x0000000000000004
2026-09-26 20:50:06,2026/09/26 20:50:06.248, 67, 29.98 W, 510 MHz, 6001 MHz, 100 %, 4845 MiB, 8188 MiB, P4, 0x0000000000000004
2026-09-26 20:50:16,2026/09/26 20:50:16.309, 66, 29.91 W, 405 MHz, 6001 MHz, 100 %, 4845 MiB, 8188 MiB, P4, 0x0000000000000004
2026-09-26 20:50:26,2026/09/26 20:50:26.376, 76, 87.17 W, 2595 MHz, 7001 MHz, 97 %, 4845 MiB, 8188 MiB, P3, 0x0000000000000000
2026-09-26 20:50:36,2026/09/26 20:50:36.437, 66, 29.84 W, 375 MHz, 6001 MHz, 100 %, 4845 MiB, 8188 MiB, P4, 0x0000000000000004
2026-09-26 20:50:46,2026/09/26 20:50:46.504, 79, 86.64 W, 2295 MHz, 8001 MHz, 97 %, 4845 MiB, 8188 MiB, P0, 0x0000000000000020
2026-09-26 20:50:56,2026/09/26 20:50:56.574, 80, 86.02 W, 2295 MHz, 8001 MHz, 97 %, 4845 MiB, 8188 MiB, P0, 0x0000000000000020
2026-09-26 20:51:06,2026/09/26 20:51:06.634, 81, 85.60 W, 2295 MHz, 8001 MHz, 95 %, 4845 MiB, 8188 MiB, P0, 0x0000000000000020
2026-09-26 20:51:16,2026/09/26 20:51:16.700, 70, 29.99 W, 330 MHz, 6001 MHz, 100 %, 4845 MiB, 8188 MiB, P4, 0x0000000000000004
2026-09-26 20:51:26,2026/09/26 20:51:26.759, 69, 29.91 W, 270 MHz, 6001 MHz, 100 %, 4845 MiB, 8188 MiB, P4, 0x0000000000000004
2026-09-26 20:51:36,2026/09/26 20:51:36.822, 68, 29.95 W, 450 MHz, 6001 MHz, 97 %, 4845 MiB, 8188 MiB, P4, 0x0000000000000004
2026-09-26 20:51:46,2026/09/26 20:51:46.887, 68, 29.87 W, 615 MHz, 6001 MHz, 100 %, 4845 MiB, 8188 MiB, P4, 0x0000000000000004
2026-09-26 20:51:56,2026/09/26 20:51:56.958, 68, 29.97 W, 270 MHz, 6001 MHz, 100 %, 4845 MiB, 8188 MiB, P4, 0x0000000000000004
2026-09-26 20:52:06,2026/09/26 20:52:07.029, 68, 29.98 W, 255 MHz, 6001 MHz, 97 %, 4845 MiB, 8188 MiB, P4, 0x0000000000000004
2026-09-26 20:52:17,2026/09/26 20:52:17.092, 68, 29.82 W, 525 MHz, 6001 MHz, 97 %, 4845 MiB, 8188 MiB, P4, 0x0000000000000004
2026-09-26 20:52:27,2026/09/26 20:52:27.154, 67, 29.85 W, 555 MHz, 6001 MHz, 100 %, 4845 MiB, 8188 MiB, P4, 0x0000000000000004
2026-09-26 20:52:37,2026/09/26 20:52:37.217, 67, 29.69 W, 375 MHz, 6001 MHz, 95 %, 4845 MiB, 8188 MiB, P4, 0x0000000000000004
2026-09-26 20:52:47,2026/09/26 20:52:47.290, 67, 29.83 W, 300 MHz, 6001 MHz, 100 %, 4845 MiB, 8188 MiB, P4, 0x0000000000000004
2026-09-26 20:52:57,2026/09/26 20:52:57.361, 67, 29.95 W, 435 MHz, 6001 MHz, 100 %, 4845 MiB, 8188 MiB, P4, 0x0000000000000004
2026-09-26 20:53:07,2026/09/26 20:53:07.422, 67, 29.90 W, 600 MHz, 6001 MHz, 97 %, 4845 MiB, 8188 MiB, P4, 0x0000000000000004
2026-09-26 20:53:17,2026/09/26 20:53:17.487, 67, 29.79 W, 360 MHz, 6001 MHz, 97 %, 4845 MiB, 8188 MiB, P4, 0x0000000000000004
2026-09-26 20:53:27,2026/09/26 20:53:27.551, 67, 29.97 W, 300 MHz, 6001 MHz, 100 %, 4845 MiB, 8188 MiB, P4, 0x0000000000000004
2026-09-26 20:53:37,2026/09/26 20:53:37.615, 67, 29.88 W, 405 MHz, 6001 MHz, 100 %, 4845 MiB, 8188 MiB, P4, 0x0000000000000004
2026-09-26 20:53:47,2026/09/26 20:53:47.679, 67, 29.86 W, 570 MHz, 6001 MHz, 97 %, 4845 MiB, 8188 MiB, P4, 0x0000000000000004
2026-09-26 20:53:57,2026/09/26 20:53:57.738, 67, 29.86 W, 525 MHz, 6001 MHz, 99 %, 4845 MiB, 8188 MiB, P4, 0x0000000000000004
2026-09-26 20:54:07,2026/09/26 20:54:07.809, 67, 29.94 W, 285 MHz, 6001 MHz, 100 %, 4845 MiB, 8188 MiB, P4, 0x0000000000000004
2026-09-26 20:54:17,2026/09/26 20:54:17.868, 67, 29.91 W, 435 MHz, 6001 MHz, 100 %, 4845 MiB, 8188 MiB, P4, 0x0000000000000004
2026-09-26 20:54:27,2026/09/26 20:54:27.928, 67, 29.78 W, 585 MHz, 6001 MHz, 96 %, 4845 MiB, 8188 MiB, P4, 0x0000000000000004
2026-09-26 20:54:37,2026/09/26 20:54:37.972, 67, 30.01 W, 285 MHz, 6001 MHz, 100 %, 4845 MiB, 8188 MiB, P4, 0x0000000000000004
2026-09-26 20:54:47,2026/09/26 20:54:48.026, 67, 29.91 W, 495 MHz, 6001 MHz, 95 %, 4845 MiB, 8188 MiB, P4, 0x0000000000000004
2026-09-26 20:54:58,2026/09/26 20:54:58.091, 66, 29.79 W, 585 MHz, 6001 MHz, 97 %, 4845 MiB, 8188 MiB, P4, 0x0000000000000004
2026-09-26 20:55:08,2026/09/26 20:55:08.153, 66, 29.93 W, 330 MHz, 6001 MHz, 100 %, 4845 MiB, 8188 MiB, P4, 0x0000000000000004
2026-09-26 20:55:18,2026/09/26 20:55:18.220, 67, 29.89 W, 375 MHz, 6001 MHz, 100 %, 4845 MiB, 8188 MiB, P4, 0x0000000000000004
2026-09-26 20:55:28,2026/09/26 20:55:28.288, 67, 29.98 W, 525 MHz, 6001 MHz, 97 %, 4845 MiB, 8188 MiB, P4, 0x0000000000000004
2026-09-26 20:55:38,2026/09/26 20:55:38.350, 67, 29.66 W, 510 MHz, 6001 MHz, 96 %, 4845 MiB, 8188 MiB, P4, 0x0000000000000004
2026-09-26 20:55:48,2026/09/26 20:55:48.417, 77, 85.05 W, 2295 MHz, 8001 MHz, 81 %, 4845 MiB, 8188 MiB, P0, 0x0000000000000020
2026-09-26 20:55:58,2026/09/26 20:55:58.485, 68, 29.97 W, 510 MHz, 6001 MHz, 100 %, 4845 MiB, 8188 MiB, P4, 0x0000000000000004
2026-09-26 20:56:08,2026/09/26 20:56:08.550, 67, 29.98 W, 600 MHz, 6001 MHz, 97 %, 4845 MiB, 8188 MiB, P4, 0x0000000000000004
2026-09-26 20:56:18,2026/09/26 20:56:18.609, 67, 29.74 W, 615 MHz, 6001 MHz, 97 %, 4845 MiB, 8188 MiB, P4, 0x0000000000000004
2026-09-26 20:56:28,2026/09/26 20:56:28.674, 67, 29.88 W, 345 MHz, 6001 MHz, 100 %, 4845 MiB, 8188 MiB, P4, 0x0000000000000004
2026-09-26 20:56:38,2026/09/26 20:56:38.735, 67, 29.97 W, 300 MHz, 6001 MHz, 100 %, 4845 MiB, 8188 MiB, P4, 0x0000000000000004
2026-09-26 20:56:48,2026/09/26 20:56:48.794, 67, 29.89 W, 510 MHz, 6001 MHz, 100 %, 4845 MiB, 8188 MiB, P4, 0x0000000000000004
2026-09-26 20:56:58,2026/09/26 20:56:58.857, 67, 29.94 W, 525 MHz, 6001 MHz, 97 %, 4845 MiB, 8188 MiB, P4, 0x0000000000000004
2026-09-26 20:57:08,2026/09/26 20:57:08.922, 67, 29.65 W, 615 MHz, 6001 MHz, 96 %, 4845 MiB, 8188 MiB, P4, 0x0000000000000004
2026-09-26 20:57:18,2026/09/26 20:57:18.987, 66, 29.83 W, 330 MHz, 6001 MHz, 100 %, 4845 MiB, 8188 MiB, P4, 0x0000000000000004
2026-09-26 20:57:29,2026/09/26 20:57:29.047, 67, 29.96 W, 255 MHz, 6001 MHz, 100 %, 4845 MiB, 8188 MiB, P4, 0x0000000000000004
2026-09-26 20:57:39,2026/09/26 20:57:39.112, 67, 29.85 W, 420 MHz, 6001 MHz, 100 %, 4845 MiB, 8188 MiB, P4, 0x0000000000000004
2026-09-26 20:57:49,2026/09/26 20:57:49.186, 67, 29.73 W, 600 MHz, 6001 MHz, 97 %, 4845 MiB, 8188 MiB, P4, 0x0000000000000004
2026-09-26 20:57:59,2026/09/26 20:57:59.254, 66, 29.83 W, 450 MHz, 6001 MHz, 100 %, 4845 MiB, 8188 MiB, P4, 0x0000000000000004
2026-09-26 20:58:09,2026/09/26 20:58:09.325, 66, 29.83 W, 390 MHz, 6001 MHz, 100 %, 4845 MiB, 8188 MiB, P4, 0x0000000000000004
2026-09-26 20:58:19,2026/09/26 20:58:19.392, 77, 86.54 W, 2295 MHz, 8001 MHz, 97 %, 4845 MiB, 8188 MiB, P0, 0x0000000000000020
2026-09-26 20:58:29,2026/09/26 20:58:29.461, 79, 86.02 W, 2295 MHz, 8001 MHz, 97 %, 4845 MiB, 8188 MiB, P0, 0x0000000000000020
2026-09-26 20:58:39,2026/09/26 20:58:39.506, 70, 29.86 W, 435 MHz, 6001 MHz, 97 %, 4845 MiB, 8188 MiB, P4, 0x0000000000000004
2026-09-26 20:58:49,2026/09/26 20:58:49.577, 68, 29.78 W, 585 MHz, 6001 MHz, 97 %, 4845 MiB, 8188 MiB, P4, 0x0000000000000004
2026-09-26 20:58:59,2026/09/26 20:58:59.636, 68, 29.88 W, 615 MHz, 6001 MHz, 100 %, 4845 MiB, 8188 MiB, P4, 0x0000000000000004
2026-09-26 20:59:09,2026/09/26 20:59:09.704, 68, 29.83 W, 630 MHz, 6001 MHz, 100 %, 4845 MiB, 8188 MiB, P4, 0x0000000000000004
2026-09-26 20:59:19,2026/09/26 20:59:19.773, 67, 29.79 W, 645 MHz, 6001 MHz, 100 %, 4845 MiB, 8188 MiB, P4, 0x0000000000000004
2026-09-26 20:59:29,2026/09/26 20:59:29.831, 67, 29.91 W, 660 MHz, 6001 MHz, 100 %, 4845 MiB, 8188 MiB, P4, 0x0000000000000004
2026-09-26 20:59:39,2026/09/26 20:59:39.896, 67, 29.95 W, 345 MHz, 6001 MHz, 99 %, 4845 MiB, 8188 MiB, P4, 0x0000000000000004
2026-09-26 20:59:49,2026/09/26 20:59:49.959, 67, 29.80 W, 300 MHz, 6001 MHz, 100 %, 4845 MiB, 8188 MiB, P4, 0x0000000000000004
2026-09-26 20:59:59,2026/09/26 21:00:00.012, 67, 29.93 W, 525 MHz, 6001 MHz, 100 %, 4845 MiB, 8188 MiB, P4, 0x0000000000000004
2026-09-26 21:00:10,2026/09/26 21:00:10.056, 67, 29.84 W, 600 MHz, 6001 MHz, 96 %, 4845 MiB, 8188 MiB, P4, 0x0000000000000004
2026-09-26 21:00:20,2026/09/26 21:00:20.124, 67, 29.67 W, 360 MHz, 6001 MHz, 97 %, 4845 MiB, 8188 MiB, P4, 0x0000000000000004
2026-09-26 21:00:30,2026/09/26 21:00:30.178, 67, 29.80 W, 300 MHz, 6001 MHz, 100 %, 4845 MiB, 8188 MiB, P4, 0x0000000000000004
2026-09-26 21:00:40,2026/09/26 21:00:40.242, 67, 29.94 W, 270 MHz, 6001 MHz, 100 %, 4845 MiB, 8188 MiB, P4, 0x0000000000000004
2026-09-26 21:00:50,2026/09/26 21:00:50.314, 67, 29.90 W, 510 MHz, 6001 MHz, 100 %, 4845 MiB, 8188 MiB, P4, 0x0000000000000004
2026-09-26 21:01:00,2026/09/26 21:01:00.379, 67, 29.94 W, 495 MHz, 6001 MHz, 96 %, 4845 MiB, 8188 MiB, P4, 0x0000000000000004
2026-09-26 21:01:10,2026/09/26 21:01:10.422, 67, 29.74 W, 585 MHz, 6001 MHz, 97 %, 4845 MiB, 8188 MiB, P4, 0x0000000000000004
2026-09-26 21:01:20,2026/09/26 21:01:20.494, 67, 29.85 W, 345 MHz, 6001 MHz, 100 %, 4845 MiB, 8188 MiB, P4, 0x0000000000000004
2026-09-26 21:01:30,2026/09/26 21:01:30.561, 67, 30.01 W, 270 MHz, 6001 MHz, 100 %, 4845 MiB, 8188 MiB, P4, 0x0000000000000004
2026-09-26 21:01:40,2026/09/26 21:01:40.626, 66, 29.96 W, 390 MHz, 6001 MHz, 100 %, 4845 MiB, 8188 MiB, P4, 0x0000000000000004
2026-09-26 21:01:50,2026/09/26 21:01:50.697, 67, 29.82 W, 510 MHz, 6001 MHz, 97 %, 4845 MiB, 8188 MiB, P4, 0x0000000000000004
2026-09-26 21:02:00,2026/09/26 21:02:00.765, 66, 29.86 W, 525 MHz, 6001 MHz, 100 %, 4845 MiB, 8188 MiB, P4, 0x0000000000000004
2026-09-26 21:02:10,2026/09/26 21:02:10.834, 66, 29.90 W, 615 MHz, 6001 MHz, 100 %, 4845 MiB, 8188 MiB, P4, 0x0000000000000004
2026-09-26 21:02:20,2026/09/26 21:02:20.896, 66, 29.89 W, 360 MHz, 6001 MHz, 100 %, 4845 MiB, 8188 MiB, P4, 0x0000000000000004
2026-09-26 21:02:30,2026/09/26 21:02:30.956, 67, 29.96 W, 285 MHz, 6001 MHz, 100 %, 4845 MiB, 8188 MiB, P4, 0x0000000000000004
2026-09-26 21:02:40,2026/09/26 21:02:41.025, 78, 85.87 W, 2295 MHz, 8001 MHz, 97 %, 4845 MiB, 8188 MiB, P0, 0x0000000000000020
2026-09-26 21:02:51,2026/09/26 21:02:51.093, 78, 86.00 W, 2295 MHz, 8001 MHz, 97 %, 4845 MiB, 8188 MiB, P0, 0x0000000000000020
2026-09-26 21:03:01,2026/09/26 21:03:01.155, 69, 29.96 W, 600 MHz, 6001 MHz, 100 %, 4845 MiB, 8188 MiB, P4, 0x0000000000000004
2026-09-26 21:03:11,2026/09/26 21:03:11.221, 68, 29.84 W, 555 MHz, 6001 MHz, 100 %, 4845 MiB, 8188 MiB, P4, 0x0000000000000004
2026-09-26 21:03:21,2026/09/26 21:03:21.294, 68, 29.92 W, 630 MHz, 6001 MHz, 97 %, 4845 MiB, 8188 MiB, P4, 0x0000000000000004
2026-09-26 21:03:31,2026/09/26 21:03:31.355, 68, 29.84 W, 645 MHz, 6001 MHz, 96 %, 4845 MiB, 8188 MiB, P4, 0x0000000000000004
2026-09-26 21:03:41,2026/09/26 21:03:41.421, 67, 29.73 W, 345 MHz, 6001 MHz, 96 %, 4845 MiB, 8188 MiB, P4, 0x0000000000000004
2026-09-26 21:03:51,2026/09/26 21:03:51.489, 67, 29.63 W, 540 MHz, 6001 MHz, 97 %, 4845 MiB, 8188 MiB, P4, 0x0000000000000004
2026-09-26 21:04:01,2026/09/26 21:04:01.561, 67, 29.85 W, 300 MHz, 6001 MHz, 100 %, 4845 MiB, 8188 MiB, P4, 0x0000000000000004
2026-09-26 21:04:11,2026/09/26 21:04:11.623, 67, 30.01 W, 360 MHz, 6001 MHz, 100 %, 4845 MiB, 8188 MiB, P4, 0x0000000000000004
2026-09-26 21:04:21,2026/09/26 21:04:21.692, 67, 29.91 W, 510 MHz, 6001 MHz, 100 %, 4845 MiB, 8188 MiB, P4, 0x0000000000000004
2026-09-26 21:04:31,2026/09/26 21:04:31.757, 67, 29.84 W, 600 MHz, 6001 MHz, 97 %, 4845 MiB, 8188 MiB, P4, 0x0000000000000004
2026-09-26 21:04:41,2026/09/26 21:04:41.821, 67, 29.89 W, 360 MHz, 6001 MHz, 100 %, 4845 MiB, 8188 MiB, P4, 0x0000000000000004
2026-09-26 21:04:51,2026/09/26 21:04:51.879, 67, 30.03 W, 285 MHz, 6001 MHz, 100 %, 4845 MiB, 8188 MiB, P4, 0x0000000000000004
2026-09-26 21:05:01,2026/09/26 21:05:01.938, 67, 29.96 W, 285 MHz, 6001 MHz, 100 %, 4845 MiB, 8188 MiB, P4, 0x0000000000000004
2026-09-26 21:05:11,2026/09/26 21:05:12.006, 67, 29.92 W, 345 MHz, 6001 MHz, 100 %, 4845 MiB, 8188 MiB, P4, 0x0000000000000004
2026-09-26 21:05:22,2026/09/26 21:05:22.075, 67, 29.83 W, 525 MHz, 6001 MHz, 97 %, 4845 MiB, 8188 MiB, P4, 0x0000000000000004
2026-09-26 21:05:32,2026/09/26 21:05:32.133, 67, 29.76 W, 615 MHz, 6001 MHz, 97 %, 4845 MiB, 8188 MiB, P4, 0x0000000000000004
2026-09-26 21:05:42,2026/09/26 21:05:42.197, 67, 29.71 W, 495 MHz, 6001 MHz, 97 %, 4845 MiB, 8188 MiB, P4, 0x0000000000000004
2026-09-26 21:05:52,2026/09/26 21:05:52.266, 67, 29.76 W, 555 MHz, 6001 MHz, 97 %, 4845 MiB, 8188 MiB, P4, 0x0000000000000004
2026-09-26 21:06:02,2026/09/26 21:06:02.336, 67, 29.73 W, 585 MHz, 6001 MHz, 97 %, 4845 MiB, 8188 MiB, P4, 0x0000000000000004
2026-09-26 21:06:12,2026/09/26 21:06:12.403, 67, 29.85 W, 495 MHz, 6001 MHz, 97 %, 4845 MiB, 8188 MiB, P4, 0x0000000000000004
2026-09-26 21:06:22,2026/09/26 21:06:22.467, 67, 34.18 W, 2610 MHz, 8001 MHz, 0 %, 4845 MiB, 8188 MiB, P0, 0x0000000000000000
2026-09-26 21:06:32,2026/09/26 21:06:32.535, 73, 74.79 W, 2400 MHz, 8001 MHz, 76 %, 4845 MiB, 8188 MiB, P0, 0x0000000000000020
2026-09-26 21:06:42,2026/09/26 21:06:42.643, 63, 3.55 W, 210 MHz, 405 MHz, 0 %, 4845 MiB, 8188 MiB, P8, 0x0000000000000001
2026-09-26 21:06:52,2026/09/26 21:06:52.733, 78, 94.78 W, 2295 MHz, 8001 MHz, 99 %, 4845 MiB, 8188 MiB, P0, 0x0000000000000020
2026-09-26 21:07:02,2026/09/26 21:07:02.801, 68, 29.95 W, 540 MHz, 6001 MHz, 100 %, 4845 MiB, 8188 MiB, P4, 0x0000000000000004
2026-09-26 21:07:12,2026/09/26 21:07:12.861, 67, 29.99 W, 420 MHz, 6001 MHz, 100 %, 4845 MiB, 8188 MiB, P4, 0x0000000000000004
2026-09-26 21:07:22,2026/09/26 21:07:22.932, 67, 29.97 W, 510 MHz, 6001 MHz, 100 %, 4845 MiB, 8188 MiB, P4, 0x0000000000000004
2026-09-26 21:07:32,2026/09/26 21:07:32.981, 67, 29.97 W, 525 MHz, 6001 MHz, 100 %, 4845 MiB, 8188 MiB, P4, 0x0000000000000004
2026-09-26 21:07:42,2026/09/26 21:07:43.042, 67, 29.94 W, 630 MHz, 6001 MHz, 99 %, 4845 MiB, 8188 MiB, P4, 0x0000000000000004
2026-09-26 21:07:53,2026/09/26 21:07:53.100, 79, 82.38 W, 2295 MHz, 8001 MHz, 93 %, 4943 MiB, 8188 MiB, P0, 0x0000000000000020
2026-09-26 21:08:03,2026/09/26 21:08:03.161, 68, 29.90 W, 975 MHz, 6001 MHz, 100 %, 4943 MiB, 8188 MiB, P4, 0x0000000000000004
2026-09-26 21:08:13,2026/09/26 21:08:13.220, 68, 29.82 W, 1005 MHz, 6001 MHz, 100 %, 4943 MiB, 8188 MiB, P4, 0x0000000000000004
2026-09-26 21:08:23,2026/09/26 21:08:23.282, 68, 29.89 W, 975 MHz, 6001 MHz, 99 %, 4943 MiB, 8188 MiB, P4, 0x0000000000000004
2026-09-26 21:08:33,2026/09/26 21:08:33.347, 68, 29.78 W, 720 MHz, 6001 MHz, 97 %, 4961 MiB, 8188 MiB, P4, 0x0000000000000004
2026-09-26 21:08:43,2026/09/26 21:08:43.411, 67, 29.95 W, 720 MHz, 6001 MHz, 97 %, 4961 MiB, 8188 MiB, P4, 0x0000000000000004
2026-09-26 21:08:53,2026/09/26 21:08:53.470, 67, 30.08 W, 975 MHz, 6001 MHz, 100 %, 4961 MiB, 8188 MiB, P4, 0x0000000000000004
2026-09-26 21:09:03,2026/09/26 21:09:03.528, 67, 29.79 W, 855 MHz, 6001 MHz, 99 %, 4961 MiB, 8188 MiB, P4, 0x0000000000000004
2026-09-26 21:09:13,2026/09/26 21:09:13.588, 67, 29.88 W, 825 MHz, 6001 MHz, 97 %, 4961 MiB, 8188 MiB, P4, 0x0000000000000004
2026-09-26 21:09:23,2026/09/26 21:09:23.650, 67, 29.85 W, 900 MHz, 6001 MHz, 100 %, 4961 MiB, 8188 MiB, P4, 0x0000000000000004
2026-09-26 21:09:33,2026/09/26 21:09:33.709, 67, 30.01 W, 1170 MHz, 6001 MHz, 99 %, 4961 MiB, 8188 MiB, P4, 0x0000000000000004
2026-09-26 21:09:43,2026/09/26 21:09:43.770, 67, 29.85 W, 780 MHz, 6001 MHz, 100 %, 4961 MiB, 8188 MiB, P4, 0x0000000000000004
2026-09-26 21:09:53,2026/09/26 21:09:53.831, 67, 29.84 W, 1035 MHz, 6001 MHz, 99 %, 4961 MiB, 8188 MiB, P4, 0x0000000000000004
2026-09-26 21:10:03,2026/09/26 21:10:03.893, 67, 29.72 W, 765 MHz, 6001 MHz, 97 %, 4961 MiB, 8188 MiB, P4, 0x0000000000000004
2026-09-26 21:10:13,2026/09/26 21:10:13.950, 67, 29.81 W, 1080 MHz, 6001 MHz, 97 %, 4961 MiB, 8188 MiB, P4, 0x0000000000000004
2026-09-26 21:10:23,2026/09/26 21:10:24.018, 67, 29.94 W, 1050 MHz, 6001 MHz, 99 %, 4961 MiB, 8188 MiB, P4, 0x0000000000000004
2026-09-26 21:10:34,2026/09/26 21:10:34.070, 67, 29.97 W, 1005 MHz, 6001 MHz, 100 %, 4961 MiB, 8188 MiB, P4, 0x0000000000000004
2026-09-26 21:10:44,2026/09/26 21:10:44.133, 67, 29.89 W, 990 MHz, 6001 MHz, 100 %, 4961 MiB, 8188 MiB, P4, 0x0000000000000004
2026-09-26 21:10:54,2026/09/26 21:10:54.195, 67, 29.85 W, 960 MHz, 6001 MHz, 99 %, 4961 MiB, 8188 MiB, P4, 0x0000000000000004
2026-09-26 21:11:04,2026/09/26 21:11:04.261, 67, 29.88 W, 585 MHz, 6001 MHz, 100 %, 4961 MiB, 8188 MiB, P4, 0x0000000000000004
2026-09-26 21:11:14,2026/09/26 21:11:14.325, 67, 29.95 W, 1035 MHz, 6001 MHz, 100 %, 4961 MiB, 8188 MiB, P4, 0x0000000000000004
2026-09-26 21:11:24,2026/09/26 21:11:24.395, 67, 29.94 W, 1050 MHz, 6001 MHz, 99 %, 4961 MiB, 8188 MiB, P4, 0x0000000000000004
2026-09-26 21:11:34,2026/09/26 21:11:34.458, 68, 29.83 W, 1215 MHz, 6001 MHz, 97 %, 4961 MiB, 8188 MiB, P4, 0x0000000000000004
2026-09-26 21:11:44,2026/09/26 21:11:44.525, 67, 29.66 W, 1200 MHz, 6001 MHz, 90 %, 4961 MiB, 8188 MiB, P4, 0x0000000000000004
2026-09-26 21:11:54,2026/09/26 21:11:54.594, 67, 29.73 W, 795 MHz, 6001 MHz, 96 %, 4961 MiB, 8188 MiB, P4, 0x0000000000000004
2026-09-26 21:12:04,2026/09/26 21:12:04.653, 67, 29.93 W, 825 MHz, 6001 MHz, 96 %, 4961 MiB, 8188 MiB, P4, 0x0000000000000004
2026-09-26 21:12:14,2026/09/26 21:12:14.720, 67, 30.05 W, 975 MHz, 6001 MHz, 100 %, 4961 MiB, 8188 MiB, P4, 0x0000000000000004
2026-09-26 21:12:24,2026/09/26 21:12:24.791, 67, 29.69 W, 780 MHz, 6001 MHz, 94 %, 4961 MiB, 8188 MiB, P4, 0x0000000000000004
2026-09-26 21:12:34,2026/09/26 21:12:34.858, 67, 29.92 W, 975 MHz, 6001 MHz, 99 %, 4961 MiB, 8188 MiB, P4, 0x0000000000000004
2026-09-26 21:12:44,2026/09/26 21:12:44.927, 67, 29.99 W, 930 MHz, 6001 MHz, 100 %, 4961 MiB, 8188 MiB, P4, 0x0000000000000004
2026-09-26 21:12:54,2026/09/26 21:12:54.997, 67, 29.64 W, 1200 MHz, 6001 MHz, 97 %, 4961 MiB, 8188 MiB, P4, 0x0000000000000004
2026-09-26 21:13:05,2026/09/26 21:13:05.061, 67, 29.93 W, 975 MHz, 6001 MHz, 99 %, 4961 MiB, 8188 MiB, P4, 0x0000000000000004
2026-09-26 21:13:15,2026/09/26 21:13:15.123, 67, 29.67 W, 1215 MHz, 6001 MHz, 95 %, 4961 MiB, 8188 MiB, P4, 0x0000000000000004
2026-09-26 21:13:25,2026/09/26 21:13:25.195, 67, 29.93 W, 690 MHz, 6001 MHz, 96 %, 4961 MiB, 8188 MiB, P4, 0x0000000000000004
2026-09-26 21:13:35,2026/09/26 21:13:35.262, 67, 29.79 W, 915 MHz, 6001 MHz, 100 %, 4961 MiB, 8188 MiB, P4, 0x0000000000000004
2026-09-26 21:13:45,2026/09/26 21:13:45.332, 67, 30.01 W, 975 MHz, 6001 MHz, 100 %, 4961 MiB, 8188 MiB, P4, 0x0000000000000004
2026-09-26 21:13:55,2026/09/26 21:13:55.404, 66, 29.98 W, 1140 MHz, 6001 MHz, 98 %, 4961 MiB, 8188 MiB, P4, 0x0000000000000004
2026-09-26 21:14:05,2026/09/26 21:14:05.475, 67, 29.90 W, 780 MHz, 6001 MHz, 97 %, 4961 MiB, 8188 MiB, P4, 0x0000000000000004
2026-09-26 21:14:15,2026/09/26 21:14:15.546, 67, 29.95 W, 975 MHz, 6001 MHz, 99 %, 4961 MiB, 8188 MiB, P4, 0x0000000000000004
2026-09-26 21:14:25,2026/09/26 21:14:25.610, 67, 29.98 W, 1035 MHz, 6001 MHz, 100 %, 4961 MiB, 8188 MiB, P4, 0x0000000000000004
2026-09-26 21:14:35,2026/09/26 21:14:35.676, 67, 30.05 W, 1185 MHz, 6001 MHz, 99 %, 4961 MiB, 8188 MiB, P4, 0x0000000000000004
2026-09-26 21:14:45,2026/09/26 21:14:45.751, 67, 29.67 W, 795 MHz, 6001 MHz, 95 %, 4961 MiB, 8188 MiB, P4, 0x0000000000000004
2026-09-26 21:14:55,2026/09/26 21:14:55.813, 67, 29.81 W, 975 MHz, 6001 MHz, 99 %, 4961 MiB, 8188 MiB, P4, 0x0000000000000004
2026-09-26 21:15:05,2026/09/26 21:15:05.875, 67, 29.84 W, 1035 MHz, 6001 MHz, 99 %, 4961 MiB, 8188 MiB, P4, 0x0000000000000004
2026-09-26 21:15:15,2026/09/26 21:15:15.949, 67, 29.92 W, 960 MHz, 6001 MHz, 100 %, 4961 MiB, 8188 MiB, P4, 0x0000000000000004
2026-09-26 21:15:25,2026/09/26 21:15:26.015, 67, 29.79 W, 720 MHz, 6001 MHz, 100 %, 4961 MiB, 8188 MiB, P4, 0x0000000000000004
2026-09-26 21:15:36,2026/09/26 21:15:36.085, 67, 29.94 W, 960 MHz, 6001 MHz, 99 %, 4961 MiB, 8188 MiB, P4, 0x0000000000000004
2026-09-26 21:15:46,2026/09/26 21:15:46.157, 67, 29.92 W, 765 MHz, 6001 MHz, 100 %, 4961 MiB, 8188 MiB, P4, 0x0000000000000004
2026-09-26 21:15:56,2026/09/26 21:15:56.229, 67, 29.93 W, 1035 MHz, 6001 MHz, 100 %, 4961 MiB, 8188 MiB, P4, 0x0000000000000004
2026-09-26 21:16:06,2026/09/26 21:16:06.295, 67, 29.65 W, 1185 MHz, 6001 MHz, 97 %, 4961 MiB, 8188 MiB, P4, 0x0000000000000004
2026-09-26 21:16:16,2026/09/26 21:16:16.359, 67, 29.84 W, 840 MHz, 6001 MHz, 100 %, 4961 MiB, 8188 MiB, P4, 0x0000000000000004
2026-09-26 21:16:26,2026/09/26 21:16:26.428, 81, 34.62 W, 2550 MHz, 7001 MHz, 92 %, 4961 MiB, 8188 MiB, P3, 0x0000000000000020
2026-09-26 21:16:36,2026/09/26 21:16:36.493, 63, 7.06 W, 210 MHz, 810 MHz, 0 %, 4961 MiB, 8188 MiB, P5, 0x0000000000000001
2026-09-26 21:16:46,2026/09/26 21:16:46.559, 67, 30.01 W, 600 MHz, 6001 MHz, 100 %, 4961 MiB, 8188 MiB, P4, 0x0000000000000004
2026-09-26 21:16:56,2026/09/26 21:16:56.610, 67, 29.92 W, 855 MHz, 6001 MHz, 100 %, 4961 MiB, 8188 MiB, P4, 0x0000000000000004
2026-09-26 21:17:06,2026/09/26 21:17:06.661, 67, 30.02 W, 690 MHz, 6001 MHz, 100 %, 4961 MiB, 8188 MiB, P4, 0x0000000000000004
2026-09-26 21:17:16,2026/09/26 21:17:16.713, 67, 30.12 W, 660 MHz, 6001 MHz, 100 %, 4961 MiB, 8188 MiB, P4, 0x0000000000000004
2026-09-26 21:17:26,2026/09/26 21:17:26.780, 67, 29.79 W, 1065 MHz, 6001 MHz, 100 %, 4961 MiB, 8188 MiB, P4, 0x0000000000000004
2026-09-26 21:17:36,2026/09/26 21:17:36.835, 67, 30.09 W, 690 MHz, 6001 MHz, 96 %, 4961 MiB, 8188 MiB, P4, 0x0000000000000004
2026-09-26 21:17:46,2026/09/26 21:17:46.897, 67, 29.88 W, 1110 MHz, 6001 MHz, 100 %, 4961 MiB, 8188 MiB, P4, 0x0000000000000004
2026-09-26 21:17:56,2026/09/26 21:17:56.956, 67, 29.76 W, 1080 MHz, 6001 MHz, 100 %, 4961 MiB, 8188 MiB, P4, 0x0000000000000004
2026-09-26 21:18:06,2026/09/26 21:18:07.012, 67, 30.14 W, 675 MHz, 6001 MHz, 100 %, 4961 MiB, 8188 MiB, P4, 0x0000000000000004
2026-09-26 21:18:17,2026/09/26 21:18:17.053, 67, 29.64 W, 1050 MHz, 6001 MHz, 100 %, 4961 MiB, 8188 MiB, P4, 0x0000000000000004
2026-09-26 21:18:27,2026/09/26 21:18:27.107, 67, 29.68 W, 915 MHz, 6001 MHz, 100 %, 4961 MiB, 8188 MiB, P4, 0x0000000000000004
2026-09-26 21:18:37,2026/09/26 21:18:37.151, 66, 30.05 W, 1035 MHz, 6001 MHz, 100 %, 4961 MiB, 8188 MiB, P4, 0x0000000000000004
2026-09-26 21:18:47,2026/09/26 21:18:47.198, 67, 29.88 W, 690 MHz, 6001 MHz, 100 %, 4961 MiB, 8188 MiB, P4, 0x0000000000000004
2026-09-26 21:18:57,2026/09/26 21:18:57.251, 66, 30.10 W, 990 MHz, 6001 MHz, 100 %, 4961 MiB, 8188 MiB, P4, 0x0000000000000004
2026-09-26 21:19:07,2026/09/26 21:19:07.308, 67, 29.98 W, 1125 MHz, 6001 MHz, 100 %, 4961 MiB, 8188 MiB, P4, 0x0000000000000004
2026-09-26 21:19:17,2026/09/26 21:19:17.373, 67, 29.76 W, 780 MHz, 6001 MHz, 98 %, 4961 MiB, 8188 MiB, P4, 0x0000000000000004
2026-09-26 21:19:27,2026/09/26 21:19:27.439, 67, 29.87 W, 990 MHz, 6001 MHz, 96 %, 4961 MiB, 8188 MiB, P4, 0x0000000000000004
2026-09-26 21:19:37,2026/09/26 21:19:37.500, 67, 29.84 W, 870 MHz, 6001 MHz, 100 %, 4961 MiB, 8188 MiB, P4, 0x0000000000000004
2026-09-26 21:19:47,2026/09/26 21:19:47.570, 67, 29.98 W, 1065 MHz, 6001 MHz, 99 %, 4961 MiB, 8188 MiB, P4, 0x0000000000000004
2026-09-26 21:19:57,2026/09/26 21:19:57.646, 67, 29.90 W, 750 MHz, 6001 MHz, 97 %, 4961 MiB, 8188 MiB, P4, 0x0000000000000004
2026-09-26 21:20:07,2026/09/26 21:20:07.704, 79, 82.36 W, 2295 MHz, 8001 MHz, 95 %, 4961 MiB, 8188 MiB, P0, 0x0000000000000020
2026-09-26 21:20:17,2026/09/26 21:20:17.774, 68, 29.86 W, 1050 MHz, 6001 MHz, 100 %, 4961 MiB, 8188 MiB, P4, 0x0000000000000004
2026-09-26 21:20:27,2026/09/26 21:20:27.835, 67, 30.02 W, 1020 MHz, 6001 MHz, 99 %, 4961 MiB, 8188 MiB, P4, 0x0000000000000004
2026-09-26 21:20:37,2026/09/26 21:20:37.899, 67, 29.69 W, 1245 MHz, 6001 MHz, 94 %, 4961 MiB, 8188 MiB, P4, 0x0000000000000004
2026-09-26 21:20:47,2026/09/26 21:20:47.961, 68, 29.94 W, 840 MHz, 6001 MHz, 99 %, 4961 MiB, 8188 MiB, P4, 0x0000000000000004
2026-09-26 21:20:57,2026/09/26 21:20:58.009, 67, 29.96 W, 720 MHz, 6001 MHz, 96 %, 4961 MiB, 8188 MiB, P4, 0x0000000000000004
2026-09-26 21:21:08,2026/09/26 21:21:08.082, 67, 29.90 W, 975 MHz, 6001 MHz, 100 %, 4961 MiB, 8188 MiB, P4, 0x0000000000000004
2026-09-26 21:21:18,2026/09/26 21:21:18.146, 67, 29.98 W, 975 MHz, 6001 MHz, 99 %, 4961 MiB, 8188 MiB, P4, 0x0000000000000004
2026-09-26 21:21:28,2026/09/26 21:21:28.213, 66, 29.94 W, 1185 MHz, 6001 MHz, 99 %, 4961 MiB, 8188 MiB, P4, 0x0000000000000004
2026-09-26 21:21:38,2026/09/26 21:21:38.281, 67, 29.84 W, 1020 MHz, 6001 MHz, 100 %, 4961 MiB, 8188 MiB, P4, 0x0000000000000004
2026-09-26 21:21:48,2026/09/26 21:21:48.339, 67, 29.84 W, 735 MHz, 6001 MHz, 96 %, 4961 MiB, 8188 MiB, P4, 0x0000000000000004
2026-09-26 21:21:58,2026/09/26 21:21:58.401, 67, 29.97 W, 930 MHz, 6001 MHz, 100 %, 4961 MiB, 8188 MiB, P4, 0x0000000000000004
2026-09-26 21:22:08,2026/09/26 21:22:08.473, 67, 29.93 W, 1200 MHz, 6001 MHz, 100 %, 4961 MiB, 8188 MiB, P4, 0x0000000000000004
2026-09-26 21:22:18,2026/09/26 21:22:18.547, 67, 29.93 W, 1020 MHz, 6001 MHz, 100 %, 4963 MiB, 8188 MiB, P4, 0x0000000000000004
2026-09-26 21:22:28,2026/09/26 21:22:28.614, 67, 29.81 W, 1215 MHz, 6001 MHz, 100 %, 4963 MiB, 8188 MiB, P4, 0x0000000000000004
2026-09-26 21:22:38,2026/09/26 21:22:38.676, 67, 29.96 W, 810 MHz, 6001 MHz, 99 %, 4963 MiB, 8188 MiB, P4, 0x0000000000000004
2026-09-26 21:22:48,2026/09/26 21:22:48.747, 67, 29.64 W, 885 MHz, 6001 MHz, 96 %, 4963 MiB, 8188 MiB, P4, 0x0000000000000004
2026-09-26 21:22:58,2026/09/26 21:22:58.816, 66, 29.96 W, 840 MHz, 6001 MHz, 100 %, 4963 MiB, 8188 MiB, P4, 0x0000000000000004
2026-09-26 21:23:08,2026/09/26 21:23:08.877, 67, 29.95 W, 885 MHz, 6001 MHz, 100 %, 4963 MiB, 8188 MiB, P4, 0x0000000000000004
2026-09-26 21:23:18,2026/09/26 21:23:18.948, 67, 30.00 W, 1065 MHz, 6001 MHz, 100 %, 4963 MiB, 8188 MiB, P4, 0x0000000000000004
2026-09-26 21:23:28,2026/09/26 21:23:29.015, 67, 29.76 W, 1245 MHz, 6001 MHz, 96 %, 4963 MiB, 8188 MiB, P4, 0x0000000000000004
2026-09-26 21:23:39,2026/09/26 21:23:39.088, 67, 30.00 W, 1035 MHz, 6001 MHz, 99 %, 4963 MiB, 8188 MiB, P4, 0x0000000000000004
2026-09-26 21:23:49,2026/09/26 21:23:49.154, 67, 29.72 W, 1275 MHz, 6001 MHz, 96 %, 4963 MiB, 8188 MiB, P4, 0x0000000000000004
2026-09-26 21:23:59,2026/09/26 21:23:59.227, 67, 29.89 W, 870 MHz, 6001 MHz, 96 %, 4963 MiB, 8188 MiB, P4, 0x0000000000000004
2026-09-26 21:24:09,2026/09/26 21:24:09.292, 67, 29.92 W, 810 MHz, 6001 MHz, 100 %, 4963 MiB, 8188 MiB, P4, 0x0000000000000004
2026-09-26 21:24:19,2026/09/26 21:24:19.359, 67, 29.93 W, 750 MHz, 6001 MHz, 97 %, 4963 MiB, 8188 MiB, P4, 0x0000000000000004
2026-09-26 21:24:29,2026/09/26 21:24:29.426, 67, 30.01 W, 1065 MHz, 6001 MHz, 100 %, 4963 MiB, 8188 MiB, P4, 0x0000000000000004
2026-09-26 21:24:39,2026/09/26 21:24:39.491, 66, 30.05 W, 870 MHz, 6001 MHz, 100 %, 4963 MiB, 8188 MiB, P4, 0x0000000000000004
2026-09-26 21:24:49,2026/09/26 21:24:49.556, 67, 29.60 W, 1215 MHz, 6001 MHz, 97 %, 4963 MiB, 8188 MiB, P4, 0x0000000000000004
2026-09-26 21:24:59,2026/09/26 21:24:59.625, 67, 29.97 W, 990 MHz, 6001 MHz, 100 %, 4963 MiB, 8188 MiB, P4, 0x0000000000000004
2026-09-26 21:25:09,2026/09/26 21:25:09.687, 67, 29.92 W, 795 MHz, 6001 MHz, 96 %, 4963 MiB, 8188 MiB, P4, 0x0000000000000004
2026-09-26 21:25:19,2026/09/26 21:25:19.746, 67, 29.87 W, 690 MHz, 6001 MHz, 96 %, 4963 MiB, 8188 MiB, P4, 0x0000000000000004
2026-09-26 21:25:29,2026/09/26 21:25:29.815, 67, 29.82 W, 660 MHz, 6001 MHz, 92 %, 4963 MiB, 8188 MiB, P4, 0x0000000000000004
2026-09-26 21:25:39,2026/09/26 21:25:39.887, 67, 29.74 W, 750 MHz, 6001 MHz, 97 %, 4963 MiB, 8188 MiB, P4, 0x0000000000000004
2026-09-26 21:25:49,2026/09/26 21:25:49.956, 67, 29.96 W, 1035 MHz, 6001 MHz, 95 %, 4963 MiB, 8188 MiB, P4, 0x0000000000000004
2026-09-26 21:25:59,2026/09/26 21:26:00.032, 67, 29.80 W, 1050 MHz, 6001 MHz, 100 %, 4963 MiB, 8188 MiB, P4, 0x0000000000000004
2026-09-26 21:26:10,2026/09/26 21:26:10.093, 66, 30.10 W, 600 MHz, 6001 MHz, 100 %, 4963 MiB, 8188 MiB, P4, 0x0000000000000004
2026-09-26 21:26:20,2026/09/26 21:26:20.154, 77, 80.24 W, 2295 MHz, 8001 MHz, 98 %, 4963 MiB, 8188 MiB, P0, 0x0000000000000020
2026-09-26 21:26:30,2026/09/26 21:26:30.216, 68, 30.05 W, 990 MHz, 6001 MHz, 96 %, 4963 MiB, 8188 MiB, P4, 0x0000000000000004
2026-09-26 21:26:40,2026/09/26 21:26:40.291, 67, 29.49 W, 1095 MHz, 6001 MHz, 100 %, 4963 MiB, 8188 MiB, P4, 0x0000000000000004
2026-09-26 21:26:50,2026/09/26 21:26:50.361, 65, 20.30 W, 375 MHz, 6001 MHz, 97 %, 4963 MiB, 8188 MiB, P4, 0x0000000000000024
2026-09-26 21:27:00,2026/09/26 21:27:00.435, 63, 3.56 W, 210 MHz, 405 MHz, 0 %, 4963 MiB, 8188 MiB, P8, 0x0000000000000001
2026-09-26 21:27:10,2026/09/26 21:27:10.513, 67, 29.94 W, 600 MHz, 6001 MHz, 100 %, 4963 MiB, 8188 MiB, P4, 0x0000000000000004
2026-09-26 21:27:20,2026/09/26 21:27:20.567, 67, 29.71 W, 1080 MHz, 6001 MHz, 100 %, 4963 MiB, 8188 MiB, P4, 0x0000000000000004
2026-09-26 21:27:30,2026/09/26 21:27:30.606, 67, 30.10 W, 660 MHz, 6001 MHz, 95 %, 4963 MiB, 8188 MiB, P4, 0x0000000000000004
2026-09-26 21:27:40,2026/09/26 21:27:40.648, 67, 29.98 W, 1065 MHz, 6001 MHz, 100 %, 4963 MiB, 8188 MiB, P4, 0x0000000000000004
2026-09-26 21:27:50,2026/09/26 21:27:50.707, 67, 29.78 W, 1140 MHz, 6001 MHz, 100 %, 4963 MiB, 8188 MiB, P4, 0x0000000000000004
2026-09-26 21:28:00,2026/09/26 21:28:00.778, 67, 29.96 W, 1095 MHz, 6001 MHz, 100 %, 4963 MiB, 8188 MiB, P4, 0x0000000000000004
2026-09-26 21:28:10,2026/09/26 21:28:10.826, 67, 29.89 W, 1140 MHz, 6001 MHz, 100 %, 4963 MiB, 8188 MiB, P4, 0x0000000000000004
2026-09-26 21:28:20,2026/09/26 21:28:20.878, 67, 30.00 W, 1080 MHz, 6001 MHz, 100 %, 4963 MiB, 8188 MiB, P4, 0x0000000000000004
2026-09-26 21:28:30,2026/09/26 21:28:30.922, 67, 29.75 W, 1170 MHz, 6001 MHz, 100 %, 4963 MiB, 8188 MiB, P4, 0x0000000000000004
2026-09-26 21:28:40,2026/09/26 21:28:40.967, 67, 30.21 W, 705 MHz, 6001 MHz, 100 %, 4963 MiB, 8188 MiB, P4, 0x0000000000000004
2026-09-26 21:28:50,2026/09/26 21:28:51.011, 67, 29.79 W, 1080 MHz, 6001 MHz, 100 %, 4963 MiB, 8188 MiB, P4, 0x0000000000000004
2026-09-26 21:29:01,2026/09/26 21:29:01.068, 67, 30.10 W, 735 MHz, 6001 MHz, 100 %, 4963 MiB, 8188 MiB, P4, 0x0000000000000004
2026-09-26 21:29:11,2026/09/26 21:29:11.127, 67, 29.94 W, 1170 MHz, 6001 MHz, 100 %, 4963 MiB, 8188 MiB, P4, 0x0000000000000004
2026-09-26 21:29:21,2026/09/26 21:29:21.179, 67, 30.16 W, 660 MHz, 6001 MHz, 100 %, 4963 MiB, 8188 MiB, P4, 0x0000000000000004
2026-09-26 21:29:31,2026/09/26 21:29:31.238, 67, 29.87 W, 945 MHz, 6001 MHz, 99 %, 4963 MiB, 8188 MiB, P4, 0x0000000000000004
2026-09-26 21:29:41,2026/09/26 21:29:41.295, 67, 29.94 W, 960 MHz, 6001 MHz, 96 %, 4963 MiB, 8188 MiB, P4, 0x0000000000000004
2026-09-26 21:29:51,2026/09/26 21:29:51.358, 67, 29.91 W, 975 MHz, 6001 MHz, 100 %, 4963 MiB, 8188 MiB, P4, 0x0000000000000004
2026-09-26 21:30:01,2026/09/26 21:30:01.428, 67, 30.16 W, 600 MHz, 6001 MHz, 100 %, 4963 MiB, 8188 MiB, P4, 0x0000000000000004
2026-09-26 21:30:11,2026/09/26 21:30:11.493, 68, 29.79 W, 795 MHz, 6001 MHz, 100 %, 4963 MiB, 8188 MiB, P4, 0x0000000000000004
2026-09-26 21:30:21,2026/09/26 21:30:21.560, 68, 29.95 W, 765 MHz, 6001 MHz, 99 %, 4963 MiB, 8188 MiB, P4, 0x0000000000000004
2026-09-26 21:30:31,2026/09/26 21:30:31.628, 67, 29.85 W, 1005 MHz, 6001 MHz, 96 %, 4963 MiB, 8188 MiB, P4, 0x0000000000000004
2026-09-26 21:30:41,2026/09/26 21:30:41.688, 68, 29.83 W, 870 MHz, 6001 MHz, 99 %, 4963 MiB, 8188 MiB, P4, 0x0000000000000004
2026-09-26 21:30:51,2026/09/26 21:30:51.750, 67, 29.91 W, 960 MHz, 6001 MHz, 99 %, 4963 MiB, 8188 MiB, P4, 0x0000000000000004
2026-09-26 21:31:01,2026/09/26 21:31:01.822, 67, 29.90 W, 1035 MHz, 6001 MHz, 100 %, 4963 MiB, 8188 MiB, P4, 0x0000000000000004
2026-09-26 21:31:11,2026/09/26 21:31:11.885, 67, 29.95 W, 1020 MHz, 6001 MHz, 100 %, 4963 MiB, 8188 MiB, P4, 0x0000000000000004
2026-09-26 21:31:21,2026/09/26 21:31:21.956, 67, 29.86 W, 945 MHz, 6001 MHz, 100 %, 4963 MiB, 8188 MiB, P4, 0x0000000000000004
2026-09-26 21:31:31,2026/09/26 21:31:32.015, 67, 29.90 W, 990 MHz, 6001 MHz, 99 %, 4963 MiB, 8188 MiB, P4, 0x0000000000000004
2026-09-26 21:31:42,2026/09/26 21:31:42.087, 67, 29.87 W, 960 MHz, 6001 MHz, 100 %, 4963 MiB, 8188 MiB, P4, 0x0000000000000004
2026-09-26 21:31:52,2026/09/26 21:31:52.161, 67, 29.77 W, 1170 MHz, 6001 MHz, 99 %, 4963 MiB, 8188 MiB, P4, 0x0000000000000004
2026-09-26 21:32:02,2026/09/26 21:32:02.230, 67, 29.90 W, 930 MHz, 6001 MHz, 99 %, 4963 MiB, 8188 MiB, P4, 0x0000000000000004
2026-09-26 21:32:12,2026/09/26 21:32:12.293, 67, 29.84 W, 870 MHz, 6001 MHz, 99 %, 4963 MiB, 8188 MiB, P4, 0x0000000000000004
2026-09-26 21:32:22,2026/09/26 21:32:22.357, 67, 29.96 W, 1005 MHz, 6001 MHz, 99 %, 4963 MiB, 8188 MiB, P4, 0x0000000000000004
2026-09-26 21:32:32,2026/09/26 21:32:32.424, 67, 29.94 W, 1005 MHz, 6001 MHz, 100 %, 4963 MiB, 8188 MiB, P4, 0x0000000000000004
2026-09-26 21:32:42,2026/09/26 21:32:42.486, 67, 29.89 W, 705 MHz, 6001 MHz, 95 %, 4963 MiB, 8188 MiB, P4, 0x0000000000000004
2026-09-26 21:32:52,2026/09/26 21:32:52.551, 67, 29.84 W, 1005 MHz, 6001 MHz, 100 %, 4963 MiB, 8188 MiB, P4, 0x0000000000000004
2026-09-26 21:33:02,2026/09/26 21:33:02.612, 67, 29.90 W, 1050 MHz, 6001 MHz, 100 %, 4963 MiB, 8188 MiB, P4, 0x0000000000000004
2026-09-26 21:33:12,2026/09/26 21:33:12.674, 67, 29.94 W, 975 MHz, 6001 MHz, 100 %, 4963 MiB, 8188 MiB, P4, 0x0000000000000004
2026-09-26 21:33:22,2026/09/26 21:33:22.745, 66, 29.94 W, 1050 MHz, 6001 MHz, 97 %, 4963 MiB, 8188 MiB, P4, 0x0000000000000004
2026-09-26 21:33:32,2026/09/26 21:33:32.795, 67, 29.92 W, 1020 MHz, 6001 MHz, 100 %, 4963 MiB, 8188 MiB, P4, 0x0000000000000004
2026-09-26 21:33:42,2026/09/26 21:33:42.861, 67, 29.95 W, 960 MHz, 6001 MHz, 99 %, 4963 MiB, 8188 MiB, P4, 0x0000000000000004
2026-09-26 21:33:52,2026/09/26 21:33:52.921, 67, 29.79 W, 630 MHz, 6001 MHz, 100 %, 4963 MiB, 8188 MiB, P4, 0x0000000000000004
2026-09-26 21:34:02,2026/09/26 21:34:02.986, 67, 29.95 W, 990 MHz, 6001 MHz, 100 %, 4963 MiB, 8188 MiB, P4, 0x0000000000000004
2026-09-26 21:34:13,2026/09/26 21:34:13.048, 67, 29.78 W, 1005 MHz, 6001 MHz, 100 %, 4963 MiB, 8188 MiB, P4, 0x0000000000000004
2026-09-26 21:34:23,2026/09/26 21:34:23.110, 66, 29.93 W, 750 MHz, 6001 MHz, 97 %, 4963 MiB, 8188 MiB, P4, 0x0000000000000004
2026-09-26 21:34:33,2026/09/26 21:34:33.179, 66, 29.90 W, 690 MHz, 6001 MHz, 100 %, 4963 MiB, 8188 MiB, P4, 0x0000000000000004
2026-09-26 21:34:43,2026/09/26 21:34:43.237, 67, 29.90 W, 780 MHz, 6001 MHz, 96 %, 4963 MiB, 8188 MiB, P4, 0x0000000000000004
2026-09-26 21:34:53,2026/09/26 21:34:53.305, 79, 81.99 W, 2295 MHz, 8001 MHz, 97 %, 4963 MiB, 8188 MiB, P0, 0x0000000000000020
2026-09-26 21:35:03,2026/09/26 21:35:03.370, 67, 29.92 W, 975 MHz, 6001 MHz, 99 %, 4963 MiB, 8188 MiB, P4, 0x0000000000000004
2026-09-26 21:35:13,2026/09/26 21:35:13.439, 67, 29.90 W, 885 MHz, 6001 MHz, 100 %, 4963 MiB, 8188 MiB, P4, 0x0000000000000004
2026-09-26 21:35:23,2026/09/26 21:35:23.499, 67, 29.95 W, 1065 MHz, 6001 MHz, 100 %, 4963 MiB, 8188 MiB, P4, 0x0000000000000004
2026-09-26 21:35:33,2026/09/26 21:35:33.559, 67, 29.72 W, 1260 MHz, 6001 MHz, 96 %, 4963 MiB, 8188 MiB, P4, 0x0000000000000004
2026-09-26 21:35:43,2026/09/26 21:35:43.632, 67, 29.96 W, 780 MHz, 6001 MHz, 96 %, 4963 MiB, 8188 MiB, P4, 0x0000000000000004
2026-09-26 21:35:53,2026/09/26 21:35:53.701, 66, 30.02 W, 1215 MHz, 6001 MHz, 100 %, 4963 MiB, 8188 MiB, P4, 0x0000000000000004
2026-09-26 21:36:03,2026/09/26 21:36:03.766, 67, 29.84 W, 690 MHz, 6001 MHz, 97 %, 4963 MiB, 8188 MiB, P4, 0x0000000000000004
2026-09-26 21:36:13,2026/09/26 21:36:13.829, 67, 29.90 W, 675 MHz, 6001 MHz, 97 %, 4963 MiB, 8188 MiB, P4, 0x0000000000000004
2026-09-26 21:36:23,2026/09/26 21:36:23.891, 67, 29.91 W, 870 MHz, 6001 MHz, 100 %, 4963 MiB, 8188 MiB, P4, 0x0000000000000004
2026-09-26 21:36:33,2026/09/26 21:36:33.960, 67, 29.93 W, 885 MHz, 6001 MHz, 97 %, 4963 MiB, 8188 MiB, P4, 0x0000000000000004
2026-09-26 21:36:43,2026/09/26 21:36:44.021, 67, 29.99 W, 1005 MHz, 6001 MHz, 99 %, 4963 MiB, 8188 MiB, P4, 0x0000000000000004
2026-09-26 21:36:54,2026/09/26 21:36:54.079, 67, 29.93 W, 960 MHz, 6001 MHz, 100 %, 4963 MiB, 8188 MiB, P4, 0x0000000000000004
2026-09-26 21:37:04,2026/09/26 21:37:04.139, 67, 29.83 W, 780 MHz, 6001 MHz, 99 %, 4963 MiB, 8188 MiB, P4, 0x0000000000000004
2026-09-26 21:37:14,2026/09/26 21:37:14.206, 67, 29.99 W, 1320 MHz, 6001 MHz, 100 %, 4963 MiB, 8188 MiB, P4, 0x0000000000000004
2026-09-26 21:37:24,2026/09/26 21:37:24.279, 67, 29.66 W, 645 MHz, 6001 MHz, 97 %, 4963 MiB, 8188 MiB, P4, 0x0000000000000004
2026-09-26 21:37:34,2026/09/26 21:37:34.345, 67, 29.85 W, 735 MHz, 6001 MHz, 96 %, 4963 MiB, 8188 MiB, P4, 0x0000000000000004
2026-09-26 21:37:44,2026/09/26 21:37:44.411, 67, 29.83 W, 930 MHz, 6001 MHz, 100 %, 4963 MiB, 8188 MiB, P4, 0x0000000000000004
2026-09-26 21:37:54,2026/09/26 21:37:54.472, 67, 29.86 W, 795 MHz, 6001 MHz, 97 %, 4963 MiB, 8188 MiB, P4, 0x0000000000000004
2026-09-26 21:38:04,2026/09/26 21:38:04.543, 67, 29.90 W, 1005 MHz, 6001 MHz, 99 %, 4963 MiB, 8188 MiB, P4, 0x0000000000000004
2026-09-26 21:38:14,2026/09/26 21:38:14.616, 77, 81.72 W, 2295 MHz, 7001 MHz, 96 %, 4963 MiB, 8188 MiB, P3, 0x0000000000000020
2026-09-26 21:38:24,2026/09/26 21:38:24.685, 67, 29.90 W, 1080 MHz, 6001 MHz, 98 %, 4963 MiB, 8188 MiB, P4, 0x0000000000000004
2026-09-26 21:38:34,2026/09/26 21:38:34.758, 67, 34.74 W, 2595 MHz, 8001 MHz, 0 %, 4963 MiB, 8188 MiB, P0, 0x0000000000000000
2026-09-26 21:38:44,2026/09/26 21:38:44.821, 63, 4.95 W, 210 MHz, 405 MHz, 0 %, 4963 MiB, 8188 MiB, P8, 0x0000000000000001
2026-09-26 21:38:54,2026/09/26 21:38:54.887, 67, 30.01 W, 540 MHz, 6001 MHz, 100 %, 4963 MiB, 8188 MiB, P4, 0x0000000000000004
2026-09-26 21:39:04,2026/09/26 21:39:04.929, 67, 29.72 W, 1110 MHz, 6001 MHz, 100 %, 4963 MiB, 8188 MiB, P4, 0x0000000000000004
2026-09-26 21:39:14,2026/09/26 21:39:14.973, 67, 30.07 W, 735 MHz, 6001 MHz, 100 %, 4963 MiB, 8188 MiB, P4, 0x0000000000000004
2026-09-26 21:39:24,2026/09/26 21:39:25.025, 67, 30.03 W, 990 MHz, 6001 MHz, 100 %, 4963 MiB, 8188 MiB, P4, 0x0000000000000004
2026-09-26 21:39:35,2026/09/26 21:39:35.077, 67, 29.81 W, 1110 MHz, 6001 MHz, 100 %, 4963 MiB, 8188 MiB, P4, 0x0000000000000004
2026-09-26 21:39:45,2026/09/26 21:39:45.134, 67, 30.18 W, 585 MHz, 6001 MHz, 100 %, 4963 MiB, 8188 MiB, P4, 0x0000000000000004
2026-09-26 21:39:55,2026/09/26 21:39:55.190, 67, 29.75 W, 1155 MHz, 6001 MHz, 100 %, 4963 MiB, 8188 MiB, P4, 0x0000000000000004
2026-09-26 21:40:05,2026/09/26 21:40:05.245, 66, 30.10 W, 975 MHz, 6001 MHz, 100 %, 4963 MiB, 8188 MiB, P4, 0x0000000000000004
2026-09-26 21:40:15,2026/09/26 21:40:15.310, 67, 29.86 W, 1080 MHz, 6001 MHz, 100 %, 4963 MiB, 8188 MiB, P4, 0x0000000000000004
2026-09-26 21:40:25,2026/09/26 21:40:25.365, 66, 30.17 W, 1095 MHz, 6001 MHz, 100 %, 4963 MiB, 8188 MiB, P4, 0x0000000000000004
2026-09-26 21:40:35,2026/09/26 21:40:35.418, 67, 29.74 W, 1035 MHz, 6001 MHz, 100 %, 4963 MiB, 8188 MiB, P4, 0x0000000000000004
2026-09-26 21:40:45,2026/09/26 21:40:45.471, 67, 30.15 W, 705 MHz, 6001 MHz, 100 %, 4963 MiB, 8188 MiB, P4, 0x0000000000000004
2026-09-26 21:40:55,2026/09/26 21:40:55.519, 67, 30.05 W, 1035 MHz, 6001 MHz, 100 %, 4963 MiB, 8188 MiB, P4, 0x0000000000000004
2026-09-26 21:41:05,2026/09/26 21:41:05.574, 67, 29.55 W, 1110 MHz, 6001 MHz, 100 %, 4963 MiB, 8188 MiB, P4, 0x0000000000000004
2026-09-26 21:41:15,2026/09/26 21:41:15.641, 76, 85.00 W, 2295 MHz, 8001 MHz, 100 %, 4963 MiB, 8188 MiB, P0, 0x0000000000000020
2026-09-26 21:41:25,2026/09/26 21:41:25.713, 68, 29.85 W, 1170 MHz, 6001 MHz, 96 %, 4963 MiB, 8188 MiB, P4, 0x0000000000000004
2026-09-26 21:41:35,2026/09/26 21:41:35.771, 67, 29.92 W, 945 MHz, 6001 MHz, 96 %, 4963 MiB, 8188 MiB, P4, 0x0000000000000004
2026-09-26 21:41:45,2026/09/26 21:41:45.842, 67, 30.08 W, 855 MHz, 6001 MHz, 100 %, 4963 MiB, 8188 MiB, P4, 0x0000000000000004
2026-09-26 21:41:55,2026/09/26 21:41:55.887, 67, 29.93 W, 900 MHz, 6001 MHz, 100 %, 4963 MiB, 8188 MiB, P4, 0x0000000000000004
2026-09-26 21:42:05,2026/09/26 21:42:05.948, 67, 29.95 W, 795 MHz, 6001 MHz, 100 %, 4963 MiB, 8188 MiB, P4, 0x0000000000000004
2026-09-26 21:42:15,2026/09/26 21:42:16.018, 67, 30.07 W, 840 MHz, 6001 MHz, 100 %, 4963 MiB, 8188 MiB, P4, 0x0000000000000004
2026-09-26 21:42:26,2026/09/26 21:42:26.085, 67, 29.93 W, 1125 MHz, 6001 MHz, 92 %, 4963 MiB, 8188 MiB, P4, 0x0000000000000004
2026-09-26 21:42:36,2026/09/26 21:42:36.152, 67, 29.97 W, 885 MHz, 6001 MHz, 97 %, 4963 MiB, 8188 MiB, P4, 0x0000000000000004
2026-09-26 21:42:46,2026/09/26 21:42:46.213, 67, 29.95 W, 780 MHz, 6001 MHz, 100 %, 4963 MiB, 8188 MiB, P4, 0x0000000000000004
2026-09-26 21:42:56,2026/09/26 21:42:56.273, 67, 29.90 W, 915 MHz, 6001 MHz, 96 %, 4963 MiB, 8188 MiB, P4, 0x0000000000000004
2026-09-26 21:43:06,2026/09/26 21:43:06.337, 67, 30.00 W, 945 MHz, 6001 MHz, 100 %, 4963 MiB, 8188 MiB, P4, 0x0000000000000004
2026-09-26 21:43:16,2026/09/26 21:43:16.413, 67, 29.89 W, 930 MHz, 6001 MHz, 93 %, 4963 MiB, 8188 MiB, P4, 0x0000000000000004
2026-09-26 21:43:26,2026/09/26 21:43:26.473, 67, 29.95 W, 855 MHz, 6001 MHz, 100 %, 4963 MiB, 8188 MiB, P4, 0x0000000000000004
2026-09-26 21:43:36,2026/09/26 21:43:36.537, 67, 29.95 W, 795 MHz, 6001 MHz, 100 %, 4963 MiB, 8188 MiB, P4, 0x0000000000000004
2026-09-26 21:43:46,2026/09/26 21:43:46.598, 67, 29.94 W, 885 MHz, 6001 MHz, 100 %, 4963 MiB, 8188 MiB, P4, 0x0000000000000004
2026-09-26 21:43:56,2026/09/26 21:43:56.649, 67, 29.98 W, 780 MHz, 6001 MHz, 96 %, 4963 MiB, 8188 MiB, P4, 0x0000000000000004
2026-09-26 21:44:06,2026/09/26 21:44:06.713, 66, 29.96 W, 1005 MHz, 6001 MHz, 100 %, 4963 MiB, 8188 MiB, P4, 0x0000000000000004
2026-09-26 21:44:16,2026/09/26 21:44:16.780, 67, 30.03 W, 870 MHz, 6001 MHz, 100 %, 4963 MiB, 8188 MiB, P4, 0x0000000000000004
2026-09-26 21:44:26,2026/09/26 21:44:26.853, 67, 29.99 W, 780 MHz, 6001 MHz, 96 %, 4963 MiB, 8188 MiB, P4, 0x0000000000000004
2026-09-26 21:44:36,2026/09/26 21:44:36.916, 67, 29.71 W, 840 MHz, 6001 MHz, 100 %, 4963 MiB, 8188 MiB, P4, 0x0000000000000004
2026-09-26 21:44:46,2026/09/26 21:44:46.975, 67, 29.90 W, 840 MHz, 6001 MHz, 100 %, 4963 MiB, 8188 MiB, P4, 0x0000000000000004
2026-09-26 21:44:56,2026/09/26 21:44:57.046, 67, 29.93 W, 945 MHz, 6001 MHz, 100 %, 4963 MiB, 8188 MiB, P4, 0x0000000000000004
2026-09-26 21:45:07,2026/09/26 21:45:07.115, 67, 29.99 W, 840 MHz, 6001 MHz, 100 %, 4963 MiB, 8188 MiB, P4, 0x0000000000000004
2026-09-26 21:45:17,2026/09/26 21:45:17.177, 67, 29.96 W, 840 MHz, 6001 MHz, 100 %, 4963 MiB, 8188 MiB, P4, 0x0000000000000004
2026-09-26 21:45:27,2026/09/26 21:45:27.237, 66, 29.95 W, 915 MHz, 6001 MHz, 94 %, 4963 MiB, 8188 MiB, P4, 0x0000000000000004
2026-09-26 21:45:37,2026/09/26 21:45:37.299, 67, 29.89 W, 915 MHz, 6001 MHz, 100 %, 4963 MiB, 8188 MiB, P4, 0x0000000000000004
2026-09-26 21:45:47,2026/09/26 21:45:47.356, 67, 29.76 W, 1155 MHz, 6001 MHz, 96 %, 4963 MiB, 8188 MiB, P4, 0x0000000000000004
2026-09-26 21:45:57,2026/09/26 21:45:57.428, 67, 29.89 W, 1170 MHz, 6001 MHz, 96 %, 4963 MiB, 8188 MiB, P4, 0x0000000000000004
2026-09-26 21:46:07,2026/09/26 21:46:07.501, 67, 29.94 W, 810 MHz, 6001 MHz, 100 %, 4963 MiB, 8188 MiB, P4, 0x0000000000000004
2026-09-26 21:46:17,2026/09/26 21:46:17.553, 67, 29.92 W, 945 MHz, 6001 MHz, 97 %, 4963 MiB, 8188 MiB, P4, 0x0000000000000004
2026-09-26 21:46:27,2026/09/26 21:46:27.620, 67, 29.84 W, 1155 MHz, 6001 MHz, 95 %, 4963 MiB, 8188 MiB, P4, 0x0000000000000004
2026-09-26 21:46:37,2026/09/26 21:46:37.688, 66, 29.98 W, 780 MHz, 6001 MHz, 100 %, 4963 MiB, 8188 MiB, P4, 0x0000000000000004
2026-09-26 21:46:47,2026/09/26 21:46:47.754, 66, 29.95 W, 870 MHz, 6001 MHz, 100 %, 4963 MiB, 8188 MiB, P4, 0x0000000000000004
2026-09-26 21:46:57,2026/09/26 21:46:57.809, 67, 29.94 W, 885 MHz, 6001 MHz, 100 %, 4963 MiB, 8188 MiB, P4, 0x0000000000000004
2026-09-26 21:47:07,2026/09/26 21:47:07.880, 66, 30.09 W, 1140 MHz, 6001 MHz, 100 %, 4963 MiB, 8188 MiB, P4, 0x0000000000000004
2026-09-26 21:47:17,2026/09/26 21:47:17.948, 67, 29.91 W, 1005 MHz, 6001 MHz, 97 %, 4963 MiB, 8188 MiB, P4, 0x0000000000000004
2026-09-26 21:47:27,2026/09/26 21:47:28.012, 67, 29.96 W, 855 MHz, 6001 MHz, 100 %, 4963 MiB, 8188 MiB, P4, 0x0000000000000004
2026-09-26 21:47:38,2026/09/26 21:47:38.063, 67, 29.97 W, 870 MHz, 6001 MHz, 96 %, 4963 MiB, 8188 MiB, P4, 0x0000000000000004
2026-09-26 21:47:48,2026/09/26 21:47:48.125, 67, 29.96 W, 900 MHz, 6001 MHz, 100 %, 4963 MiB, 8188 MiB, P4, 0x0000000000000004
2026-09-26 21:47:58,2026/09/26 21:47:58.188, 67, 29.86 W, 825 MHz, 6001 MHz, 100 %, 4963 MiB, 8188 MiB, P4, 0x0000000000000004
2026-09-26 21:48:08,2026/09/26 21:48:08.255, 67, 29.76 W, 675 MHz, 6001 MHz, 92 %, 4963 MiB, 8188 MiB, P4, 0x0000000000000004
2026-09-26 21:48:18,2026/09/26 21:48:18.299, 67, 29.96 W, 960 MHz, 6001 MHz, 100 %, 4963 MiB, 8188 MiB, P4, 0x0000000000000004
2026-09-26 21:48:28,2026/09/26 21:48:28.351, 68, 29.93 W, 810 MHz, 6001 MHz, 96 %, 4963 MiB, 8188 MiB, P4, 0x0000000000000004
2026-09-26 21:48:38,2026/09/26 21:48:38.408, 67, 29.93 W, 1155 MHz, 6001 MHz, 100 %, 4963 MiB, 8188 MiB, P4, 0x0000000000000004
2026-09-26 21:48:48,2026/09/26 21:48:48.468, 67, 30.00 W, 825 MHz, 6001 MHz, 100 %, 4963 MiB, 8188 MiB, P4, 0x0000000000000004
2026-09-26 21:48:58,2026/09/26 21:48:58.533, 67, 29.72 W, 690 MHz, 6001 MHz, 100 %, 4963 MiB, 8188 MiB, P4, 0x0000000000000004
2026-09-26 21:49:08,2026/09/26 21:49:08.600, 76, 81.40 W, 2550 MHz, 8001 MHz, 19 %, 4963 MiB, 8188 MiB, P0, 0x0000000000000020
2026-09-26 21:49:18,2026/09/26 21:49:18.661, 64, 12.91 W, 240 MHz, 6001 MHz, 0 %, 4963 MiB, 8188 MiB, P4, 0x0000000000000024
2026-09-26 21:49:28,2026/09/26 21:49:28.726, 68, 29.68 W, 600 MHz, 7001 MHz, 100 %, 4963 MiB, 8188 MiB, P3, 0x0000000000000004
2026-09-26 21:49:38,2026/09/26 21:49:38.798, 67, 29.71 W, 720 MHz, 6001 MHz, 100 %, 4963 MiB, 8188 MiB, P4, 0x0000000000000004
2026-09-26 21:49:48,2026/09/26 21:49:48.870, 67, 29.99 W, 990 MHz, 6001 MHz, 99 %, 4963 MiB, 8188 MiB, P4, 0x0000000000000004
2026-09-26 21:49:58,2026/09/26 21:49:58.933, 67, 29.87 W, 975 MHz, 6001 MHz, 99 %, 4963 MiB, 8188 MiB, P4, 0x0000000000000004
2026-09-26 21:50:08,2026/09/26 21:50:08.994, 67, 29.86 W, 870 MHz, 6001 MHz, 96 %, 4963 MiB, 8188 MiB, P4, 0x0000000000000004
2026-09-26 21:50:19,2026/09/26 21:50:19.052, 67, 29.81 W, 1140 MHz, 6001 MHz, 94 %, 4963 MiB, 8188 MiB, P4, 0x0000000000000004
2026-09-26 21:50:29,2026/09/26 21:50:29.121, 67, 30.00 W, 885 MHz, 6001 MHz, 99 %, 4963 MiB, 8188 MiB, P4, 0x0000000000000004
2026-09-26 21:50:39,2026/09/26 21:50:39.193, 67, 29.91 W, 1005 MHz, 6001 MHz, 99 %, 4963 MiB, 8188 MiB, P4, 0x0000000000000004
2026-09-26 21:50:49,2026/09/26 21:50:49.259, 67, 30.01 W, 960 MHz, 6001 MHz, 100 %, 4963 MiB, 8188 MiB, P4, 0x0000000000000004
2026-09-26 21:50:59,2026/09/26 21:50:59.327, 67, 29.96 W, 900 MHz, 6001 MHz, 99 %, 4963 MiB, 8188 MiB, P4, 0x0000000000000004
2026-09-26 21:51:09,2026/09/26 21:51:09.399, 67, 29.97 W, 840 MHz, 6001 MHz, 99 %, 4963 MiB, 8188 MiB, P4, 0x0000000000000004
2026-09-26 21:51:19,2026/09/26 21:51:19.460, 67, 29.91 W, 825 MHz, 6001 MHz, 92 %, 4963 MiB, 8188 MiB, P4, 0x0000000000000004
2026-09-26 21:51:29,2026/09/26 21:51:29.520, 67, 29.75 W, 945 MHz, 6001 MHz, 93 %, 4963 MiB, 8188 MiB, P4, 0x0000000000000004
2026-09-26 21:51:39,2026/09/26 21:51:39.578, 67, 30.00 W, 930 MHz, 6001 MHz, 100 %, 4963 MiB, 8188 MiB, P4, 0x0000000000000004
2026-09-26 21:51:49,2026/09/26 21:51:49.643, 67, 29.92 W, 945 MHz, 6001 MHz, 99 %, 4963 MiB, 8188 MiB, P4, 0x0000000000000004
2026-09-26 21:51:59,2026/09/26 21:51:59.702, 67, 30.01 W, 975 MHz, 6001 MHz, 100 %, 4963 MiB, 8188 MiB, P4, 0x0000000000000004
2026-09-26 21:52:09,2026/09/26 21:52:09.766, 67, 29.93 W, 840 MHz, 6001 MHz, 99 %, 4963 MiB, 8188 MiB, P4, 0x0000000000000004
2026-09-26 21:52:19,2026/09/26 21:52:19.839, 67, 29.99 W, 960 MHz, 6001 MHz, 100 %, 4963 MiB, 8188 MiB, P4, 0x0000000000000004
2026-09-26 21:52:29,2026/09/26 21:52:29.900, 67, 29.93 W, 810 MHz, 6001 MHz, 99 %, 4963 MiB, 8188 MiB, P4, 0x0000000000000004
2026-09-26 21:52:39,2026/09/26 21:52:39.970, 67, 29.93 W, 885 MHz, 6001 MHz, 100 %, 4963 MiB, 8188 MiB, P4, 0x0000000000000004
2026-09-26 21:52:49,2026/09/26 21:52:50.042, 75, 66.44 W, 2295 MHz, 8001 MHz, 92 %, 4963 MiB, 8188 MiB, P0, 0x0000000000000020
2026-09-26 21:53:00,2026/09/26 21:53:00.101, 75, 63.03 W, 2295 MHz, 8001 MHz, 88 %, 4963 MiB, 8188 MiB, P0, 0x0000000000000020
2026-09-26 21:53:10,2026/09/26 21:53:10.162, 75, 63.10 W, 2295 MHz, 8001 MHz, 87 %, 4963 MiB, 8188 MiB, P0, 0x0000000000000020
2026-09-26 21:53:20,2026/09/26 21:53:20.222, 77, 63.47 W, 2295 MHz, 8001 MHz, 90 %, 4963 MiB, 8188 MiB, P0, 0x0000000000000020
2026-09-26 21:53:30,2026/09/26 21:53:30.296, 76, 63.92 W, 2295 MHz, 8001 MHz, 88 %, 4963 MiB, 8188 MiB, P0, 0x0000000000000020
2026-09-26 21:53:40,2026/09/26 21:53:40.356, 76, 62.65 W, 2295 MHz, 8001 MHz, 87 %, 4963 MiB, 8188 MiB, P0, 0x0000000000000020
2026-09-26 21:53:50,2026/09/26 21:53:50.417, 77, 63.42 W, 2295 MHz, 8001 MHz, 90 %, 4963 MiB, 8188 MiB, P0, 0x0000000000000020
2026-09-26 21:54:00,2026/09/26 21:54:00.486, 76, 62.79 W, 2295 MHz, 8001 MHz, 84 %, 4963 MiB, 8188 MiB, P0, 0x0000000000000020
2026-09-26 21:54:10,2026/09/26 21:54:10.552, 77, 63.51 W, 2295 MHz, 8001 MHz, 91 %, 4963 MiB, 8188 MiB, P0, 0x0000000000000020
2026-09-26 21:54:20,2026/09/26 21:54:20.627, 78, 63.27 W, 2295 MHz, 8001 MHz, 87 %, 4963 MiB, 8188 MiB, P0, 0x0000000000000020
2026-09-26 21:54:30,2026/09/26 21:54:30.689, 77, 63.12 W, 2295 MHz, 8001 MHz, 90 %, 4963 MiB, 8188 MiB, P0, 0x0000000000000020
2026-09-26 21:54:40,2026/09/26 21:54:40.760, 67, 24.94 W, 615 MHz, 6001 MHz, 0 %, 4963 MiB, 8188 MiB, P4, 0x0000000000000001
2026-09-26 21:54:50,2026/09/26 21:54:50.824, 64, 3.67 W, 210 MHz, 405 MHz, 0 %, 4963 MiB, 8188 MiB, P8, 0x0000000000000001
2026-09-26 21:55:00,2026/09/26 21:55:00.892, 79, 70.60 W, 2295 MHz, 8001 MHz, 99 %, 4963 MiB, 8188 MiB, P0, 0x0000000000000020
2026-09-26 21:55:10,2026/09/26 21:55:10.956, 77, 63.65 W, 2295 MHz, 8001 MHz, 88 %, 4963 MiB, 8188 MiB, P0, 0x0000000000000020
2026-09-26 21:55:20,2026/09/26 21:55:21.018, 76, 64.12 W, 2295 MHz, 8001 MHz, 88 %, 4963 MiB, 8188 MiB, P0, 0x0000000000000020
2026-09-26 21:55:31,2026/09/26 21:55:31.089, 77, 63.54 W, 2295 MHz, 8001 MHz, 90 %, 4963 MiB, 8188 MiB, P0, 0x0000000000000020
2026-09-26 21:55:41,2026/09/26 21:55:41.157, 78, 63.72 W, 2295 MHz, 8001 MHz, 88 %, 4963 MiB, 8188 MiB, P0, 0x0000000000000020
2026-09-26 21:55:51,2026/09/26 21:55:51.220, 77, 63.29 W, 2295 MHz, 8001 MHz, 86 %, 4963 MiB, 8188 MiB, P0, 0x0000000000000020
2026-09-26 21:56:01,2026/09/26 21:56:01.286, 77, 63.26 W, 2295 MHz, 8001 MHz, 87 %, 4963 MiB, 8188 MiB, P0, 0x0000000000000020
2026-09-26 21:56:11,2026/09/26 21:56:11.361, 69, 31.89 W, 2595 MHz, 8001 MHz, 0 %, 4963 MiB, 8188 MiB, P0, 0x0000000000000000
2026-09-26 21:56:21,2026/09/26 21:56:21.425, 64, 3.64 W, 210 MHz, 405 MHz, 0 %, 4963 MiB, 8188 MiB, P8, 0x0000000000000001
2026-09-26 21:56:31,2026/09/26 21:56:31.499, 78, 70.91 W, 2295 MHz, 8001 MHz, 98 %, 4963 MiB, 8188 MiB, P0, 0x0000000000000020
2026-09-26 21:56:41,2026/09/26 21:56:41.560, 76, 64.28 W, 2295 MHz, 8001 MHz, 89 %, 4963 MiB, 8188 MiB, P0, 0x0000000000000020
2026-09-26 21:56:51,2026/09/26 21:56:51.627, 77, 64.17 W, 2295 MHz, 8001 MHz, 89 %, 4963 MiB, 8188 MiB, P0, 0x0000000000000020
2026-09-26 21:57:01,2026/09/26 21:57:01.693, 78, 62.59 W, 2295 MHz, 8001 MHz, 88 %, 4963 MiB, 8188 MiB, P0, 0x0000000000000020
2026-09-26 21:57:11,2026/09/26 21:57:11.765, 78, 64.22 W, 2295 MHz, 8001 MHz, 89 %, 4963 MiB, 8188 MiB, P0, 0x0000000000000020
2026-09-26 21:57:21,2026/09/26 21:57:21.834, 76, 23.62 W, 2370 MHz, 7001 MHz, 78 %, 4963 MiB, 8188 MiB, P3, 0x0000000000000020
2026-09-26 21:57:31,2026/09/26 21:57:31.901, 64, 3.75 W, 210 MHz, 405 MHz, 0 %, 4963 MiB, 8188 MiB, P8, 0x0000000000000001
2026-09-26 21:57:41,2026/09/26 21:57:41.974, 78, 70.83 W, 2295 MHz, 8001 MHz, 100 %, 4963 MiB, 8188 MiB, P0, 0x0000000000000020
2026-09-26 21:57:51,2026/09/26 21:57:52.035, 77, 63.95 W, 2295 MHz, 8001 MHz, 83 %, 4963 MiB, 8188 MiB, P0, 0x0000000000000020
2026-09-26 21:58:02,2026/09/26 21:58:02.102, 77, 61.04 W, 2295 MHz, 8001 MHz, 78 %, 4963 MiB, 8188 MiB, P0, 0x0000000000000020
2026-09-26 21:58:12,2026/09/26 21:58:12.168, 68, 20.57 W, 2370 MHz, 7001 MHz, 91 %, 4963 MiB, 8188 MiB, P3, 0x0000000000000001
2026-09-26 21:58:22,2026/09/26 21:58:22.231, 64, 3.64 W, 210 MHz, 405 MHz, 0 %, 4963 MiB, 8188 MiB, P8, 0x0000000000000001
2026-09-26 21:58:32,2026/09/26 21:58:32.294, 68, 29.35 W, 1185 MHz, 6001 MHz, 100 %, 4963 MiB, 8188 MiB, P4, 0x0000000000000004
2026-09-26 21:58:42,2026/09/26 21:58:42.364, 68, 29.30 W, 1440 MHz, 6001 MHz, 88 %, 4963 MiB, 8188 MiB, P4, 0x0000000000000004
2026-09-26 21:58:52,2026/09/26 21:58:52.427, 68, 29.19 W, 1350 MHz, 6001 MHz, 87 %, 4963 MiB, 8188 MiB, P4, 0x0000000000000004
2026-09-26 21:59:02,2026/09/26 21:59:02.489, 68, 29.02 W, 1365 MHz, 6001 MHz, 87 %, 4963 MiB, 8188 MiB, P4, 0x0000000000000004
2026-09-26 21:59:12,2026/09/26 21:59:12.559, 66, 28.08 W, 1515 MHz, 6001 MHz, 80 %, 4963 MiB, 8188 MiB, P4, 0x0000000000000004
2026-09-26 21:59:22,2026/09/26 21:59:22.634, 64, 7.46 W, 330 MHz, 810 MHz, 0 %, 4963 MiB, 8188 MiB, P8, 0x0000000000000001
2026-09-26 21:59:32,2026/09/26 21:59:32.705, 77, 71.83 W, 2295 MHz, 8001 MHz, 100 %, 4963 MiB, 8188 MiB, P0, 0x0000000000000020
2026-09-26 21:59:42,2026/09/26 21:59:42.772, 76, 63.61 W, 2295 MHz, 8001 MHz, 84 %, 4963 MiB, 8188 MiB, P0, 0x0000000000000020
2026-09-26 21:59:52,2026/09/26 21:59:52.844, 76, 63.22 W, 2295 MHz, 8001 MHz, 84 %, 4963 MiB, 8188 MiB, P0, 0x0000000000000020
2026-09-26 22:00:02,2026/09/26 22:00:02.918, 69, 31.86 W, 2595 MHz, 8001 MHz, 0 %, 4963 MiB, 8188 MiB, P0, 0x0000000000000000
2026-09-26 22:00:12,2026/09/26 22:00:12.987, 64, 7.83 W, 210 MHz, 810 MHz, 0 %, 4963 MiB, 8188 MiB, P8, 0x0000000000000001
2026-09-26 22:00:23,2026/09/26 22:00:23.058, 77, 72.22 W, 2295 MHz, 8001 MHz, 100 %, 4963 MiB, 8188 MiB, P0, 0x0000000000000020
2026-09-26 22:00:33,2026/09/26 22:00:33.125, 68, 29.85 W, 360 MHz, 6001 MHz, 100 %, 4963 MiB, 8188 MiB, P4, 0x0000000000000004
2026-09-26 22:00:43,2026/09/26 22:00:43.188, 66, 29.85 W, 555 MHz, 6001 MHz, 95 %, 4963 MiB, 8188 MiB, P4, 0x0000000000000004
2026-09-26 22:00:53,2026/09/26 22:00:53.236, 67, 29.77 W, 570 MHz, 6001 MHz, 96 %, 4963 MiB, 8188 MiB, P4, 0x0000000000000004
2026-09-26 22:01:03,2026/09/26 22:01:03.300, 67, 29.87 W, 420 MHz, 6001 MHz, 100 %, 4963 MiB, 8188 MiB, P4, 0x0000000000000004
2026-09-26 22:01:13,2026/09/26 22:01:13.349, 67, 29.83 W, 510 MHz, 6001 MHz, 95 %, 4963 MiB, 8188 MiB, P4, 0x0000000000000004
2026-09-26 22:01:23,2026/09/26 22:01:23.399, 67, 29.82 W, 615 MHz, 6001 MHz, 97 %, 4963 MiB, 8188 MiB, P4, 0x0000000000000004
2026-09-26 22:01:33,2026/09/26 22:01:33.472, 67, 29.94 W, 435 MHz, 6001 MHz, 100 %, 4963 MiB, 8188 MiB, P4, 0x0000000000000004
2026-09-26 22:01:43,2026/09/26 22:01:43.543, 66, 29.75 W, 645 MHz, 6001 MHz, 97 %, 4963 MiB, 8188 MiB, P4, 0x0000000000000004
2026-09-26 22:01:53,2026/09/26 22:01:53.609, 66, 29.84 W, 345 MHz, 6001 MHz, 100 %, 4963 MiB, 8188 MiB, P4, 0x0000000000000004
2026-09-26 22:02:03,2026/09/26 22:02:03.681, 69, 31.18 W, 600 MHz, 6001 MHz, 97 %, 4963 MiB, 8188 MiB, P4, 0x0000000000000024
2026-09-26 22:02:13,2026/09/26 22:02:13.749, 67, 29.80 W, 345 MHz, 6001 MHz, 100 %, 4963 MiB, 8188 MiB, P4, 0x0000000000000004
2026-09-26 22:02:23,2026/09/26 22:02:23.820, 67, 29.84 W, 270 MHz, 6001 MHz, 100 %, 4963 MiB, 8188 MiB, P4, 0x0000000000000004
2026-09-26 22:02:33,2026/09/26 22:02:33.894, 67, 29.84 W, 360 MHz, 6001 MHz, 100 %, 4963 MiB, 8188 MiB, P4, 0x0000000000000004
2026-09-26 22:02:43,2026/09/26 22:02:43.965, 67, 29.74 W, 270 MHz, 6001 MHz, 100 %, 4963 MiB, 8188 MiB, P4, 0x0000000000000004
2026-09-26 22:02:53,2026/09/26 22:02:54.025, 67, 29.76 W, 540 MHz, 6001 MHz, 97 %, 4963 MiB, 8188 MiB, P4, 0x0000000000000004
2026-09-26 22:03:04,2026/09/26 22:03:04.099, 67, 29.90 W, 600 MHz, 6001 MHz, 100 %, 4963 MiB, 8188 MiB, P4, 0x0000000000000004
2026-09-26 22:03:14,2026/09/26 22:03:14.162, 67, 29.95 W, 315 MHz, 6001 MHz, 97 %, 4963 MiB, 8188 MiB, P4, 0x0000000000000004
2026-09-26 22:03:24,2026/09/26 22:03:24.230, 67, 29.71 W, 510 MHz, 6001 MHz, 97 %, 4963 MiB, 8188 MiB, P4, 0x0000000000000004
2026-09-26 22:03:34,2026/09/26 22:03:34.291, 66, 29.87 W, 570 MHz, 6001 MHz, 97 %, 4963 MiB, 8188 MiB, P4, 0x0000000000000004
2026-09-26 22:03:44,2026/09/26 22:03:44.352, 67, 29.87 W, 315 MHz, 6001 MHz, 100 %, 4963 MiB, 8188 MiB, P4, 0x0000000000000004
2026-09-26 22:03:54,2026/09/26 22:03:54.415, 67, 29.79 W, 285 MHz, 6001 MHz, 100 %, 4963 MiB, 8188 MiB, P4, 0x0000000000000004
2026-09-26 22:04:04,2026/09/26 22:04:04.487, 67, 29.95 W, 285 MHz, 6001 MHz, 100 %, 4963 MiB, 8188 MiB, P4, 0x0000000000000004
2026-09-26 22:04:14,2026/09/26 22:04:14.550, 66, 29.97 W, 585 MHz, 6001 MHz, 97 %, 4963 MiB, 8188 MiB, P4, 0x0000000000000004
2026-09-26 22:04:24,2026/09/26 22:04:24.616, 67, 30.01 W, 285 MHz, 6001 MHz, 100 %, 4963 MiB, 8188 MiB, P4, 0x0000000000000004
2026-09-26 22:04:34,2026/09/26 22:04:34.682, 66, 29.83 W, 480 MHz, 6001 MHz, 100 %, 4963 MiB, 8188 MiB, P4, 0x0000000000000004
2026-09-26 22:04:44,2026/09/26 22:04:44.743, 79, 85.90 W, 2325 MHz, 8001 MHz, 97 %, 4963 MiB, 8188 MiB, P0, 0x0000000000000020
2026-09-26 22:04:54,2026/09/26 22:04:54.814, 78, 86.27 W, 2295 MHz, 8001 MHz, 97 %, 4963 MiB, 8188 MiB, P0, 0x0000000000000020
2026-09-26 22:05:04,2026/09/26 22:05:04.880, 69, 29.70 W, 525 MHz, 6001 MHz, 100 %, 4963 MiB, 8188 MiB, P4, 0x0000000000000004
2026-09-26 22:05:14,2026/09/26 22:05:14.951, 68, 29.68 W, 600 MHz, 6001 MHz, 97 %, 4963 MiB, 8188 MiB, P4, 0x0000000000000004
2026-09-26 22:05:24,2026/09/26 22:05:25.021, 68, 29.72 W, 480 MHz, 6001 MHz, 95 %, 4963 MiB, 8188 MiB, P4, 0x0000000000000004
2026-09-26 22:05:35,2026/09/26 22:05:35.088, 67, 29.76 W, 615 MHz, 6001 MHz, 97 %, 4963 MiB, 8188 MiB, P4, 0x0000000000000004
2026-09-26 22:05:45,2026/09/26 22:05:45.151, 67, 29.81 W, 345 MHz, 6001 MHz, 100 %, 4963 MiB, 8188 MiB, P4, 0x0000000000000004
2026-09-26 22:05:55,2026/09/26 22:05:55.220, 67, 29.93 W, 285 MHz, 6001 MHz, 100 %, 4963 MiB, 8188 MiB, P4, 0x0000000000000004
2026-09-26 22:06:05,2026/09/26 22:06:05.288, 67, 29.85 W, 615 MHz, 6001 MHz, 99 %, 4963 MiB, 8188 MiB, P4, 0x0000000000000004
2026-09-26 22:06:15,2026/09/26 22:06:15.332, 67, 29.88 W, 345 MHz, 6001 MHz, 100 %, 4963 MiB, 8188 MiB, P4, 0x0000000000000004
2026-09-26 22:06:25,2026/09/26 22:06:25.396, 67, 29.89 W, 285 MHz, 6001 MHz, 100 %, 4963 MiB, 8188 MiB, P4, 0x0000000000000004
2026-09-26 22:06:35,2026/09/26 22:06:35.456, 67, 29.84 W, 555 MHz, 6001 MHz, 97 %, 4963 MiB, 8188 MiB, P4, 0x0000000000000004
2026-09-26 22:06:45,2026/09/26 22:06:45.514, 67, 29.81 W, 270 MHz, 6001 MHz, 96 %, 4963 MiB, 8188 MiB, P4, 0x0000000000000004
2026-09-26 22:06:55,2026/09/26 22:06:55.585, 67, 29.78 W, 525 MHz, 6001 MHz, 97 %, 4963 MiB, 8188 MiB, P4, 0x0000000000000004
2026-09-26 22:07:05,2026/09/26 22:07:05.654, 67, 29.72 W, 360 MHz, 6001 MHz, 96 %, 4963 MiB, 8188 MiB, P4, 0x0000000000000004
2026-09-26 22:07:15,2026/09/26 22:07:15.725, 65, 15.72 W, 270 MHz, 6001 MHz, 0 %, 4963 MiB, 8188 MiB, P4, 0x0000000000000001
2026-09-26 22:07:25,2026/09/26 22:07:25.783, 64, 11.48 W, 210 MHz, 810 MHz, 0 %, 4963 MiB, 8188 MiB, P5, 0x0000000000000001
2026-09-26 22:07:35,2026/09/26 22:07:35.885, 64, 19.38 W, 330 MHz, 6001 MHz, 0 %, 4963 MiB, 8188 MiB, P4, 0x0000000000000001
2026-09-26 22:07:45,2026/09/26 22:07:45.967, 66, 29.75 W, 420 MHz, 6001 MHz, 100 %, 4963 MiB, 8188 MiB, P4, 0x0000000000000004
2026-09-26 22:07:55,2026/09/26 22:07:56.031, 78, 95.25 W, 2295 MHz, 8001 MHz, 98 %, 4963 MiB, 8188 MiB, P0, 0x0000000000000020
2026-09-26 22:08:06,2026/09/26 22:08:06.090, 68, 29.84 W, 525 MHz, 6001 MHz, 100 %, 4963 MiB, 8188 MiB, P4, 0x0000000000000004
2026-09-26 22:08:16,2026/09/26 22:08:16.155, 68, 29.98 W, 510 MHz, 6001 MHz, 100 %, 4963 MiB, 8188 MiB, P4, 0x0000000000000004
2026-09-26 22:08:26,2026/09/26 22:08:26.224, 67, 29.93 W, 540 MHz, 6001 MHz, 100 %, 4963 MiB, 8188 MiB, P4, 0x0000000000000004
2026-09-26 22:08:36,2026/09/26 22:08:36.297, 67, 29.83 W, 555 MHz, 6001 MHz, 99 %, 4963 MiB, 8188 MiB, P4, 0x0000000000000004
2026-09-26 22:08:46,2026/09/26 22:08:46.356, 67, 29.88 W, 360 MHz, 6001 MHz, 100 %, 4963 MiB, 8188 MiB, P4, 0x0000000000000004
2026-09-26 22:08:56,2026/09/26 22:08:56.421, 67, 30.03 W, 315 MHz, 6001 MHz, 100 %, 4963 MiB, 8188 MiB, P4, 0x0000000000000004
2026-09-26 22:09:06,2026/09/26 22:09:06.478, 67, 29.89 W, 510 MHz, 6001 MHz, 97 %, 4963 MiB, 8188 MiB, P4, 0x0000000000000004
2026-09-26 22:09:16,2026/09/26 22:09:16.542, 67, 29.88 W, 555 MHz, 6001 MHz, 100 %, 4963 MiB, 8188 MiB, P4, 0x0000000000000004
2026-09-26 22:09:26,2026/09/26 22:09:26.617, 67, 29.70 W, 600 MHz, 6001 MHz, 96 %, 4963 MiB, 8188 MiB, P4, 0x0000000000000004
2026-09-26 22:09:36,2026/09/26 22:09:36.682, 67, 29.82 W, 375 MHz, 6001 MHz, 100 %, 4963 MiB, 8188 MiB, P4, 0x0000000000000004
2026-09-26 22:09:46,2026/09/26 22:09:46.756, 67, 29.99 W, 270 MHz, 6001 MHz, 100 %, 4963 MiB, 8188 MiB, P4, 0x0000000000000004
2026-09-26 22:09:56,2026/09/26 22:09:56.831, 66, 29.83 W, 645 MHz, 6001 MHz, 100 %, 4963 MiB, 8188 MiB, P4, 0x0000000000000004
2026-09-26 22:10:06,2026/09/26 22:10:06.890, 67, 29.95 W, 240 MHz, 6001 MHz, 100 %, 4963 MiB, 8188 MiB, P4, 0x0000000000000004
2026-09-26 22:10:16,2026/09/26 22:10:16.960, 67, 29.97 W, 315 MHz, 6001 MHz, 97 %, 4963 MiB, 8188 MiB, P4, 0x0000000000000004
2026-09-26 22:10:26,2026/09/26 22:10:27.032, 67, 29.71 W, 510 MHz, 6001 MHz, 95 %, 4963 MiB, 8188 MiB, P4, 0x0000000000000004
2026-09-26 22:10:37,2026/09/26 22:10:37.102, 67, 29.80 W, 255 MHz, 6001 MHz, 100 %, 4963 MiB, 8188 MiB, P4, 0x0000000000000004
2026-09-26 22:10:47,2026/09/26 22:10:47.164, 66, 29.87 W, 510 MHz, 6001 MHz, 100 %, 4963 MiB, 8188 MiB, P4, 0x0000000000000004
2026-09-26 22:10:57,2026/09/26 22:10:57.232, 66, 29.88 W, 615 MHz, 6001 MHz, 96 %, 4963 MiB, 8188 MiB, P4, 0x0000000000000004
2026-09-26 22:11:07,2026/09/26 22:11:07.303, 67, 29.89 W, 330 MHz, 6001 MHz, 100 %, 4963 MiB, 8188 MiB, P4, 0x0000000000000004
2026-09-26 22:11:17,2026/09/26 22:11:17.373, 67, 29.88 W, 525 MHz, 6001 MHz, 100 %, 4963 MiB, 8188 MiB, P4, 0x0000000000000004
2026-09-26 22:11:27,2026/09/26 22:11:27.445, 76, 86.21 W, 2295 MHz, 8001 MHz, 97 %, 4963 MiB, 8188 MiB, P0, 0x0000000000000020
2026-09-26 22:11:37,2026/09/26 22:11:37.514, 78, 86.05 W, 2295 MHz, 8001 MHz, 96 %, 4963 MiB, 8188 MiB, P0, 0x0000000000000020
2026-09-26 22:11:47,2026/09/26 22:11:47.587, 81, 86.47 W, 2295 MHz, 8001 MHz, 97 %, 4963 MiB, 8188 MiB, P0, 0x0000000000000020
2026-09-26 22:11:57,2026/09/26 22:11:57.658, 69, 29.97 W, 315 MHz, 6001 MHz, 100 %, 4963 MiB, 8188 MiB, P4, 0x0000000000000004
2026-09-26 22:12:07,2026/09/26 22:12:07.720, 68, 29.93 W, 270 MHz, 6001 MHz, 100 %, 4963 MiB, 8188 MiB, P4, 0x0000000000000004
2026-09-26 22:12:17,2026/09/26 22:12:17.785, 68, 29.78 W, 375 MHz, 6001 MHz, 100 %, 4963 MiB, 8188 MiB, P4, 0x0000000000000004
2026-09-26 22:12:27,2026/09/26 22:12:27.844, 68, 29.95 W, 270 MHz, 6001 MHz, 100 %, 4963 MiB, 8188 MiB, P4, 0x0000000000000004
2026-09-26 22:12:37,2026/09/26 22:12:37.913, 68, 29.89 W, 435 MHz, 6001 MHz, 99 %, 4963 MiB, 8188 MiB, P4, 0x0000000000000004
2026-09-26 22:12:47,2026/09/26 22:12:47.987, 67, 29.78 W, 375 MHz, 6001 MHz, 100 %, 4963 MiB, 8188 MiB, P4, 0x0000000000000004
2026-09-26 22:12:58,2026/09/26 22:12:58.049, 67, 29.90 W, 285 MHz, 6001 MHz, 100 %, 4963 MiB, 8188 MiB, P4, 0x0000000000000004
2026-09-26 22:13:08,2026/09/26 22:13:08.110, 68, 29.82 W, 525 MHz, 6001 MHz, 97 %, 4963 MiB, 8188 MiB, P4, 0x0000000000000004
2026-09-26 22:13:18,2026/09/26 22:13:18.169, 67, 29.82 W, 345 MHz, 6001 MHz, 100 %, 4963 MiB, 8188 MiB, P4, 0x0000000000000004
2026-09-26 22:13:28,2026/09/26 22:13:28.241, 67, 29.75 W, 570 MHz, 6001 MHz, 97 %, 4963 MiB, 8188 MiB, P4, 0x0000000000000004
2026-09-26 22:13:38,2026/09/26 22:13:38.312, 67, 29.86 W, 345 MHz, 6001 MHz, 100 %, 4963 MiB, 8188 MiB, P4, 0x0000000000000004
2026-09-26 22:13:48,2026/09/26 22:13:48.374, 67, 29.74 W, 465 MHz, 6001 MHz, 96 %, 4963 MiB, 8188 MiB, P4, 0x0000000000000004
2026-09-26 22:13:58,2026/09/26 22:13:58.442, 67, 29.79 W, 600 MHz, 6001 MHz, 100 %, 4963 MiB, 8188 MiB, P4, 0x0000000000000004
2026-09-26 22:14:08,2026/09/26 22:14:08.504, 67, 29.85 W, 525 MHz, 6001 MHz, 100 %, 4963 MiB, 8188 MiB, P4, 0x0000000000000004
2026-09-26 22:14:18,2026/09/26 22:14:18.565, 67, 29.88 W, 630 MHz, 6001 MHz, 96 %, 4963 MiB, 8188 MiB, P4, 0x0000000000000004
2026-09-26 22:14:28,2026/09/26 22:14:28.629, 67, 29.78 W, 300 MHz, 6001 MHz, 100 %, 4963 MiB, 8188 MiB, P4, 0x0000000000000004
2026-09-26 22:14:38,2026/09/26 22:14:38.691, 66, 29.87 W, 615 MHz, 6001 MHz, 95 %, 4963 MiB, 8188 MiB, P4, 0x0000000000000004
2026-09-26 22:14:48,2026/09/26 22:14:48.751, 67, 29.87 W, 345 MHz, 6001 MHz, 97 %, 4963 MiB, 8188 MiB, P4, 0x0000000000000004
2026-09-26 22:14:58,2026/09/26 22:14:58.810, 67, 29.81 W, 270 MHz, 6001 MHz, 100 %, 4963 MiB, 8188 MiB, P4, 0x0000000000000004
2026-09-26 22:15:08,2026/09/26 22:15:08.876, 67, 29.88 W, 330 MHz, 6001 MHz, 100 %, 4963 MiB, 8188 MiB, P4, 0x0000000000000004
2026-09-26 22:15:18,2026/09/26 22:15:18.937, 67, 29.97 W, 495 MHz, 6001 MHz, 99 %, 4963 MiB, 8188 MiB, P4, 0x0000000000000004
2026-09-26 22:15:28,2026/09/26 22:15:28.996, 67, 29.84 W, 600 MHz, 6001 MHz, 97 %, 4963 MiB, 8188 MiB, P4, 0x0000000000000004
2026-09-26 22:15:39,2026/09/26 22:15:39.066, 67, 29.86 W, 330 MHz, 6001 MHz, 100 %, 4963 MiB, 8188 MiB, P4, 0x0000000000000004
2026-09-26 22:15:49,2026/09/26 22:15:49.129, 67, 29.68 W, 600 MHz, 6001 MHz, 97 %, 4963 MiB, 8188 MiB, P4, 0x0000000000000004
2026-09-26 22:15:59,2026/09/26 22:15:59.188, 66, 29.99 W, 330 MHz, 6001 MHz, 100 %, 4963 MiB, 8188 MiB, P4, 0x0000000000000004
2026-09-26 22:16:09,2026/09/26 22:16:09.258, 67, 29.84 W, 510 MHz, 6001 MHz, 97 %, 4963 MiB, 8188 MiB, P4, 0x0000000000000004
2026-09-26 22:16:19,2026/09/26 22:16:19.325, 66, 29.77 W, 615 MHz, 6001 MHz, 97 %, 4963 MiB, 8188 MiB, P4, 0x0000000000000004
2026-09-26 22:16:29,2026/09/26 22:16:29.393, 67, 29.65 W, 330 MHz, 6001 MHz, 100 %, 4963 MiB, 8188 MiB, P4, 0x0000000000000004
2026-09-26 22:16:39,2026/09/26 22:16:39.457, 67, 29.82 W, 525 MHz, 6001 MHz, 96 %, 4963 MiB, 8188 MiB, P4, 0x0000000000000004
2026-09-26 22:16:49,2026/09/26 22:16:49.528, 66, 29.87 W, 600 MHz, 6001 MHz, 100 %, 4963 MiB, 8188 MiB, P4, 0x0000000000000004
2026-09-26 22:16:59,2026/09/26 22:16:59.598, 67, 29.40 W, 870 MHz, 6001 MHz, 76 %, 4963 MiB, 8188 MiB, P4, 0x0000000000000004
2026-09-26 22:17:09,2026/09/26 22:17:09.660, 64, 18.64 W, 420 MHz, 6001 MHz, 0 %, 4963 MiB, 8188 MiB, P4, 0x0000000000000001
2026-09-26 22:17:19,2026/09/26 22:17:19.741, 67, 33.91 W, 2595 MHz, 8001 MHz, 0 %, 4963 MiB, 8188 MiB, P0, 0x0000000000000000
2026-09-26 22:17:29,2026/09/26 22:17:29.814, 62, 3.63 W, 210 MHz, 405 MHz, 0 %, 4963 MiB, 8188 MiB, P8, 0x0000000000000001
2026-09-26 22:17:39,2026/09/26 22:17:39.876, 78, 95.12 W, 2295 MHz, 8001 MHz, 99 %, 4963 MiB, 8188 MiB, P0, 0x0000000000000020
2026-09-26 22:17:49,2026/09/26 22:17:49.922, 67, 29.85 W, 585 MHz, 6001 MHz, 99 %, 4963 MiB, 8188 MiB, P4, 0x0000000000000004
2026-09-26 22:17:59,2026/09/26 22:17:59.985, 67, 30.01 W, 510 MHz, 6001 MHz, 100 %, 4963 MiB, 8188 MiB, P4, 0x0000000000000004
2026-09-26 22:18:10,2026/09/26 22:18:10.053, 67, 29.90 W, 540 MHz, 6001 MHz, 100 %, 4963 MiB, 8188 MiB, P4, 0x0000000000000004
2026-09-26 22:18:20,2026/09/26 22:18:20.122, 67, 29.88 W, 555 MHz, 6001 MHz, 100 %, 4963 MiB, 8188 MiB, P4, 0x0000000000000004
2026-09-26 22:18:30,2026/09/26 22:18:30.182, 67, 29.88 W, 600 MHz, 6001 MHz, 100 %, 4963 MiB, 8188 MiB, P4, 0x0000000000000004
2026-09-26 22:18:40,2026/09/26 22:18:40.253, 66, 29.90 W, 570 MHz, 6001 MHz, 97 %, 4963 MiB, 8188 MiB, P4, 0x0000000000000004
2026-09-26 22:18:50,2026/09/26 22:18:50.296, 66, 29.85 W, 375 MHz, 6001 MHz, 100 %, 4963 MiB, 8188 MiB, P4, 0x0000000000000004
2026-09-26 22:19:00,2026/09/26 22:19:00.367, 77, 86.05 W, 2295 MHz, 8001 MHz, 96 %, 4963 MiB, 8188 MiB, P0, 0x0000000000000020
2026-09-26 22:19:10,2026/09/26 22:19:10.440, 68, 29.75 W, 285 MHz, 6001 MHz, 100 %, 4963 MiB, 8188 MiB, P4, 0x0000000000000004
2026-09-26 22:19:20,2026/09/26 22:19:20.514, 68, 29.89 W, 285 MHz, 6001 MHz, 100 %, 4963 MiB, 8188 MiB, P4, 0x0000000000000004
2026-09-26 22:19:30,2026/09/26 22:19:30.589, 67, 29.77 W, 540 MHz, 6001 MHz, 97 %, 4963 MiB, 8188 MiB, P4, 0x0000000000000004
2026-09-26 22:19:40,2026/09/26 22:19:40.651, 67, 29.95 W, 285 MHz, 6001 MHz, 100 %, 4963 MiB, 8188 MiB, P4, 0x0000000000000004
2026-09-26 22:19:50,2026/09/26 22:19:50.720, 67, 29.73 W, 585 MHz, 6001 MHz, 97 %, 4963 MiB, 8188 MiB, P4, 0x0000000000000004
2026-09-26 22:20:00,2026/09/26 22:20:00.783, 67, 29.82 W, 285 MHz, 6001 MHz, 100 %, 4963 MiB, 8188 MiB, P4, 0x0000000000000004
2026-09-26 22:20:10,2026/09/26 22:20:10.855, 67, 29.72 W, 510 MHz, 6001 MHz, 96 %, 4963 MiB, 8188 MiB, P4, 0x0000000000000004
2026-09-26 22:20:20,2026/09/26 22:20:20.923, 67, 29.86 W, 615 MHz, 6001 MHz, 100 %, 4963 MiB, 8188 MiB, P4, 0x0000000000000004
2026-09-26 22:20:30,2026/09/26 22:20:30.997, 67, 29.99 W, 315 MHz, 6001 MHz, 100 %, 4963 MiB, 8188 MiB, P4, 0x0000000000000004
2026-09-26 22:20:41,2026/09/26 22:20:41.069, 67, 29.87 W, 585 MHz, 6001 MHz, 97 %, 4963 MiB, 8188 MiB, P4, 0x0000000000000004
2026-09-26 22:20:51,2026/09/26 22:20:51.136, 66, 29.85 W, 555 MHz, 6001 MHz, 100 %, 4963 MiB, 8188 MiB, P4, 0x0000000000000004
2026-09-26 22:21:01,2026/09/26 22:21:01.197, 67, 29.97 W, 285 MHz, 6001 MHz, 100 %, 4963 MiB, 8188 MiB, P4, 0x0000000000000004
2026-09-26 22:21:11,2026/09/26 22:21:11.265, 67, 29.89 W, 285 MHz, 6001 MHz, 100 %, 4963 MiB, 8188 MiB, P4, 0x0000000000000004
2026-09-26 22:21:21,2026/09/26 22:21:21.326, 67, 29.84 W, 585 MHz, 6001 MHz, 97 %, 4963 MiB, 8188 MiB, P4, 0x0000000000000004
2026-09-26 22:21:31,2026/09/26 22:21:31.373, 67, 29.80 W, 330 MHz, 6001 MHz, 97 %, 4963 MiB, 8188 MiB, P4, 0x0000000000000004
2026-09-26 22:21:41,2026/09/26 22:21:41.440, 67, 29.90 W, 300 MHz, 6001 MHz, 100 %, 4963 MiB, 8188 MiB, P4, 0x0000000000000004
2026-09-26 22:21:51,2026/09/26 22:21:51.502, 66, 29.92 W, 555 MHz, 6001 MHz, 97 %, 4963 MiB, 8188 MiB, P4, 0x0000000000000004
2026-09-26 22:22:01,2026/09/26 22:22:01.570, 66, 29.87 W, 600 MHz, 6001 MHz, 96 %, 4963 MiB, 8188 MiB, P4, 0x0000000000000004
2026-09-26 22:22:11,2026/09/26 22:22:11.641, 66, 29.87 W, 585 MHz, 6001 MHz, 97 %, 4963 MiB, 8188 MiB, P4, 0x0000000000000004
2026-09-26 22:22:21,2026/09/26 22:22:21.707, 66, 29.86 W, 615 MHz, 6001 MHz, 97 %, 4963 MiB, 8188 MiB, P4, 0x0000000000000004
2026-09-26 22:22:31,2026/09/26 22:22:31.765, 67, 29.87 W, 285 MHz, 6001 MHz, 100 %, 4963 MiB, 8188 MiB, P4, 0x0000000000000004
2026-09-26 22:22:41,2026/09/26 22:22:41.823, 66, 29.99 W, 255 MHz, 6001 MHz, 100 %, 4963 MiB, 8188 MiB, P4, 0x0000000000000004
2026-09-26 22:22:51,2026/09/26 22:22:51.892, 67, 29.96 W, 420 MHz, 6001 MHz, 100 %, 4963 MiB, 8188 MiB, P4, 0x0000000000000004
2026-09-26 22:23:01,2026/09/26 22:23:01.958, 67, 29.89 W, 615 MHz, 6001 MHz, 95 %, 4963 MiB, 8188 MiB, P4, 0x0000000000000004
2026-09-26 22:23:11,2026/09/26 22:23:12.024, 78, 76.50 W, 2295 MHz, 8001 MHz, 97 %, 4963 MiB, 8188 MiB, P0, 0x0000000000000020
2026-09-26 22:23:22,2026/09/26 22:23:22.098, 77, 85.89 W, 2295 MHz, 8001 MHz, 97 %, 4963 MiB, 8188 MiB, P0, 0x0000000000000020
2026-09-26 22:23:32,2026/09/26 22:23:32.170, 78, 86.65 W, 2295 MHz, 8001 MHz, 97 %, 4963 MiB, 8188 MiB, P0, 0x0000000000000020
2026-09-26 22:23:42,2026/09/26 22:23:42.241, 81, 86.72 W, 2295 MHz, 8001 MHz, 92 %, 4963 MiB, 8188 MiB, P0, 0x0000000000000020
2026-09-26 22:23:52,2026/09/26 22:23:52.312, 67, 18.61 W, 480 MHz, 6001 MHz, 0 %, 4963 MiB, 8188 MiB, P4, 0x0000000000000024
2026-09-26 22:24:02,2026/09/26 22:24:02.380, 65, 3.64 W, 210 MHz, 405 MHz, 0 %, 4963 MiB, 8188 MiB, P8, 0x0000000000000001
2026-09-26 22:24:12,2026/09/26 22:24:12.439, 64, 3.70 W, 210 MHz, 405 MHz, 0 %, 4963 MiB, 8188 MiB, P8, 0x0000000000000001
2026-09-26 22:24:22,2026/09/26 22:24:22.513, 67, 30.03 W, 600 MHz, 6001 MHz, 100 %, 4963 MiB, 8188 MiB, P4, 0x0000000000000004
2026-09-26 22:24:32,2026/09/26 22:24:32.583, 67, 29.82 W, 525 MHz, 6001 MHz, 100 %, 4963 MiB, 8188 MiB, P4, 0x0000000000000004
2026-09-26 22:24:42,2026/09/26 22:24:42.647, 67, 30.01 W, 600 MHz, 6001 MHz, 100 %, 4963 MiB, 8188 MiB, P4, 0x0000000000000004
2026-09-26 22:24:52,2026/09/26 22:24:52.711, 67, 29.91 W, 600 MHz, 6001 MHz, 100 %, 4963 MiB, 8188 MiB, P4, 0x0000000000000004
2026-09-26 22:25:02,2026/09/26 22:25:02.783, 67, 29.87 W, 585 MHz, 6001 MHz, 100 %, 4963 MiB, 8188 MiB, P4, 0x0000000000000004
2026-09-26 22:25:12,2026/09/26 22:25:12.849, 67, 29.83 W, 405 MHz, 6001 MHz, 99 %, 4963 MiB, 8188 MiB, P4, 0x0000000000000004
2026-09-26 22:25:22,2026/09/26 22:25:22.922, 67, 29.95 W, 525 MHz, 6001 MHz, 100 %, 4963 MiB, 8188 MiB, P4, 0x0000000000000004
2026-09-26 22:25:32,2026/09/26 22:25:32.986, 67, 29.90 W, 510 MHz, 6001 MHz, 100 %, 4963 MiB, 8188 MiB, P4, 0x0000000000000004
2026-09-26 22:25:43,2026/09/26 22:25:43.047, 67, 30.01 W, 480 MHz, 6001 MHz, 100 %, 4963 MiB, 8188 MiB, P4, 0x0000000000000004
2026-09-26 22:25:53,2026/09/26 22:25:53.115, 67, 29.98 W, 975 MHz, 6001 MHz, 100 %, 4963 MiB, 8188 MiB, P4, 0x0000000000000004
2026-09-26 22:26:03,2026/09/26 22:26:03.180, 68, 29.96 W, 1200 MHz, 6001 MHz, 99 %, 4963 MiB, 8188 MiB, P4, 0x0000000000000004
2026-09-26 22:26:13,2026/09/26 22:26:13.238, 67, 29.91 W, 915 MHz, 6001 MHz, 100 %, 4963 MiB, 8188 MiB, P4, 0x0000000000000004
2026-09-26 22:26:23,2026/09/26 22:26:23.297, 67, 29.97 W, 615 MHz, 6001 MHz, 100 %, 4965 MiB, 8188 MiB, P4, 0x0000000000000004
2026-09-26 22:26:33,2026/09/26 22:26:33.360, 67, 30.02 W, 915 MHz, 6001 MHz, 100 %, 4965 MiB, 8188 MiB, P4, 0x0000000000000004
2026-09-26 22:26:43,2026/09/26 22:26:43.434, 67, 29.93 W, 975 MHz, 6001 MHz, 100 %, 4965 MiB, 8188 MiB, P4, 0x0000000000000004
2026-09-26 22:26:53,2026/09/26 22:26:53.492, 67, 30.01 W, 990 MHz, 6001 MHz, 99 %, 4965 MiB, 8188 MiB, P4, 0x0000000000000004
2026-09-26 22:27:03,2026/09/26 22:27:03.550, 67, 30.01 W, 705 MHz, 6001 MHz, 100 %, 4965 MiB, 8188 MiB, P4, 0x0000000000000004
2026-09-26 22:27:13,2026/09/26 22:27:13.608, 67, 29.93 W, 810 MHz, 6001 MHz, 96 %, 4965 MiB, 8188 MiB, P4, 0x0000000000000004
2026-09-26 22:27:23,2026/09/26 22:27:23.673, 67, 29.91 W, 900 MHz, 6001 MHz, 96 %, 4965 MiB, 8188 MiB, P4, 0x0000000000000004
2026-09-26 22:27:33,2026/09/26 22:27:33.738, 67, 29.88 W, 930 MHz, 6001 MHz, 97 %, 4965 MiB, 8188 MiB, P4, 0x0000000000000004
2026-09-26 22:27:43,2026/09/26 22:27:43.808, 67, 29.71 W, 960 MHz, 6001 MHz, 99 %, 4965 MiB, 8188 MiB, P4, 0x0000000000000004
2026-09-26 22:27:53,2026/09/26 22:27:53.876, 67, 29.85 W, 990 MHz, 6001 MHz, 100 %, 4965 MiB, 8188 MiB, P4, 0x0000000000000004
2026-09-26 22:28:03,2026/09/26 22:28:03.944, 67, 29.79 W, 990 MHz, 6001 MHz, 100 %, 4965 MiB, 8188 MiB, P4, 0x0000000000000004
2026-09-26 22:28:13,2026/09/26 22:28:14.010, 67, 29.99 W, 810 MHz, 6001 MHz, 99 %, 4965 MiB, 8188 MiB, P4, 0x0000000000000004
2026-09-26 22:28:24,2026/09/26 22:28:24.074, 67, 29.73 W, 690 MHz, 6001 MHz, 95 %, 4965 MiB, 8188 MiB, P4, 0x0000000000000004
2026-09-26 22:28:34,2026/09/26 22:28:34.146, 67, 29.89 W, 720 MHz, 6001 MHz, 96 %, 4965 MiB, 8188 MiB, P4, 0x0000000000000004
2026-09-26 22:28:44,2026/09/26 22:28:44.217, 67, 29.90 W, 1200 MHz, 6001 MHz, 97 %, 4965 MiB, 8188 MiB, P4, 0x0000000000000004
2026-09-26 22:28:54,2026/09/26 22:28:54.281, 67, 29.91 W, 825 MHz, 6001 MHz, 97 %, 4965 MiB, 8188 MiB, P4, 0x0000000000000004
2026-09-26 22:29:04,2026/09/26 22:29:04.353, 67, 29.85 W, 960 MHz, 6001 MHz, 100 %, 4965 MiB, 8188 MiB, P4, 0x0000000000000004
2026-09-26 22:29:14,2026/09/26 22:29:14.420, 67, 30.01 W, 1035 MHz, 6001 MHz, 99 %, 4965 MiB, 8188 MiB, P4, 0x0000000000000004
2026-09-26 22:29:24,2026/09/26 22:29:24.481, 67, 29.75 W, 1290 MHz, 6001 MHz, 95 %, 4965 MiB, 8188 MiB, P4, 0x0000000000000004
2026-09-26 22:29:34,2026/09/26 22:29:34.550, 67, 29.86 W, 720 MHz, 6001 MHz, 96 %, 4965 MiB, 8188 MiB, P4, 0x0000000000000004
2026-09-26 22:29:44,2026/09/26 22:29:44.611, 67, 29.92 W, 960 MHz, 6001 MHz, 99 %, 4965 MiB, 8188 MiB, P4, 0x0000000000000004
2026-09-26 22:29:54,2026/09/26 22:29:54.676, 67, 29.95 W, 990 MHz, 6001 MHz, 100 %, 4965 MiB, 8188 MiB, P4, 0x0000000000000004
2026-09-26 22:30:04,2026/09/26 22:30:04.731, 67, 29.90 W, 975 MHz, 6001 MHz, 99 %, 4965 MiB, 8188 MiB, P4, 0x0000000000000004
2026-09-26 22:30:14,2026/09/26 22:30:14.798, 67, 29.90 W, 990 MHz, 6001 MHz, 100 %, 4965 MiB, 8188 MiB, P4, 0x0000000000000004
2026-09-26 22:30:24,2026/09/26 22:30:24.863, 67, 29.98 W, 1275 MHz, 6001 MHz, 99 %, 4965 MiB, 8188 MiB, P4, 0x0000000000000004
2026-09-26 22:30:34,2026/09/26 22:30:34.924, 68, 29.79 W, 780 MHz, 6001 MHz, 96 %, 4965 MiB, 8188 MiB, P4, 0x0000000000000004
2026-09-26 22:30:44,2026/09/26 22:30:44.993, 67, 29.98 W, 930 MHz, 6001 MHz, 98 %, 4965 MiB, 8188 MiB, P4, 0x0000000000000004
2026-09-26 22:30:55,2026/09/26 22:30:55.058, 67, 29.89 W, 1005 MHz, 6001 MHz, 99 %, 4965 MiB, 8188 MiB, P4, 0x0000000000000004
2026-09-26 22:31:05,2026/09/26 22:31:05.121, 67, 29.63 W, 765 MHz, 6001 MHz, 94 %, 4965 MiB, 8188 MiB, P4, 0x0000000000000004
2026-09-26 22:31:15,2026/09/26 22:31:15.182, 67, 29.90 W, 900 MHz, 6001 MHz, 96 %, 4965 MiB, 8188 MiB, P4, 0x0000000000000004
2026-09-26 22:31:25,2026/09/26 22:31:25.227, 67, 29.69 W, 735 MHz, 6001 MHz, 97 %, 4965 MiB, 8188 MiB, P4, 0x0000000000000004
2026-09-26 22:31:35,2026/09/26 22:31:35.291, 67, 29.93 W, 930 MHz, 6001 MHz, 97 %, 4965 MiB, 8188 MiB, P4, 0x0000000000000004
2026-09-26 22:31:45,2026/09/26 22:31:45.366, 67, 29.81 W, 990 MHz, 6001 MHz, 99 %, 4965 MiB, 8188 MiB, P4, 0x0000000000000004
2026-09-26 22:31:55,2026/09/26 22:31:55.438, 67, 29.99 W, 990 MHz, 6001 MHz, 99 %, 4965 MiB, 8188 MiB, P4, 0x0000000000000004
2026-09-26 22:32:05,2026/09/26 22:32:05.505, 67, 29.64 W, 1140 MHz, 6001 MHz, 100 %, 4965 MiB, 8188 MiB, P4, 0x0000000000000004
2026-09-26 22:32:15,2026/09/26 22:32:15.565, 67, 29.92 W, 795 MHz, 6001 MHz, 96 %, 4965 MiB, 8188 MiB, P4, 0x0000000000000004
2026-09-26 22:32:25,2026/09/26 22:32:25.625, 67, 29.96 W, 930 MHz, 6001 MHz, 99 %, 4965 MiB, 8188 MiB, P4, 0x0000000000000004
2026-09-26 22:32:35,2026/09/26 22:32:35.685, 67, 29.95 W, 975 MHz, 6001 MHz, 99 %, 4965 MiB, 8188 MiB, P4, 0x0000000000000004
2026-09-26 22:32:45,2026/09/26 22:32:45.747, 67, 29.87 W, 1020 MHz, 6001 MHz, 100 %, 4965 MiB, 8188 MiB, P4, 0x0000000000000004
2026-09-26 22:32:55,2026/09/26 22:32:55.806, 67, 29.98 W, 1125 MHz, 6001 MHz, 99 %, 4965 MiB, 8188 MiB, P4, 0x0000000000000004
2026-09-26 22:33:05,2026/09/26 22:33:05.876, 67, 30.03 W, 780 MHz, 6001 MHz, 99 %, 4965 MiB, 8188 MiB, P4, 0x0000000000000004
2026-09-26 22:33:15,2026/09/26 22:33:15.940, 67, 30.05 W, 810 MHz, 6001 MHz, 100 %, 4965 MiB, 8188 MiB, P4, 0x0000000000000004
2026-09-26 22:33:25,2026/09/26 22:33:26.006, 67, 29.88 W, 1035 MHz, 6001 MHz, 100 %, 4965 MiB, 8188 MiB, P4, 0x0000000000000004
2026-09-26 22:33:36,2026/09/26 22:33:36.068, 67, 29.94 W, 945 MHz, 6001 MHz, 100 %, 4965 MiB, 8188 MiB, P4, 0x0000000000000004
2026-09-26 22:33:46,2026/09/26 22:33:46.135, 67, 29.86 W, 780 MHz, 6001 MHz, 96 %, 4965 MiB, 8188 MiB, P4, 0x0000000000000004
2026-09-26 22:33:56,2026/09/26 22:33:56.201, 67, 29.84 W, 1020 MHz, 6001 MHz, 100 %, 4965 MiB, 8188 MiB, P4, 0x0000000000000004
2026-09-26 22:34:06,2026/09/26 22:34:06.272, 67, 29.94 W, 1005 MHz, 6001 MHz, 99 %, 4965 MiB, 8188 MiB, P4, 0x0000000000000004
2026-09-26 22:34:16,2026/09/26 22:34:16.333, 67, 29.90 W, 1035 MHz, 6001 MHz, 99 %, 4965 MiB, 8188 MiB, P4, 0x0000000000000004
2026-09-26 22:34:26,2026/09/26 22:34:26.396, 67, 29.74 W, 795 MHz, 6001 MHz, 96 %, 4965 MiB, 8188 MiB, P4, 0x0000000000000004
2026-09-26 22:34:36,2026/09/26 22:34:36.457, 67, 30.00 W, 900 MHz, 6001 MHz, 97 %, 4965 MiB, 8188 MiB, P4, 0x0000000000000004
2026-09-26 22:34:46,2026/09/26 22:34:46.506, 67, 29.89 W, 900 MHz, 6001 MHz, 100 %, 4965 MiB, 8188 MiB, P4, 0x0000000000000004
2026-09-26 22:34:56,2026/09/26 22:34:56.568, 67, 29.83 W, 1035 MHz, 6001 MHz, 99 %, 4965 MiB, 8188 MiB, P4, 0x0000000000000004
2026-09-26 22:35:06,2026/09/26 22:35:06.628, 64, 17.74 W, 480 MHz, 6001 MHz, 0 %, 4965 MiB, 8188 MiB, P4, 0x0000000000000024
2026-09-26 22:35:16,2026/09/26 22:35:16.689, 64, 17.94 W, 345 MHz, 405 MHz, 0 %, 4965 MiB, 8188 MiB, P8, 0x0000000000000001
2026-09-26 22:35:26,2026/09/26 22:35:26.753, 67, 29.94 W, 525 MHz, 7001 MHz, 100 %, 4965 MiB, 8188 MiB, P3, 0x0000000000000004
2026-09-26 22:35:36,2026/09/26 22:35:36.798, 67, 29.72 W, 1095 MHz, 6001 MHz, 100 %, 4965 MiB, 8188 MiB, P4, 0x0000000000000004
2026-09-26 22:35:46,2026/09/26 22:35:46.839, 67, 30.25 W, 675 MHz, 6001 MHz, 100 %, 4965 MiB, 8188 MiB, P4, 0x0000000000000004
2026-09-26 22:35:56,2026/09/26 22:35:56.911, 67, 29.86 W, 1155 MHz, 6001 MHz, 100 %, 4965 MiB, 8188 MiB, P4, 0x0000000000000004
2026-09-26 22:36:06,2026/09/26 22:36:06.957, 67, 29.77 W, 1080 MHz, 6001 MHz, 100 %, 4965 MiB, 8188 MiB, P4, 0x0000000000000004
2026-09-26 22:36:16,2026/09/26 22:36:17.014, 67, 29.98 W, 1110 MHz, 6001 MHz, 100 %, 4965 MiB, 8188 MiB, P4, 0x0000000000000004
2026-09-26 22:36:27,2026/09/26 22:36:27.061, 67, 30.14 W, 675 MHz, 6001 MHz, 100 %, 4965 MiB, 8188 MiB, P4, 0x0000000000000004
2026-09-26 22:36:37,2026/09/26 22:36:37.116, 67, 30.07 W, 735 MHz, 6001 MHz, 100 %, 4965 MiB, 8188 MiB, P4, 0x0000000000000004
2026-09-26 22:36:47,2026/09/26 22:36:47.169, 67, 29.75 W, 1035 MHz, 6001 MHz, 100 %, 4965 MiB, 8188 MiB, P4, 0x0000000000000004
2026-09-26 22:36:57,2026/09/26 22:36:57.217, 67, 29.73 W, 1095 MHz, 6001 MHz, 100 %, 4965 MiB, 8188 MiB, P4, 0x0000000000000004
2026-09-26 22:37:07,2026/09/26 22:37:07.267, 67, 30.20 W, 690 MHz, 6001 MHz, 100 %, 4965 MiB, 8188 MiB, P4, 0x0000000000000004
2026-09-26 22:37:17,2026/09/26 22:37:17.312, 67, 29.69 W, 1110 MHz, 6001 MHz, 100 %, 4965 MiB, 8188 MiB, P4, 0x0000000000000004
2026-09-26 22:37:27,2026/09/26 22:37:27.368, 67, 29.82 W, 1245 MHz, 6001 MHz, 100 %, 4965 MiB, 8188 MiB, P4, 0x0000000000000004
2026-09-26 22:37:37,2026/09/26 22:37:37.430, 67, 30.12 W, 615 MHz, 6001 MHz, 100 %, 4965 MiB, 8188 MiB, P4, 0x0000000000000004
2026-09-26 22:37:47,2026/09/26 22:37:47.491, 67, 29.86 W, 690 MHz, 6001 MHz, 97 %, 4965 MiB, 8188 MiB, P4, 0x0000000000000004
2026-09-26 22:37:57,2026/09/26 22:37:57.550, 67, 29.91 W, 810 MHz, 6001 MHz, 96 %, 4965 MiB, 8188 MiB, P4, 0x0000000000000004
2026-09-26 22:38:07,2026/09/26 22:38:07.624, 67, 29.95 W, 960 MHz, 6001 MHz, 96 %, 4965 MiB, 8188 MiB, P4, 0x0000000000000004
2026-09-26 22:38:17,2026/09/26 22:38:17.697, 67, 29.92 W, 930 MHz, 6001 MHz, 100 %, 4965 MiB, 8188 MiB, P4, 0x0000000000000004
2026-09-26 22:38:27,2026/09/26 22:38:27.761, 66, 29.94 W, 1110 MHz, 6001 MHz, 99 %, 4965 MiB, 8188 MiB, P4, 0x0000000000000004
2026-09-26 22:38:37,2026/09/26 22:38:37.825, 67, 29.90 W, 1050 MHz, 6001 MHz, 100 %, 4965 MiB, 8188 MiB, P4, 0x0000000000000004
2026-09-26 22:38:47,2026/09/26 22:38:47.886, 67, 29.95 W, 1140 MHz, 6001 MHz, 100 %, 4965 MiB, 8188 MiB, P4, 0x0000000000000004
2026-09-26 22:38:57,2026/09/26 22:38:57.937, 67, 29.65 W, 780 MHz, 6001 MHz, 96 %, 4965 MiB, 8188 MiB, P4, 0x0000000000000004
2026-09-26 22:39:07,2026/09/26 22:39:07.996, 67, 29.88 W, 885 MHz, 6001 MHz, 99 %, 4965 MiB, 8188 MiB, P4, 0x0000000000000004
2026-09-26 22:39:18,2026/09/26 22:39:18.055, 67, 29.84 W, 1005 MHz, 6001 MHz, 99 %, 4965 MiB, 8188 MiB, P4, 0x0000000000000004
2026-09-26 22:39:28,2026/09/26 22:39:28.121, 67, 29.94 W, 1050 MHz, 6001 MHz, 99 %, 4965 MiB, 8188 MiB, P4, 0x0000000000000004
2026-09-26 22:39:38,2026/09/26 22:39:38.182, 67, 29.73 W, 1170 MHz, 6001 MHz, 96 %, 4965 MiB, 8188 MiB, P4, 0x0000000000000004
2026-09-26 22:39:48,2026/09/26 22:39:48.247, 67, 29.95 W, 1020 MHz, 6001 MHz, 99 %, 4965 MiB, 8188 MiB, P4, 0x0000000000000004
2026-09-26 22:39:58,2026/09/26 22:39:58.309, 67, 29.84 W, 930 MHz, 6001 MHz, 100 %, 4965 MiB, 8188 MiB, P4, 0x0000000000000004
2026-09-26 22:40:08,2026/09/26 22:40:08.378, 67, 29.84 W, 960 MHz, 6001 MHz, 100 %, 4965 MiB, 8188 MiB, P4, 0x0000000000000004
2026-09-26 22:40:18,2026/09/26 22:40:18.445, 78, 82.61 W, 2295 MHz, 7001 MHz, 96 %, 4965 MiB, 8188 MiB, P3, 0x0000000000000020
2026-09-26 22:40:28,2026/09/26 22:40:28.517, 67, 29.83 W, 915 MHz, 6001 MHz, 100 %, 4965 MiB, 8188 MiB, P4, 0x0000000000000004
2026-09-26 22:40:38,2026/09/26 22:40:38.578, 67, 29.86 W, 1050 MHz, 6001 MHz, 99 %, 4965 MiB, 8188 MiB, P4, 0x0000000000000004
2026-09-26 22:40:48,2026/09/26 22:40:48.644, 67, 29.92 W, 870 MHz, 6001 MHz, 100 %, 4965 MiB, 8188 MiB, P4, 0x0000000000000004
2026-09-26 22:40:58,2026/09/26 22:40:58.714, 79, 85.41 W, 2295 MHz, 8001 MHz, 94 %, 4965 MiB, 8188 MiB, P0, 0x0000000000000020
2026-09-26 22:41:08,2026/09/26 22:41:08.788, 67, 29.91 W, 1020 MHz, 6001 MHz, 100 %, 4965 MiB, 8188 MiB, P4, 0x0000000000000004
2026-09-26 22:41:18,2026/09/26 22:41:18.856, 67, 29.95 W, 690 MHz, 6001 MHz, 96 %, 4965 MiB, 8188 MiB, P4, 0x0000000000000004
2026-09-26 22:41:28,2026/09/26 22:41:28.918, 67, 29.91 W, 840 MHz, 6001 MHz, 97 %, 4965 MiB, 8188 MiB, P4, 0x0000000000000004
2026-09-26 22:41:38,2026/09/26 22:41:38.980, 67, 30.00 W, 870 MHz, 6001 MHz, 100 %, 4965 MiB, 8188 MiB, P4, 0x0000000000000004
2026-09-26 22:41:48,2026/09/26 22:41:49.046, 67, 29.86 W, 975 MHz, 6001 MHz, 100 %, 4965 MiB, 8188 MiB, P4, 0x0000000000000004
2026-09-26 22:41:59,2026/09/26 22:41:59.118, 67, 29.94 W, 870 MHz, 6001 MHz, 100 %, 4965 MiB, 8188 MiB, P4, 0x0000000000000004
2026-09-26 22:42:09,2026/09/26 22:42:09.184, 67, 29.97 W, 1185 MHz, 6001 MHz, 100 %, 4965 MiB, 8188 MiB, P4, 0x0000000000000004
2026-09-26 22:42:19,2026/09/26 22:42:19.257, 67, 29.78 W, 915 MHz, 6001 MHz, 96 %, 4965 MiB, 8188 MiB, P4, 0x0000000000000004
2026-09-26 22:42:29,2026/09/26 22:42:29.325, 67, 29.97 W, 975 MHz, 6001 MHz, 97 %, 4965 MiB, 8188 MiB, P4, 0x0000000000000004
2026-09-26 22:42:39,2026/09/26 22:42:39.380, 67, 29.86 W, 1005 MHz, 6001 MHz, 99 %, 4965 MiB, 8188 MiB, P4, 0x0000000000000004
2026-09-26 22:42:49,2026/09/26 22:42:49.443, 67, 29.81 W, 1035 MHz, 6001 MHz, 100 %, 4965 MiB, 8188 MiB, P4, 0x0000000000000004
2026-09-26 22:42:59,2026/09/26 22:42:59.507, 67, 29.87 W, 705 MHz, 6001 MHz, 96 %, 4965 MiB, 8188 MiB, P4, 0x0000000000000004
2026-09-26 22:43:09,2026/09/26 22:43:09.581, 67, 30.00 W, 810 MHz, 6001 MHz, 99 %, 4965 MiB, 8188 MiB, P4, 0x0000000000000004
2026-09-26 22:43:19,2026/09/26 22:43:19.653, 67, 30.05 W, 990 MHz, 6001 MHz, 99 %, 4965 MiB, 8188 MiB, P4, 0x0000000000000004
2026-09-26 22:43:29,2026/09/26 22:43:29.717, 67, 29.98 W, 1005 MHz, 6001 MHz, 100 %, 4965 MiB, 8188 MiB, P4, 0x0000000000000004
2026-09-26 22:43:39,2026/09/26 22:43:39.788, 66, 30.05 W, 750 MHz, 6001 MHz, 96 %, 4965 MiB, 8188 MiB, P4, 0x0000000000000004
2026-09-26 22:43:49,2026/09/26 22:43:49.852, 65, 20.00 W, 555 MHz, 6001 MHz, 0 %, 4965 MiB, 8188 MiB, P4, 0x0000000000000024
2026-09-26 22:43:59,2026/09/26 22:43:59.922, 67, 31.04 W, 405 MHz, 8001 MHz, 100 %, 4965 MiB, 8188 MiB, P0, 0x0000000000000004
2026-09-26 22:44:09,2026/09/26 22:44:09.984, 67, 29.95 W, 660 MHz, 6001 MHz, 100 %, 4965 MiB, 8188 MiB, P4, 0x0000000000000004
2026-09-26 22:44:20,2026/09/26 22:44:20.036, 67, 29.80 W, 1170 MHz, 6001 MHz, 100 %, 4965 MiB, 8188 MiB, P4, 0x0000000000000004
2026-09-26 22:44:30,2026/09/26 22:44:30.085, 67, 30.16 W, 645 MHz, 6001 MHz, 100 %, 4965 MiB, 8188 MiB, P4, 0x0000000000000004
2026-09-26 22:44:40,2026/09/26 22:44:40.138, 67, 29.95 W, 855 MHz, 6001 MHz, 100 %, 4965 MiB, 8188 MiB, P4, 0x0000000000000004
2026-09-26 22:44:50,2026/09/26 22:44:50.186, 67, 29.78 W, 1050 MHz, 6001 MHz, 100 %, 4965 MiB, 8188 MiB, P4, 0x0000000000000004
2026-09-26 22:45:00,2026/09/26 22:45:00.255, 67, 29.97 W, 720 MHz, 6001 MHz, 100 %, 4965 MiB, 8188 MiB, P4, 0x0000000000000004
2026-09-26 22:45:10,2026/09/26 22:45:10.299, 67, 29.96 W, 1050 MHz, 6001 MHz, 100 %, 4965 MiB, 8188 MiB, P4, 0x0000000000000004
2026-09-26 22:45:20,2026/09/26 22:45:20.340, 67, 30.12 W, 735 MHz, 6001 MHz, 100 %, 4965 MiB, 8188 MiB, P4, 0x0000000000000004
2026-09-26 22:45:30,2026/09/26 22:45:30.394, 67, 29.98 W, 1065 MHz, 6001 MHz, 100 %, 4965 MiB, 8188 MiB, P4, 0x0000000000000004
2026-09-26 22:45:40,2026/09/26 22:45:40.455, 66, 29.86 W, 1200 MHz, 6001 MHz, 100 %, 4965 MiB, 8188 MiB, P4, 0x0000000000000004
2026-09-26 22:45:50,2026/09/26 22:45:50.526, 66, 30.19 W, 855 MHz, 6001 MHz, 100 %, 4965 MiB, 8188 MiB, P4, 0x0000000000000004
2026-09-26 22:46:00,2026/09/26 22:46:00.590, 67, 29.90 W, 1050 MHz, 6001 MHz, 100 %, 4965 MiB, 8188 MiB, P4, 0x0000000000000004
2026-09-26 22:46:10,2026/09/26 22:46:10.641, 67, 30.20 W, 660 MHz, 6001 MHz, 100 %, 4965 MiB, 8188 MiB, P4, 0x0000000000000004
2026-09-26 22:46:20,2026/09/26 22:46:20.700, 78, 78.79 W, 2295 MHz, 7001 MHz, 95 %, 4965 MiB, 8188 MiB, P3, 0x0000000000000020
2026-09-26 22:46:30,2026/09/26 22:46:30.773, 68, 29.98 W, 990 MHz, 6001 MHz, 100 %, 4965 MiB, 8188 MiB, P4, 0x0000000000000004
2026-09-26 22:46:40,2026/09/26 22:46:40.839, 67, 29.98 W, 870 MHz, 6001 MHz, 96 %, 4965 MiB, 8188 MiB, P4, 0x0000000000000004
2026-09-26 22:46:50,2026/09/26 22:46:50.910, 67, 29.92 W, 540 MHz, 6001 MHz, 100 %, 4965 MiB, 8188 MiB, P4, 0x0000000000000004
2026-09-26 22:47:00,2026/09/26 22:47:00.979, 67, 29.97 W, 930 MHz, 6001 MHz, 99 %, 4965 MiB, 8188 MiB, P4, 0x0000000000000004
2026-09-26 22:47:11,2026/09/26 22:47:11.031, 67, 29.91 W, 1005 MHz, 6001 MHz, 100 %, 4965 MiB, 8188 MiB, P4, 0x0000000000000004
2026-09-26 22:47:21,2026/09/26 22:47:21.091, 67, 29.81 W, 795 MHz, 6001 MHz, 97 %, 4965 MiB, 8188 MiB, P4, 0x0000000000000004
2026-09-26 22:47:31,2026/09/26 22:47:31.162, 67, 29.88 W, 615 MHz, 6001 MHz, 100 %, 4965 MiB, 8188 MiB, P4, 0x0000000000000004
2026-09-26 22:47:41,2026/09/26 22:47:41.226, 67, 29.79 W, 990 MHz, 6001 MHz, 99 %, 4965 MiB, 8188 MiB, P4, 0x0000000000000004
2026-09-26 22:47:51,2026/09/26 22:47:51.285, 67, 29.89 W, 1005 MHz, 6001 MHz, 99 %, 4965 MiB, 8188 MiB, P4, 0x0000000000000004
2026-09-26 22:48:01,2026/09/26 22:48:01.362, 67, 29.95 W, 1050 MHz, 6001 MHz, 99 %, 4965 MiB, 8188 MiB, P4, 0x0000000000000004
2026-09-26 22:48:11,2026/09/26 22:48:11.438, 67, 29.60 W, 1200 MHz, 6001 MHz, 96 %, 4965 MiB, 8188 MiB, P4, 0x0000000000000004
2026-09-26 22:48:21,2026/09/26 22:48:21.511, 67, 29.76 W, 1290 MHz, 6001 MHz, 96 %, 4965 MiB, 8188 MiB, P4, 0x0000000000000004
2026-09-26 22:48:31,2026/09/26 22:48:31.582, 67, 29.97 W, 795 MHz, 6001 MHz, 96 %, 4965 MiB, 8188 MiB, P4, 0x0000000000000004
2026-09-26 22:48:41,2026/09/26 22:48:41.646, 67, 30.02 W, 870 MHz, 6001 MHz, 96 %, 4965 MiB, 8188 MiB, P4, 0x0000000000000004
2026-09-26 22:48:51,2026/09/26 22:48:51.706, 78, 81.67 W, 2295 MHz, 8001 MHz, 96 %, 4965 MiB, 8188 MiB, P0, 0x0000000000000020
2026-09-26 22:49:01,2026/09/26 22:49:01.788, 68, 29.99 W, 1095 MHz, 6001 MHz, 99 %, 4965 MiB, 8188 MiB, P4, 0x0000000000000004
2026-09-26 22:49:11,2026/09/26 22:49:11.858, 67, 29.98 W, 855 MHz, 6001 MHz, 99 %, 4965 MiB, 8188 MiB, P4, 0x0000000000000004
2026-09-26 22:49:21,2026/09/26 22:49:21.975, 67, 29.87 W, 960 MHz, 6001 MHz, 93 %, 4965 MiB, 8188 MiB, P4, 0x0000000000000004
2026-09-26 22:49:32,2026/09/26 22:49:32.049, 67, 29.95 W, 1020 MHz, 6001 MHz, 96 %, 4965 MiB, 8188 MiB, P4, 0x0000000000000004
2026-09-26 22:49:42,2026/09/26 22:49:42.108, 67, 29.92 W, 900 MHz, 6001 MHz, 96 %, 4965 MiB, 8188 MiB, P4, 0x0000000000000004
2026-09-26 22:49:52,2026/09/26 22:49:52.173, 67, 30.01 W, 885 MHz, 6001 MHz, 96 %, 4965 MiB, 8188 MiB, P4, 0x0000000000000004
2026-09-26 22:50:02,2026/09/26 22:50:02.260, 67, 29.94 W, 975 MHz, 6001 MHz, 99 %, 4965 MiB, 8188 MiB, P4, 0x0000000000000004
2026-09-26 22:50:12,2026/09/26 22:50:12.368, 67, 29.90 W, 945 MHz, 6001 MHz, 100 %, 4965 MiB, 8188 MiB, P4, 0x0000000000000004
2026-09-26 22:50:22,2026/09/26 22:50:22.465, 67, 29.81 W, 990 MHz, 6001 MHz, 100 %, 4965 MiB, 8188 MiB, P4, 0x0000000000000004
2026-09-26 22:50:32,2026/09/26 22:50:32.539, 67, 29.94 W, 855 MHz, 6001 MHz, 100 %, 4965 MiB, 8188 MiB, P4, 0x0000000000000004
2026-09-26 22:50:42,2026/09/26 22:50:42.627, 67, 29.78 W, 1065 MHz, 6001 MHz, 96 %, 4965 MiB, 8188 MiB, P4, 0x0000000000000004
2026-09-26 22:50:52,2026/09/26 22:50:52.721, 67, 29.73 W, 1290 MHz, 6001 MHz, 96 %, 4965 MiB, 8188 MiB, P4, 0x0000000000000004
2026-09-26 22:51:02,2026/09/26 22:51:02.809, 67, 29.79 W, 810 MHz, 6001 MHz, 97 %, 4965 MiB, 8188 MiB, P4, 0x0000000000000004
2026-09-26 22:51:12,2026/09/26 22:51:12.893, 67, 29.85 W, 1200 MHz, 6001 MHz, 99 %, 4965 MiB, 8188 MiB, P4, 0x0000000000000004
2026-09-26 22:51:22,2026/09/26 22:51:22.970, 67, 29.91 W, 675 MHz, 6001 MHz, 96 %, 4965 MiB, 8188 MiB, P4, 0x0000000000000004
2026-09-26 22:51:33,2026/09/26 22:51:33.075, 67, 29.99 W, 765 MHz, 6001 MHz, 96 %, 4965 MiB, 8188 MiB, P4, 0x0000000000000004
2026-09-26 22:51:43,2026/09/26 22:51:43.142, 67, 29.87 W, 780 MHz, 6001 MHz, 96 %, 4965 MiB, 8188 MiB, P4, 0x0000000000000004
2026-09-26 22:51:53,2026/09/26 22:51:53.239, 67, 29.91 W, 810 MHz, 6001 MHz, 97 %, 4965 MiB, 8188 MiB, P4, 0x0000000000000004
2026-09-26 22:52:03,2026/09/26 22:52:03.327, 67, 29.81 W, 615 MHz, 6001 MHz, 100 %, 4965 MiB, 8188 MiB, P4, 0x0000000000000004
2026-09-26 22:52:13,2026/09/26 22:52:13.417, 67, 22.66 W, 2595 MHz, 6001 MHz, 0 %, 4965 MiB, 8188 MiB, P4, 0x0000000000000024
2026-09-26 22:52:23,2026/09/26 22:52:23.500, 80, 92.66 W, 2295 MHz, 8001 MHz, 91 %, 4965 MiB, 8188 MiB, P0, 0x0000000000000020
2026-09-26 22:52:33,2026/09/26 22:52:33.596, 67, 29.86 W, 510 MHz, 6001 MHz, 100 %, 4965 MiB, 8188 MiB, P4, 0x0000000000000004
2026-09-26 22:52:43,2026/09/26 22:52:43.641, 67, 29.74 W, 1050 MHz, 6001 MHz, 100 %, 4965 MiB, 8188 MiB, P4, 0x0000000000000004
2026-09-26 22:52:53,2026/09/26 22:52:53.689, 67, 29.72 W, 1065 MHz, 6001 MHz, 100 %, 4965 MiB, 8188 MiB, P4, 0x0000000000000004
2026-09-26 22:53:03,2026/09/26 22:53:03.739, 67, 30.06 W, 690 MHz, 6001 MHz, 100 %, 4965 MiB, 8188 MiB, P4, 0x0000000000000004
2026-09-26 22:53:13,2026/09/26 22:53:13.791, 67, 30.18 W, 720 MHz, 6001 MHz, 100 %, 4965 MiB, 8188 MiB, P4, 0x0000000000000004
2026-09-26 22:53:23,2026/09/26 22:53:23.831, 67, 30.01 W, 1080 MHz, 6001 MHz, 100 %, 4965 MiB, 8188 MiB, P4, 0x0000000000000004
2026-09-26 22:53:33,2026/09/26 22:53:33.884, 66, 29.79 W, 1410 MHz, 6001 MHz, 100 %, 4965 MiB, 8188 MiB, P4, 0x0000000000000004
2026-09-26 22:53:43,2026/09/26 22:53:43.959, 67, 30.02 W, 1110 MHz, 6001 MHz, 100 %, 4965 MiB, 8188 MiB, P4, 0x0000000000000004
2026-09-26 22:53:53,2026/09/26 22:53:54.004, 67, 29.73 W, 1095 MHz, 6001 MHz, 100 %, 4965 MiB, 8188 MiB, P4, 0x0000000000000004
2026-09-26 22:54:04,2026/09/26 22:54:04.087, 67, 29.92 W, 1080 MHz, 6001 MHz, 100 %, 4965 MiB, 8188 MiB, P4, 0x0000000000000004
2026-09-26 22:54:14,2026/09/26 22:54:14.162, 67, 29.74 W, 1050 MHz, 6001 MHz, 100 %, 4965 MiB, 8188 MiB, P4, 0x0000000000000004
2026-09-26 22:54:24,2026/09/26 22:54:24.265, 67, 29.77 W, 1125 MHz, 6001 MHz, 100 %, 4965 MiB, 8188 MiB, P4, 0x0000000000000004
2026-09-26 22:54:34,2026/09/26 22:54:34.317, 67, 30.09 W, 720 MHz, 6001 MHz, 100 %, 4965 MiB, 8188 MiB, P4, 0x0000000000000004
2026-09-26 22:54:44,2026/09/26 22:54:44.391, 67, 29.78 W, 855 MHz, 6001 MHz, 100 %, 4965 MiB, 8188 MiB, P4, 0x0000000000000004
2026-09-26 22:54:54,2026/09/26 22:54:54.478, 67, 29.98 W, 840 MHz, 6001 MHz, 100 %, 4965 MiB, 8188 MiB, P4, 0x0000000000000004
2026-09-26 22:55:04,2026/09/26 22:55:04.577, 67, 29.87 W, 945 MHz, 6001 MHz, 100 %, 4965 MiB, 8188 MiB, P4, 0x0000000000000004
2026-09-26 22:55:14,2026/09/26 22:55:14.671, 67, 29.95 W, 825 MHz, 6001 MHz, 100 %, 4965 MiB, 8188 MiB, P4, 0x0000000000000004
2026-09-26 22:55:24,2026/09/26 22:55:24.780, 67, 29.98 W, 825 MHz, 6001 MHz, 100 %, 4965 MiB, 8188 MiB, P4, 0x0000000000000004
2026-09-26 22:55:34,2026/09/26 22:55:34.869, 67, 29.89 W, 900 MHz, 6001 MHz, 100 %, 4965 MiB, 8188 MiB, P4, 0x0000000000000004
2026-09-26 22:55:44,2026/09/26 22:55:44.943, 67, 29.92 W, 840 MHz, 6001 MHz, 100 %, 4965 MiB, 8188 MiB, P4, 0x0000000000000004
2026-09-26 22:55:54,2026/09/26 22:55:55.020, 67, 29.95 W, 840 MHz, 6001 MHz, 100 %, 4965 MiB, 8188 MiB, P4, 0x0000000000000004
2026-09-26 22:56:05,2026/09/26 22:56:05.079, 67, 29.89 W, 930 MHz, 6001 MHz, 96 %, 4965 MiB, 8188 MiB, P4, 0x0000000000000004
2026-09-26 22:56:15,2026/09/26 22:56:15.145, 67, 29.93 W, 870 MHz, 6001 MHz, 100 %, 4965 MiB, 8188 MiB, P4, 0x0000000000000004
2026-09-26 22:56:25,2026/09/26 22:56:25.208, 67, 29.89 W, 930 MHz, 6001 MHz, 96 %, 4965 MiB, 8188 MiB, P4, 0x0000000000000004
2026-09-26 22:56:35,2026/09/26 22:56:35.274, 67, 29.93 W, 810 MHz, 6001 MHz, 100 %, 4965 MiB, 8188 MiB, P4, 0x0000000000000004
2026-09-26 22:56:45,2026/09/26 22:56:45.383, 67, 29.90 W, 780 MHz, 6001 MHz, 100 %, 4965 MiB, 8188 MiB, P4, 0x0000000000000004
2026-09-26 22:56:55,2026/09/26 22:56:55.445, 66, 30.09 W, 1155 MHz, 6001 MHz, 100 %, 4965 MiB, 8188 MiB, P4, 0x0000000000000004
2026-09-26 22:57:05,2026/09/26 22:57:05.514, 67, 29.93 W, 915 MHz, 6001 MHz, 95 %, 4965 MiB, 8188 MiB, P4, 0x0000000000000004
2026-09-26 22:57:15,2026/09/26 22:57:15.605, 68, 29.85 W, 825 MHz, 6001 MHz, 100 %, 4965 MiB, 8188 MiB, P4, 0x0000000000000004
2026-09-26 22:57:25,2026/09/26 22:57:25.676, 67, 29.77 W, 930 MHz, 6001 MHz, 95 %, 4965 MiB, 8188 MiB, P4, 0x0000000000000004
2026-09-26 22:57:35,2026/09/26 22:57:35.783, 67, 29.98 W, 840 MHz, 6001 MHz, 100 %, 4965 MiB, 8188 MiB, P4, 0x0000000000000004
2026-09-26 22:57:45,2026/09/26 22:57:45.865, 67, 29.97 W, 795 MHz, 6001 MHz, 100 %, 4965 MiB, 8188 MiB, P4, 0x0000000000000004
2026-09-26 22:57:55,2026/09/26 22:57:55.937, 67, 30.03 W, 840 MHz, 6001 MHz, 100 %, 4965 MiB, 8188 MiB, P4, 0x0000000000000004
2026-09-26 22:58:05,2026/09/26 22:58:05.980, 67, 29.91 W, 840 MHz, 6001 MHz, 100 %, 4965 MiB, 8188 MiB, P4, 0x0000000000000004
2026-09-26 22:58:16,2026/09/26 22:58:16.041, 67, 29.76 W, 915 MHz, 6001 MHz, 97 %, 4965 MiB, 8188 MiB, P4, 0x0000000000000004
2026-09-26 22:58:26,2026/09/26 22:58:26.111, 67, 29.94 W, 765 MHz, 6001 MHz, 100 %, 4965 MiB, 8188 MiB, P4, 0x0000000000000004
2026-09-26 22:58:36,2026/09/26 22:58:36.160, 67, 29.88 W, 1110 MHz, 6001 MHz, 96 %, 4965 MiB, 8188 MiB, P4, 0x0000000000000004
2026-09-26 22:58:46,2026/09/26 22:58:46.210, 67, 29.94 W, 870 MHz, 6001 MHz, 100 %, 4965 MiB, 8188 MiB, P4, 0x0000000000000004
2026-09-26 22:58:56,2026/09/26 22:58:56.275, 67, 29.96 W, 720 MHz, 6001 MHz, 100 %, 4965 MiB, 8188 MiB, P4, 0x0000000000000004
2026-09-26 22:59:06,2026/09/26 22:59:06.335, 66, 29.76 W, 870 MHz, 6001 MHz, 100 %, 4965 MiB, 8188 MiB, P4, 0x0000000000000004
2026-09-26 22:59:16,2026/09/26 22:59:16.410, 67, 29.96 W, 825 MHz, 6001 MHz, 100 %, 4965 MiB, 8188 MiB, P4, 0x0000000000000004
2026-09-26 22:59:26,2026/09/26 22:59:26.499, 67, 29.92 W, 855 MHz, 6001 MHz, 100 %, 4965 MiB, 8188 MiB, P4, 0x0000000000000004
2026-09-26 22:59:36,2026/09/26 22:59:36.616, 67, 29.93 W, 855 MHz, 6001 MHz, 100 %, 4965 MiB, 8188 MiB, P4, 0x0000000000000004
2026-09-26 22:59:46,2026/09/26 22:59:46.691, 67, 29.93 W, 840 MHz, 6001 MHz, 100 %, 4965 MiB, 8188 MiB, P4, 0x0000000000000004
2026-09-26 22:59:56,2026/09/26 22:59:56.747, 67, 29.81 W, 960 MHz, 6001 MHz, 96 %, 4965 MiB, 8188 MiB, P4, 0x0000000000000004
2026-09-26 23:00:06,2026/09/26 23:00:06.808, 66, 29.97 W, 990 MHz, 6001 MHz, 100 %, 4965 MiB, 8188 MiB, P4, 0x0000000000000004
2026-09-26 23:00:16,2026/09/26 23:00:16.894, 67, 29.83 W, 855 MHz, 6001 MHz, 100 %, 4965 MiB, 8188 MiB, P4, 0x0000000000000004
2026-09-26 23:00:26,2026/09/26 23:00:26.976, 67, 30.00 W, 1125 MHz, 6001 MHz, 100 %, 4965 MiB, 8188 MiB, P4, 0x0000000000000004
2026-09-26 23:00:37,2026/09/26 23:00:37.070, 67, 29.90 W, 870 MHz, 6001 MHz, 92 %, 4965 MiB, 8188 MiB, P4, 0x0000000000000004
2026-09-26 23:00:47,2026/09/26 23:00:47.158, 67, 29.93 W, 900 MHz, 6001 MHz, 100 %, 4965 MiB, 8188 MiB, P4, 0x0000000000000004
2026-09-26 23:00:57,2026/09/26 23:00:57.227, 67, 29.94 W, 720 MHz, 6001 MHz, 95 %, 4965 MiB, 8188 MiB, P4, 0x0000000000000004
2026-09-26 23:01:07,2026/09/26 23:01:07.280, 67, 29.93 W, 855 MHz, 6001 MHz, 100 %, 4965 MiB, 8188 MiB, P4, 0x0000000000000004
2026-09-26 23:01:17,2026/09/26 23:01:17.345, 67, 29.80 W, 810 MHz, 6001 MHz, 96 %, 4965 MiB, 8188 MiB, P4, 0x0000000000000004
2026-09-26 23:01:27,2026/09/26 23:01:27.449, 67, 29.93 W, 930 MHz, 6001 MHz, 100 %, 4965 MiB, 8188 MiB, P4, 0x0000000000000004
2026-09-26 23:01:37,2026/09/26 23:01:37.537, 67, 30.02 W, 825 MHz, 6001 MHz, 100 %, 4965 MiB, 8188 MiB, P4, 0x0000000000000004
2026-09-26 23:01:47,2026/09/26 23:01:47.620, 79, 84.68 W, 2295 MHz, 7001 MHz, 98 %, 4965 MiB, 8188 MiB, P3, 0x0000000000000020
2026-09-26 23:01:57,2026/09/26 23:01:57.737, 67, 29.95 W, 825 MHz, 6001 MHz, 100 %, 4965 MiB, 8188 MiB, P4, 0x0000000000000004
2026-09-26 23:02:07,2026/09/26 23:02:07.836, 67, 29.96 W, 825 MHz, 6001 MHz, 100 %, 4965 MiB, 8188 MiB, P4, 0x0000000000000004
2026-09-26 23:02:17,2026/09/26 23:02:17.912, 67, 29.92 W, 1125 MHz, 6001 MHz, 96 %, 4965 MiB, 8188 MiB, P4, 0x0000000000000004
2026-09-26 23:02:27,2026/09/26 23:02:28.007, 67, 29.88 W, 825 MHz, 6001 MHz, 100 %, 4965 MiB, 8188 MiB, P4, 0x0000000000000004
2026-09-26 23:02:38,2026/09/26 23:02:38.088, 67, 29.75 W, 855 MHz, 6001 MHz, 100 %, 4965 MiB, 8188 MiB, P4, 0x0000000000000004
2026-09-26 23:02:48,2026/09/26 23:02:48.148, 79, 38.15 W, 2415 MHz, 7001 MHz, 91 %, 4965 MiB, 8188 MiB, P3, 0x0000000000000020
2026-09-26 23:02:58,2026/09/26 23:02:58.221, 65, 18.68 W, 375 MHz, 6001 MHz, 0 %, 4965 MiB, 8188 MiB, P4, 0x0000000000000001
2026-09-26 23:03:08,2026/09/26 23:03:08.303, 78, 85.54 W, 2295 MHz, 8001 MHz, 92 %, 4965 MiB, 8188 MiB, P0, 0x0000000000000020
2026-09-26 23:03:18,2026/09/26 23:03:18.410, 67, 29.84 W, 915 MHz, 6001 MHz, 100 %, 4965 MiB, 8188 MiB, P4, 0x0000000000000004
2026-09-26 23:03:28,2026/09/26 23:03:28.512, 67, 29.96 W, 990 MHz, 6001 MHz, 99 %, 4965 MiB, 8188 MiB, P4, 0x0000000000000004
2026-09-26 23:03:38,2026/09/26 23:03:38.594, 67, 29.92 W, 825 MHz, 6001 MHz, 100 %, 4965 MiB, 8188 MiB, P4, 0x0000000000000004
2026-09-26 23:03:48,2026/09/26 23:03:48.684, 67, 29.95 W, 795 MHz, 6001 MHz, 99 %, 4965 MiB, 8188 MiB, P4, 0x0000000000000004
2026-09-26 23:03:58,2026/09/26 23:03:58.769, 67, 29.96 W, 930 MHz, 6001 MHz, 99 %, 4965 MiB, 8188 MiB, P4, 0x0000000000000004
2026-09-26 23:04:08,2026/09/26 23:04:08.884, 67, 29.94 W, 795 MHz, 6001 MHz, 99 %, 4965 MiB, 8188 MiB, P4, 0x0000000000000004
2026-09-26 23:04:18,2026/09/26 23:04:18.996, 67, 29.96 W, 855 MHz, 6001 MHz, 99 %, 4965 MiB, 8188 MiB, P4, 0x0000000000000004
2026-09-26 23:04:29,2026/09/26 23:04:29.077, 67, 29.94 W, 945 MHz, 6001 MHz, 100 %, 4965 MiB, 8188 MiB, P4, 0x0000000000000004
2026-09-26 23:04:39,2026/09/26 23:04:39.177, 67, 30.02 W, 870 MHz, 6001 MHz, 99 %, 4965 MiB, 8188 MiB, P4, 0x0000000000000004
2026-09-26 23:04:49,2026/09/26 23:04:49.253, 67, 29.95 W, 1050 MHz, 6001 MHz, 100 %, 4965 MiB, 8188 MiB, P4, 0x0000000000000004
2026-09-26 23:04:59,2026/09/26 23:04:59.325, 67, 29.95 W, 855 MHz, 6001 MHz, 100 %, 4965 MiB, 8188 MiB, P4, 0x0000000000000004
2026-09-26 23:05:09,2026/09/26 23:05:09.389, 67, 29.94 W, 945 MHz, 6001 MHz, 99 %, 4965 MiB, 8188 MiB, P4, 0x0000000000000004
2026-09-26 23:05:19,2026/09/26 23:05:19.473, 67, 29.96 W, 840 MHz, 6001 MHz, 100 %, 4965 MiB, 8188 MiB, P4, 0x0000000000000004
2026-09-26 23:05:29,2026/09/26 23:05:29.563, 67, 30.01 W, 885 MHz, 6001 MHz, 99 %, 4965 MiB, 8188 MiB, P4, 0x0000000000000004
2026-09-26 23:05:39,2026/09/26 23:05:39.659, 67, 29.91 W, 930 MHz, 6001 MHz, 100 %, 4965 MiB, 8188 MiB, P4, 0x0000000000000004
2026-09-26 23:05:49,2026/09/26 23:05:49.761, 67, 29.98 W, 900 MHz, 6001 MHz, 100 %, 4965 MiB, 8188 MiB, P4, 0x0000000000000004
2026-09-26 23:05:59,2026/09/26 23:05:59.830, 67, 30.05 W, 975 MHz, 6001 MHz, 99 %, 4965 MiB, 8188 MiB, P4, 0x0000000000000004
2026-09-26 23:06:09,2026/09/26 23:06:09.912, 67, 29.86 W, 930 MHz, 6001 MHz, 99 %, 4965 MiB, 8188 MiB, P4, 0x0000000000000004
2026-09-26 23:06:19,2026/09/26 23:06:19.996, 67, 29.96 W, 840 MHz, 6001 MHz, 100 %, 4965 MiB, 8188 MiB, P4, 0x0000000000000004
2026-09-26 23:06:30,2026/09/26 23:06:30.096, 67, 29.96 W, 945 MHz, 6001 MHz, 99 %, 4965 MiB, 8188 MiB, P4, 0x0000000000000004
2026-09-26 23:06:40,2026/09/26 23:06:40.162, 75, 63.18 W, 2295 MHz, 8001 MHz, 87 %, 4965 MiB, 8188 MiB, P0, 0x0000000000000020
2026-09-26 23:06:50,2026/09/26 23:06:50.240, 75, 63.34 W, 2295 MHz, 8001 MHz, 91 %, 4965 MiB, 8188 MiB, P0, 0x0000000000000020
2026-09-26 23:07:00,2026/09/26 23:07:00.321, 76, 63.20 W, 2295 MHz, 8001 MHz, 90 %, 4965 MiB, 8188 MiB, P0, 0x0000000000000020
2026-09-26 23:07:10,2026/09/26 23:07:10.406, 76, 63.44 W, 2295 MHz, 8001 MHz, 91 %, 4965 MiB, 8188 MiB, P0, 0x0000000000000020
2026-09-26 23:07:20,2026/09/26 23:07:20.474, 77, 63.13 W, 2295 MHz, 8001 MHz, 90 %, 4965 MiB, 8188 MiB, P0, 0x0000000000000020
2026-09-26 23:07:30,2026/09/26 23:07:30.589, 77, 63.41 W, 2295 MHz, 8001 MHz, 91 %, 4965 MiB, 8188 MiB, P0, 0x0000000000000020
2026-09-26 23:07:40,2026/09/26 23:07:40.669, 77, 62.21 W, 2295 MHz, 8001 MHz, 90 %, 4965 MiB, 8188 MiB, P0, 0x0000000000000020
2026-09-26 23:07:50,2026/09/26 23:07:50.752, 77, 63.61 W, 2295 MHz, 8001 MHz, 91 %, 4965 MiB, 8188 MiB, P0, 0x0000000000000020
2026-09-26 23:08:00,2026/09/26 23:08:00.865, 76, 63.17 W, 2295 MHz, 8001 MHz, 86 %, 4965 MiB, 8188 MiB, P0, 0x0000000000000020
2026-09-26 23:08:10,2026/09/26 23:08:10.962, 77, 63.02 W, 2295 MHz, 8001 MHz, 88 %, 4965 MiB, 8188 MiB, P0, 0x0000000000000020
2026-09-26 23:08:21,2026/09/26 23:08:21.072, 70, 23.45 W, 2595 MHz, 7001 MHz, 0 %, 4965 MiB, 8188 MiB, P3, 0x0000000000000000
2026-09-26 23:08:31,2026/09/26 23:08:31.191, 70, 11.09 W, 2610 MHz, 8001 MHz, 75 %, 4965 MiB, 8188 MiB, P0, 0x0000000000000001
2026-09-26 23:08:41,2026/09/26 23:08:41.284, 78, 70.04 W, 2295 MHz, 8001 MHz, 99 %, 4965 MiB, 8188 MiB, P0, 0x0000000000000020
2026-09-26 23:08:51,2026/09/26 23:08:51.352, 76, 63.52 W, 2295 MHz, 8001 MHz, 89 %, 4965 MiB, 8188 MiB, P0, 0x0000000000000020
2026-09-26 23:09:01,2026/09/26 23:09:01.437, 76, 62.81 W, 2295 MHz, 8001 MHz, 84 %, 4965 MiB, 8188 MiB, P0, 0x0000000000000020
2026-09-26 23:09:11,2026/09/26 23:09:11.511, 77, 63.24 W, 2295 MHz, 8001 MHz, 90 %, 4965 MiB, 8188 MiB, P0, 0x0000000000000020
2026-09-26 23:09:21,2026/09/26 23:09:21.600, 77, 63.21 W, 2295 MHz, 8001 MHz, 87 %, 4965 MiB, 8188 MiB, P0, 0x0000000000000020
2026-09-26 23:09:31,2026/09/26 23:09:31.681, 78, 63.61 W, 2295 MHz, 8001 MHz, 91 %, 4965 MiB, 8188 MiB, P0, 0x0000000000000020
2026-09-26 23:09:41,2026/09/26 23:09:41.771, 77, 63.48 W, 2295 MHz, 8001 MHz, 91 %, 4965 MiB, 8188 MiB, P0, 0x0000000000000020
2026-09-26 23:09:51,2026/09/26 23:09:51.853, 77, 63.13 W, 2295 MHz, 8001 MHz, 90 %, 4965 MiB, 8188 MiB, P0, 0x0000000000000020
2026-09-26 23:10:01,2026/09/26 23:10:01.975, 77, 62.48 W, 2295 MHz, 8001 MHz, 85 %, 4965 MiB, 8188 MiB, P0, 0x0000000000000020
2026-09-26 23:10:12,2026/09/26 23:10:12.047, 69, 32.53 W, 2595 MHz, 8001 MHz, 0 %, 4965 MiB, 8188 MiB, P0, 0x0000000000000000
2026-09-26 23:10:22,2026/09/26 23:10:22.108, 73, 61.11 W, 2565 MHz, 8001 MHz, 60 %, 4965 MiB, 8188 MiB, P0, 0x0000000000000020
2026-09-26 23:10:32,2026/09/26 23:10:32.171, 79, 70.88 W, 2295 MHz, 8001 MHz, 99 %, 4965 MiB, 8188 MiB, P0, 0x0000000000000020
2026-09-26 23:10:42,2026/09/26 23:10:42.240, 78, 64.26 W, 2295 MHz, 8001 MHz, 88 %, 4965 MiB, 8188 MiB, P0, 0x0000000000000020
2026-09-26 23:10:52,2026/09/26 23:10:52.313, 78, 64.03 W, 2295 MHz, 8001 MHz, 90 %, 4965 MiB, 8188 MiB, P0, 0x0000000000000020
2026-09-26 23:11:02,2026/09/26 23:11:02.426, 77, 62.49 W, 2295 MHz, 8001 MHz, 88 %, 4965 MiB, 8188 MiB, P0, 0x0000000000000020
2026-09-26 23:11:12,2026/09/26 23:11:12.499, 70, 36.22 W, 2595 MHz, 8001 MHz, 0 %, 4965 MiB, 8188 MiB, P0, 0x0000000000000000
2026-09-26 23:11:22,2026/09/26 23:11:22.579, 65, 10.07 W, 210 MHz, 810 MHz, 0 %, 4965 MiB, 8188 MiB, P5, 0x0000000000000001
2026-09-26 23:11:32,2026/09/26 23:11:32.661, 78, 71.41 W, 2295 MHz, 8001 MHz, 100 %, 4965 MiB, 8188 MiB, P0, 0x0000000000000020
2026-09-26 23:11:42,2026/09/26 23:11:42.727, 69, 29.58 W, 1320 MHz, 6001 MHz, 88 %, 4965 MiB, 8188 MiB, P4, 0x0000000000000004
2026-09-26 23:11:52,2026/09/26 23:11:52.811, 68, 28.81 W, 1395 MHz, 6001 MHz, 88 %, 4965 MiB, 8188 MiB, P4, 0x0000000000000004
2026-09-26 23:12:02,2026/09/26 23:12:02.901, 68, 28.94 W, 1365 MHz, 6001 MHz, 87 %, 4965 MiB, 8188 MiB, P4, 0x0000000000000004
2026-09-26 23:12:12,2026/09/26 23:12:12.963, 68, 29.09 W, 1305 MHz, 6001 MHz, 88 %, 4965 MiB, 8188 MiB, P4, 0x0000000000000004
2026-09-26 23:12:22,2026/09/26 23:12:23.040, 67, 30.77 W, 2595 MHz, 8001 MHz, 0 %, 4965 MiB, 8188 MiB, P0, 0x0000000000000000
2026-09-26 23:12:33,2026/09/26 23:12:33.137, 78, 59.98 W, 2295 MHz, 8001 MHz, 99 %, 4965 MiB, 8188 MiB, P0, 0x0000000000000020
2026-09-26 23:12:43,2026/09/26 23:12:43.226, 76, 63.46 W, 2295 MHz, 8001 MHz, 81 %, 4965 MiB, 8188 MiB, P0, 0x0000000000000020
2026-09-26 23:12:53,2026/09/26 23:12:53.317, 76, 63.41 W, 2295 MHz, 8001 MHz, 83 %, 4965 MiB, 8188 MiB, P0, 0x0000000000000020
2026-09-26 23:13:03,2026/09/26 23:13:03.381, 69, 30.91 W, 2595 MHz, 8001 MHz, 0 %, 4965 MiB, 8188 MiB, P0, 0x0000000000000000
2026-09-26 23:13:13,2026/09/26 23:13:13.465, 64, 8.01 W, 210 MHz, 810 MHz, 0 %, 4965 MiB, 8188 MiB, P8, 0x0000000000000001
2026-09-26 23:13:23,2026/09/26 23:13:23.532, 77, 71.97 W, 2295 MHz, 8001 MHz, 99 %, 4965 MiB, 8188 MiB, P0, 0x0000000000000020
2026-09-26 23:13:33,2026/09/26 23:13:33.622, 76, 63.52 W, 2295 MHz, 8001 MHz, 71 %, 4965 MiB, 8188 MiB, P0, 0x0000000000000020
2026-09-26 23:13:43,2026/09/26 23:13:43.707, 76, 62.78 W, 2295 MHz, 8001 MHz, 80 %, 4965 MiB, 8188 MiB, P0, 0x0000000000000020
2026-09-26 23:13:53,2026/09/26 23:13:53.782, 77, 63.17 W, 2295 MHz, 8001 MHz, 82 %, 4965 MiB, 8188 MiB, P0, 0x0000000000000020
2026-09-26 23:14:03,2026/09/26 23:14:03.880, 66, 18.10 W, 390 MHz, 6001 MHz, 0 %, 4965 MiB, 8188 MiB, P4, 0x0000000000000001
2026-09-26 23:14:13,2026/09/26 23:14:13.956, 64, 3.63 W, 210 MHz, 405 MHz, 0 %, 4965 MiB, 8188 MiB, P8, 0x0000000000000001
2026-09-26 23:14:23,2026/09/26 23:14:24.021, 76, 71.85 W, 2295 MHz, 8001 MHz, 100 %, 4965 MiB, 8188 MiB, P0, 0x0000000000000020
2026-09-26 23:14:34,2026/09/26 23:14:34.109, 68, 29.88 W, 540 MHz, 6001 MHz, 100 %, 4965 MiB, 8188 MiB, P4, 0x0000000000000004
2026-09-26 23:14:44,2026/09/26 23:14:44.190, 67, 29.83 W, 345 MHz, 6001 MHz, 100 %, 4965 MiB, 8188 MiB, P4, 0x0000000000000004
2026-09-26 23:14:54,2026/09/26 23:14:54.270, 67, 29.79 W, 555 MHz, 6001 MHz, 97 %, 4965 MiB, 8188 MiB, P4, 0x0000000000000004
2026-09-26 23:15:04,2026/09/26 23:15:04.339, 67, 30.06 W, 600 MHz, 6001 MHz, 100 %, 4965 MiB, 8188 MiB, P4, 0x0000000000000004
2026-09-26 23:15:14,2026/09/26 23:15:14.420, 67, 29.95 W, 345 MHz, 6001 MHz, 100 %, 4965 MiB, 8188 MiB, P4, 0x0000000000000004
2026-09-26 23:15:24,2026/09/26 23:15:24.488, 67, 29.89 W, 270 MHz, 6001 MHz, 100 %, 4965 MiB, 8188 MiB, P4, 0x0000000000000004
2026-09-26 23:15:34,2026/09/26 23:15:34.549, 79, 86.54 W, 2295 MHz, 8001 MHz, 96 %, 4965 MiB, 8188 MiB, P0, 0x0000000000000020
2026-09-26 23:15:44,2026/09/26 23:15:44.609, 78, 86.93 W, 2295 MHz, 8001 MHz, 97 %, 4965 MiB, 8188 MiB, P0, 0x0000000000000020
2026-09-26 23:15:54,2026/09/26 23:15:54.675, 79, 85.86 W, 2295 MHz, 8001 MHz, 97 %, 4965 MiB, 8188 MiB, P0, 0x0000000000000020
2026-09-26 23:16:04,2026/09/26 23:16:04.747, 69, 29.89 W, 345 MHz, 6001 MHz, 100 %, 4965 MiB, 8188 MiB, P4, 0x0000000000000004
2026-09-26 23:16:14,2026/09/26 23:16:14.813, 68, 29.97 W, 600 MHz, 6001 MHz, 96 %, 4965 MiB, 8188 MiB, P4, 0x0000000000000004
2026-09-26 23:16:24,2026/09/26 23:16:24.876, 68, 29.76 W, 480 MHz, 6001 MHz, 97 %, 4965 MiB, 8188 MiB, P4, 0x0000000000000004
2026-09-26 23:16:34,2026/09/26 23:16:34.942, 68, 29.90 W, 525 MHz, 6001 MHz, 100 %, 4965 MiB, 8188 MiB, P4, 0x0000000000000004
2026-09-26 23:16:44,2026/09/26 23:16:45.014, 67, 29.97 W, 510 MHz, 6001 MHz, 100 %, 4965 MiB, 8188 MiB, P4, 0x0000000000000004
2026-09-26 23:16:55,2026/09/26 23:16:55.077, 67, 29.68 W, 390 MHz, 6001 MHz, 97 %, 4965 MiB, 8188 MiB, P4, 0x0000000000000004
2026-09-26 23:17:05,2026/09/26 23:17:05.145, 67, 29.93 W, 525 MHz, 6001 MHz, 100 %, 4965 MiB, 8188 MiB, P4, 0x0000000000000004
2026-09-26 23:17:15,2026/09/26 23:17:15.216, 67, 29.84 W, 585 MHz, 6001 MHz, 97 %, 4965 MiB, 8188 MiB, P4, 0x0000000000000004
2026-09-26 23:17:25,2026/09/26 23:17:25.270, 67, 29.89 W, 360 MHz, 6001 MHz, 100 %, 4965 MiB, 8188 MiB, P4, 0x0000000000000004
2026-09-26 23:17:35,2026/09/26 23:17:35.339, 67, 29.92 W, 300 MHz, 6001 MHz, 100 %, 4965 MiB, 8188 MiB, P4, 0x0000000000000004
2026-09-26 23:17:45,2026/09/26 23:17:45.401, 67, 29.67 W, 570 MHz, 6001 MHz, 97 %, 4965 MiB, 8188 MiB, P4, 0x0000000000000004
2026-09-26 23:17:55,2026/09/26 23:17:55.471, 67, 29.89 W, 420 MHz, 6001 MHz, 100 %, 4965 MiB, 8188 MiB, P4, 0x0000000000000004
2026-09-26 23:18:05,2026/09/26 23:18:05.539, 67, 30.02 W, 300 MHz, 6001 MHz, 100 %, 4965 MiB, 8188 MiB, P4, 0x0000000000000004
2026-09-26 23:18:15,2026/09/26 23:18:15.612, 67, 29.74 W, 345 MHz, 6001 MHz, 100 %, 4965 MiB, 8188 MiB, P4, 0x0000000000000004
2026-09-26 23:18:25,2026/09/26 23:18:25.684, 67, 29.89 W, 240 MHz, 6001 MHz, 100 %, 4965 MiB, 8188 MiB, P4, 0x0000000000000004
2026-09-26 23:18:35,2026/09/26 23:18:35.750, 67, 29.88 W, 495 MHz, 6001 MHz, 96 %, 4965 MiB, 8188 MiB, P4, 0x0000000000000004
2026-09-26 23:18:45,2026/09/26 23:18:45.813, 66, 29.86 W, 540 MHz, 6001 MHz, 100 %, 4965 MiB, 8188 MiB, P4, 0x0000000000000004
2026-09-26 23:18:55,2026/09/26 23:18:55.876, 67, 29.85 W, 495 MHz, 6001 MHz, 97 %, 4965 MiB, 8188 MiB, P4, 0x0000000000000004
2026-09-26 23:19:05,2026/09/26 23:19:05.947, 66, 29.86 W, 555 MHz, 6001 MHz, 100 %, 4965 MiB, 8188 MiB, P4, 0x0000000000000004
2026-09-26 23:19:15,2026/09/26 23:19:16.010, 66, 29.93 W, 345 MHz, 6001 MHz, 100 %, 4965 MiB, 8188 MiB, P4, 0x0000000000000004
2026-09-26 23:19:26,2026/09/26 23:19:26.083, 67, 29.88 W, 270 MHz, 6001 MHz, 100 %, 4965 MiB, 8188 MiB, P4, 0x0000000000000004
2026-09-26 23:19:36,2026/09/26 23:19:36.145, 77, 85.66 W, 2295 MHz, 8001 MHz, 97 %, 4965 MiB, 8188 MiB, P0, 0x0000000000000020
2026-09-26 23:19:46,2026/09/26 23:19:46.211, 78, 87.11 W, 2295 MHz, 8001 MHz, 96 %, 4965 MiB, 8188 MiB, P0, 0x0000000000000020
2026-09-26 23:19:56,2026/09/26 23:19:56.272, 78, 86.62 W, 2295 MHz, 8001 MHz, 96 %, 4965 MiB, 8188 MiB, P0, 0x0000000000000020
2026-09-26 23:20:06,2026/09/26 23:20:06.331, 69, 29.83 W, 300 MHz, 6001 MHz, 100 %, 4965 MiB, 8188 MiB, P4, 0x0000000000000004
2026-09-26 23:20:16,2026/09/26 23:20:16.393, 68, 29.94 W, 285 MHz, 6001 MHz, 100 %, 4965 MiB, 8188 MiB, P4, 0x0000000000000004
2026-09-26 23:20:26,2026/09/26 23:20:26.460, 68, 29.85 W, 525 MHz, 6001 MHz, 100 %, 4965 MiB, 8188 MiB, P4, 0x0000000000000004
2026-09-26 23:20:36,2026/09/26 23:20:36.532, 68, 29.86 W, 330 MHz, 6001 MHz, 100 %, 4965 MiB, 8188 MiB, P4, 0x0000000000000004
2026-09-26 23:20:46,2026/09/26 23:20:46.604, 68, 29.91 W, 345 MHz, 6001 MHz, 100 %, 4965 MiB, 8188 MiB, P4, 0x0000000000000004
2026-09-26 23:20:56,2026/09/26 23:20:56.664, 67, 29.96 W, 510 MHz, 6001 MHz, 97 %, 4965 MiB, 8188 MiB, P4, 0x0000000000000004
2026-09-26 23:21:06,2026/09/26 23:21:06.722, 67, 29.67 W, 570 MHz, 6001 MHz, 98 %, 4965 MiB, 8188 MiB, P4, 0x0000000000000004
2026-09-26 23:21:16,2026/09/26 23:21:16.789, 67, 29.89 W, 450 MHz, 6001 MHz, 100 %, 4965 MiB, 8188 MiB, P4, 0x0000000000000004
2026-09-26 23:21:26,2026/09/26 23:21:26.854, 67, 29.83 W, 495 MHz, 6001 MHz, 97 %, 4965 MiB, 8188 MiB, P4, 0x0000000000000004
2026-09-26 23:21:36,2026/09/26 23:21:36.921, 67, 29.75 W, 615 MHz, 6001 MHz, 97 %, 4965 MiB, 8188 MiB, P4, 0x0000000000000004
2026-09-26 23:21:46,2026/09/26 23:21:46.979, 67, 29.91 W, 390 MHz, 6001 MHz, 100 %, 4965 MiB, 8188 MiB, P4, 0x0000000000000004
2026-09-26 23:21:57,2026/09/26 23:21:57.051, 67, 29.97 W, 525 MHz, 6001 MHz, 97 %, 4965 MiB, 8188 MiB, P4, 0x0000000000000004
2026-09-26 23:22:07,2026/09/26 23:22:07.121, 67, 29.77 W, 615 MHz, 6001 MHz, 97 %, 4965 MiB, 8188 MiB, P4, 0x0000000000000004
2026-09-26 23:22:17,2026/09/26 23:22:17.179, 67, 29.85 W, 555 MHz, 6001 MHz, 100 %, 4965 MiB, 8188 MiB, P4, 0x0000000000000004
2026-09-26 23:22:27,2026/09/26 23:22:27.240, 67, 29.72 W, 510 MHz, 6001 MHz, 97 %, 4965 MiB, 8188 MiB, P4, 0x0000000000000004
2026-09-26 23:22:37,2026/09/26 23:22:37.310, 66, 29.75 W, 585 MHz, 6001 MHz, 97 %, 4965 MiB, 8188 MiB, P4, 0x0000000000000004
2026-09-26 23:22:47,2026/09/26 23:22:47.373, 66, 29.71 W, 585 MHz, 6001 MHz, 94 %, 4965 MiB, 8188 MiB, P4, 0x0000000000000004
2026-09-26 23:22:57,2026/09/26 23:22:57.434, 67, 29.87 W, 300 MHz, 6001 MHz, 100 %, 4965 MiB, 8188 MiB, P4, 0x0000000000000004
2026-09-26 23:23:07,2026/09/26 23:23:07.503, 67, 29.93 W, 315 MHz, 6001 MHz, 97 %, 4965 MiB, 8188 MiB, P4, 0x0000000000000004
2026-09-26 23:23:17,2026/09/26 23:23:17.562, 67, 29.95 W, 525 MHz, 6001 MHz, 97 %, 4965 MiB, 8188 MiB, P4, 0x0000000000000004
2026-09-26 23:23:27,2026/09/26 23:23:27.626, 75, 71.70 W, 2595 MHz, 7001 MHz, 97 %, 4965 MiB, 8188 MiB, P3, 0x0000000000000000
2026-09-26 23:23:37,2026/09/26 23:23:37.697, 77, 85.58 W, 2325 MHz, 8001 MHz, 97 %, 4965 MiB, 8188 MiB, P0, 0x0000000000000020
2026-09-26 23:23:47,2026/09/26 23:23:47.765, 80, 85.90 W, 2295 MHz, 8001 MHz, 94 %, 4965 MiB, 8188 MiB, P0, 0x0000000000000020
2026-09-26 23:23:57,2026/09/26 23:23:57.841, 79, 86.25 W, 2295 MHz, 8001 MHz, 96 %, 4965 MiB, 8188 MiB, P0, 0x0000000000000020
2026-09-26 23:24:07,2026/09/26 23:24:07.905, 69, 29.83 W, 555 MHz, 6001 MHz, 97 %, 4965 MiB, 8188 MiB, P4, 0x0000000000000004
2026-09-26 23:24:17,2026/09/26 23:24:17.978, 68, 29.81 W, 300 MHz, 6001 MHz, 100 %, 4965 MiB, 8188 MiB, P4, 0x0000000000000004
2026-09-26 23:24:28,2026/09/26 23:24:28.050, 68, 29.87 W, 375 MHz, 6001 MHz, 96 %, 4965 MiB, 8188 MiB, P4, 0x0000000000000004
2026-09-26 23:24:38,2026/09/26 23:24:38.115, 68, 29.97 W, 300 MHz, 6001 MHz, 100 %, 4965 MiB, 8188 MiB, P4, 0x0000000000000004
2026-09-26 23:24:48,2026/09/26 23:24:48.180, 68, 29.67 W, 615 MHz, 6001 MHz, 97 %, 4965 MiB, 8188 MiB, P4, 0x0000000000000004
2026-09-26 23:24:58,2026/09/26 23:24:58.246, 67, 29.90 W, 330 MHz, 6001 MHz, 100 %, 4965 MiB, 8188 MiB, P4, 0x0000000000000004
2026-09-26 23:25:08,2026/09/26 23:25:08.318, 67, 29.80 W, 585 MHz, 6001 MHz, 97 %, 4965 MiB, 8188 MiB, P4, 0x0000000000000004
2026-09-26 23:25:18,2026/09/26 23:25:18.382, 67, 29.80 W, 375 MHz, 6001 MHz, 100 %, 4965 MiB, 8188 MiB, P4, 0x0000000000000004
2026-09-26 23:25:28,2026/09/26 23:25:28.447, 67, 29.95 W, 270 MHz, 6001 MHz, 100 %, 4965 MiB, 8188 MiB, P4, 0x0000000000000004
2026-09-26 23:25:38,2026/09/26 23:25:38.509, 67, 29.88 W, 345 MHz, 6001 MHz, 100 %, 4965 MiB, 8188 MiB, P4, 0x0000000000000004
2026-09-26 23:25:48,2026/09/26 23:25:48.573, 67, 29.67 W, 375 MHz, 6001 MHz, 100 %, 4965 MiB, 8188 MiB, P4, 0x0000000000000004
2026-09-26 23:25:58,2026/09/26 23:25:58.648, 67, 29.74 W, 570 MHz, 6001 MHz, 97 %, 4965 MiB, 8188 MiB, P4, 0x0000000000000004
2026-09-26 23:26:08,2026/09/26 23:26:08.720, 67, 29.98 W, 615 MHz, 6001 MHz, 100 %, 4965 MiB, 8188 MiB, P4, 0x0000000000000004
2026-09-26 23:26:18,2026/09/26 23:26:18.789, 67, 29.83 W, 510 MHz, 6001 MHz, 97 %, 4965 MiB, 8188 MiB, P4, 0x0000000000000004
2026-09-26 23:26:28,2026/09/26 23:26:28.858, 66, 29.89 W, 585 MHz, 6001 MHz, 100 %, 4965 MiB, 8188 MiB, P4, 0x0000000000000004
2026-09-26 23:26:38,2026/09/26 23:26:38.926, 67, 29.88 W, 300 MHz, 6001 MHz, 100 %, 4965 MiB, 8188 MiB, P4, 0x0000000000000004
2026-09-26 23:26:48,2026/09/26 23:26:48.988, 67, 29.86 W, 480 MHz, 6001 MHz, 97 %, 4965 MiB, 8188 MiB, P4, 0x0000000000000004
2026-09-26 23:26:59,2026/09/26 23:26:59.056, 65, 24.64 W, 675 MHz, 6001 MHz, 0 %, 4965 MiB, 8188 MiB, P4, 0x0000000000000001
2026-09-26 23:27:09,2026/09/26 23:27:09.247, 67, 50.86 W, 2595 MHz, 8001 MHz, 0 %, 4965 MiB, 8188 MiB, P0, 0x0000000000000000
2026-09-26 23:27:19,2026/09/26 23:27:19.404, 62, 3.54 W, 210 MHz, 405 MHz, 0 %, 4965 MiB, 8188 MiB, P8, 0x0000000000000001
2026-09-26 23:27:29,2026/09/26 23:27:29.476, 66, 29.95 W, 540 MHz, 6001 MHz, 100 %, 4965 MiB, 8188 MiB, P4, 0x0000000000000004
2026-09-26 23:27:39,2026/09/26 23:27:39.538, 66, 29.85 W, 600 MHz, 6001 MHz, 100 %, 4965 MiB, 8188 MiB, P4, 0x0000000000000004
2026-09-26 23:27:49,2026/09/26 23:27:49.604, 66, 29.96 W, 480 MHz, 6001 MHz, 100 %, 4965 MiB, 8188 MiB, P4, 0x0000000000000004
2026-09-26 23:27:59,2026/09/26 23:27:59.668, 67, 29.95 W, 555 MHz, 6001 MHz, 100 %, 4965 MiB, 8188 MiB, P4, 0x0000000000000004
2026-09-26 23:28:09,2026/09/26 23:28:09.737, 67, 30.00 W, 495 MHz, 6001 MHz, 100 %, 4965 MiB, 8188 MiB, P4, 0x0000000000000004
2026-09-26 23:28:19,2026/09/26 23:28:19.807, 67, 29.92 W, 540 MHz, 6001 MHz, 100 %, 4965 MiB, 8188 MiB, P4, 0x0000000000000004
2026-09-26 23:28:29,2026/09/26 23:28:29.864, 67, 29.85 W, 570 MHz, 6001 MHz, 100 %, 4965 MiB, 8188 MiB, P4, 0x0000000000000004
2026-09-26 23:28:39,2026/09/26 23:28:39.933, 66, 30.03 W, 285 MHz, 6001 MHz, 100 %, 4965 MiB, 8188 MiB, P4, 0x0000000000000004
2026-09-26 23:28:49,2026/09/26 23:28:49.998, 77, 86.12 W, 2295 MHz, 8001 MHz, 96 %, 4965 MiB, 8188 MiB, P0, 0x0000000000000020
2026-09-26 23:29:00,2026/09/26 23:29:00.062, 79, 85.88 W, 2295 MHz, 8001 MHz, 96 %, 4965 MiB, 8188 MiB, P0, 0x0000000000000020
2026-09-26 23:29:10,2026/09/26 23:29:10.126, 78, 87.36 W, 2295 MHz, 8001 MHz, 97 %, 4965 MiB, 8188 MiB, P0, 0x0000000000000020
2026-09-26 23:29:20,2026/09/26 23:29:20.192, 78, 87.93 W, 2295 MHz, 8001 MHz, 97 %, 4965 MiB, 8188 MiB, P0, 0x0000000000000020
2026-09-26 23:29:30,2026/09/26 23:29:30.258, 69, 29.82 W, 330 MHz, 6001 MHz, 100 %, 4965 MiB, 8188 MiB, P4, 0x0000000000000004
2026-09-26 23:29:40,2026/09/26 23:29:40.327, 69, 29.84 W, 510 MHz, 6001 MHz, 97 %, 4965 MiB, 8188 MiB, P4, 0x0000000000000004
2026-09-26 23:29:50,2026/09/26 23:29:50.399, 68, 29.82 W, 240 MHz, 6001 MHz, 100 %, 4965 MiB, 8188 MiB, P4, 0x0000000000000004
2026-09-26 23:30:00,2026/09/26 23:30:00.468, 68, 29.84 W, 465 MHz, 6001 MHz, 97 %, 4965 MiB, 8188 MiB, P4, 0x0000000000000004
2026-09-26 23:30:10,2026/09/26 23:30:10.537, 68, 29.80 W, 345 MHz, 6001 MHz, 100 %, 4965 MiB, 8188 MiB, P4, 0x0000000000000004
2026-09-26 23:30:20,2026/09/26 23:30:20.598, 68, 29.94 W, 435 MHz, 6001 MHz, 97 %, 4965 MiB, 8188 MiB, P4, 0x0000000000000004
2026-09-26 23:30:30,2026/09/26 23:30:30.664, 68, 29.95 W, 300 MHz, 6001 MHz, 97 %, 4965 MiB, 8188 MiB, P4, 0x0000000000000004
2026-09-26 23:30:40,2026/09/26 23:30:40.732, 67, 29.90 W, 585 MHz, 6001 MHz, 97 %, 4965 MiB, 8188 MiB, P4, 0x0000000000000004
2026-09-26 23:30:50,2026/09/26 23:30:50.793, 67, 29.88 W, 300 MHz, 6001 MHz, 100 %, 4965 MiB, 8188 MiB, P4, 0x0000000000000004
2026-09-26 23:31:00,2026/09/26 23:31:00.862, 67, 29.89 W, 525 MHz, 6001 MHz, 100 %, 4965 MiB, 8188 MiB, P4, 0x0000000000000004
2026-09-26 23:31:10,2026/09/26 23:31:10.924, 67, 29.86 W, 285 MHz, 6001 MHz, 100 %, 4965 MiB, 8188 MiB, P4, 0x0000000000000004
2026-09-26 23:31:20,2026/09/26 23:31:20.991, 67, 30.00 W, 510 MHz, 6001 MHz, 100 %, 4965 MiB, 8188 MiB, P4, 0x0000000000000004
2026-09-26 23:31:31,2026/09/26 23:31:31.049, 67, 29.79 W, 360 MHz, 6001 MHz, 97 %, 4965 MiB, 8188 MiB, P4, 0x0000000000000004
2026-09-26 23:31:41,2026/09/26 23:31:41.108, 67, 29.72 W, 615 MHz, 6001 MHz, 97 %, 4965 MiB, 8188 MiB, P4, 0x0000000000000004
2026-09-26 23:31:51,2026/09/26 23:31:51.175, 67, 29.79 W, 270 MHz, 6001 MHz, 100 %, 4965 MiB, 8188 MiB, P4, 0x0000000000000004
2026-09-26 23:32:01,2026/09/26 23:32:01.239, 67, 29.89 W, 495 MHz, 6001 MHz, 96 %, 4965 MiB, 8188 MiB, P4, 0x0000000000000004
2026-09-26 23:32:11,2026/09/26 23:32:11.304, 67, 29.89 W, 330 MHz, 6001 MHz, 100 %, 4965 MiB, 8188 MiB, P4, 0x0000000000000004
2026-09-26 23:32:21,2026/09/26 23:32:21.363, 67, 29.66 W, 615 MHz, 6001 MHz, 97 %, 4965 MiB, 8188 MiB, P4, 0x0000000000000004
2026-09-26 23:32:31,2026/09/26 23:32:31.424, 67, 29.91 W, 330 MHz, 6001 MHz, 100 %, 4965 MiB, 8188 MiB, P4, 0x0000000000000004
2026-09-26 23:32:41,2026/09/26 23:32:41.489, 67, 29.89 W, 270 MHz, 6001 MHz, 100 %, 4965 MiB, 8188 MiB, P4, 0x0000000000000004
2026-09-26 23:32:51,2026/09/26 23:32:51.562, 67, 29.54 W, 525 MHz, 6001 MHz, 90 %, 4965 MiB, 8188 MiB, P4, 0x0000000000000004
2026-09-26 23:33:01,2026/09/26 23:33:01.642, 64, 12.93 W, 330 MHz, 6001 MHz, 0 %, 4965 MiB, 8188 MiB, P4, 0x0000000000000001
2026-09-26 23:33:11,2026/09/26 23:33:11.725, 67, 32.40 W, 2595 MHz, 8001 MHz, 0 %, 4965 MiB, 8188 MiB, P0, 0x0000000000000000
2026-09-26 23:33:21,2026/09/26 23:33:21.777, 63, 4.68 W, 210 MHz, 405 MHz, 100 %, 4965 MiB, 8188 MiB, P0, 0x0000000000000001
2026-09-26 23:33:31,2026/09/26 23:33:31.838, 79, 94.96 W, 2295 MHz, 8001 MHz, 98 %, 4965 MiB, 8188 MiB, P0, 0x0000000000000020
2026-09-26 23:33:41,2026/09/26 23:33:41.898, 68, 29.83 W, 465 MHz, 6001 MHz, 100 %, 4965 MiB, 8188 MiB, P4, 0x0000000000000004
2026-09-26 23:33:51,2026/09/26 23:33:51.961, 68, 30.02 W, 555 MHz, 6001 MHz, 100 %, 4965 MiB, 8188 MiB, P4, 0x0000000000000004
2026-09-26 23:34:01,2026/09/26 23:34:02.025, 67, 29.85 W, 390 MHz, 6001 MHz, 100 %, 4965 MiB, 8188 MiB, P4, 0x0000000000000004
2026-09-26 23:34:12,2026/09/26 23:34:12.087, 67, 29.91 W, 570 MHz, 6001 MHz, 100 %, 4965 MiB, 8188 MiB, P4, 0x0000000000000004
2026-09-26 23:34:22,2026/09/26 23:34:22.146, 67, 29.70 W, 360 MHz, 6001 MHz, 97 %, 4965 MiB, 8188 MiB, P4, 0x0000000000000004
2026-09-26 23:34:32,2026/09/26 23:34:32.211, 67, 29.89 W, 270 MHz, 6001 MHz, 100 %, 4965 MiB, 8188 MiB, P4, 0x0000000000000004
2026-09-26 23:34:42,2026/09/26 23:34:42.278, 66, 29.97 W, 495 MHz, 6001 MHz, 97 %, 4965 MiB, 8188 MiB, P4, 0x0000000000000004
2026-09-26 23:34:52,2026/09/26 23:34:52.342, 66, 29.72 W, 585 MHz, 6001 MHz, 97 %, 4965 MiB, 8188 MiB, P4, 0x0000000000000004
2026-09-26 23:35:02,2026/09/26 23:35:02.415, 66, 29.94 W, 510 MHz, 6001 MHz, 97 %, 4965 MiB, 8188 MiB, P4, 0x0000000000000004
2026-09-26 23:35:12,2026/09/26 23:35:12.477, 66, 29.84 W, 345 MHz, 6001 MHz, 97 %, 4965 MiB, 8188 MiB, P4, 0x0000000000000004
2026-09-26 23:35:22,2026/09/26 23:35:22.537, 67, 29.93 W, 285 MHz, 6001 MHz, 100 %, 4965 MiB, 8188 MiB, P4, 0x0000000000000004
2026-09-26 23:35:32,2026/09/26 23:35:32.609, 67, 29.51 W, 570 MHz, 6001 MHz, 97 %, 4965 MiB, 8188 MiB, P4, 0x0000000000000004
2026-09-26 23:35:42,2026/09/26 23:35:42.667, 77, 86.38 W, 2295 MHz, 8001 MHz, 96 %, 4965 MiB, 8188 MiB, P0, 0x0000000000000020
2026-09-26 23:35:52,2026/09/26 23:35:52.731, 77, 86.34 W, 2295 MHz, 8001 MHz, 97 %, 4965 MiB, 8188 MiB, P0, 0x0000000000000020
2026-09-26 23:36:02,2026/09/26 23:36:02.799, 80, 84.24 W, 2295 MHz, 8001 MHz, 96 %, 4965 MiB, 8188 MiB, P0, 0x0000000000000020
2026-09-26 23:36:12,2026/09/26 23:36:12.863, 69, 29.68 W, 615 MHz, 6001 MHz, 96 %, 4965 MiB, 8188 MiB, P4, 0x0000000000000004
2026-09-26 23:36:22,2026/09/26 23:36:22.928, 68, 29.83 W, 330 MHz, 6001 MHz, 100 %, 4965 MiB, 8188 MiB, P4, 0x0000000000000004
2026-09-26 23:36:32,2026/09/26 23:36:32.995, 68, 29.89 W, 375 MHz, 6001 MHz, 100 %, 4965 MiB, 8188 MiB, P4, 0x0000000000000004
2026-09-26 23:36:43,2026/09/26 23:36:43.065, 67, 29.96 W, 330 MHz, 6001 MHz, 100 %, 4965 MiB, 8188 MiB, P4, 0x0000000000000004
2026-09-26 23:36:53,2026/09/26 23:36:53.128, 67, 29.88 W, 330 MHz, 6001 MHz, 100 %, 4965 MiB, 8188 MiB, P4, 0x0000000000000004
2026-09-26 23:37:03,2026/09/26 23:37:03.199, 67, 29.71 W, 540 MHz, 6001 MHz, 97 %, 4965 MiB, 8188 MiB, P4, 0x0000000000000004
2026-09-26 23:37:13,2026/09/26 23:37:13.268, 67, 29.85 W, 510 MHz, 6001 MHz, 97 %, 4965 MiB, 8188 MiB, P4, 0x0000000000000004
2026-09-26 23:37:23,2026/09/26 23:37:23.341, 67, 29.83 W, 375 MHz, 6001 MHz, 100 %, 4965 MiB, 8188 MiB, P4, 0x0000000000000004
2026-09-26 23:37:33,2026/09/26 23:37:33.403, 67, 29.85 W, 495 MHz, 6001 MHz, 100 %, 4965 MiB, 8188 MiB, P4, 0x0000000000000004
2026-09-26 23:37:43,2026/09/26 23:37:43.471, 67, 29.92 W, 630 MHz, 6001 MHz, 100 %, 4965 MiB, 8188 MiB, P4, 0x0000000000000004
2026-09-26 23:37:53,2026/09/26 23:37:53.533, 67, 29.77 W, 330 MHz, 6001 MHz, 97 %, 4965 MiB, 8188 MiB, P4, 0x0000000000000004
2026-09-26 23:38:03,2026/09/26 23:38:03.606, 67, 29.70 W, 555 MHz, 6001 MHz, 97 %, 4965 MiB, 8188 MiB, P4, 0x0000000000000004
2026-09-26 23:38:13,2026/09/26 23:38:13.665, 66, 29.91 W, 540 MHz, 6001 MHz, 97 %, 4965 MiB, 8188 MiB, P4, 0x0000000000000004
2026-09-26 23:38:23,2026/09/26 23:38:23.726, 67, 29.92 W, 510 MHz, 6001 MHz, 100 %, 4965 MiB, 8188 MiB, P4, 0x0000000000000004
2026-09-26 23:38:33,2026/09/26 23:38:33.786, 66, 29.75 W, 570 MHz, 6001 MHz, 97 %, 4965 MiB, 8188 MiB, P4, 0x0000000000000004
2026-09-26 23:38:43,2026/09/26 23:38:43.848, 66, 29.90 W, 585 MHz, 6001 MHz, 97 %, 4965 MiB, 8188 MiB, P4, 0x0000000000000004
2026-09-26 23:38:53,2026/09/26 23:38:53.915, 67, 29.90 W, 465 MHz, 6001 MHz, 100 %, 4965 MiB, 8188 MiB, P4, 0x0000000000000004
2026-09-26 23:39:03,2026/09/26 23:39:03.981, 66, 29.93 W, 285 MHz, 6001 MHz, 100 %, 4965 MiB, 8188 MiB, P4, 0x0000000000000004
2026-09-26 23:39:13,2026/09/26 23:39:14.044, 67, 29.88 W, 525 MHz, 6001 MHz, 100 %, 4965 MiB, 8188 MiB, P4, 0x0000000000000004
2026-09-26 23:39:24,2026/09/26 23:39:24.105, 67, 29.79 W, 615 MHz, 6001 MHz, 97 %, 4965 MiB, 8188 MiB, P4, 0x0000000000000004
2026-09-26 23:39:34,2026/09/26 23:39:34.168, 66, 29.85 W, 495 MHz, 6001 MHz, 100 %, 4965 MiB, 8188 MiB, P4, 0x0000000000000004
2026-09-26 23:39:44,2026/09/26 23:39:44.235, 67, 29.84 W, 480 MHz, 6001 MHz, 97 %, 4965 MiB, 8188 MiB, P4, 0x0000000000000004
2026-09-26 23:39:54,2026/09/26 23:39:54.284, 77, 85.52 W, 2295 MHz, 8001 MHz, 96 %, 4965 MiB, 8188 MiB, P0, 0x0000000000000020
2026-09-26 23:40:04,2026/09/26 23:40:04.353, 79, 86.01 W, 2295 MHz, 8001 MHz, 97 %, 4965 MiB, 8188 MiB, P0, 0x0000000000000020
2026-09-26 23:40:14,2026/09/26 23:40:14.415, 73, 18.89 W, 2370 MHz, 7001 MHz, 83 %, 4965 MiB, 8188 MiB, P3, 0x0000000000000001
2026-09-26 23:40:24,2026/09/26 23:40:24.480, 64, 3.60 W, 210 MHz, 405 MHz, 0 %, 4965 MiB, 8188 MiB, P8, 0x0000000000000001
2026-09-26 23:40:34,2026/09/26 23:40:34.569, 64, 3.63 W, 210 MHz, 405 MHz, 0 %, 4965 MiB, 8188 MiB, P8, 0x0000000000000001
2026-09-26 23:40:44,2026/09/26 23:40:44.649, 68, 29.88 W, 525 MHz, 6001 MHz, 99 %, 4965 MiB, 8188 MiB, P4, 0x0000000000000004
2026-09-26 23:40:54,2026/09/26 23:40:54.718, 67, 29.92 W, 615 MHz, 6001 MHz, 100 %, 4965 MiB, 8188 MiB, P4, 0x0000000000000004
2026-09-26 23:41:04,2026/09/26 23:41:04.777, 67, 29.97 W, 645 MHz, 6001 MHz, 100 %, 4965 MiB, 8188 MiB, P4, 0x0000000000000004
2026-09-26 23:41:14,2026/09/26 23:41:14.842, 67, 30.00 W, 585 MHz, 6001 MHz, 100 %, 4965 MiB, 8188 MiB, P4, 0x0000000000000004
2026-09-26 23:41:24,2026/09/26 23:41:24.917, 67, 30.03 W, 540 MHz, 6001 MHz, 100 %, 4965 MiB, 8188 MiB, P4, 0x0000000000000004
2026-09-26 23:41:34,2026/09/26 23:41:34.980, 67, 29.90 W, 570 MHz, 6001 MHz, 100 %, 4965 MiB, 8188 MiB, P4, 0x0000000000000004
2026-09-26 23:41:45,2026/09/26 23:41:45.048, 67, 29.99 W, 390 MHz, 6001 MHz, 100 %, 4965 MiB, 8188 MiB, P4, 0x0000000000000004
2026-09-26 23:41:55,2026/09/26 23:41:55.109, 67, 30.03 W, 525 MHz, 6001 MHz, 100 %, 4965 MiB, 8188 MiB, P4, 0x0000000000000004
2026-09-26 23:42:05,2026/09/26 23:42:05.180, 68, 29.80 W, 840 MHz, 6001 MHz, 100 %, 4965 MiB, 8188 MiB, P4, 0x0000000000000004
2026-09-26 23:42:15,2026/09/26 23:42:15.240, 67, 29.93 W, 990 MHz, 6001 MHz, 100 %, 4965 MiB, 8188 MiB, P4, 0x0000000000000004
2026-09-26 23:42:25,2026/09/26 23:42:25.305, 67, 29.96 W, 735 MHz, 6001 MHz, 96 %, 4965 MiB, 8188 MiB, P4, 0x0000000000000004
2026-09-26 23:42:35,2026/09/26 23:42:35.366, 67, 29.94 W, 735 MHz, 6001 MHz, 97 %, 4965 MiB, 8188 MiB, P4, 0x0000000000000004
2026-09-26 23:42:45,2026/09/26 23:42:45.432, 67, 30.03 W, 810 MHz, 6001 MHz, 96 %, 4965 MiB, 8188 MiB, P4, 0x0000000000000004
2026-09-26 23:42:55,2026/09/26 23:42:55.500, 67, 29.95 W, 1020 MHz, 6001 MHz, 99 %, 4965 MiB, 8188 MiB, P4, 0x0000000000000004
2026-09-26 23:43:05,2026/09/26 23:43:05.568, 67, 29.99 W, 1020 MHz, 6001 MHz, 100 %, 4965 MiB, 8188 MiB, P4, 0x0000000000000004
2026-09-26 23:43:15,2026/09/26 23:43:15.643, 67, 29.80 W, 990 MHz, 6001 MHz, 99 %, 4965 MiB, 8188 MiB, P4, 0x0000000000000004
2026-09-26 23:43:25,2026/09/26 23:43:25.716, 68, 29.81 W, 765 MHz, 6001 MHz, 95 %, 4967 MiB, 8188 MiB, P4, 0x0000000000000004
2026-09-26 23:43:35,2026/09/26 23:43:35.784, 67, 29.85 W, 945 MHz, 6001 MHz, 100 %, 4967 MiB, 8188 MiB, P4, 0x0000000000000004
2026-09-26 23:43:45,2026/09/26 23:43:45.854, 67, 29.97 W, 1020 MHz, 6001 MHz, 99 %, 4967 MiB, 8188 MiB, P4, 0x0000000000000004
2026-09-26 23:43:55,2026/09/26 23:43:55.914, 67, 29.82 W, 1230 MHz, 6001 MHz, 100 %, 4967 MiB, 8188 MiB, P4, 0x0000000000000004
2026-09-26 23:44:05,2026/09/26 23:44:05.972, 67, 30.03 W, 840 MHz, 6001 MHz, 96 %, 4967 MiB, 8188 MiB, P4, 0x0000000000000004
2026-09-26 23:44:15,2026/09/26 23:44:16.031, 67, 29.95 W, 1020 MHz, 6001 MHz, 99 %, 4967 MiB, 8188 MiB, P4, 0x0000000000000004
2026-09-26 23:44:26,2026/09/26 23:44:26.100, 67, 29.79 W, 1275 MHz, 6001 MHz, 100 %, 4967 MiB, 8188 MiB, P4, 0x0000000000000004
2026-09-26 23:44:36,2026/09/26 23:44:36.170, 67, 29.80 W, 825 MHz, 6001 MHz, 95 %, 4967 MiB, 8188 MiB, P4, 0x0000000000000004
2026-09-26 23:44:46,2026/09/26 23:44:46.231, 67, 29.97 W, 990 MHz, 6001 MHz, 100 %, 4967 MiB, 8188 MiB, P4, 0x0000000000000004
2026-09-26 23:44:56,2026/09/26 23:44:56.293, 67, 29.80 W, 1245 MHz, 6001 MHz, 97 %, 4967 MiB, 8188 MiB, P4, 0x0000000000000004
2026-09-26 23:45:06,2026/09/26 23:45:06.365, 67, 29.87 W, 780 MHz, 6001 MHz, 96 %, 4967 MiB, 8188 MiB, P4, 0x0000000000000004
2026-09-26 23:45:16,2026/09/26 23:45:16.427, 67, 29.99 W, 735 MHz, 6001 MHz, 97 %, 4967 MiB, 8188 MiB, P4, 0x0000000000000004
2026-09-26 23:45:26,2026/09/26 23:45:26.499, 67, 29.99 W, 735 MHz, 6001 MHz, 96 %, 4969 MiB, 8188 MiB, P4, 0x0000000000000004
2026-09-26 23:45:36,2026/09/26 23:45:36.558, 67, 29.96 W, 900 MHz, 6001 MHz, 100 %, 4969 MiB, 8188 MiB, P4, 0x0000000000000004
2026-09-26 23:45:46,2026/09/26 23:45:46.633, 67, 29.80 W, 1050 MHz, 6001 MHz, 99 %, 4969 MiB, 8188 MiB, P4, 0x0000000000000004
2026-09-26 23:45:56,2026/09/26 23:45:56.692, 67, 29.56 W, 1245 MHz, 6001 MHz, 97 %, 4969 MiB, 8188 MiB, P4, 0x0000000000000004
2026-09-26 23:46:06,2026/09/26 23:46:06.746, 67, 29.91 W, 945 MHz, 6001 MHz, 100 %, 4969 MiB, 8188 MiB, P4, 0x0000000000000004
2026-09-26 23:46:16,2026/09/26 23:46:16.813, 67, 29.87 W, 945 MHz, 6001 MHz, 100 %, 4969 MiB, 8188 MiB, P4, 0x0000000000000004
2026-09-26 23:46:26,2026/09/26 23:46:26.886, 67, 29.92 W, 1095 MHz, 6001 MHz, 100 %, 4969 MiB, 8188 MiB, P4, 0x0000000000000004
2026-09-26 23:46:36,2026/09/26 23:46:36.955, 67, 29.85 W, 840 MHz, 6001 MHz, 98 %, 4969 MiB, 8188 MiB, P4, 0x0000000000000004
2026-09-26 23:46:46,2026/09/26 23:46:47.015, 67, 29.94 W, 990 MHz, 6001 MHz, 100 %, 4969 MiB, 8188 MiB, P4, 0x0000000000000004
2026-09-26 23:46:57,2026/09/26 23:46:57.077, 67, 29.94 W, 1200 MHz, 6001 MHz, 100 %, 4969 MiB, 8188 MiB, P4, 0x0000000000000004
2026-09-26 23:47:07,2026/09/26 23:47:07.139, 67, 29.72 W, 765 MHz, 6001 MHz, 96 %, 4969 MiB, 8188 MiB, P4, 0x0000000000000004
2026-09-26 23:47:17,2026/09/26 23:47:17.203, 68, 29.53 W, 720 MHz, 6001 MHz, 100 %, 4969 MiB, 8188 MiB, P4, 0x0000000000000004
2026-09-26 23:47:27,2026/09/26 23:47:27.264, 67, 29.79 W, 765 MHz, 6001 MHz, 100 %, 4969 MiB, 8188 MiB, P4, 0x0000000000000004
2026-09-26 23:47:37,2026/09/26 23:47:37.324, 67, 30.11 W, 1080 MHz, 6001 MHz, 99 %, 4969 MiB, 8188 MiB, P4, 0x0000000000000004
2026-09-26 23:47:47,2026/09/26 23:47:47.394, 67, 29.74 W, 735 MHz, 6001 MHz, 96 %, 4969 MiB, 8188 MiB, P4, 0x0000000000000004
2026-09-26 23:47:57,2026/09/26 23:47:57.460, 67, 29.98 W, 975 MHz, 6001 MHz, 100 %, 4969 MiB, 8188 MiB, P4, 0x0000000000000004
2026-09-26 23:48:07,2026/09/26 23:48:07.510, 67, 29.74 W, 1125 MHz, 6001 MHz, 100 %, 4969 MiB, 8188 MiB, P4, 0x0000000000000004
2026-09-26 23:48:17,2026/09/26 23:48:17.580, 67, 29.82 W, 735 MHz, 6001 MHz, 96 %, 4969 MiB, 8188 MiB, P4, 0x0000000000000004
2026-09-26 23:48:27,2026/09/26 23:48:27.652, 67, 29.96 W, 1035 MHz, 6001 MHz, 100 %, 4969 MiB, 8188 MiB, P4, 0x0000000000000004
2026-09-26 23:48:37,2026/09/26 23:48:37.709, 66, 29.87 W, 810 MHz, 6001 MHz, 95 %, 4969 MiB, 8188 MiB, P4, 0x0000000000000004
2026-09-26 23:48:47,2026/09/26 23:48:47.779, 67, 30.02 W, 960 MHz, 6001 MHz, 100 %, 4969 MiB, 8188 MiB, P4, 0x0000000000000004
2026-09-26 23:48:57,2026/09/26 23:48:57.848, 67, 29.93 W, 1050 MHz, 6001 MHz, 99 %, 4969 MiB, 8188 MiB, P4, 0x0000000000000004
2026-09-26 23:49:07,2026/09/26 23:49:07.908, 67, 29.93 W, 765 MHz, 6001 MHz, 96 %, 4969 MiB, 8188 MiB, P4, 0x0000000000000004
2026-09-26 23:49:17,2026/09/26 23:49:17.967, 79, 81.91 W, 2295 MHz, 8001 MHz, 93 %, 4969 MiB, 8188 MiB, P0, 0x0000000000000020
2026-09-26 23:49:27,2026/09/26 23:49:28.026, 68, 29.96 W, 795 MHz, 6001 MHz, 97 %, 4969 MiB, 8188 MiB, P4, 0x0000000000000004
2026-09-26 23:49:38,2026/09/26 23:49:38.099, 68, 29.84 W, 780 MHz, 6001 MHz, 96 %, 4969 MiB, 8188 MiB, P4, 0x0000000000000004
2026-09-26 23:49:48,2026/09/26 23:49:48.154, 67, 29.93 W, 930 MHz, 6001 MHz, 100 %, 4969 MiB, 8188 MiB, P4, 0x0000000000000004
2026-09-26 23:49:58,2026/09/26 23:49:58.212, 67, 29.88 W, 960 MHz, 6001 MHz, 99 %, 4969 MiB, 8188 MiB, P4, 0x0000000000000004
2026-09-26 23:50:08,2026/09/26 23:50:08.284, 67, 30.04 W, 1200 MHz, 6001 MHz, 100 %, 4969 MiB, 8188 MiB, P4, 0x0000000000000004
2026-09-26 23:50:18,2026/09/26 23:50:18.356, 67, 29.91 W, 1005 MHz, 6001 MHz, 99 %, 4969 MiB, 8188 MiB, P4, 0x0000000000000004
2026-09-26 23:50:28,2026/09/26 23:50:28.422, 67, 29.96 W, 795 MHz, 6001 MHz, 96 %, 4969 MiB, 8188 MiB, P4, 0x0000000000000004
2026-09-26 23:50:38,2026/09/26 23:50:38.486, 67, 29.86 W, 990 MHz, 6001 MHz, 100 %, 4969 MiB, 8188 MiB, P4, 0x0000000000000004
2026-09-26 23:50:48,2026/09/26 23:50:48.559, 67, 29.99 W, 1260 MHz, 6001 MHz, 99 %, 4969 MiB, 8188 MiB, P4, 0x0000000000000004
2026-09-26 23:50:58,2026/09/26 23:50:58.628, 67, 29.77 W, 720 MHz, 6001 MHz, 100 %, 4969 MiB, 8188 MiB, P4, 0x0000000000000004
2026-09-26 23:51:08,2026/09/26 23:51:08.688, 67, 29.96 W, 1065 MHz, 6001 MHz, 97 %, 4969 MiB, 8188 MiB, P4, 0x0000000000000004
2026-09-26 23:51:18,2026/09/26 23:51:18.760, 67, 30.04 W, 990 MHz, 6001 MHz, 100 %, 4969 MiB, 8188 MiB, P4, 0x0000000000000004
2026-09-26 23:51:28,2026/09/26 23:51:28.821, 67, 29.84 W, 705 MHz, 6001 MHz, 99 %, 4969 MiB, 8188 MiB, P4, 0x0000000000000004
2026-09-26 23:51:38,2026/09/26 23:51:38.880, 67, 29.72 W, 630 MHz, 6001 MHz, 95 %, 4969 MiB, 8188 MiB, P4, 0x0000000000000004
2026-09-26 23:51:48,2026/09/26 23:51:48.942, 67, 29.96 W, 1035 MHz, 6001 MHz, 96 %, 4969 MiB, 8188 MiB, P4, 0x0000000000000004
2026-09-26 23:51:58,2026/09/26 23:51:59.006, 67, 30.01 W, 960 MHz, 6001 MHz, 99 %, 4969 MiB, 8188 MiB, P4, 0x0000000000000004
2026-09-26 23:52:09,2026/09/26 23:52:09.070, 66, 29.92 W, 1170 MHz, 6001 MHz, 96 %, 4969 MiB, 8188 MiB, P4, 0x0000000000000004
2026-09-26 23:52:19,2026/09/26 23:52:19.137, 67, 29.83 W, 1140 MHz, 6001 MHz, 99 %, 4969 MiB, 8188 MiB, P4, 0x0000000000000004
2026-09-26 23:52:29,2026/09/26 23:52:29.209, 67, 29.77 W, 1215 MHz, 6001 MHz, 96 %, 4969 MiB, 8188 MiB, P4, 0x0000000000000004
2026-09-26 23:52:39,2026/09/26 23:52:39.264, 67, 29.86 W, 660 MHz, 6001 MHz, 98 %, 4969 MiB, 8188 MiB, P4, 0x0000000000000004
2026-09-26 23:52:49,2026/09/26 23:52:49.329, 67, 30.04 W, 960 MHz, 6001 MHz, 100 %, 4969 MiB, 8188 MiB, P4, 0x0000000000000004
2026-09-26 23:52:59,2026/09/26 23:52:59.393, 66, 29.96 W, 645 MHz, 6001 MHz, 100 %, 4969 MiB, 8188 MiB, P4, 0x0000000000000004
2026-09-26 23:53:09,2026/09/26 23:53:09.465, 67, 29.94 W, 1050 MHz, 6001 MHz, 100 %, 4969 MiB, 8188 MiB, P4, 0x0000000000000004
2026-09-26 23:53:19,2026/09/26 23:53:19.535, 67, 29.73 W, 1095 MHz, 6001 MHz, 96 %, 4969 MiB, 8188 MiB, P4, 0x0000000000000004
2026-09-26 23:53:29,2026/09/26 23:53:29.601, 67, 29.94 W, 1035 MHz, 6001 MHz, 100 %, 4969 MiB, 8188 MiB, P4, 0x0000000000000004
2026-09-26 23:53:39,2026/09/26 23:53:39.667, 67, 30.12 W, 1125 MHz, 7001 MHz, 100 %, 4969 MiB, 8188 MiB, P3, 0x0000000000000004
2026-09-26 23:53:49,2026/09/26 23:53:49.736, 67, 29.68 W, 870 MHz, 6001 MHz, 95 %, 4969 MiB, 8188 MiB, P4, 0x0000000000000004
2026-09-26 23:53:59,2026/09/26 23:53:59.808, 67, 29.93 W, 825 MHz, 6001 MHz, 96 %, 4969 MiB, 8188 MiB, P4, 0x0000000000000004
2026-09-26 23:54:09,2026/09/26 23:54:09.866, 67, 29.87 W, 900 MHz, 6001 MHz, 100 %, 4969 MiB, 8188 MiB, P4, 0x0000000000000004
2026-09-26 23:54:19,2026/09/26 23:54:19.929, 67, 29.72 W, 810 MHz, 6001 MHz, 94 %, 4969 MiB, 8188 MiB, P4, 0x0000000000000004
2026-09-26 23:54:29,2026/09/26 23:54:29.989, 67, 22.60 W, 2610 MHz, 6001 MHz, 0 %, 4969 MiB, 8188 MiB, P4, 0x0000000000000024
2026-09-26 23:54:40,2026/09/26 23:54:40.062, 78, 92.07 W, 2295 MHz, 8001 MHz, 100 %, 4969 MiB, 8188 MiB, P0, 0x0000000000000020
2026-09-26 23:54:50,2026/09/26 23:54:50.121, 67, 30.21 W, 675 MHz, 6001 MHz, 100 %, 4969 MiB, 8188 MiB, P4, 0x0000000000000004
2026-09-26 23:55:00,2026/09/26 23:55:00.190, 67, 29.84 W, 1110 MHz, 6001 MHz, 100 %, 4969 MiB, 8188 MiB, P4, 0x0000000000000004
2026-09-26 23:55:10,2026/09/26 23:55:10.248, 67, 29.76 W, 705 MHz, 6001 MHz, 100 %, 4969 MiB, 8188 MiB, P4, 0x0000000000000004
2026-09-26 23:55:20,2026/09/26 23:55:20.296, 66, 30.02 W, 1110 MHz, 6001 MHz, 100 %, 4969 MiB, 8188 MiB, P4, 0x0000000000000004
2026-09-26 23:55:30,2026/09/26 23:55:30.344, 67, 30.00 W, 735 MHz, 6001 MHz, 100 %, 4969 MiB, 8188 MiB, P4, 0x0000000000000004
2026-09-26 23:55:40,2026/09/26 23:55:40.399, 67, 29.77 W, 1065 MHz, 6001 MHz, 100 %, 4969 MiB, 8188 MiB, P4, 0x0000000000000004
2026-09-26 23:55:50,2026/09/26 23:55:50.451, 67, 30.23 W, 690 MHz, 6001 MHz, 100 %, 4969 MiB, 8188 MiB, P4, 0x0000000000000004
2026-09-26 23:56:00,2026/09/26 23:56:00.515, 67, 29.77 W, 1095 MHz, 6001 MHz, 100 %, 4969 MiB, 8188 MiB, P4, 0x0000000000000004
2026-09-26 23:56:10,2026/09/26 23:56:10.563, 67, 30.10 W, 720 MHz, 6001 MHz, 100 %, 4969 MiB, 8188 MiB, P4, 0x0000000000000004
2026-09-26 23:56:20,2026/09/26 23:56:20.615, 66, 29.68 W, 1080 MHz, 6001 MHz, 100 %, 4969 MiB, 8188 MiB, P4, 0x0000000000000004
2026-09-26 23:56:30,2026/09/26 23:56:30.666, 67, 30.17 W, 690 MHz, 6001 MHz, 100 %, 4969 MiB, 8188 MiB, P4, 0x0000000000000004
2026-09-26 23:56:40,2026/09/26 23:56:40.710, 66, 29.59 W, 1110 MHz, 6001 MHz, 100 %, 4969 MiB, 8188 MiB, P4, 0x0000000000000004
2026-09-26 23:56:50,2026/09/26 23:56:50.763, 67, 30.14 W, 690 MHz, 6001 MHz, 100 %, 4969 MiB, 8188 MiB, P4, 0x0000000000000004
2026-09-26 23:57:00,2026/09/26 23:57:00.825, 76, 82.04 W, 2295 MHz, 8001 MHz, 99 %, 4969 MiB, 8188 MiB, P0, 0x0000000000000020
2026-09-26 23:57:10,2026/09/26 23:57:10.901, 67, 30.04 W, 1155 MHz, 6001 MHz, 99 %, 4969 MiB, 8188 MiB, P4, 0x0000000000000004
2026-09-26 23:57:20,2026/09/26 23:57:20.963, 67, 29.78 W, 1245 MHz, 6001 MHz, 97 %, 4969 MiB, 8188 MiB, P4, 0x0000000000000004
2026-09-26 23:57:30,2026/09/26 23:57:31.029, 67, 29.80 W, 840 MHz, 6001 MHz, 97 %, 4969 MiB, 8188 MiB, P4, 0x0000000000000004
2026-09-26 23:57:41,2026/09/26 23:57:41.090, 67, 29.97 W, 930 MHz, 6001 MHz, 97 %, 4969 MiB, 8188 MiB, P4, 0x0000000000000004
2026-09-26 23:57:51,2026/09/26 23:57:51.162, 67, 30.07 W, 870 MHz, 6001 MHz, 100 %, 4969 MiB, 8188 MiB, P4, 0x0000000000000004
2026-09-26 23:58:01,2026/09/26 23:58:01.234, 67, 29.71 W, 960 MHz, 6001 MHz, 100 %, 4969 MiB, 8188 MiB, P4, 0x0000000000000004
2026-09-26 23:58:11,2026/09/26 23:58:11.305, 67, 29.91 W, 765 MHz, 6001 MHz, 96 %, 4969 MiB, 8188 MiB, P4, 0x0000000000000004
2026-09-26 23:58:21,2026/09/26 23:58:21.366, 67, 29.85 W, 1050 MHz, 6001 MHz, 99 %, 4969 MiB, 8188 MiB, P4, 0x0000000000000004
2026-09-26 23:58:31,2026/09/26 23:58:31.427, 67, 29.91 W, 990 MHz, 6001 MHz, 100 %, 4969 MiB, 8188 MiB, P4, 0x0000000000000004
2026-09-26 23:58:41,2026/09/26 23:58:41.499, 67, 29.99 W, 1080 MHz, 6001 MHz, 99 %, 4969 MiB, 8188 MiB, P4, 0x0000000000000004
2026-09-26 23:58:51,2026/09/26 23:58:51.565, 67, 29.86 W, 750 MHz, 6001 MHz, 97 %, 4969 MiB, 8188 MiB, P4, 0x0000000000000004
2026-09-26 23:59:01,2026/09/26 23:59:01.638, 79, 81.77 W, 2295 MHz, 8001 MHz, 97 %, 4969 MiB, 8188 MiB, P0, 0x0000000000000020
2026-09-26 23:59:11,2026/09/26 23:59:11.715, 68, 29.87 W, 900 MHz, 6001 MHz, 100 %, 4969 MiB, 8188 MiB, P4, 0x0000000000000004
2026-09-26 23:59:21,2026/09/26 23:59:21.783, 67, 29.78 W, 885 MHz, 6001 MHz, 100 %, 4969 MiB, 8188 MiB, P4, 0x0000000000000004
2026-09-26 23:59:31,2026/09/26 23:59:31.844, 67, 29.72 W, 960 MHz, 6001 MHz, 100 %, 4969 MiB, 8188 MiB, P4, 0x0000000000000004
2026-09-26 23:59:41,2026/09/26 23:59:41.907, 67, 29.92 W, 885 MHz, 6001 MHz, 100 %, 4969 MiB, 8188 MiB, P4, 0x0000000000000004
2026-09-26 23:59:51,2026/09/26 23:59:51.977, 67, 29.94 W, 975 MHz, 6001 MHz, 99 %, 4969 MiB, 8188 MiB, P4, 0x0000000000000004
2026-09-27 00:00:01,2026/09/27 00:00:02.038, 67, 30.03 W, 930 MHz, 6001 MHz, 100 %, 4969 MiB, 8188 MiB, P4, 0x0000000000000004
2026-09-27 00:00:12,2026/09/27 00:00:12.098, 67, 29.74 W, 1260 MHz, 6001 MHz, 96 %, 4969 MiB, 8188 MiB, P4, 0x0000000000000004
2026-09-27 00:00:22,2026/09/27 00:00:22.169, 67, 29.86 W, 795 MHz, 6001 MHz, 96 %, 4969 MiB, 8188 MiB, P4, 0x0000000000000004
2026-09-27 00:00:32,2026/09/27 00:00:32.211, 67, 30.05 W, 945 MHz, 7001 MHz, 100 %, 4969 MiB, 8188 MiB, P3, 0x0000000000000004
2026-09-27 00:00:42,2026/09/27 00:00:42.278, 68, 29.87 W, 1305 MHz, 6001 MHz, 96 %, 4969 MiB, 8188 MiB, P4, 0x0000000000000004
2026-09-27 00:00:52,2026/09/27 00:00:52.352, 67, 30.00 W, 975 MHz, 6001 MHz, 96 %, 4969 MiB, 8188 MiB, P4, 0x0000000000000004
2026-09-27 00:01:02,2026/09/27 00:01:02.410, 67, 29.85 W, 975 MHz, 6001 MHz, 100 %, 4969 MiB, 8188 MiB, P4, 0x0000000000000004
2026-09-27 00:01:12,2026/09/27 00:01:12.479, 67, 29.88 W, 915 MHz, 6001 MHz, 100 %, 4969 MiB, 8188 MiB, P4, 0x0000000000000004
2026-09-27 00:01:22,2026/09/27 00:01:22.543, 77, 78.78 W, 2580 MHz, 6001 MHz, 96 %, 4969 MiB, 8188 MiB, P4, 0x0000000000000001
2026-09-27 00:01:32,2026/09/27 00:01:32.612, 67, 29.97 W, 975 MHz, 6001 MHz, 96 %, 4969 MiB, 8188 MiB, P4, 0x0000000000000004
2026-09-27 00:01:42,2026/09/27 00:01:42.674, 67, 29.90 W, 945 MHz, 6001 MHz, 100 %, 4969 MiB, 8188 MiB, P4, 0x0000000000000004
2026-09-27 00:01:52,2026/09/27 00:01:52.744, 67, 29.89 W, 1140 MHz, 6001 MHz, 100 %, 4969 MiB, 8188 MiB, P4, 0x0000000000000004
2026-09-27 00:02:02,2026/09/27 00:02:02.812, 67, 29.92 W, 1005 MHz, 6001 MHz, 96 %, 4969 MiB, 8188 MiB, P4, 0x0000000000000004
2026-09-27 00:02:12,2026/09/27 00:02:12.879, 67, 29.78 W, 1140 MHz, 6001 MHz, 100 %, 4969 MiB, 8188 MiB, P4, 0x0000000000000004
2026-09-27 00:02:22,2026/09/27 00:02:22.947, 66, 30.04 W, 1155 MHz, 6001 MHz, 100 %, 4969 MiB, 8188 MiB, P4, 0x0000000000000004
2026-09-27 00:02:32,2026/09/27 00:02:33.010, 67, 29.97 W, 990 MHz, 6001 MHz, 96 %, 4969 MiB, 8188 MiB, P4, 0x0000000000000004
2026-09-27 00:02:43,2026/09/27 00:02:43.070, 66, 29.91 W, 810 MHz, 6001 MHz, 96 %, 4969 MiB, 8188 MiB, P4, 0x0000000000000004
2026-09-27 00:02:53,2026/09/27 00:02:53.139, 67, 29.90 W, 1050 MHz, 6001 MHz, 99 %, 4969 MiB, 8188 MiB, P4, 0x0000000000000004
2026-09-27 00:03:03,2026/09/27 00:03:03.182, 67, 29.98 W, 930 MHz, 6001 MHz, 99 %, 4969 MiB, 8188 MiB, P4, 0x0000000000000004
2026-09-27 00:03:13,2026/09/27 00:03:13.250, 67, 29.64 W, 1200 MHz, 6001 MHz, 94 %, 4969 MiB, 8188 MiB, P4, 0x0000000000000004
2026-09-27 00:03:23,2026/09/27 00:03:23.295, 67, 29.98 W, 855 MHz, 6001 MHz, 100 %, 4969 MiB, 8188 MiB, P4, 0x0000000000000004
2026-09-27 00:03:33,2026/09/27 00:03:33.360, 67, 30.01 W, 1065 MHz, 6001 MHz, 100 %, 4969 MiB, 8188 MiB, P4, 0x0000000000000004
2026-09-27 00:03:43,2026/09/27 00:03:43.424, 69, 30.56 W, 660 MHz, 8001 MHz, 99 %, 4969 MiB, 8188 MiB, P0, 0x0000000000000004
2026-09-27 00:03:53,2026/09/27 00:03:53.489, 67, 30.07 W, 1020 MHz, 6001 MHz, 99 %, 4969 MiB, 8188 MiB, P4, 0x0000000000000004
2026-09-27 00:04:03,2026/09/27 00:04:03.531, 67, 29.69 W, 1215 MHz, 6001 MHz, 96 %, 4969 MiB, 8188 MiB, P4, 0x0000000000000004
2026-09-27 00:04:13,2026/09/27 00:04:13.589, 67, 29.82 W, 1200 MHz, 6001 MHz, 97 %, 4969 MiB, 8188 MiB, P4, 0x0000000000000004
2026-09-27 00:04:23,2026/09/27 00:04:23.653, 67, 29.94 W, 780 MHz, 6001 MHz, 97 %, 4969 MiB, 8188 MiB, P4, 0x0000000000000004
2026-09-27 00:04:33,2026/09/27 00:04:33.717, 67, 29.94 W, 960 MHz, 6001 MHz, 100 %, 4969 MiB, 8188 MiB, P4, 0x0000000000000004
2026-09-27 00:04:43,2026/09/27 00:04:43.788, 67, 29.91 W, 945 MHz, 6001 MHz, 100 %, 4969 MiB, 8188 MiB, P4, 0x0000000000000004
2026-09-27 00:04:53,2026/09/27 00:04:53.856, 66, 30.04 W, 840 MHz, 6001 MHz, 100 %, 4969 MiB, 8188 MiB, P4, 0x0000000000000004
2026-09-27 00:05:03,2026/09/27 00:05:03.903, 67, 29.64 W, 1335 MHz, 6001 MHz, 95 %, 4969 MiB, 8188 MiB, P4, 0x0000000000000004
2026-09-27 00:05:13,2026/09/27 00:05:13.966, 67, 29.86 W, 750 MHz, 6001 MHz, 96 %, 4969 MiB, 8188 MiB, P4, 0x0000000000000004
2026-09-27 00:05:23,2026/09/27 00:05:24.038, 67, 29.94 W, 960 MHz, 6001 MHz, 97 %, 4969 MiB, 8188 MiB, P4, 0x0000000000000004
2026-09-27 00:05:34,2026/09/27 00:05:34.105, 67, 30.00 W, 885 MHz, 6001 MHz, 99 %, 4969 MiB, 8188 MiB, P4, 0x0000000000000004
2026-09-27 00:05:44,2026/09/27 00:05:44.171, 78, 80.12 W, 2295 MHz, 8001 MHz, 98 %, 4969 MiB, 8188 MiB, P0, 0x0000000000000020
2026-09-27 00:05:54,2026/09/27 00:05:54.238, 67, 30.01 W, 810 MHz, 6001 MHz, 100 %, 4969 MiB, 8188 MiB, P4, 0x0000000000000004
2026-09-27 00:06:04,2026/09/27 00:06:04.303, 67, 29.99 W, 810 MHz, 6001 MHz, 99 %, 4969 MiB, 8188 MiB, P4, 0x0000000000000004
2026-09-27 00:06:14,2026/09/27 00:06:14.367, 67, 29.77 W, 825 MHz, 6001 MHz, 100 %, 4969 MiB, 8188 MiB, P4, 0x0000000000000004
2026-09-27 00:06:24,2026/09/27 00:06:24.435, 67, 29.95 W, 915 MHz, 6001 MHz, 95 %, 4969 MiB, 8188 MiB, P4, 0x0000000000000004
2026-09-27 00:06:34,2026/09/27 00:06:34.501, 67, 29.95 W, 855 MHz, 6001 MHz, 99 %, 4969 MiB, 8188 MiB, P4, 0x0000000000000004
2026-09-27 00:06:44,2026/09/27 00:06:44.572, 67, 29.91 W, 960 MHz, 6001 MHz, 100 %, 4969 MiB, 8188 MiB, P4, 0x0000000000000004
2026-09-27 00:06:54,2026/09/27 00:06:54.634, 67, 29.84 W, 1005 MHz, 6001 MHz, 100 %, 4969 MiB, 8188 MiB, P4, 0x0000000000000004
2026-09-27 00:07:04,2026/09/27 00:07:04.707, 67, 29.75 W, 1230 MHz, 6001 MHz, 96 %, 4969 MiB, 8188 MiB, P4, 0x0000000000000004
2026-09-27 00:07:14,2026/09/27 00:07:14.772, 66, 29.80 W, 810 MHz, 6001 MHz, 97 %, 4969 MiB, 8188 MiB, P4, 0x0000000000000004
2026-09-27 00:07:24,2026/09/27 00:07:24.845, 67, 29.99 W, 1005 MHz, 6001 MHz, 100 %, 4969 MiB, 8188 MiB, P4, 0x0000000000000004
2026-09-27 00:07:34,2026/09/27 00:07:34.919, 67, 29.89 W, 990 MHz, 6001 MHz, 99 %, 4969 MiB, 8188 MiB, P4, 0x0000000000000004
2026-09-27 00:07:44,2026/09/27 00:07:44.981, 70, 25.71 W, 1020 MHz, 6001 MHz, 73 %, 4969 MiB, 8188 MiB, P4, 0x0000000000000024
2026-09-27 00:07:54,2026/09/27 00:07:55.041, 67, 29.84 W, 1110 MHz, 6001 MHz, 100 %, 4969 MiB, 8188 MiB, P4, 0x0000000000000004
2026-09-27 00:08:05,2026/09/27 00:08:05.109, 67, 29.93 W, 750 MHz, 6001 MHz, 96 %, 4969 MiB, 8188 MiB, P4, 0x0000000000000004
2026-09-27 00:08:15,2026/09/27 00:08:15.176, 67, 29.84 W, 1005 MHz, 6001 MHz, 99 %, 4969 MiB, 8188 MiB, P4, 0x0000000000000004
2026-09-27 00:08:25,2026/09/27 00:08:25.239, 67, 29.89 W, 990 MHz, 6001 MHz, 100 %, 4969 MiB, 8188 MiB, P4, 0x0000000000000004
2026-09-27 00:08:35,2026/09/27 00:08:35.313, 67, 29.67 W, 1305 MHz, 6001 MHz, 96 %, 4969 MiB, 8188 MiB, P4, 0x0000000000000004
2026-09-27 00:08:45,2026/09/27 00:08:45.373, 66, 29.90 W, 1005 MHz, 6001 MHz, 100 %, 4969 MiB, 8188 MiB, P4, 0x0000000000000004
2026-09-27 00:08:55,2026/09/27 00:08:55.439, 67, 29.91 W, 1005 MHz, 6001 MHz, 100 %, 4969 MiB, 8188 MiB, P4, 0x0000000000000004
2026-09-27 00:09:05,2026/09/27 00:09:05.502, 77, 79.56 W, 2340 MHz, 7001 MHz, 95 %, 4969 MiB, 8188 MiB, P3, 0x0000000000000020
2026-09-27 00:09:15,2026/09/27 00:09:15.564, 79, 82.34 W, 2295 MHz, 8001 MHz, 94 %, 4969 MiB, 8188 MiB, P0, 0x0000000000000020
2026-09-27 00:09:25,2026/09/27 00:09:25.634, 68, 29.71 W, 765 MHz, 6001 MHz, 99 %, 4969 MiB, 8188 MiB, P4, 0x0000000000000004
2026-09-27 00:09:35,2026/09/27 00:09:35.705, 68, 29.70 W, 840 MHz, 6001 MHz, 96 %, 4969 MiB, 8188 MiB, P4, 0x0000000000000004
2026-09-27 00:09:45,2026/09/27 00:09:45.767, 67, 29.92 W, 1005 MHz, 6001 MHz, 97 %, 4969 MiB, 8188 MiB, P4, 0x0000000000000004
2026-09-27 00:09:55,2026/09/27 00:09:55.842, 67, 29.93 W, 795 MHz, 6001 MHz, 100 %, 4969 MiB, 8188 MiB, P4, 0x0000000000000004
2026-09-27 00:10:05,2026/09/27 00:10:05.908, 67, 29.87 W, 825 MHz, 6001 MHz, 100 %, 4969 MiB, 8188 MiB, P4, 0x0000000000000004
2026-09-27 00:10:15,2026/09/27 00:10:15.972, 67, 29.93 W, 1035 MHz, 6001 MHz, 100 %, 4969 MiB, 8188 MiB, P4, 0x0000000000000004
2026-09-27 00:10:26,2026/09/27 00:10:26.047, 67, 29.84 W, 1050 MHz, 6001 MHz, 99 %, 4969 MiB, 8188 MiB, P4, 0x0000000000000004
2026-09-27 00:10:36,2026/09/27 00:10:36.105, 67, 29.93 W, 945 MHz, 6001 MHz, 99 %, 4969 MiB, 8188 MiB, P4, 0x0000000000000004
2026-09-27 00:10:46,2026/09/27 00:10:46.170, 67, 30.20 W, 540 MHz, 6001 MHz, 91 %, 4969 MiB, 8188 MiB, P4, 0x0000000000000004
2026-09-27 00:10:56,2026/09/27 00:10:56.231, 67, 29.95 W, 795 MHz, 6001 MHz, 97 %, 4969 MiB, 8188 MiB, P4, 0x0000000000000004
2026-09-27 00:11:06,2026/09/27 00:11:06.300, 67, 30.01 W, 795 MHz, 6001 MHz, 96 %, 4969 MiB, 8188 MiB, P4, 0x0000000000000004
2026-09-27 00:11:16,2026/09/27 00:11:16.358, 67, 29.92 W, 885 MHz, 6001 MHz, 100 %, 4969 MiB, 8188 MiB, P4, 0x0000000000000004
2026-09-27 00:11:26,2026/09/27 00:11:26.418, 66, 29.86 W, 525 MHz, 6001 MHz, 100 %, 4969 MiB, 8188 MiB, P4, 0x0000000000000004
2026-09-27 00:11:36,2026/09/27 00:11:36.493, 65, 35.65 W, 2595 MHz, 8001 MHz, 0 %, 4969 MiB, 8188 MiB, P0, 0x0000000000000000
2026-09-27 00:11:46,2026/09/27 00:11:46.568, 63, 3.56 W, 210 MHz, 405 MHz, 0 %, 4969 MiB, 8188 MiB, P8, 0x0000000000000001
2026-09-27 00:11:56,2026/09/27 00:11:56.638, 67, 29.83 W, 600 MHz, 6001 MHz, 100 %, 4969 MiB, 8188 MiB, P4, 0x0000000000000004
2026-09-27 00:12:06,2026/09/27 00:12:06.690, 67, 30.20 W, 675 MHz, 6001 MHz, 94 %, 4969 MiB, 8188 MiB, P4, 0x0000000000000004
2026-09-27 00:12:16,2026/09/27 00:12:16.750, 67, 30.01 W, 960 MHz, 6001 MHz, 100 %, 4969 MiB, 8188 MiB, P4, 0x0000000000000004
2026-09-27 00:12:26,2026/09/27 00:12:26.817, 67, 29.71 W, 1080 MHz, 6001 MHz, 100 %, 4969 MiB, 8188 MiB, P4, 0x0000000000000004
2026-09-27 00:12:36,2026/09/27 00:12:36.867, 67, 30.23 W, 705 MHz, 6001 MHz, 100 %, 4969 MiB, 8188 MiB, P4, 0x0000000000000004
2026-09-27 00:12:46,2026/09/27 00:12:46.919, 66, 30.03 W, 1095 MHz, 6001 MHz, 100 %, 4969 MiB, 8188 MiB, P4, 0x0000000000000004
2026-09-27 00:12:56,2026/09/27 00:12:56.965, 67, 29.71 W, 1095 MHz, 6001 MHz, 100 %, 4969 MiB, 8188 MiB, P4, 0x0000000000000004
2026-09-27 00:13:06,2026/09/27 00:13:07.010, 67, 30.03 W, 570 MHz, 6001 MHz, 100 %, 4969 MiB, 8188 MiB, P4, 0x0000000000000004
2026-09-27 00:13:17,2026/09/27 00:13:17.058, 66, 29.81 W, 1080 MHz, 6001 MHz, 100 %, 4969 MiB, 8188 MiB, P4, 0x0000000000000004
2026-09-27 00:13:27,2026/09/27 00:13:27.110, 67, 29.72 W, 630 MHz, 6001 MHz, 100 %, 4969 MiB, 8188 MiB, P4, 0x0000000000000004
2026-09-27 00:13:37,2026/09/27 00:13:37.153, 67, 30.03 W, 615 MHz, 6001 MHz, 100 %, 4969 MiB, 8188 MiB, P4, 0x0000000000000004
2026-09-27 00:13:47,2026/09/27 00:13:47.199, 66, 29.74 W, 1065 MHz, 6001 MHz, 100 %, 4969 MiB, 8188 MiB, P4, 0x0000000000000004
2026-09-27 00:13:57,2026/09/27 00:13:57.243, 67, 30.19 W, 690 MHz, 6001 MHz, 99 %, 4969 MiB, 8188 MiB, P4, 0x0000000000000004
2026-09-27 00:14:07,2026/09/27 00:14:07.303, 66, 29.79 W, 1155 MHz, 6001 MHz, 100 %, 4969 MiB, 8188 MiB, P4, 0x0000000000000004
2026-09-27 00:14:17,2026/09/27 00:14:17.362, 67, 29.83 W, 975 MHz, 6001 MHz, 100 %, 4969 MiB, 8188 MiB, P4, 0x0000000000000004
2026-09-27 00:14:27,2026/09/27 00:14:27.424, 67, 29.90 W, 960 MHz, 6001 MHz, 99 %, 4969 MiB, 8188 MiB, P4, 0x0000000000000004
2026-09-27 00:14:37,2026/09/27 00:14:37.485, 68, 29.77 W, 1245 MHz, 6001 MHz, 96 %, 4969 MiB, 8188 MiB, P4, 0x0000000000000004
2026-09-27 00:14:47,2026/09/27 00:14:47.549, 67, 29.68 W, 1260 MHz, 6001 MHz, 96 %, 4969 MiB, 8188 MiB, P4, 0x0000000000000004
2026-09-27 00:14:57,2026/09/27 00:14:57.600, 67, 29.88 W, 720 MHz, 6001 MHz, 97 %, 4969 MiB, 8188 MiB, P4, 0x0000000000000004
2026-09-27 00:15:07,2026/09/27 00:15:07.672, 67, 29.77 W, 810 MHz, 6001 MHz, 96 %, 4969 MiB, 8188 MiB, P4, 0x0000000000000004
2026-09-27 00:15:17,2026/09/27 00:15:17.737, 67, 29.99 W, 855 MHz, 6001 MHz, 99 %, 4969 MiB, 8188 MiB, P4, 0x0000000000000004
2026-09-27 00:15:27,2026/09/27 00:15:27.811, 67, 29.97 W, 1020 MHz, 6001 MHz, 100 %, 4969 MiB, 8188 MiB, P4, 0x0000000000000004
2026-09-27 00:15:37,2026/09/27 00:15:37.873, 67, 29.90 W, 915 MHz, 6001 MHz, 100 %, 4969 MiB, 8188 MiB, P4, 0x0000000000000004
2026-09-27 00:15:47,2026/09/27 00:15:47.937, 67, 29.94 W, 945 MHz, 6001 MHz, 99 %, 4969 MiB, 8188 MiB, P4, 0x0000000000000004
2026-09-27 00:15:57,2026/09/27 00:15:58.004, 67, 29.75 W, 990 MHz, 6001 MHz, 99 %, 4969 MiB, 8188 MiB, P4, 0x0000000000000004
2026-09-27 00:16:08,2026/09/27 00:16:08.073, 80, 82.02 W, 2295 MHz, 8001 MHz, 95 %, 4969 MiB, 8188 MiB, P0, 0x0000000000000020
2026-09-27 00:16:18,2026/09/27 00:16:18.117, 68, 29.98 W, 930 MHz, 6001 MHz, 98 %, 4969 MiB, 8188 MiB, P4, 0x0000000000000004
2026-09-27 00:16:28,2026/09/27 00:16:28.189, 67, 29.88 W, 975 MHz, 6001 MHz, 96 %, 4969 MiB, 8188 MiB, P4, 0x0000000000000004
2026-09-27 00:16:38,2026/09/27 00:16:38.255, 67, 29.97 W, 1035 MHz, 6001 MHz, 100 %, 4969 MiB, 8188 MiB, P4, 0x0000000000000004
2026-09-27 00:16:48,2026/09/27 00:16:48.316, 67, 29.99 W, 1095 MHz, 6001 MHz, 99 %, 4969 MiB, 8188 MiB, P4, 0x0000000000000004
2026-09-27 00:16:58,2026/09/27 00:16:58.390, 67, 30.06 W, 1095 MHz, 6001 MHz, 99 %, 4969 MiB, 8188 MiB, P4, 0x0000000000000004
2026-09-27 00:17:08,2026/09/27 00:17:08.456, 66, 29.95 W, 810 MHz, 6001 MHz, 100 %, 4969 MiB, 8188 MiB, P4, 0x0000000000000004
2026-09-27 00:17:18,2026/09/27 00:17:18.522, 67, 29.93 W, 915 MHz, 6001 MHz, 100 %, 4969 MiB, 8188 MiB, P4, 0x0000000000000004
2026-09-27 00:17:28,2026/09/27 00:17:28.596, 67, 29.98 W, 735 MHz, 6001 MHz, 97 %, 4969 MiB, 8188 MiB, P4, 0x0000000000000004
2026-09-27 00:17:38,2026/09/27 00:17:38.670, 67, 29.84 W, 615 MHz, 6001 MHz, 96 %, 4969 MiB, 8188 MiB, P4, 0x0000000000000004
2026-09-27 00:17:48,2026/09/27 00:17:48.738, 67, 29.90 W, 885 MHz, 6001 MHz, 100 %, 4969 MiB, 8188 MiB, P4, 0x0000000000000004
2026-09-27 00:17:58,2026/09/27 00:17:58.801, 67, 30.04 W, 870 MHz, 6001 MHz, 100 %, 4969 MiB, 8188 MiB, P4, 0x0000000000000004
2026-09-27 00:18:08,2026/09/27 00:18:08.875, 67, 29.87 W, 870 MHz, 6001 MHz, 100 %, 4969 MiB, 8188 MiB, P4, 0x0000000000000004
2026-09-27 00:18:18,2026/09/27 00:18:18.927, 67, 29.99 W, 960 MHz, 6001 MHz, 100 %, 4969 MiB, 8188 MiB, P4, 0x0000000000000004
2026-09-27 00:18:28,2026/09/27 00:18:28.991, 67, 29.88 W, 1200 MHz, 6001 MHz, 99 %, 4969 MiB, 8188 MiB, P4, 0x0000000000000004
2026-09-27 00:18:39,2026/09/27 00:18:39.067, 67, 29.72 W, 870 MHz, 6001 MHz, 94 %, 4969 MiB, 8188 MiB, P4, 0x0000000000000004
2026-09-27 00:18:49,2026/09/27 00:18:49.139, 73, 30.15 W, 780 MHz, 6001 MHz, 40 %, 4969 MiB, 8188 MiB, P4, 0x0000000000000024
2026-09-27 00:18:59,2026/09/27 00:18:59.186, 68, 29.90 W, 645 MHz, 6001 MHz, 96 %, 4969 MiB, 8188 MiB, P4, 0x0000000000000004
2026-09-27 00:19:09,2026/09/27 00:19:09.251, 67, 29.96 W, 810 MHz, 6001 MHz, 95 %, 4969 MiB, 8188 MiB, P4, 0x0000000000000004
2026-09-27 00:19:19,2026/09/27 00:19:19.311, 67, 29.79 W, 765 MHz, 6001 MHz, 96 %, 4969 MiB, 8188 MiB, P4, 0x0000000000000004
2026-09-27 00:19:29,2026/09/27 00:19:29.383, 67, 29.94 W, 1245 MHz, 6001 MHz, 100 %, 4969 MiB, 8188 MiB, P4, 0x0000000000000004
2026-09-27 00:19:39,2026/09/27 00:19:39.445, 67, 30.07 W, 810 MHz, 6001 MHz, 100 %, 4969 MiB, 8188 MiB, P4, 0x0000000000000004
2026-09-27 00:19:49,2026/09/27 00:19:49.518, 64, 15.90 W, 1500 MHz, 6001 MHz, 0 %, 4969 MiB, 8188 MiB, P4, 0x0000000000000024
2026-09-27 00:19:59,2026/09/27 00:19:59.593, 64, 18.90 W, 360 MHz, 6001 MHz, 0 %, 4969 MiB, 8188 MiB, P4, 0x0000000000000001
2026-09-27 00:20:09,2026/09/27 00:20:09.658, 67, 29.89 W, 585 MHz, 6001 MHz, 100 %, 4969 MiB, 8188 MiB, P4, 0x0000000000000004
2026-09-27 00:20:19,2026/09/27 00:20:19.730, 67, 29.86 W, 615 MHz, 6001 MHz, 91 %, 4969 MiB, 8188 MiB, P4, 0x0000000000000004
2026-09-27 00:20:29,2026/09/27 00:20:29.782, 66, 30.06 W, 1080 MHz, 6001 MHz, 100 %, 4969 MiB, 8188 MiB, P4, 0x0000000000000004
2026-09-27 00:20:39,2026/09/27 00:20:39.833, 67, 29.73 W, 1125 MHz, 6001 MHz, 100 %, 4969 MiB, 8188 MiB, P4, 0x0000000000000004
2026-09-27 00:20:49,2026/09/27 00:20:49.878, 67, 29.97 W, 1050 MHz, 6001 MHz, 100 %, 4969 MiB, 8188 MiB, P4, 0x0000000000000004
2026-09-27 00:20:59,2026/09/27 00:20:59.924, 67, 29.70 W, 1065 MHz, 6001 MHz, 100 %, 4969 MiB, 8188 MiB, P4, 0x0000000000000004
2026-09-27 00:21:09,2026/09/27 00:21:09.972, 67, 30.13 W, 675 MHz, 6001 MHz, 100 %, 4969 MiB, 8188 MiB, P4, 0x0000000000000004
2026-09-27 00:21:19,2026/09/27 00:21:20.022, 66, 29.67 W, 1155 MHz, 6001 MHz, 100 %, 4969 MiB, 8188 MiB, P4, 0x0000000000000004
2026-09-27 00:21:30,2026/09/27 00:21:30.073, 67, 30.03 W, 885 MHz, 6001 MHz, 100 %, 4969 MiB, 8188 MiB, P4, 0x0000000000000004
2026-09-27 00:21:40,2026/09/27 00:21:40.123, 66, 29.75 W, 1110 MHz, 6001 MHz, 100 %, 4969 MiB, 8188 MiB, P4, 0x0000000000000004
2026-09-27 00:21:50,2026/09/27 00:21:50.176, 67, 30.24 W, 720 MHz, 6001 MHz, 100 %, 4969 MiB, 8188 MiB, P4, 0x0000000000000004
2026-09-27 00:22:00,2026/09/27 00:22:00.246, 67, 29.93 W, 1050 MHz, 6001 MHz, 100 %, 4969 MiB, 8188 MiB, P4, 0x0000000000000004
2026-09-27 00:22:10,2026/09/27 00:22:10.316, 67, 29.70 W, 1095 MHz, 6001 MHz, 100 %, 4969 MiB, 8188 MiB, P4, 0x0000000000000004
2026-09-27 00:22:20,2026/09/27 00:22:20.388, 66, 30.06 W, 780 MHz, 6001 MHz, 100 %, 4969 MiB, 8188 MiB, P4, 0x0000000000000004
2026-09-27 00:22:30,2026/09/27 00:22:30.454, 79, 85.69 W, 2295 MHz, 8001 MHz, 89 %, 4969 MiB, 8188 MiB, P0, 0x0000000000000020
2026-09-27 00:22:40,2026/09/27 00:22:40.507, 68, 29.99 W, 810 MHz, 7001 MHz, 100 %, 4969 MiB, 8188 MiB, P3, 0x0000000000000004
2026-09-27 00:22:50,2026/09/27 00:22:50.567, 67, 29.92 W, 840 MHz, 6001 MHz, 100 %, 4969 MiB, 8188 MiB, P4, 0x0000000000000004
2026-09-27 00:23:00,2026/09/27 00:23:00.629, 67, 30.10 W, 870 MHz, 6001 MHz, 100 %, 4969 MiB, 8188 MiB, P4, 0x0000000000000004
2026-09-27 00:23:10,2026/09/27 00:23:10.701, 68, 29.78 W, 675 MHz, 6001 MHz, 100 %, 4969 MiB, 8188 MiB, P4, 0x0000000000000004
2026-09-27 00:23:20,2026/09/27 00:23:20.769, 67, 29.96 W, 855 MHz, 6001 MHz, 100 %, 4969 MiB, 8188 MiB, P4, 0x0000000000000004
2026-09-27 00:23:30,2026/09/27 00:23:30.837, 67, 29.93 W, 855 MHz, 6001 MHz, 100 %, 4969 MiB, 8188 MiB, P4, 0x0000000000000004
2026-09-27 00:23:40,2026/09/27 00:23:40.910, 67, 29.96 W, 855 MHz, 6001 MHz, 100 %, 4969 MiB, 8188 MiB, P4, 0x0000000000000004
2026-09-27 00:23:50,2026/09/27 00:23:50.977, 67, 29.98 W, 855 MHz, 6001 MHz, 94 %, 4969 MiB, 8188 MiB, P4, 0x0000000000000004
2026-09-27 00:24:00,2026/09/27 00:24:01.036, 67, 30.02 W, 810 MHz, 6001 MHz, 100 %, 4969 MiB, 8188 MiB, P4, 0x0000000000000004
2026-09-27 00:24:11,2026/09/27 00:24:11.117, 67, 29.95 W, 1155 MHz, 6001 MHz, 96 %, 4969 MiB, 8188 MiB, P4, 0x0000000000000004
2026-09-27 00:24:21,2026/09/27 00:24:21.202, 67, 29.85 W, 900 MHz, 6001 MHz, 100 %, 4969 MiB, 8188 MiB, P4, 0x0000000000000004
2026-09-27 00:24:31,2026/09/27 00:24:31.245, 66, 29.95 W, 945 MHz, 6001 MHz, 92 %, 4969 MiB, 8188 MiB, P4, 0x0000000000000004
2026-09-27 00:24:41,2026/09/27 00:24:41.314, 67, 29.97 W, 855 MHz, 6001 MHz, 100 %, 4969 MiB, 8188 MiB, P4, 0x0000000000000004
2026-09-27 00:24:51,2026/09/27 00:24:51.369, 67, 29.94 W, 855 MHz, 6001 MHz, 100 %, 4969 MiB, 8188 MiB, P4, 0x0000000000000004
2026-09-27 00:25:01,2026/09/27 00:25:01.439, 67, 29.95 W, 750 MHz, 6001 MHz, 100 %, 4969 MiB, 8188 MiB, P4, 0x0000000000000004
2026-09-27 00:25:11,2026/09/27 00:25:11.504, 67, 29.95 W, 840 MHz, 6001 MHz, 100 %, 4969 MiB, 8188 MiB, P4, 0x0000000000000004
2026-09-27 00:25:21,2026/09/27 00:25:21.563, 67, 29.98 W, 900 MHz, 6001 MHz, 100 %, 4969 MiB, 8188 MiB, P4, 0x0000000000000004
2026-09-27 00:25:31,2026/09/27 00:25:31.631, 67, 29.90 W, 930 MHz, 6001 MHz, 100 %, 4969 MiB, 8188 MiB, P4, 0x0000000000000004
2026-09-27 00:25:41,2026/09/27 00:25:41.699, 67, 29.92 W, 840 MHz, 6001 MHz, 100 %, 4969 MiB, 8188 MiB, P4, 0x0000000000000004
2026-09-27 00:25:51,2026/09/27 00:25:51.775, 67, 29.88 W, 795 MHz, 6001 MHz, 100 %, 4969 MiB, 8188 MiB, P4, 0x0000000000000004
2026-09-27 00:26:01,2026/09/27 00:26:01.836, 66, 29.89 W, 945 MHz, 6001 MHz, 94 %, 4969 MiB, 8188 MiB, P4, 0x0000000000000004
2026-09-27 00:26:11,2026/09/27 00:26:11.896, 67, 29.92 W, 840 MHz, 6001 MHz, 96 %, 4969 MiB, 8188 MiB, P4, 0x0000000000000004
2026-09-27 00:26:21,2026/09/27 00:26:21.964, 67, 29.94 W, 705 MHz, 6001 MHz, 100 %, 4969 MiB, 8188 MiB, P4, 0x0000000000000004
2026-09-27 00:26:31,2026/09/27 00:26:32.034, 75, 78.06 W, 2295 MHz, 7001 MHz, 100 %, 4969 MiB, 8188 MiB, P3, 0x0000000000000020
2026-09-27 00:26:42,2026/09/27 00:26:42.079, 67, 29.90 W, 855 MHz, 6001 MHz, 97 %, 4969 MiB, 8188 MiB, P4, 0x0000000000000004
2026-09-27 00:26:52,2026/09/27 00:26:52.136, 67, 29.98 W, 825 MHz, 6001 MHz, 100 %, 4969 MiB, 8188 MiB, P4, 0x0000000000000004
2026-09-27 00:27:02,2026/09/27 00:27:02.207, 67, 29.89 W, 870 MHz, 6001 MHz, 100 %, 4969 MiB, 8188 MiB, P4, 0x0000000000000004
2026-09-27 00:27:12,2026/09/27 00:27:12.275, 67, 29.96 W, 765 MHz, 6001 MHz, 96 %, 4969 MiB, 8188 MiB, P4, 0x0000000000000004
2026-09-27 00:27:22,2026/09/27 00:27:22.318, 67, 29.96 W, 870 MHz, 6001 MHz, 100 %, 4969 MiB, 8188 MiB, P4, 0x0000000000000004
2026-09-27 00:27:32,2026/09/27 00:27:32.380, 67, 29.89 W, 1365 MHz, 6001 MHz, 100 %, 4969 MiB, 8188 MiB, P4, 0x0000000000000004
2026-09-27 00:27:42,2026/09/27 00:27:42.449, 67, 29.89 W, 825 MHz, 6001 MHz, 96 %, 4969 MiB, 8188 MiB, P4, 0x0000000000000004
2026-09-27 00:27:52,2026/09/27 00:27:52.509, 67, 29.85 W, 1155 MHz, 6001 MHz, 95 %, 4969 MiB, 8188 MiB, P4, 0x0000000000000004
2026-09-27 00:28:02,2026/09/27 00:28:02.561, 67, 30.00 W, 765 MHz, 6001 MHz, 100 %, 4969 MiB, 8188 MiB, P4, 0x0000000000000004
2026-09-27 00:28:12,2026/09/27 00:28:12.626, 67, 29.85 W, 840 MHz, 6001 MHz, 100 %, 4969 MiB, 8188 MiB, P4, 0x0000000000000004
2026-09-27 00:28:22,2026/09/27 00:28:22.673, 67, 29.92 W, 735 MHz, 6001 MHz, 100 %, 4969 MiB, 8188 MiB, P4, 0x0000000000000004
2026-09-27 00:28:32,2026/09/27 00:28:32.729, 67, 29.85 W, 915 MHz, 6001 MHz, 100 %, 4969 MiB, 8188 MiB, P4, 0x0000000000000004
2026-09-27 00:28:42,2026/09/27 00:28:42.788, 67, 29.93 W, 810 MHz, 6001 MHz, 100 %, 4969 MiB, 8188 MiB, P4, 0x0000000000000004
2026-09-27 00:28:52,2026/09/27 00:28:52.852, 67, 29.89 W, 870 MHz, 6001 MHz, 100 %, 4969 MiB, 8188 MiB, P4, 0x0000000000000004
2026-09-27 00:29:02,2026/09/27 00:29:02.916, 67, 30.00 W, 855 MHz, 6001 MHz, 100 %, 4969 MiB, 8188 MiB, P4, 0x0000000000000004
2026-09-27 00:29:12,2026/09/27 00:29:12.977, 67, 29.93 W, 855 MHz, 6001 MHz, 100 %, 4969 MiB, 8188 MiB, P4, 0x0000000000000004
2026-09-27 00:29:22,2026/09/27 00:29:23.030, 67, 29.96 W, 870 MHz, 6001 MHz, 100 %, 4969 MiB, 8188 MiB, P4, 0x0000000000000004
2026-09-27 00:29:33,2026/09/27 00:29:33.104, 67, 29.84 W, 840 MHz, 6001 MHz, 100 %, 4969 MiB, 8188 MiB, P4, 0x0000000000000004
2026-09-27 00:29:43,2026/09/27 00:29:43.152, 67, 29.95 W, 825 MHz, 6001 MHz, 100 %, 4969 MiB, 8188 MiB, P4, 0x0000000000000004
2026-09-27 00:29:53,2026/09/27 00:29:53.227, 67, 29.99 W, 795 MHz, 6001 MHz, 100 %, 4969 MiB, 8188 MiB, P4, 0x0000000000000004
2026-09-27 00:30:03,2026/09/27 00:30:03.295, 67, 30.05 W, 960 MHz, 6001 MHz, 98 %, 4969 MiB, 8188 MiB, P4, 0x0000000000000004
2026-09-27 00:30:13,2026/09/27 00:30:13.365, 66, 29.71 W, 960 MHz, 6001 MHz, 100 %, 4969 MiB, 8188 MiB, P4, 0x0000000000000004
2026-09-27 00:30:23,2026/09/27 00:30:23.432, 67, 33.71 W, 2595 MHz, 8001 MHz, 0 %, 4969 MiB, 8188 MiB, P0, 0x0000000000000000
2026-09-27 00:30:33,2026/09/27 00:30:33.494, 64, 12.88 W, 210 MHz, 6001 MHz, 0 %, 4969 MiB, 8188 MiB, P5, 0x0000000000000001
2026-09-27 00:30:43,2026/09/27 00:30:43.564, 67, 29.88 W, 1080 MHz, 6001 MHz, 100 %, 4969 MiB, 8188 MiB, P4, 0x0000000000000004
2026-09-27 00:30:53,2026/09/27 00:30:53.634, 67, 29.92 W, 960 MHz, 6001 MHz, 100 %, 4969 MiB, 8188 MiB, P4, 0x0000000000000004
2026-09-27 00:31:03,2026/09/27 00:31:03.704, 67, 29.99 W, 810 MHz, 6001 MHz, 99 %, 4969 MiB, 8188 MiB, P4, 0x0000000000000004
2026-09-27 00:31:13,2026/09/27 00:31:13.766, 67, 29.98 W, 855 MHz, 6001 MHz, 99 %, 4969 MiB, 8188 MiB, P4, 0x0000000000000004
2026-09-27 00:31:23,2026/09/27 00:31:23.835, 67, 29.91 W, 945 MHz, 6001 MHz, 100 %, 4969 MiB, 8188 MiB, P4, 0x0000000000000004
2026-09-27 00:31:33,2026/09/27 00:31:33.897, 67, 29.85 W, 915 MHz, 6001 MHz, 99 %, 4969 MiB, 8188 MiB, P4, 0x0000000000000004
2026-09-27 00:31:43,2026/09/27 00:31:43.961, 67, 29.88 W, 870 MHz, 6001 MHz, 99 %, 4969 MiB, 8188 MiB, P4, 0x0000000000000004
2026-09-27 00:31:53,2026/09/27 00:31:54.022, 67, 29.86 W, 990 MHz, 6001 MHz, 94 %, 4969 MiB, 8188 MiB, P4, 0x0000000000000004
2026-09-27 00:32:04,2026/09/27 00:32:04.073, 67, 29.90 W, 1095 MHz, 6001 MHz, 94 %, 4969 MiB, 8188 MiB, P4, 0x0000000000000004
2026-09-27 00:32:14,2026/09/27 00:32:14.132, 67, 29.82 W, 795 MHz, 6001 MHz, 96 %, 4969 MiB, 8188 MiB, P4, 0x0000000000000004
2026-09-27 00:32:24,2026/09/27 00:32:24.202, 67, 29.98 W, 885 MHz, 6001 MHz, 99 %, 4969 MiB, 8188 MiB, P4, 0x0000000000000004
2026-09-27 00:32:34,2026/09/27 00:32:34.275, 67, 29.95 W, 870 MHz, 6001 MHz, 100 %, 4969 MiB, 8188 MiB, P4, 0x0000000000000004
2026-09-27 00:32:44,2026/09/27 00:32:44.338, 67, 29.98 W, 900 MHz, 6001 MHz, 99 %, 4969 MiB, 8188 MiB, P4, 0x0000000000000004
2026-09-27 00:32:54,2026/09/27 00:32:54.405, 67, 29.91 W, 945 MHz, 6001 MHz, 99 %, 4969 MiB, 8188 MiB, P4, 0x0000000000000004
2026-09-27 00:33:04,2026/09/27 00:33:04.471, 67, 29.94 W, 885 MHz, 6001 MHz, 99 %, 4969 MiB, 8188 MiB, P4, 0x0000000000000004
2026-09-27 00:33:14,2026/09/27 00:33:14.532, 67, 29.99 W, 930 MHz, 6001 MHz, 99 %, 4969 MiB, 8188 MiB, P4, 0x0000000000000004
2026-09-27 00:33:24,2026/09/27 00:33:24.595, 67, 29.93 W, 960 MHz, 6001 MHz, 99 %, 4969 MiB, 8188 MiB, P4, 0x0000000000000004
2026-09-27 00:33:34,2026/09/27 00:33:34.655, 67, 29.93 W, 795 MHz, 6001 MHz, 100 %, 4969 MiB, 8188 MiB, P4, 0x0000000000000004
2026-09-27 00:33:44,2026/09/27 00:33:44.714, 67, 30.03 W, 825 MHz, 6001 MHz, 100 %, 4969 MiB, 8188 MiB, P4, 0x0000000000000004
2026-09-27 00:33:54,2026/09/27 00:33:54.779, 67, 29.95 W, 960 MHz, 6001 MHz, 99 %, 4969 MiB, 8188 MiB, P4, 0x0000000000000004
2026-09-27 00:34:04,2026/09/27 00:34:04.842, 74, 63.76 W, 2295 MHz, 8001 MHz, 91 %, 4969 MiB, 8188 MiB, P0, 0x0000000000000020
2026-09-27 00:34:14,2026/09/27 00:34:14.903, 75, 62.95 W, 2295 MHz, 8001 MHz, 88 %, 4969 MiB, 8188 MiB, P0, 0x0000000000000020
2026-09-27 00:34:24,2026/09/27 00:34:24.960, 76, 62.93 W, 2295 MHz, 8001 MHz, 88 %, 4969 MiB, 8188 MiB, P0, 0x0000000000000020
2026-09-27 00:34:34,2026/09/27 00:34:35.022, 76, 63.20 W, 2295 MHz, 8001 MHz, 90 %, 4969 MiB, 8188 MiB, P0, 0x0000000000000020
2026-09-27 00:34:45,2026/09/27 00:34:45.093, 76, 62.03 W, 2295 MHz, 8001 MHz, 88 %, 4969 MiB, 8188 MiB, P0, 0x0000000000000020
2026-09-27 00:34:55,2026/09/27 00:34:55.162, 77, 63.42 W, 2295 MHz, 8001 MHz, 90 %, 4969 MiB, 8188 MiB, P0, 0x0000000000000020
2026-09-27 00:35:05,2026/09/27 00:35:05.230, 77, 63.34 W, 2295 MHz, 8001 MHz, 89 %, 4969 MiB, 8188 MiB, P0, 0x0000000000000020
2026-09-27 00:35:15,2026/09/27 00:35:15.303, 76, 63.32 W, 2295 MHz, 8001 MHz, 88 %, 4969 MiB, 8188 MiB, P0, 0x0000000000000020
2026-09-27 00:35:25,2026/09/27 00:35:25.376, 76, 63.44 W, 2295 MHz, 8001 MHz, 87 %, 4969 MiB, 8188 MiB, P0, 0x0000000000000020
2026-09-27 00:35:35,2026/09/27 00:35:35.435, 69, 33.68 W, 2595 MHz, 8001 MHz, 0 %, 4969 MiB, 8188 MiB, P0, 0x0000000000000000
2026-09-27 00:35:45,2026/09/27 00:35:45.505, 64, 3.60 W, 210 MHz, 405 MHz, 0 %, 4969 MiB, 8188 MiB, P8, 0x0000000000000001
2026-09-27 00:35:55,2026/09/27 00:35:55.577, 78, 69.82 W, 2295 MHz, 8001 MHz, 100 %, 4969 MiB, 8188 MiB, P0, 0x0000000000000020
2026-09-27 00:36:05,2026/09/27 00:36:05.636, 76, 63.45 W, 2295 MHz, 8001 MHz, 88 %, 4969 MiB, 8188 MiB, P0, 0x0000000000000020
2026-09-27 00:36:15,2026/09/27 00:36:15.709, 77, 63.91 W, 2295 MHz, 8001 MHz, 88 %, 4969 MiB, 8188 MiB, P0, 0x0000000000000020
2026-09-27 00:36:25,2026/09/27 00:36:25.782, 77, 63.80 W, 2295 MHz, 8001 MHz, 91 %, 4969 MiB, 8188 MiB, P0, 0x0000000000000020
2026-09-27 00:36:35,2026/09/27 00:36:35.847, 77, 64.00 W, 2295 MHz, 8001 MHz, 88 %, 4969 MiB, 8188 MiB, P0, 0x0000000000000020
2026-09-27 00:36:45,2026/09/27 00:36:45.911, 77, 64.42 W, 2295 MHz, 8001 MHz, 91 %, 4969 MiB, 8188 MiB, P0, 0x0000000000000020
2026-09-27 00:36:55,2026/09/27 00:36:55.978, 66, 24.87 W, 630 MHz, 6001 MHz, 0 %, 4969 MiB, 8188 MiB, P4, 0x0000000000000001
2026-09-27 00:37:05,2026/09/27 00:37:06.046, 80, 65.79 W, 2325 MHz, 8001 MHz, 99 %, 4969 MiB, 8188 MiB, P0, 0x0000000000000020
2026-09-27 00:37:16,2026/09/27 00:37:16.121, 70, 62.22 W, 2595 MHz, 8001 MHz, 0 %, 4969 MiB, 8188 MiB, P0, 0x0000000000000000
2026-09-27 00:37:26,2026/09/27 00:37:26.192, 77, 63.54 W, 2295 MHz, 8001 MHz, 90 %, 4969 MiB, 8188 MiB, P0, 0x0000000000000020
2026-09-27 00:37:36,2026/09/27 00:37:36.255, 77, 63.66 W, 2295 MHz, 8001 MHz, 88 %, 4969 MiB, 8188 MiB, P0, 0x0000000000000020
2026-09-27 00:37:46,2026/09/27 00:37:46.316, 77, 63.03 W, 2295 MHz, 8001 MHz, 89 %, 4969 MiB, 8188 MiB, P0, 0x0000000000000020
2026-09-27 00:37:56,2026/09/27 00:37:56.383, 69, 32.69 W, 2595 MHz, 8001 MHz, 0 %, 4969 MiB, 8188 MiB, P4, 0x0000000000000000
2026-09-27 00:38:06,2026/09/27 00:38:06.446, 64, 10.74 W, 210 MHz, 810 MHz, 0 %, 4969 MiB, 8188 MiB, P5, 0x0000000000000001
2026-09-27 00:38:16,2026/09/27 00:38:16.518, 76, 70.45 W, 2295 MHz, 8001 MHz, 99 %, 4969 MiB, 8188 MiB, P0, 0x0000000000000020
2026-09-27 00:38:26,2026/09/27 00:38:26.583, 76, 63.05 W, 2295 MHz, 8001 MHz, 82 %, 4969 MiB, 8188 MiB, P0, 0x0000000000000020
2026-09-27 00:38:36,2026/09/27 00:38:36.644, 76, 62.99 W, 2295 MHz, 8001 MHz, 83 %, 4969 MiB, 8188 MiB, P0, 0x0000000000000020
2026-09-27 00:38:46,2026/09/27 00:38:46.712, 77, 62.65 W, 2295 MHz, 8001 MHz, 81 %, 4969 MiB, 8188 MiB, P0, 0x0000000000000020
2026-09-27 00:38:56,2026/09/27 00:38:56.774, 76, 63.19 W, 2295 MHz, 8001 MHz, 78 %, 4969 MiB, 8188 MiB, P0, 0x0000000000000020
2026-09-27 00:39:06,2026/09/27 00:39:06.836, 70, 31.29 W, 2595 MHz, 8001 MHz, 0 %, 4969 MiB, 8188 MiB, P0, 0x0000000000000000
2026-09-27 00:39:16,2026/09/27 00:39:16.898, 64, 3.61 W, 210 MHz, 405 MHz, 0 %, 4969 MiB, 8188 MiB, P8, 0x0000000000000001
2026-09-27 00:39:26,2026/09/27 00:39:26.969, 68, 29.61 W, 1035 MHz, 6001 MHz, 99 %, 4969 MiB, 8188 MiB, P4, 0x0000000000000004
2026-09-27 00:39:36,2026/09/27 00:39:37.030, 68, 29.17 W, 1320 MHz, 6001 MHz, 88 %, 4969 MiB, 8188 MiB, P4, 0x0000000000000004
2026-09-27 00:39:47,2026/09/27 00:39:47.104, 68, 29.20 W, 1320 MHz, 6001 MHz, 87 %, 4969 MiB, 8188 MiB, P4, 0x0000000000000004
2026-09-27 00:39:57,2026/09/27 00:39:57.177, 68, 28.75 W, 1275 MHz, 6001 MHz, 78 %, 4969 MiB, 8188 MiB, P4, 0x0000000000000004
2026-09-27 00:40:07,2026/09/27 00:40:07.249, 68, 29.09 W, 1365 MHz, 6001 MHz, 90 %, 4969 MiB, 8188 MiB, P4, 0x0000000000000004
2026-09-27 00:40:17,2026/09/27 00:40:17.320, 65, 24.62 W, 570 MHz, 6001 MHz, 0 %, 4969 MiB, 8188 MiB, P4, 0x0000000000000001
2026-09-27 00:40:27,2026/09/27 00:40:27.390, 78, 72.66 W, 2385 MHz, 8001 MHz, 99 %, 4969 MiB, 8188 MiB, P0, 0x0000000000000020
2026-09-27 00:40:37,2026/09/27 00:40:37.455, 76, 62.80 W, 2295 MHz, 8001 MHz, 81 %, 4969 MiB, 8188 MiB, P0, 0x0000000000000020
2026-09-27 00:40:47,2026/09/27 00:40:47.521, 77, 62.92 W, 2295 MHz, 8001 MHz, 72 %, 4969 MiB, 8188 MiB, P0, 0x0000000000000020
2026-09-27 00:40:57,2026/09/27 00:40:57.585, 76, 62.54 W, 2295 MHz, 8001 MHz, 81 %, 4969 MiB, 8188 MiB, P0, 0x0000000000000020
2026-09-27 00:41:07,2026/09/27 00:41:07.653, 67, 24.86 W, 525 MHz, 6001 MHz, 0 %, 4969 MiB, 8188 MiB, P4, 0x0000000000000001
2026-09-27 00:41:17,2026/09/27 00:41:17.716, 63, 4.61 W, 210 MHz, 405 MHz, 0 %, 4969 MiB, 8188 MiB, P8, 0x0000000000000001
2026-09-27 00:41:27,2026/09/27 00:41:27.785, 77, 71.86 W, 2295 MHz, 8001 MHz, 100 %, 4969 MiB, 8188 MiB, P0, 0x0000000000000020
2026-09-27 00:41:37,2026/09/27 00:41:37.856, 66, 29.77 W, 630 MHz, 6001 MHz, 97 %, 4969 MiB, 8188 MiB, P4, 0x0000000000000004
2026-09-27 00:41:47,2026/09/27 00:41:47.920, 75, 78.87 W, 2295 MHz, 8001 MHz, 96 %, 4969 MiB, 8188 MiB, P0, 0x0000000000000020
2026-09-27 00:41:57,2026/09/27 00:41:57.988, 78, 85.55 W, 2295 MHz, 8001 MHz, 96 %, 4969 MiB, 8188 MiB, P0, 0x0000000000000020
2026-09-27 00:42:08,2026/09/27 00:42:08.065, 78, 86.19 W, 2445 MHz, 8001 MHz, 97 %, 4969 MiB, 8188 MiB, P0, 0x0000000000000020
2026-09-27 00:42:18,2026/09/27 00:42:18.123, 68, 29.75 W, 525 MHz, 6001 MHz, 97 %, 4969 MiB, 8188 MiB, P4, 0x0000000000000004
2026-09-27 00:42:28,2026/09/27 00:42:28.195, 67, 29.89 W, 570 MHz, 6001 MHz, 100 %, 4969 MiB, 8188 MiB, P4, 0x0000000000000004
2026-09-27 00:42:38,2026/09/27 00:42:38.259, 68, 29.73 W, 540 MHz, 6001 MHz, 100 %, 4969 MiB, 8188 MiB, P4, 0x0000000000000004
2026-09-27 00:42:48,2026/09/27 00:42:48.333, 67, 29.81 W, 615 MHz, 6001 MHz, 97 %, 4969 MiB, 8188 MiB, P4, 0x0000000000000004
2026-09-27 00:42:58,2026/09/27 00:42:58.404, 67, 29.77 W, 345 MHz, 6001 MHz, 97 %, 4969 MiB, 8188 MiB, P4, 0x0000000000000004
2026-09-27 00:43:08,2026/09/27 00:43:08.469, 67, 29.94 W, 285 MHz, 6001 MHz, 100 %, 4969 MiB, 8188 MiB, P4, 0x0000000000000004
2026-09-27 00:43:18,2026/09/27 00:43:18.533, 67, 29.79 W, 300 MHz, 6001 MHz, 100 %, 4969 MiB, 8188 MiB, P4, 0x0000000000000004
2026-09-27 00:43:28,2026/09/27 00:43:28.578, 67, 29.72 W, 525 MHz, 6001 MHz, 97 %, 4969 MiB, 8188 MiB, P4, 0x0000000000000004
2026-09-27 00:43:38,2026/09/27 00:43:38.651, 67, 29.90 W, 345 MHz, 6001 MHz, 100 %, 4969 MiB, 8188 MiB, P4, 0x0000000000000004
2026-09-27 00:43:48,2026/09/27 00:43:48.697, 67, 29.88 W, 270 MHz, 6001 MHz, 100 %, 4969 MiB, 8188 MiB, P4, 0x0000000000000004
2026-09-27 00:43:58,2026/09/27 00:43:58.760, 67, 29.73 W, 555 MHz, 6001 MHz, 97 %, 4969 MiB, 8188 MiB, P4, 0x0000000000000004
2026-09-27 00:44:08,2026/09/27 00:44:08.823, 67, 29.89 W, 330 MHz, 6001 MHz, 100 %, 4969 MiB, 8188 MiB, P4, 0x0000000000000004
2026-09-27 00:44:18,2026/09/27 00:44:18.894, 67, 30.00 W, 270 MHz, 6001 MHz, 100 %, 4969 MiB, 8188 MiB, P4, 0x0000000000000004
2026-09-27 00:44:28,2026/09/27 00:44:28.960, 66, 29.81 W, 345 MHz, 6001 MHz, 100 %, 4969 MiB, 8188 MiB, P4, 0x0000000000000004
2026-09-27 00:44:38,2026/09/27 00:44:39.030, 66, 29.95 W, 285 MHz, 6001 MHz, 100 %, 4969 MiB, 8188 MiB, P4, 0x0000000000000004
2026-09-27 00:44:49,2026/09/27 00:44:49.097, 67, 29.75 W, 465 MHz, 6001 MHz, 98 %, 4969 MiB, 8188 MiB, P4, 0x0000000000000004
2026-09-27 00:44:59,2026/09/27 00:44:59.162, 67, 29.71 W, 555 MHz, 6001 MHz, 97 %, 4969 MiB, 8188 MiB, P4, 0x0000000000000004
2026-09-27 00:45:09,2026/09/27 00:45:09.234, 67, 29.87 W, 255 MHz, 6001 MHz, 100 %, 4969 MiB, 8188 MiB, P4, 0x0000000000000004
2026-09-27 00:45:19,2026/09/27 00:45:19.298, 79, 85.95 W, 2295 MHz, 8001 MHz, 97 %, 4969 MiB, 8188 MiB, P0, 0x0000000000000020
2026-09-27 00:45:29,2026/09/27 00:45:29.360, 78, 86.60 W, 2295 MHz, 8001 MHz, 96 %, 4969 MiB, 8188 MiB, P0, 0x0000000000000020
2026-09-27 00:45:39,2026/09/27 00:45:39.429, 78, 87.57 W, 2295 MHz, 8001 MHz, 97 %, 4969 MiB, 8188 MiB, P0, 0x0000000000000020
2026-09-27 00:45:49,2026/09/27 00:45:49.493, 69, 29.84 W, 570 MHz, 6001 MHz, 100 %, 4969 MiB, 8188 MiB, P4, 0x0000000000000004
2026-09-27 00:45:59,2026/09/27 00:45:59.558, 68, 29.99 W, 300 MHz, 6001 MHz, 100 %, 4969 MiB, 8188 MiB, P4, 0x0000000000000004
2026-09-27 00:46:09,2026/09/27 00:46:09.620, 68, 29.90 W, 615 MHz, 6001 MHz, 100 %, 4969 MiB, 8188 MiB, P4, 0x0000000000000004
2026-09-27 00:46:19,2026/09/27 00:46:19.696, 68, 29.71 W, 360 MHz, 6001 MHz, 96 %, 4969 MiB, 8188 MiB, P4, 0x0000000000000004
2026-09-27 00:46:29,2026/09/27 00:46:29.763, 67, 29.72 W, 360 MHz, 6001 MHz, 97 %, 4969 MiB, 8188 MiB, P4, 0x0000000000000004
2026-09-27 00:46:39,2026/09/27 00:46:39.833, 67, 29.87 W, 585 MHz, 6001 MHz, 97 %, 4969 MiB, 8188 MiB, P4, 0x0000000000000004
2026-09-27 00:46:49,2026/09/27 00:46:49.895, 67, 29.77 W, 570 MHz, 6001 MHz, 96 %, 4969 MiB, 8188 MiB, P4, 0x0000000000000004
2026-09-27 00:46:59,2026/09/27 00:46:59.962, 67, 29.72 W, 495 MHz, 6001 MHz, 97 %, 4969 MiB, 8188 MiB, P4, 0x0000000000000004
2026-09-27 00:47:09,2026/09/27 00:47:10.028, 67, 29.83 W, 330 MHz, 6001 MHz, 100 %, 4969 MiB, 8188 MiB, P4, 0x0000000000000004
2026-09-27 00:47:20,2026/09/27 00:47:20.100, 67, 29.71 W, 570 MHz, 6001 MHz, 96 %, 4969 MiB, 8188 MiB, P4, 0x0000000000000004
2026-09-27 00:47:30,2026/09/27 00:47:30.174, 67, 29.80 W, 360 MHz, 6001 MHz, 97 %, 4969 MiB, 8188 MiB, P4, 0x0000000000000004
2026-09-27 00:47:40,2026/09/27 00:47:40.233, 67, 29.79 W, 285 MHz, 6001 MHz, 100 %, 4969 MiB, 8188 MiB, P4, 0x0000000000000004
2026-09-27 00:47:50,2026/09/27 00:47:50.294, 67, 29.85 W, 330 MHz, 6001 MHz, 100 %, 4969 MiB, 8188 MiB, P4, 0x0000000000000004
2026-09-27 00:48:00,2026/09/27 00:48:00.361, 67, 30.05 W, 300 MHz, 6001 MHz, 100 %, 4969 MiB, 8188 MiB, P4, 0x0000000000000004
2026-09-27 00:48:10,2026/09/27 00:48:10.422, 67, 29.93 W, 435 MHz, 6001 MHz, 100 %, 4969 MiB, 8188 MiB, P4, 0x0000000000000004
2026-09-27 00:48:20,2026/09/27 00:48:20.485, 67, 29.90 W, 510 MHz, 6001 MHz, 96 %, 4969 MiB, 8188 MiB, P4, 0x0000000000000004
2026-09-27 00:48:30,2026/09/27 00:48:30.547, 67, 29.93 W, 300 MHz, 6001 MHz, 100 %, 4969 MiB, 8188 MiB, P4, 0x0000000000000004
2026-09-27 00:48:40,2026/09/27 00:48:40.616, 67, 29.89 W, 525 MHz, 6001 MHz, 98 %, 4969 MiB, 8188 MiB, P4, 0x0000000000000004
2026-09-27 00:48:50,2026/09/27 00:48:50.684, 67, 29.64 W, 510 MHz, 6001 MHz, 96 %, 4969 MiB, 8188 MiB, P4, 0x0000000000000004
2026-09-27 00:49:00,2026/09/27 00:49:00.746, 67, 29.93 W, 405 MHz, 6001 MHz, 96 %, 4969 MiB, 8188 MiB, P4, 0x0000000000000004
2026-09-27 00:49:10,2026/09/27 00:49:10.817, 66, 29.81 W, 645 MHz, 6001 MHz, 97 %, 4969 MiB, 8188 MiB, P4, 0x0000000000000004
2026-09-27 00:49:20,2026/09/27 00:49:20.885, 66, 29.86 W, 630 MHz, 6001 MHz, 98 %, 4969 MiB, 8188 MiB, P4, 0x0000000000000004
2026-09-27 00:49:30,2026/09/27 00:49:30.955, 66, 29.83 W, 570 MHz, 6001 MHz, 100 %, 4969 MiB, 8188 MiB, P4, 0x0000000000000004
2026-09-27 00:49:40,2026/09/27 00:49:41.022, 67, 29.78 W, 510 MHz, 6001 MHz, 96 %, 4969 MiB, 8188 MiB, P4, 0x0000000000000004
2026-09-27 00:49:51,2026/09/27 00:49:51.093, 67, 29.91 W, 285 MHz, 6001 MHz, 100 %, 4969 MiB, 8188 MiB, P4, 0x0000000000000004
2026-09-27 00:50:01,2026/09/27 00:50:01.152, 66, 29.70 W, 540 MHz, 6001 MHz, 96 %, 4969 MiB, 8188 MiB, P4, 0x0000000000000004
2026-09-27 00:50:11,2026/09/27 00:50:11.215, 79, 85.04 W, 2295 MHz, 8001 MHz, 95 %, 4969 MiB, 8188 MiB, P0, 0x0000000000000020
2026-09-27 00:50:21,2026/09/27 00:50:21.279, 78, 85.57 W, 2295 MHz, 8001 MHz, 96 %, 4969 MiB, 8188 MiB, P0, 0x0000000000000020
2026-09-27 00:50:31,2026/09/27 00:50:31.344, 68, 29.83 W, 345 MHz, 6001 MHz, 97 %, 4969 MiB, 8188 MiB, P4, 0x0000000000000004
2026-09-27 00:50:41,2026/09/27 00:50:41.411, 68, 29.78 W, 300 MHz, 6001 MHz, 100 %, 4969 MiB, 8188 MiB, P4, 0x0000000000000004
2026-09-27 00:50:51,2026/09/27 00:50:51.473, 68, 29.88 W, 525 MHz, 6001 MHz, 100 %, 4969 MiB, 8188 MiB, P4, 0x0000000000000004
2026-09-27 00:51:01,2026/09/27 00:51:01.537, 68, 29.96 W, 390 MHz, 6001 MHz, 100 %, 4969 MiB, 8188 MiB, P4, 0x0000000000000004
2026-09-27 00:51:11,2026/09/27 00:51:11.604, 68, 29.92 W, 600 MHz, 6001 MHz, 97 %, 4969 MiB, 8188 MiB, P4, 0x0000000000000004
2026-09-27 00:51:21,2026/09/27 00:51:21.679, 67, 29.77 W, 270 MHz, 6001 MHz, 100 %, 4969 MiB, 8188 MiB, P4, 0x0000000000000004
2026-09-27 00:51:31,2026/09/27 00:51:31.742, 67, 29.81 W, 270 MHz, 6001 MHz, 100 %, 4969 MiB, 8188 MiB, P4, 0x0000000000000004
2026-09-27 00:51:41,2026/09/27 00:51:41.805, 67, 29.90 W, 270 MHz, 6001 MHz, 100 %, 4969 MiB, 8188 MiB, P4, 0x0000000000000004
2026-09-27 00:51:51,2026/09/27 00:51:51.865, 67, 29.70 W, 570 MHz, 6001 MHz, 97 %, 4969 MiB, 8188 MiB, P4, 0x0000000000000004
2026-09-27 00:52:01,2026/09/27 00:52:01.936, 67, 29.85 W, 360 MHz, 6001 MHz, 100 %, 4969 MiB, 8188 MiB, P4, 0x0000000000000004
2026-09-27 00:52:11,2026/09/27 00:52:12.008, 67, 29.89 W, 600 MHz, 6001 MHz, 100 %, 4969 MiB, 8188 MiB, P4, 0x0000000000000004
2026-09-27 00:52:22,2026/09/27 00:52:22.077, 67, 30.02 W, 315 MHz, 6001 MHz, 100 %, 4969 MiB, 8188 MiB, P4, 0x0000000000000004
2026-09-27 00:52:32,2026/09/27 00:52:32.143, 67, 29.85 W, 495 MHz, 6001 MHz, 96 %, 4969 MiB, 8188 MiB, P4, 0x0000000000000004
2026-09-27 00:52:42,2026/09/27 00:52:42.208, 67, 29.93 W, 450 MHz, 6001 MHz, 100 %, 4969 MiB, 8188 MiB, P4, 0x0000000000000004
2026-09-27 00:52:52,2026/09/27 00:52:52.274, 67, 29.84 W, 510 MHz, 6001 MHz, 95 %, 4969 MiB, 8188 MiB, P4, 0x0000000000000004
2026-09-27 00:53:02,2026/09/27 00:53:02.343, 66, 29.87 W, 600 MHz, 6001 MHz, 100 %, 4969 MiB, 8188 MiB, P4, 0x0000000000000004
2026-09-27 00:53:12,2026/09/27 00:53:12.402, 66, 29.78 W, 585 MHz, 6001 MHz, 100 %, 4969 MiB, 8188 MiB, P4, 0x0000000000000004
2026-09-27 00:53:22,2026/09/27 00:53:22.467, 66, 29.74 W, 525 MHz, 6001 MHz, 97 %, 4969 MiB, 8188 MiB, P4, 0x0000000000000004
2026-09-27 00:53:32,2026/09/27 00:53:32.533, 66, 29.87 W, 555 MHz, 6001 MHz, 97 %, 4969 MiB, 8188 MiB, P4, 0x0000000000000004
2026-09-27 00:53:42,2026/09/27 00:53:42.603, 66, 29.81 W, 555 MHz, 6001 MHz, 97 %, 4969 MiB, 8188 MiB, P4, 0x0000000000000004
2026-09-27 00:53:52,2026/09/27 00:53:52.668, 66, 29.65 W, 600 MHz, 6001 MHz, 97 %, 4969 MiB, 8188 MiB, P4, 0x0000000000000004
2026-09-27 00:54:02,2026/09/27 00:54:02.730, 66, 25.86 W, 525 MHz, 6001 MHz, 0 %, 4969 MiB, 8188 MiB, P4, 0x0000000000000001
2026-09-27 00:54:12,2026/09/27 00:54:12.942, 67, 44.31 W, 2595 MHz, 8001 MHz, 0 %, 4969 MiB, 8188 MiB, P0, 0x0000000000000000
2026-09-27 00:54:22,2026/09/27 00:54:23.065, 62, 3.55 W, 210 MHz, 405 MHz, 0 %, 4969 MiB, 8188 MiB, P8, 0x0000000000000001
2026-09-27 00:54:33,2026/09/27 00:54:33.143, 66, 30.04 W, 525 MHz, 6001 MHz, 100 %, 4969 MiB, 8188 MiB, P4, 0x0000000000000004
2026-09-27 00:54:43,2026/09/27 00:54:43.197, 66, 29.89 W, 555 MHz, 6001 MHz, 100 %, 4969 MiB, 8188 MiB, P4, 0x0000000000000004
2026-09-27 00:54:53,2026/09/27 00:54:53.260, 67, 29.91 W, 585 MHz, 6001 MHz, 100 %, 4969 MiB, 8188 MiB, P4, 0x0000000000000004
2026-09-27 00:55:03,2026/09/27 00:55:03.326, 66, 29.99 W, 495 MHz, 6001 MHz, 100 %, 4969 MiB, 8188 MiB, P4, 0x0000000000000004
2026-09-27 00:55:13,2026/09/27 00:55:13.376, 66, 30.02 W, 540 MHz, 6001 MHz, 100 %, 4969 MiB, 8188 MiB, P4, 0x0000000000000004
2026-09-27 00:55:23,2026/09/27 00:55:23.448, 66, 29.98 W, 495 MHz, 6001 MHz, 100 %, 4969 MiB, 8188 MiB, P4, 0x0000000000000004
2026-09-27 00:55:33,2026/09/27 00:55:33.500, 67, 29.89 W, 585 MHz, 6001 MHz, 100 %, 4969 MiB, 8188 MiB, P4, 0x0000000000000004
2026-09-27 00:55:43,2026/09/27 00:55:43.573, 66, 30.01 W, 570 MHz, 6001 MHz, 100 %, 4969 MiB, 8188 MiB, P4, 0x0000000000000004
2026-09-27 00:55:53,2026/09/27 00:55:53.643, 77, 85.94 W, 2295 MHz, 8001 MHz, 97 %, 4969 MiB, 8188 MiB, P0, 0x0000000000000020
2026-09-27 00:56:03,2026/09/27 00:56:03.708, 78, 87.01 W, 2295 MHz, 8001 MHz, 96 %, 4969 MiB, 8188 MiB, P0, 0x0000000000000020
2026-09-27 00:56:13,2026/09/27 00:56:13.772, 78, 86.92 W, 2295 MHz, 8001 MHz, 97 %, 4969 MiB, 8188 MiB, P0, 0x0000000000000020
2026-09-27 00:56:23,2026/09/27 00:56:23.836, 70, 29.33 W, 540 MHz, 6001 MHz, 97 %, 4969 MiB, 8188 MiB, P4, 0x0000000000000024
2026-09-27 00:56:33,2026/09/27 00:56:33.907, 69, 29.89 W, 495 MHz, 6001 MHz, 97 %, 4969 MiB, 8188 MiB, P4, 0x0000000000000004
2026-09-27 00:56:43,2026/09/27 00:56:43.972, 68, 29.85 W, 555 MHz, 6001 MHz, 100 %, 4969 MiB, 8188 MiB, P4, 0x0000000000000004
2026-09-27 00:56:53,2026/09/27 00:56:54.033, 68, 29.93 W, 315 MHz, 6001 MHz, 100 %, 4969 MiB, 8188 MiB, P4, 0x0000000000000004
2026-09-27 00:57:04,2026/09/27 00:57:04.101, 68, 29.90 W, 465 MHz, 6001 MHz, 100 %, 4969 MiB, 8188 MiB, P4, 0x0000000000000004
2026-09-27 00:57:14,2026/09/27 00:57:14.162, 68, 30.00 W, 420 MHz, 6001 MHz, 100 %, 4969 MiB, 8188 MiB, P4, 0x0000000000000004
2026-09-27 00:57:24,2026/09/27 00:57:24.236, 67, 29.90 W, 570 MHz, 6001 MHz, 97 %, 4969 MiB, 8188 MiB, P4, 0x0000000000000004
2026-09-27 00:57:34,2026/09/27 00:57:34.295, 67, 29.67 W, 405 MHz, 6001 MHz, 97 %, 4969 MiB, 8188 MiB, P4, 0x0000000000000004
2026-09-27 00:57:44,2026/09/27 00:57:44.369, 67, 29.99 W, 525 MHz, 6001 MHz, 97 %, 4969 MiB, 8188 MiB, P4, 0x0000000000000004
2026-09-27 00:57:54,2026/09/27 00:57:54.438, 67, 29.98 W, 300 MHz, 6001 MHz, 100 %, 4969 MiB, 8188 MiB, P4, 0x0000000000000004
2026-09-27 00:58:04,2026/09/27 00:58:04.498, 67, 30.00 W, 420 MHz, 6001 MHz, 100 %, 4969 MiB, 8188 MiB, P4, 0x0000000000000004
2026-09-27 00:58:14,2026/09/27 00:58:14.570, 67, 29.89 W, 525 MHz, 6001 MHz, 100 %, 4969 MiB, 8188 MiB, P4, 0x0000000000000004
2026-09-27 00:58:24,2026/09/27 00:58:24.642, 67, 29.84 W, 510 MHz, 6001 MHz, 100 %, 4969 MiB, 8188 MiB, P4, 0x0000000000000004
2026-09-27 00:58:34,2026/09/27 00:58:34.697, 67, 29.81 W, 585 MHz, 6001 MHz, 97 %, 4969 MiB, 8188 MiB, P4, 0x0000000000000004
2026-09-27 00:58:44,2026/09/27 00:58:44.757, 67, 30.09 W, 630 MHz, 6001 MHz, 100 %, 4969 MiB, 8188 MiB, P4, 0x0000000000000004
2026-09-27 00:58:54,2026/09/27 00:58:54.823, 67, 29.75 W, 525 MHz, 6001 MHz, 90 %, 4969 MiB, 8188 MiB, P4, 0x0000000000000004
2026-09-27 00:59:04,2026/09/27 00:59:04.885, 67, 29.88 W, 435 MHz, 6001 MHz, 100 %, 4969 MiB, 8188 MiB, P4, 0x0000000000000004
2026-09-27 00:59:14,2026/09/27 00:59:14.948, 67, 29.88 W, 450 MHz, 6001 MHz, 99 %, 4969 MiB, 8188 MiB, P4, 0x0000000000000004
2026-09-27 00:59:24,2026/09/27 00:59:25.013, 67, 29.78 W, 510 MHz, 6001 MHz, 96 %, 4969 MiB, 8188 MiB, P4, 0x0000000000000004
2026-09-27 00:59:35,2026/09/27 00:59:35.070, 67, 29.89 W, 270 MHz, 6001 MHz, 100 %, 4969 MiB, 8188 MiB, P4, 0x0000000000000004
2026-09-27 00:59:45,2026/09/27 00:59:45.131, 67, 29.92 W, 285 MHz, 6001 MHz, 100 %, 4969 MiB, 8188 MiB, P4, 0x0000000000000004
2026-09-27 00:59:55,2026/09/27 00:59:55.190, 67, 29.98 W, 300 MHz, 6001 MHz, 100 %, 4969 MiB, 8188 MiB, P4, 0x0000000000000004
2026-09-27 01:00:05,2026/09/27 01:00:05.254, 67, 29.86 W, 255 MHz, 6001 MHz, 100 %, 4969 MiB, 8188 MiB, P4, 0x0000000000000004
2026-09-27 01:00:15,2026/09/27 01:00:15.330, 67, 30.46 W, 2595 MHz, 8001 MHz, 0 %, 4969 MiB, 8188 MiB, P0, 0x0000000000000000
2026-09-27 01:00:25,2026/09/27 01:00:25.391, 72, 18.87 W, 2595 MHz, 8001 MHz, 74 %, 4969 MiB, 8188 MiB, P0, 0x0000000000000000
2026-09-27 01:00:35,2026/09/27 01:00:35.503, 62, 3.56 W, 210 MHz, 405 MHz, 0 %, 4969 MiB, 8188 MiB, P8, 0x0000000000000001
2026-09-27 01:00:45,2026/09/27 01:00:45.565, 67, 29.97 W, 540 MHz, 6001 MHz, 100 %, 4969 MiB, 8188 MiB, P4, 0x0000000000000004
2026-09-27 01:00:55,2026/09/27 01:00:55.628, 66, 29.96 W, 570 MHz, 6001 MHz, 99 %, 4969 MiB, 8188 MiB, P4, 0x0000000000000004
2026-09-27 01:01:05,2026/09/27 01:01:05.688, 66, 30.01 W, 540 MHz, 6001 MHz, 100 %, 4969 MiB, 8188 MiB, P4, 0x0000000000000004
2026-09-27 01:01:15,2026/09/27 01:01:15.759, 66, 29.98 W, 570 MHz, 6001 MHz, 100 %, 4969 MiB, 8188 MiB, P4, 0x0000000000000004
2026-09-27 01:01:25,2026/09/27 01:01:25.822, 66, 29.90 W, 555 MHz, 6001 MHz, 100 %, 4969 MiB, 8188 MiB, P4, 0x0000000000000004
2026-09-27 01:01:35,2026/09/27 01:01:35.883, 67, 29.96 W, 495 MHz, 6001 MHz, 100 %, 4969 MiB, 8188 MiB, P4, 0x0000000000000004
2026-09-27 01:01:45,2026/09/27 01:01:45.947, 67, 29.92 W, 540 MHz, 6001 MHz, 100 %, 4969 MiB, 8188 MiB, P4, 0x0000000000000004
2026-09-27 01:01:55,2026/09/27 01:01:56.020, 66, 29.96 W, 510 MHz, 6001 MHz, 100 %, 4969 MiB, 8188 MiB, P4, 0x0000000000000004
2026-09-27 01:02:06,2026/09/27 01:02:06.086, 66, 29.93 W, 540 MHz, 6001 MHz, 97 %, 4969 MiB, 8188 MiB, P4, 0x0000000000000004
2026-09-27 01:02:16,2026/09/27 01:02:16.156, 77, 87.24 W, 2295 MHz, 8001 MHz, 96 %, 4969 MiB, 8188 MiB, P0, 0x0000000000000020
2026-09-27 01:02:26,2026/09/27 01:02:26.225, 79, 85.86 W, 2295 MHz, 8001 MHz, 97 %, 4969 MiB, 8188 MiB, P0, 0x0000000000000020
2026-09-27 01:02:36,2026/09/27 01:02:36.297, 71, 28.98 W, 405 MHz, 8001 MHz, 97 %, 4969 MiB, 8188 MiB, P0, 0x0000000000000024
2026-09-27 01:02:46,2026/09/27 01:02:46.362, 68, 29.80 W, 360 MHz, 6001 MHz, 100 %, 4969 MiB, 8188 MiB, P4, 0x0000000000000004
2026-09-27 01:02:56,2026/09/27 01:02:56.430, 68, 29.97 W, 270 MHz, 6001 MHz, 100 %, 4969 MiB, 8188 MiB, P4, 0x0000000000000004
2026-09-27 01:03:06,2026/09/27 01:03:06.493, 68, 29.76 W, 645 MHz, 6001 MHz, 100 %, 4969 MiB, 8188 MiB, P4, 0x0000000000000004
2026-09-27 01:03:16,2026/09/27 01:03:16.541, 67, 29.95 W, 300 MHz, 6001 MHz, 100 %, 4969 MiB, 8188 MiB, P4, 0x0000000000000004
2026-09-27 01:03:26,2026/09/27 01:03:26.605, 68, 29.81 W, 510 MHz, 6001 MHz, 97 %, 4969 MiB, 8188 MiB, P4, 0x0000000000000004
2026-09-27 01:03:36,2026/09/27 01:03:36.665, 67, 29.76 W, 540 MHz, 6001 MHz, 96 %, 4969 MiB, 8188 MiB, P4, 0x0000000000000004
2026-09-27 01:03:46,2026/09/27 01:03:46.737, 67, 29.91 W, 285 MHz, 6001 MHz, 100 %, 4969 MiB, 8188 MiB, P4, 0x0000000000000004
2026-09-27 01:03:56,2026/09/27 01:03:56.800, 67, 29.75 W, 525 MHz, 6001 MHz, 97 %, 4969 MiB, 8188 MiB, P4, 0x0000000000000004
2026-09-27 01:04:06,2026/09/27 01:04:06.871, 67, 29.86 W, 525 MHz, 6001 MHz, 98 %, 4969 MiB, 8188 MiB, P4, 0x0000000000000004
2026-09-27 01:04:16,2026/09/27 01:04:16.934, 67, 29.69 W, 405 MHz, 6001 MHz, 97 %, 4969 MiB, 8188 MiB, P4, 0x0000000000000004
2026-09-27 01:04:26,2026/09/27 01:04:27.001, 67, 29.96 W, 525 MHz, 6001 MHz, 97 %, 4969 MiB, 8188 MiB, P4, 0x0000000000000004
2026-09-27 01:04:37,2026/09/27 01:04:37.055, 67, 29.82 W, 360 MHz, 6001 MHz, 97 %, 4969 MiB, 8188 MiB, P4, 0x0000000000000004
2026-09-27 01:04:47,2026/09/27 01:04:47.128, 67, 29.85 W, 330 MHz, 6001 MHz, 100 %, 4969 MiB, 8188 MiB, P4, 0x0000000000000004
2026-09-27 01:04:57,2026/09/27 01:04:57.192, 67, 29.63 W, 555 MHz, 6001 MHz, 97 %, 4969 MiB, 8188 MiB, P4, 0x0000000000000004
2026-09-27 01:05:07,2026/09/27 01:05:07.252, 67, 29.86 W, 495 MHz, 6001 MHz, 100 %, 4969 MiB, 8188 MiB, P4, 0x0000000000000004
2026-09-27 01:05:17,2026/09/27 01:05:17.320, 67, 29.91 W, 330 MHz, 6001 MHz, 100 %, 4969 MiB, 8188 MiB, P4, 0x0000000000000004
2026-09-27 01:05:27,2026/09/27 01:05:27.382, 67, 29.94 W, 330 MHz, 6001 MHz, 100 %, 4969 MiB, 8188 MiB, P4, 0x0000000000000004
2026-09-27 01:05:37,2026/09/27 01:05:37.452, 66, 29.84 W, 375 MHz, 6001 MHz, 99 %, 4969 MiB, 8188 MiB, P4, 0x0000000000000004
2026-09-27 01:05:47,2026/09/27 01:05:47.522, 66, 29.82 W, 375 MHz, 6001 MHz, 98 %, 4969 MiB, 8188 MiB, P4, 0x0000000000000004
2026-09-27 01:05:57,2026/09/27 01:05:57.581, 66, 29.87 W, 645 MHz, 6001 MHz, 97 %, 4969 MiB, 8188 MiB, P4, 0x0000000000000004
2026-09-27 01:06:07,2026/09/27 01:06:07.649, 67, 29.95 W, 285 MHz, 6001 MHz, 100 %, 4969 MiB, 8188 MiB, P4, 0x0000000000000004
2026-09-27 01:06:17,2026/09/27 01:06:17.713, 66, 29.75 W, 630 MHz, 6001 MHz, 97 %, 4969 MiB, 8188 MiB, P4, 0x0000000000000004
2026-09-27 01:06:27,2026/09/27 01:06:27.782, 67, 30.00 W, 300 MHz, 6001 MHz, 100 %, 4969 MiB, 8188 MiB, P4, 0x0000000000000004
2026-09-27 01:06:37,2026/09/27 01:06:37.854, 78, 84.40 W, 2295 MHz, 8001 MHz, 97 %, 4969 MiB, 8188 MiB, P0, 0x0000000000000020
2026-09-27 01:06:47,2026/09/27 01:06:47.907, 69, 29.10 W, 615 MHz, 6001 MHz, 97 %, 4969 MiB, 8188 MiB, P4, 0x0000000000000024
2026-09-27 01:06:57,2026/09/27 01:06:57.957, 68, 29.89 W, 450 MHz, 6001 MHz, 99 %, 4969 MiB, 8188 MiB, P4, 0x0000000000000004
2026-09-27 01:07:07,2026/09/27 01:07:08.008, 67, 29.93 W, 495 MHz, 6001 MHz, 97 %, 4969 MiB, 8188 MiB, P4, 0x0000000000000004
2026-09-27 01:07:18,2026/09/27 01:07:18.075, 67, 29.78 W, 495 MHz, 6001 MHz, 97 %, 4969 MiB, 8188 MiB, P4, 0x0000000000000004
2026-09-27 01:07:28,2026/09/27 01:07:28.137, 67, 29.82 W, 585 MHz, 6001 MHz, 97 %, 4969 MiB, 8188 MiB, P4, 0x0000000000000004
2026-09-27 01:07:38,2026/09/27 01:07:38.197, 67, 29.72 W, 525 MHz, 6001 MHz, 97 %, 4969 MiB, 8188 MiB, P4, 0x0000000000000004
2026-09-27 01:07:48,2026/09/27 01:07:48.257, 67, 29.90 W, 510 MHz, 6001 MHz, 100 %, 4969 MiB, 8188 MiB, P4, 0x0000000000000004
2026-09-27 01:07:58,2026/09/27 01:07:58.323, 67, 29.96 W, 390 MHz, 6001 MHz, 100 %, 4969 MiB, 8188 MiB, P4, 0x0000000000000004
2026-09-27 01:08:08,2026/09/27 01:08:08.385, 67, 29.90 W, 510 MHz, 6001 MHz, 98 %, 4969 MiB, 8188 MiB, P4, 0x0000000000000004
2026-09-27 01:08:18,2026/09/27 01:08:18.450, 66, 29.98 W, 600 MHz, 6001 MHz, 99 %, 4969 MiB, 8188 MiB, P4, 0x0000000000000004
2026-09-27 01:08:28,2026/09/27 01:08:28.511, 67, 29.83 W, 300 MHz, 6001 MHz, 100 %, 4969 MiB, 8188 MiB, P4, 0x0000000000000004
2026-09-27 01:08:38,2026/09/27 01:08:38.582, 67, 29.72 W, 420 MHz, 6001 MHz, 97 %, 4969 MiB, 8188 MiB, P4, 0x0000000000000004
2026-09-27 01:08:48,2026/09/27 01:08:48.646, 67, 29.79 W, 345 MHz, 6001 MHz, 100 %, 4969 MiB, 8188 MiB, P4, 0x0000000000000004
2026-09-27 01:08:58,2026/09/27 01:08:58.713, 67, 29.90 W, 420 MHz, 6001 MHz, 100 %, 4969 MiB, 8188 MiB, P4, 0x0000000000000004
2026-09-27 01:09:08,2026/09/27 01:09:08.782, 66, 29.83 W, 345 MHz, 6001 MHz, 100 %, 4969 MiB, 8188 MiB, P4, 0x0000000000000004
2026-09-27 01:09:18,2026/09/27 01:09:18.841, 67, 29.89 W, 540 MHz, 6001 MHz, 97 %, 4969 MiB, 8188 MiB, P4, 0x0000000000000004
2026-09-27 01:09:28,2026/09/27 01:09:28.901, 66, 29.87 W, 330 MHz, 6001 MHz, 100 %, 4969 MiB, 8188 MiB, P4, 0x0000000000000004
2026-09-27 01:09:38,2026/09/27 01:09:38.965, 67, 29.71 W, 570 MHz, 6001 MHz, 97 %, 4969 MiB, 8188 MiB, P4, 0x0000000000000004
2026-09-27 01:09:48,2026/09/27 01:09:49.039, 66, 29.74 W, 555 MHz, 6001 MHz, 97 %, 4969 MiB, 8188 MiB, P4, 0x0000000000000004
2026-09-27 01:09:59,2026/09/27 01:09:59.111, 72, 21.66 W, 2610 MHz, 7001 MHz, 74 %, 4969 MiB, 8188 MiB, P3, 0x0000000000000001
2026-09-27 01:10:09,2026/09/27 01:10:09.172, 64, 12.87 W, 210 MHz, 6001 MHz, 0 %, 4969 MiB, 8188 MiB, P5, 0x0000000000000001
2026-09-27 01:10:19,2026/09/27 01:10:19.266, 64, 19.83 W, 330 MHz, 6001 MHz, 0 %, 4969 MiB, 8188 MiB, P5, 0x0000000000000001
2026-09-27 01:10:29,2026/09/27 01:10:29.337, 79, 94.55 W, 2295 MHz, 8001 MHz, 97 %, 4969 MiB, 8188 MiB, P0, 0x0000000000000020
2026-09-27 01:10:39,2026/09/27 01:10:39.402, 67, 29.89 W, 510 MHz, 6001 MHz, 100 %, 4969 MiB, 8188 MiB, P4, 0x0000000000000004
2026-09-27 01:10:49,2026/09/27 01:10:49.463, 67, 29.83 W, 540 MHz, 6001 MHz, 100 %, 4969 MiB, 8188 MiB, P4, 0x0000000000000004
2026-09-27 01:10:59,2026/09/27 01:10:59.536, 68, 29.89 W, 525 MHz, 6001 MHz, 100 %, 4969 MiB, 8188 MiB, P4, 0x0000000000000004
2026-09-27 01:11:09,2026/09/27 01:11:09.604, 67, 29.92 W, 555 MHz, 6001 MHz, 100 %, 4969 MiB, 8188 MiB, P4, 0x0000000000000004
2026-09-27 01:11:19,2026/09/27 01:11:19.675, 67, 29.88 W, 435 MHz, 6001 MHz, 100 %, 4969 MiB, 8188 MiB, P4, 0x0000000000000004
2026-09-27 01:11:29,2026/09/27 01:11:29.744, 67, 29.93 W, 495 MHz, 6001 MHz, 100 %, 4969 MiB, 8188 MiB, P4, 0x0000000000000004
2026-09-27 01:11:39,2026/09/27 01:11:39.807, 68, 29.82 W, 930 MHz, 6001 MHz, 100 %, 4969 MiB, 8188 MiB, P4, 0x0000000000000004
2026-09-27 01:11:49,2026/09/27 01:11:49.867, 67, 29.75 W, 1125 MHz, 6001 MHz, 98 %, 4969 MiB, 8188 MiB, P4, 0x0000000000000004
2026-09-27 01:11:59,2026/09/27 01:11:59.939, 67, 29.85 W, 660 MHz, 6001 MHz, 99 %, 4969 MiB, 8188 MiB, P4, 0x0000000000000004
2026-09-27 01:12:09,2026/09/27 01:12:10.013, 67, 29.89 W, 645 MHz, 6001 MHz, 91 %, 4969 MiB, 8188 MiB, P4, 0x0000000000000004
2026-09-27 01:12:20,2026/09/27 01:12:20.079, 67, 29.89 W, 930 MHz, 6001 MHz, 100 %, 4969 MiB, 8188 MiB, P4, 0x0000000000000004
2026-09-27 01:12:30,2026/09/27 01:12:30.143, 67, 29.73 W, 720 MHz, 6001 MHz, 96 %, 4969 MiB, 8188 MiB, P4, 0x0000000000000004
2026-09-27 01:12:40,2026/09/27 01:12:40.210, 67, 29.94 W, 900 MHz, 6001 MHz, 94 %, 4969 MiB, 8188 MiB, P4, 0x0000000000000004
2026-09-27 01:12:50,2026/09/27 01:12:50.282, 67, 29.97 W, 705 MHz, 6001 MHz, 94 %, 4969 MiB, 8188 MiB, P4, 0x0000000000000004
2026-09-27 01:13:00,2026/09/27 01:13:00.344, 67, 29.76 W, 735 MHz, 6001 MHz, 96 %, 4969 MiB, 8188 MiB, P4, 0x0000000000000004
2026-09-27 01:13:10,2026/09/27 01:13:10.409, 67, 29.93 W, 930 MHz, 6001 MHz, 99 %, 4969 MiB, 8188 MiB, P4, 0x0000000000000004
2026-09-27 01:13:20,2026/09/27 01:13:20.477, 67, 29.91 W, 900 MHz, 6001 MHz, 99 %, 4969 MiB, 8188 MiB, P4, 0x0000000000000004
2026-09-27 01:13:30,2026/09/27 01:13:30.538, 67, 29.83 W, 1005 MHz, 6001 MHz, 99 %, 4969 MiB, 8188 MiB, P4, 0x0000000000000004
2026-09-27 01:13:40,2026/09/27 01:13:40.598, 67, 30.02 W, 870 MHz, 6001 MHz, 100 %, 4969 MiB, 8188 MiB, P4, 0x0000000000000004
2026-09-27 01:13:50,2026/09/27 01:13:50.665, 67, 30.00 W, 975 MHz, 6001 MHz, 96 %, 4969 MiB, 8188 MiB, P4, 0x0000000000000004
2026-09-27 01:14:00,2026/09/27 01:14:00.730, 67, 29.90 W, 1050 MHz, 6001 MHz, 99 %, 4969 MiB, 8188 MiB, P4, 0x0000000000000004
2026-09-27 01:14:10,2026/09/27 01:14:10.791, 67, 29.84 W, 810 MHz, 6001 MHz, 99 %, 4969 MiB, 8188 MiB, P4, 0x0000000000000004
2026-09-27 01:14:20,2026/09/27 01:14:20.856, 67, 29.97 W, 900 MHz, 6001 MHz, 97 %, 4969 MiB, 8188 MiB, P4, 0x0000000000000004
2026-09-27 01:14:30,2026/09/27 01:14:30.921, 67, 29.80 W, 915 MHz, 6001 MHz, 100 %, 4969 MiB, 8188 MiB, P4, 0x0000000000000004
2026-09-27 01:14:40,2026/09/27 01:14:40.980, 67, 29.89 W, 1080 MHz, 6001 MHz, 100 %, 4969 MiB, 8188 MiB, P4, 0x0000000000000004
2026-09-27 01:14:50,2026/09/27 01:14:51.040, 67, 29.79 W, 1080 MHz, 6001 MHz, 100 %, 4969 MiB, 8188 MiB, P4, 0x0000000000000004
2026-09-27 01:15:01,2026/09/27 01:15:01.108, 67, 29.77 W, 735 MHz, 6001 MHz, 95 %, 4969 MiB, 8188 MiB, P4, 0x0000000000000004
2026-09-27 01:15:11,2026/09/27 01:15:11.171, 67, 29.99 W, 1005 MHz, 6001 MHz, 100 %, 4969 MiB, 8188 MiB, P4, 0x0000000000000004
2026-09-27 01:15:21,2026/09/27 01:15:21.218, 67, 30.00 W, 930 MHz, 6001 MHz, 99 %, 4969 MiB, 8188 MiB, P4, 0x0000000000000004
2026-09-27 01:15:31,2026/09/27 01:15:31.291, 67, 30.00 W, 795 MHz, 6001 MHz, 96 %, 4969 MiB, 8188 MiB, P4, 0x0000000000000004
2026-09-27 01:15:41,2026/09/27 01:15:41.352, 67, 29.94 W, 1005 MHz, 6001 MHz, 100 %, 4969 MiB, 8188 MiB, P4, 0x0000000000000004
2026-09-27 01:15:51,2026/09/27 01:15:51.411, 67, 30.00 W, 1005 MHz, 6001 MHz, 99 %, 4969 MiB, 8188 MiB, P4, 0x0000000000000004
2026-09-27 01:16:01,2026/09/27 01:16:01.490, 67, 29.80 W, 1230 MHz, 6001 MHz, 95 %, 4969 MiB, 8188 MiB, P4, 0x0000000000000004
2026-09-27 01:16:11,2026/09/27 01:16:11.550, 66, 29.94 W, 750 MHz, 6001 MHz, 96 %, 4969 MiB, 8188 MiB, P4, 0x0000000000000004
2026-09-27 01:16:21,2026/09/27 01:16:21.620, 67, 30.05 W, 825 MHz, 6001 MHz, 100 %, 4969 MiB, 8188 MiB, P4, 0x0000000000000004
2026-09-27 01:16:31,2026/09/27 01:16:31.682, 67, 29.87 W, 900 MHz, 6001 MHz, 99 %, 4969 MiB, 8188 MiB, P4, 0x0000000000000004
2026-09-27 01:16:41,2026/09/27 01:16:41.756, 66, 29.88 W, 1335 MHz, 6001 MHz, 100 %, 4969 MiB, 8188 MiB, P4, 0x0000000000000004
2026-09-27 01:16:51,2026/09/27 01:16:51.815, 67, 29.79 W, 765 MHz, 6001 MHz, 97 %, 4969 MiB, 8188 MiB, P4, 0x0000000000000004
2026-09-27 01:17:01,2026/09/27 01:17:01.880, 67, 29.82 W, 885 MHz, 6001 MHz, 96 %, 4969 MiB, 8188 MiB, P4, 0x0000000000000004
2026-09-27 01:17:11,2026/09/27 01:17:11.948, 67, 29.92 W, 975 MHz, 6001 MHz, 100 %, 4969 MiB, 8188 MiB, P4, 0x0000000000000004
2026-09-27 01:17:21,2026/09/27 01:17:22.014, 67, 29.81 W, 1095 MHz, 6001 MHz, 100 %, 4969 MiB, 8188 MiB, P4, 0x0000000000000004
2026-09-27 01:17:32,2026/09/27 01:17:32.072, 67, 29.81 W, 1305 MHz, 6001 MHz, 99 %, 4969 MiB, 8188 MiB, P4, 0x0000000000000004
2026-09-27 01:17:42,2026/09/27 01:17:42.134, 67, 29.67 W, 720 MHz, 6001 MHz, 96 %, 4969 MiB, 8188 MiB, P4, 0x0000000000000004
2026-09-27 01:17:52,2026/09/27 01:17:52.198, 67, 29.82 W, 915 MHz, 6001 MHz, 100 %, 4969 MiB, 8188 MiB, P4, 0x0000000000000004
2026-09-27 01:18:02,2026/09/27 01:18:02.269, 67, 30.02 W, 990 MHz, 6001 MHz, 100 %, 4969 MiB, 8188 MiB, P4, 0x0000000000000004
2026-09-27 01:18:12,2026/09/27 01:18:12.336, 67, 29.70 W, 870 MHz, 6001 MHz, 96 %, 4969 MiB, 8188 MiB, P4, 0x0000000000000004
2026-09-27 01:18:22,2026/09/27 01:18:22.399, 67, 29.93 W, 930 MHz, 6001 MHz, 99 %, 4969 MiB, 8188 MiB, P4, 0x0000000000000004
2026-09-27 01:18:32,2026/09/27 01:18:32.467, 67, 29.84 W, 1095 MHz, 6001 MHz, 96 %, 4969 MiB, 8188 MiB, P4, 0x0000000000000004
2026-09-27 01:18:42,2026/09/27 01:18:42.532, 67, 29.94 W, 675 MHz, 6001 MHz, 100 %, 4969 MiB, 8188 MiB, P4, 0x0000000000000004
2026-09-27 01:18:52,2026/09/27 01:18:52.599, 67, 29.95 W, 795 MHz, 6001 MHz, 100 %, 4969 MiB, 8188 MiB, P4, 0x0000000000000004
2026-09-27 01:19:02,2026/09/27 01:19:02.670, 67, 29.93 W, 1050 MHz, 6001 MHz, 100 %, 4969 MiB, 8188 MiB, P4, 0x0000000000000004
2026-09-27 01:19:12,2026/09/27 01:19:12.735, 67, 29.84 W, 900 MHz, 6001 MHz, 99 %, 4969 MiB, 8188 MiB, P4, 0x0000000000000004
2026-09-27 01:19:22,2026/09/27 01:19:22.797, 67, 29.83 W, 1065 MHz, 6001 MHz, 100 %, 4969 MiB, 8188 MiB, P4, 0x0000000000000004
2026-09-27 01:19:32,2026/09/27 01:19:32.870, 78, 36.56 W, 2295 MHz, 8001 MHz, 92 %, 4969 MiB, 8188 MiB, P0, 0x0000000000000020
2026-09-27 01:19:42,2026/09/27 01:19:42.938, 64, 11.47 W, 210 MHz, 6001 MHz, 0 %, 4969 MiB, 8188 MiB, P5, 0x0000000000000001
2026-09-27 01:19:52,2026/09/27 01:19:53.003, 67, 30.10 W, 615 MHz, 6001 MHz, 95 %, 4969 MiB, 8188 MiB, P4, 0x0000000000000004
2026-09-27 01:20:03,2026/09/27 01:20:03.051, 67, 30.25 W, 705 MHz, 6001 MHz, 100 %, 4969 MiB, 8188 MiB, P4, 0x0000000000000004
2026-09-27 01:20:13,2026/09/27 01:20:13.108, 67, 29.60 W, 1170 MHz, 6001 MHz, 100 %, 4969 MiB, 8188 MiB, P4, 0x0000000000000004
2026-09-27 01:20:23,2026/09/27 01:20:23.157, 67, 29.83 W, 1095 MHz, 6001 MHz, 100 %, 4969 MiB, 8188 MiB, P4, 0x0000000000000004
2026-09-27 01:20:33,2026/09/27 01:20:33.197, 67, 30.06 W, 645 MHz, 6001 MHz, 100 %, 4969 MiB, 8188 MiB, P4, 0x0000000000000004
2026-09-27 01:20:43,2026/09/27 01:20:43.241, 67, 29.75 W, 1110 MHz, 6001 MHz, 100 %, 4969 MiB, 8188 MiB, P4, 0x0000000000000004
2026-09-27 01:20:53,2026/09/27 01:20:53.289, 67, 30.21 W, 675 MHz, 6001 MHz, 100 %, 4969 MiB, 8188 MiB, P4, 0x0000000000000004
2026-09-27 01:21:03,2026/09/27 01:21:03.329, 67, 29.72 W, 1035 MHz, 6001 MHz, 100 %, 4969 MiB, 8188 MiB, P4, 0x0000000000000004
2026-09-27 01:21:13,2026/09/27 01:21:13.384, 67, 29.82 W, 1050 MHz, 6001 MHz, 100 %, 4969 MiB, 8188 MiB, P4, 0x0000000000000004
2026-09-27 01:21:23,2026/09/27 01:21:23.422, 67, 30.06 W, 705 MHz, 6001 MHz, 100 %, 4969 MiB, 8188 MiB, P4, 0x0000000000000004
2026-09-27 01:21:33,2026/09/27 01:21:33.465, 67, 29.88 W, 1050 MHz, 6001 MHz, 100 %, 4969 MiB, 8188 MiB, P4, 0x0000000000000004
2026-09-27 01:21:43,2026/09/27 01:21:43.506, 67, 30.24 W, 585 MHz, 6001 MHz, 100 %, 4969 MiB, 8188 MiB, P4, 0x0000000000000004
2026-09-27 01:21:53,2026/09/27 01:21:53.553, 67, 29.88 W, 945 MHz, 6001 MHz, 100 %, 4969 MiB, 8188 MiB, P4, 0x0000000000000004
2026-09-27 01:22:03,2026/09/27 01:22:03.596, 67, 29.90 W, 1065 MHz, 6001 MHz, 100 %, 4969 MiB, 8188 MiB, P4, 0x0000000000000004
2026-09-27 01:22:13,2026/09/27 01:22:13.664, 67, 29.78 W, 990 MHz, 6001 MHz, 100 %, 4969 MiB, 8188 MiB, P4, 0x0000000000000004
2026-09-27 01:22:23,2026/09/27 01:22:23.726, 66, 29.85 W, 825 MHz, 6001 MHz, 96 %, 4969 MiB, 8188 MiB, P4, 0x0000000000000004
2026-09-27 01:22:33,2026/09/27 01:22:33.797, 67, 29.93 W, 1005 MHz, 6001 MHz, 99 %, 4969 MiB, 8188 MiB, P4, 0x0000000000000004
2026-09-27 01:22:43,2026/09/27 01:22:43.865, 67, 29.70 W, 1185 MHz, 6001 MHz, 96 %, 4969 MiB, 8188 MiB, P4, 0x0000000000000004
2026-09-27 01:22:53,2026/09/27 01:22:53.930, 67, 29.79 W, 855 MHz, 6001 MHz, 96 %, 4969 MiB, 8188 MiB, P4, 0x0000000000000004
2026-09-27 01:23:03,2026/09/27 01:23:03.998, 67, 29.95 W, 780 MHz, 6001 MHz, 97 %, 4969 MiB, 8188 MiB, P4, 0x0000000000000004
2026-09-27 01:23:14,2026/09/27 01:23:14.058, 67, 29.88 W, 840 MHz, 6001 MHz, 99 %, 4969 MiB, 8188 MiB, P4, 0x0000000000000004
2026-09-27 01:23:24,2026/09/27 01:23:24.124, 67, 29.91 W, 990 MHz, 6001 MHz, 100 %, 4969 MiB, 8188 MiB, P4, 0x0000000000000004
2026-09-27 01:23:34,2026/09/27 01:23:34.192, 76, 79.66 W, 2295 MHz, 8001 MHz, 97 %, 4969 MiB, 8188 MiB, P0, 0x0000000000000020
2026-09-27 01:23:44,2026/09/27 01:23:44.257, 68, 29.59 W, 960 MHz, 6001 MHz, 100 %, 4969 MiB, 8188 MiB, P4, 0x0000000000000004
2026-09-27 01:23:54,2026/09/27 01:23:54.328, 68, 29.75 W, 1050 MHz, 6001 MHz, 99 %, 4969 MiB, 8188 MiB, P4, 0x0000000000000004
2026-09-27 01:24:04,2026/09/27 01:24:04.400, 67, 29.92 W, 1095 MHz, 6001 MHz, 100 %, 4969 MiB, 8188 MiB, P4, 0x0000000000000004
2026-09-27 01:24:14,2026/09/27 01:24:14.464, 67, 29.82 W, 1275 MHz, 6001 MHz, 99 %, 4969 MiB, 8188 MiB, P4, 0x0000000000000004
2026-09-27 01:24:24,2026/09/27 01:24:24.530, 67, 29.95 W, 780 MHz, 6001 MHz, 96 %, 4969 MiB, 8188 MiB, P4, 0x0000000000000004
2026-09-27 01:24:34,2026/09/27 01:24:34.605, 67, 29.58 W, 675 MHz, 6001 MHz, 96 %, 4969 MiB, 8188 MiB, P4, 0x0000000000000004
2026-09-27 01:24:44,2026/09/27 01:24:44.667, 67, 30.06 W, 1020 MHz, 6001 MHz, 96 %, 4969 MiB, 8188 MiB, P4, 0x0000000000000004
2026-09-27 01:24:54,2026/09/27 01:24:54.728, 67, 29.98 W, 1005 MHz, 6001 MHz, 100 %, 4969 MiB, 8188 MiB, P4, 0x0000000000000004
2026-09-27 01:25:04,2026/09/27 01:25:04.792, 67, 29.97 W, 990 MHz, 6001 MHz, 100 %, 4969 MiB, 8188 MiB, P4, 0x0000000000000004
2026-09-27 01:25:14,2026/09/27 01:25:14.857, 67, 29.92 W, 1020 MHz, 6001 MHz, 99 %, 4969 MiB, 8188 MiB, P4, 0x0000000000000004
2026-09-27 01:25:24,2026/09/27 01:25:24.929, 67, 29.86 W, 795 MHz, 6001 MHz, 100 %, 4969 MiB, 8188 MiB, P4, 0x0000000000000004
2026-09-27 01:25:34,2026/09/27 01:25:34.989, 78, 82.17 W, 2295 MHz, 8001 MHz, 99 %, 4969 MiB, 8188 MiB, P0, 0x0000000000000020
2026-09-27 01:25:45,2026/09/27 01:25:45.053, 67, 29.95 W, 1005 MHz, 6001 MHz, 99 %, 4969 MiB, 8188 MiB, P4, 0x0000000000000004
2026-09-27 01:25:55,2026/09/27 01:25:55.118, 67, 29.76 W, 1035 MHz, 6001 MHz, 99 %, 4969 MiB, 8188 MiB, P4, 0x0000000000000004
2026-09-27 01:26:05,2026/09/27 01:26:05.185, 67, 30.00 W, 1050 MHz, 6001 MHz, 100 %, 4969 MiB, 8188 MiB, P4, 0x0000000000000004
2026-09-27 01:26:15,2026/09/27 01:26:15.254, 67, 30.02 W, 945 MHz, 6001 MHz, 100 %, 4969 MiB, 8188 MiB, P4, 0x0000000000000004
2026-09-27 01:26:25,2026/09/27 01:26:25.314, 67, 29.96 W, 1020 MHz, 6001 MHz, 99 %, 4969 MiB, 8188 MiB, P4, 0x0000000000000004
2026-09-27 01:26:35,2026/09/27 01:26:35.377, 66, 29.87 W, 810 MHz, 6001 MHz, 96 %, 4969 MiB, 8188 MiB, P4, 0x0000000000000004
2026-09-27 01:26:45,2026/09/27 01:26:45.435, 67, 30.07 W, 660 MHz, 6001 MHz, 96 %, 4969 MiB, 8188 MiB, P4, 0x0000000000000004
2026-09-27 01:26:55,2026/09/27 01:26:55.506, 67, 29.98 W, 885 MHz, 6001 MHz, 100 %, 4969 MiB, 8188 MiB, P4, 0x0000000000000004
2026-09-27 01:27:05,2026/09/27 01:27:05.571, 67, 29.86 W, 900 MHz, 6001 MHz, 100 %, 4969 MiB, 8188 MiB, P4, 0x0000000000000004
2026-09-27 01:27:15,2026/09/27 01:27:15.641, 67, 29.89 W, 975 MHz, 6001 MHz, 99 %, 4969 MiB, 8188 MiB, P4, 0x0000000000000004
2026-09-27 01:27:25,2026/09/27 01:27:25.701, 67, 29.73 W, 1050 MHz, 6001 MHz, 100 %, 4969 MiB, 8188 MiB, P4, 0x0000000000000004
2026-09-27 01:27:35,2026/09/27 01:27:35.758, 67, 29.88 W, 795 MHz, 6001 MHz, 97 %, 4969 MiB, 8188 MiB, P4, 0x0000000000000004
2026-09-27 01:27:45,2026/09/27 01:27:45.820, 66, 29.88 W, 795 MHz, 6001 MHz, 97 %, 4969 MiB, 8188 MiB, P4, 0x0000000000000004
2026-09-27 01:27:55,2026/09/27 01:27:55.880, 67, 29.80 W, 975 MHz, 6001 MHz, 100 %, 4969 MiB, 8188 MiB, P4, 0x0000000000000004
2026-09-27 01:28:05,2026/09/27 01:28:05.940, 67, 29.97 W, 945 MHz, 6001 MHz, 100 %, 4969 MiB, 8188 MiB, P4, 0x0000000000000004
2026-09-27 01:28:15,2026/09/27 01:28:16.014, 68, 29.95 W, 1170 MHz, 6001 MHz, 92 %, 4969 MiB, 8188 MiB, P4, 0x0000000000000004
2026-09-27 01:28:26,2026/09/27 01:28:26.075, 68, 29.77 W, 840 MHz, 6001 MHz, 97 %, 4969 MiB, 8188 MiB, P4, 0x0000000000000004
2026-09-27 01:28:36,2026/09/27 01:28:36.143, 67, 29.88 W, 900 MHz, 6001 MHz, 96 %, 4969 MiB, 8188 MiB, P4, 0x0000000000000004
2026-09-27 01:28:46,2026/09/27 01:28:46.205, 67, 29.95 W, 825 MHz, 6001 MHz, 99 %, 4969 MiB, 8188 MiB, P4, 0x0000000000000004
2026-09-27 01:28:56,2026/09/27 01:28:56.271, 67, 29.74 W, 990 MHz, 6001 MHz, 100 %, 4969 MiB, 8188 MiB, P4, 0x0000000000000004
2026-09-27 01:29:06,2026/09/27 01:29:06.343, 67, 29.91 W, 765 MHz, 6001 MHz, 96 %, 4969 MiB, 8188 MiB, P4, 0x0000000000000004
2026-09-27 01:29:16,2026/09/27 01:29:16.414, 67, 29.92 W, 900 MHz, 6001 MHz, 97 %, 4969 MiB, 8188 MiB, P4, 0x0000000000000004
2026-09-27 01:29:26,2026/09/27 01:29:26.479, 67, 29.90 W, 975 MHz, 6001 MHz, 100 %, 4969 MiB, 8188 MiB, P4, 0x0000000000000004
2026-09-27 01:29:36,2026/09/27 01:29:36.542, 67, 29.83 W, 1185 MHz, 6001 MHz, 99 %, 4969 MiB, 8188 MiB, P4, 0x0000000000000004
2026-09-27 01:29:46,2026/09/27 01:29:46.604, 67, 29.75 W, 1215 MHz, 6001 MHz, 97 %, 4969 MiB, 8188 MiB, P4, 0x0000000000000004
2026-09-27 01:29:56,2026/09/27 01:29:56.664, 67, 29.89 W, 1080 MHz, 6001 MHz, 99 %, 4969 MiB, 8188 MiB, P4, 0x0000000000000004
2026-09-27 01:30:06,2026/09/27 01:30:06.727, 66, 29.81 W, 840 MHz, 6001 MHz, 96 %, 4969 MiB, 8188 MiB, P4, 0x0000000000000004
2026-09-27 01:30:16,2026/09/27 01:30:16.792, 67, 29.96 W, 930 MHz, 6001 MHz, 100 %, 4969 MiB, 8188 MiB, P4, 0x0000000000000004
2026-09-27 01:30:26,2026/09/27 01:30:26.864, 66, 30.04 W, 960 MHz, 6001 MHz, 92 %, 4969 MiB, 8188 MiB, P4, 0x0000000000000004
2026-09-27 01:30:36,2026/09/27 01:30:36.924, 64, 13.65 W, 1350 MHz, 6001 MHz, 0 %, 4969 MiB, 8188 MiB, P4, 0x0000000000000024
2026-09-27 01:30:46,2026/09/27 01:30:46.992, 63, 4.76 W, 210 MHz, 405 MHz, 0 %, 4969 MiB, 8188 MiB, P8, 0x0000000000000001
2026-09-27 01:30:57,2026/09/27 01:30:57.060, 67, 29.95 W, 645 MHz, 6001 MHz, 100 %, 4969 MiB, 8188 MiB, P4, 0x0000000000000004
2026-09-27 01:31:07,2026/09/27 01:31:07.111, 67, 29.69 W, 1080 MHz, 6001 MHz, 100 %, 4969 MiB, 8188 MiB, P4, 0x0000000000000004
2026-09-27 01:31:17,2026/09/27 01:31:17.180, 67, 30.15 W, 675 MHz, 6001 MHz, 100 %, 4969 MiB, 8188 MiB, P4, 0x0000000000000004
2026-09-27 01:31:27,2026/09/27 01:31:27.228, 67, 29.69 W, 1080 MHz, 6001 MHz, 100 %, 4969 MiB, 8188 MiB, P4, 0x0000000000000004
2026-09-27 01:31:37,2026/09/27 01:31:37.273, 66, 30.22 W, 945 MHz, 6001 MHz, 100 %, 4969 MiB, 8188 MiB, P4, 0x0000000000000004
2026-09-27 01:31:47,2026/09/27 01:31:47.335, 67, 30.44 W, 1140 MHz, 6001 MHz, 100 %, 4969 MiB, 8188 MiB, P4, 0x0000000000000004
2026-09-27 01:31:57,2026/09/27 01:31:57.396, 67, 30.08 W, 795 MHz, 6001 MHz, 100 %, 4969 MiB, 8188 MiB, P4, 0x0000000000000004
2026-09-27 01:32:07,2026/09/27 01:32:07.456, 67, 29.65 W, 1095 MHz, 6001 MHz, 100 %, 4969 MiB, 8188 MiB, P4, 0x0000000000000004
2026-09-27 01:32:17,2026/09/27 01:32:17.511, 66, 30.13 W, 945 MHz, 6001 MHz, 100 %, 4969 MiB, 8188 MiB, P4, 0x0000000000000004
2026-09-27 01:32:27,2026/09/27 01:32:27.564, 67, 29.71 W, 705 MHz, 6001 MHz, 100 %, 4969 MiB, 8188 MiB, P4, 0x0000000000000004
2026-09-27 01:32:37,2026/09/27 01:32:37.618, 66, 29.96 W, 1065 MHz, 6001 MHz, 100 %, 4969 MiB, 8188 MiB, P4, 0x0000000000000004
2026-09-27 01:32:47,2026/09/27 01:32:47.685, 67, 30.23 W, 945 MHz, 6001 MHz, 100 %, 4969 MiB, 8188 MiB, P4, 0x0000000000000004
2026-09-27 01:32:57,2026/09/27 01:32:57.735, 67, 29.71 W, 1095 MHz, 6001 MHz, 100 %, 4969 MiB, 8188 MiB, P4, 0x0000000000000004
2026-09-27 01:33:07,2026/09/27 01:33:07.804, 67, 29.85 W, 750 MHz, 6001 MHz, 99 %, 4969 MiB, 8188 MiB, P4, 0x0000000000000004
2026-09-27 01:33:17,2026/09/27 01:33:17.875, 67, 29.94 W, 945 MHz, 6001 MHz, 100 %, 4969 MiB, 8188 MiB, P4, 0x0000000000000004
2026-09-27 01:33:27,2026/09/27 01:33:27.938, 68, 29.65 W, 930 MHz, 6001 MHz, 99 %, 4969 MiB, 8188 MiB, P4, 0x0000000000000004
2026-09-27 01:33:37,2026/09/27 01:33:38.004, 67, 30.02 W, 930 MHz, 6001 MHz, 100 %, 4969 MiB, 8188 MiB, P4, 0x0000000000000004
2026-09-27 01:33:48,2026/09/27 01:33:48.079, 67, 29.96 W, 720 MHz, 6001 MHz, 96 %, 4969 MiB, 8188 MiB, P4, 0x0000000000000004
2026-09-27 01:33:58,2026/09/27 01:33:58.141, 67, 30.03 W, 975 MHz, 6001 MHz, 100 %, 4969 MiB, 8188 MiB, P4, 0x0000000000000004
2026-09-27 01:34:08,2026/09/27 01:34:08.207, 67, 29.78 W, 915 MHz, 6001 MHz, 100 %, 4969 MiB, 8188 MiB, P4, 0x0000000000000004
2026-09-27 01:34:18,2026/09/27 01:34:18.271, 67, 29.76 W, 1320 MHz, 6001 MHz, 96 %, 4969 MiB, 8188 MiB, P4, 0x0000000000000004
2026-09-27 01:34:28,2026/09/27 01:34:28.341, 67, 29.93 W, 975 MHz, 6001 MHz, 100 %, 4969 MiB, 8188 MiB, P4, 0x0000000000000004
2026-09-27 01:34:38,2026/09/27 01:34:38.411, 67, 29.76 W, 1035 MHz, 6001 MHz, 100 %, 4969 MiB, 8188 MiB, P4, 0x0000000000000004
2026-09-27 01:34:48,2026/09/27 01:34:48.483, 67, 29.72 W, 705 MHz, 6001 MHz, 96 %, 4969 MiB, 8188 MiB, P4, 0x0000000000000004
2026-09-27 01:34:58,2026/09/27 01:34:58.546, 68, 29.95 W, 840 MHz, 6001 MHz, 97 %, 4969 MiB, 8188 MiB, P4, 0x0000000000000004
2026-09-27 01:35:08,2026/09/27 01:35:08.608, 67, 29.98 W, 825 MHz, 6001 MHz, 96 %, 4969 MiB, 8188 MiB, P4, 0x0000000000000004
2026-09-27 01:35:18,2026/09/27 01:35:18.672, 67, 29.93 W, 915 MHz, 6001 MHz, 96 %, 4969 MiB, 8188 MiB, P4, 0x0000000000000004
2026-09-27 01:35:28,2026/09/27 01:35:28.734, 67, 29.93 W, 1005 MHz, 6001 MHz, 100 %, 4969 MiB, 8188 MiB, P4, 0x0000000000000004
2026-09-27 01:35:38,2026/09/27 01:35:38.804, 67, 29.88 W, 720 MHz, 6001 MHz, 100 %, 4969 MiB, 8188 MiB, P4, 0x0000000000000004
2026-09-27 01:35:48,2026/09/27 01:35:48.871, 67, 29.96 W, 1005 MHz, 6001 MHz, 94 %, 4969 MiB, 8188 MiB, P4, 0x0000000000000004
2026-09-27 01:35:58,2026/09/27 01:35:58.922, 67, 29.92 W, 1050 MHz, 6001 MHz, 99 %, 4969 MiB, 8188 MiB, P4, 0x0000000000000004
2026-09-27 01:36:08,2026/09/27 01:36:08.988, 67, 30.02 W, 1155 MHz, 6001 MHz, 100 %, 4969 MiB, 8188 MiB, P4, 0x0000000000000004
2026-09-27 01:36:19,2026/09/27 01:36:19.052, 67, 29.66 W, 720 MHz, 6001 MHz, 96 %, 4969 MiB, 8188 MiB, P4, 0x0000000000000004
2026-09-27 01:36:29,2026/09/27 01:36:29.112, 67, 29.84 W, 1065 MHz, 6001 MHz, 100 %, 4969 MiB, 8188 MiB, P4, 0x0000000000000004
2026-09-27 01:36:39,2026/09/27 01:36:39.184, 67, 29.76 W, 960 MHz, 6001 MHz, 100 %, 4969 MiB, 8188 MiB, P4, 0x0000000000000004
2026-09-27 01:36:49,2026/09/27 01:36:49.237, 67, 29.93 W, 750 MHz, 6001 MHz, 96 %, 4969 MiB, 8188 MiB, P4, 0x0000000000000004
2026-09-27 01:36:59,2026/09/27 01:36:59.296, 67, 29.92 W, 1005 MHz, 6001 MHz, 99 %, 4969 MiB, 8188 MiB, P4, 0x0000000000000004
2026-09-27 01:37:09,2026/09/27 01:37:09.354, 67, 30.01 W, 735 MHz, 6001 MHz, 96 %, 4969 MiB, 8188 MiB, P4, 0x0000000000000004
2026-09-27 01:37:19,2026/09/27 01:37:19.423, 67, 29.89 W, 1035 MHz, 6001 MHz, 100 %, 4969 MiB, 8188 MiB, P4, 0x0000000000000004
2026-09-27 01:37:29,2026/09/27 01:37:29.496, 67, 30.00 W, 1035 MHz, 6001 MHz, 99 %, 4969 MiB, 8188 MiB, P4, 0x0000000000000004
2026-09-27 01:37:39,2026/09/27 01:37:39.617, 79, 81.91 W, 2295 MHz, 8001 MHz, 94 %, 4969 MiB, 8188 MiB, P0, 0x0000000000000020
2026-09-27 01:37:49,2026/09/27 01:37:49.682, 68, 29.93 W, 975 MHz, 6001 MHz, 99 %, 4969 MiB, 8188 MiB, P4, 0x0000000000000004
2026-09-27 01:37:59,2026/09/27 01:37:59.746, 67, 29.85 W, 1020 MHz, 6001 MHz, 100 %, 4969 MiB, 8188 MiB, P4, 0x0000000000000004
2026-09-27 01:38:09,2026/09/27 01:38:09.809, 67, 30.01 W, 1215 MHz, 6001 MHz, 100 %, 4969 MiB, 8188 MiB, P4, 0x0000000000000004
2026-09-27 01:38:19,2026/09/27 01:38:19.874, 67, 29.72 W, 750 MHz, 6001 MHz, 96 %, 4969 MiB, 8188 MiB, P4, 0x0000000000000004
2026-09-27 01:38:29,2026/09/27 01:38:29.945, 67, 29.83 W, 750 MHz, 6001 MHz, 97 %, 4969 MiB, 8188 MiB, P4, 0x0000000000000004
2026-09-27 01:38:39,2026/09/27 01:38:40.016, 67, 29.92 W, 885 MHz, 6001 MHz, 96 %, 4969 MiB, 8188 MiB, P4, 0x0000000000000004
2026-09-27 01:38:50,2026/09/27 01:38:50.080, 67, 29.89 W, 1050 MHz, 6001 MHz, 100 %, 4969 MiB, 8188 MiB, P4, 0x0000000000000004
2026-09-27 01:39:00,2026/09/27 01:39:00.144, 67, 29.83 W, 915 MHz, 6001 MHz, 100 %, 4969 MiB, 8188 MiB, P4, 0x0000000000000004
2026-09-27 01:39:10,2026/09/27 01:39:10.213, 67, 29.86 W, 1020 MHz, 6001 MHz, 99 %, 4969 MiB, 8188 MiB, P4, 0x0000000000000004
2026-09-27 01:39:20,2026/09/27 01:39:20.278, 67, 29.88 W, 960 MHz, 6001 MHz, 100 %, 4969 MiB, 8188 MiB, P4, 0x0000000000000004
2026-09-27 01:39:30,2026/09/27 01:39:30.343, 67, 29.88 W, 810 MHz, 6001 MHz, 99 %, 4969 MiB, 8188 MiB, P4, 0x0000000000000004
2026-09-27 01:39:40,2026/09/27 01:39:40.405, 67, 29.85 W, 960 MHz, 6001 MHz, 100 %, 4969 MiB, 8188 MiB, P4, 0x0000000000000004
2026-09-27 01:39:50,2026/09/27 01:39:50.469, 67, 29.93 W, 1140 MHz, 6001 MHz, 100 %, 4969 MiB, 8188 MiB, P4, 0x0000000000000004
2026-09-27 01:40:00,2026/09/27 01:40:00.540, 67, 29.65 W, 735 MHz, 6001 MHz, 97 %, 4969 MiB, 8188 MiB, P4, 0x0000000000000004
2026-09-27 01:40:10,2026/09/27 01:40:10.603, 67, 29.91 W, 1095 MHz, 6001 MHz, 98 %, 4969 MiB, 8188 MiB, P4, 0x0000000000000004
2026-09-27 01:40:20,2026/09/27 01:40:20.672, 67, 29.82 W, 1215 MHz, 6001 MHz, 96 %, 4969 MiB, 8188 MiB, P4, 0x0000000000000004
2026-09-27 01:40:30,2026/09/27 01:40:30.735, 66, 29.92 W, 735 MHz, 6001 MHz, 96 %, 4969 MiB, 8188 MiB, P4, 0x0000000000000004
2026-09-27 01:40:40,2026/09/27 01:40:40.802, 67, 30.01 W, 960 MHz, 6001 MHz, 100 %, 4969 MiB, 8188 MiB, P4, 0x0000000000000004
2026-09-27 01:40:50,2026/09/27 01:40:50.870, 67, 29.63 W, 1170 MHz, 6001 MHz, 97 %, 4969 MiB, 8188 MiB, P4, 0x0000000000000004
2026-09-27 01:41:00,2026/09/27 01:41:00.934, 67, 29.85 W, 975 MHz, 6001 MHz, 99 %, 4969 MiB, 8188 MiB, P4, 0x0000000000000004
2026-09-27 01:41:10,2026/09/27 01:41:11.006, 67, 29.97 W, 1005 MHz, 6001 MHz, 99 %, 4969 MiB, 8188 MiB, P4, 0x0000000000000004
2026-09-27 01:41:21,2026/09/27 01:41:21.075, 67, 29.87 W, 720 MHz, 6001 MHz, 96 %, 4969 MiB, 8188 MiB, P4, 0x0000000000000004
2026-09-27 01:41:31,2026/09/27 01:41:31.138, 67, 29.99 W, 855 MHz, 6001 MHz, 100 %, 4969 MiB, 8188 MiB, P4, 0x0000000000000004
2026-09-27 01:41:41,2026/09/27 01:41:41.206, 67, 29.89 W, 930 MHz, 6001 MHz, 100 %, 4969 MiB, 8188 MiB, P4, 0x0000000000000004
2026-09-27 01:41:51,2026/09/27 01:41:51.267, 67, 29.89 W, 1035 MHz, 6001 MHz, 99 %, 4969 MiB, 8188 MiB, P4, 0x0000000000000004
2026-09-27 01:42:01,2026/09/27 01:42:01.339, 67, 29.81 W, 765 MHz, 6001 MHz, 95 %, 4969 MiB, 8188 MiB, P4, 0x0000000000000004
2026-09-27 01:42:11,2026/09/27 01:42:11.413, 67, 29.89 W, 885 MHz, 6001 MHz, 100 %, 4969 MiB, 8188 MiB, P4, 0x0000000000000004
2026-09-27 01:42:21,2026/09/27 01:42:21.486, 67, 29.79 W, 780 MHz, 6001 MHz, 96 %, 4969 MiB, 8188 MiB, P4, 0x0000000000000004
2026-09-27 01:42:31,2026/09/27 01:42:31.558, 67, 29.91 W, 1035 MHz, 6001 MHz, 99 %, 4969 MiB, 8188 MiB, P4, 0x0000000000000004
2026-09-27 01:42:41,2026/09/27 01:42:41.623, 67, 29.78 W, 810 MHz, 6001 MHz, 99 %, 4969 MiB, 8188 MiB, P4, 0x0000000000000004
2026-09-27 01:42:51,2026/09/27 01:42:51.687, 67, 29.90 W, 960 MHz, 6001 MHz, 100 %, 4969 MiB, 8188 MiB, P4, 0x0000000000000004
2026-09-27 01:43:01,2026/09/27 01:43:01.751, 67, 29.74 W, 840 MHz, 6001 MHz, 100 %, 4969 MiB, 8188 MiB, P4, 0x0000000000000004
2026-09-27 01:43:11,2026/09/27 01:43:11.815, 67, 29.87 W, 885 MHz, 6001 MHz, 95 %, 4969 MiB, 8188 MiB, P4, 0x0000000000000004
2026-09-27 01:43:21,2026/09/27 01:43:21.873, 67, 29.82 W, 645 MHz, 6001 MHz, 100 %, 4969 MiB, 8188 MiB, P4, 0x0000000000000004
2026-09-27 01:43:31,2026/09/27 01:43:31.940, 67, 29.99 W, 1125 MHz, 6001 MHz, 100 %, 4969 MiB, 8188 MiB, P4, 0x0000000000000004
2026-09-27 01:43:41,2026/09/27 01:43:42.006, 66, 30.04 W, 825 MHz, 6001 MHz, 100 %, 4969 MiB, 8188 MiB, P4, 0x0000000000000004
2026-09-27 01:43:52,2026/09/27 01:43:52.070, 67, 29.96 W, 870 MHz, 6001 MHz, 99 %, 4969 MiB, 8188 MiB, P4, 0x0000000000000004
2026-09-27 01:44:02,2026/09/27 01:44:02.135, 67, 29.91 W, 615 MHz, 6001 MHz, 100 %, 4969 MiB, 8188 MiB, P4, 0x0000000000000004
2026-09-27 01:44:12,2026/09/27 01:44:12.202, 65, 24.98 W, 525 MHz, 8001 MHz, 0 %, 4969 MiB, 8188 MiB, P0, 0x0000000000000001
2026-09-27 01:44:22,2026/09/27 01:44:22.266, 63, 3.51 W, 210 MHz, 405 MHz, 0 %, 4969 MiB, 8188 MiB, P8, 0x0000000000000001
2026-09-27 01:44:32,2026/09/27 01:44:32.338, 66, 29.74 W, 555 MHz, 6001 MHz, 100 %, 4969 MiB, 8188 MiB, P4, 0x0000000000000004
2026-09-27 01:44:42,2026/09/27 01:44:42.382, 67, 30.13 W, 675 MHz, 6001 MHz, 100 %, 4969 MiB, 8188 MiB, P4, 0x0000000000000004
2026-09-27 01:44:52,2026/09/27 01:44:52.430, 67, 29.97 W, 1110 MHz, 6001 MHz, 100 %, 4969 MiB, 8188 MiB, P4, 0x0000000000000004
2026-09-27 01:45:02,2026/09/27 01:45:02.484, 67, 30.09 W, 675 MHz, 6001 MHz, 100 %, 4969 MiB, 8188 MiB, P4, 0x0000000000000004
2026-09-27 01:45:12,2026/09/27 01:45:12.529, 67, 29.94 W, 1140 MHz, 6001 MHz, 100 %, 4969 MiB, 8188 MiB, P4, 0x0000000000000004
2026-09-27 01:45:22,2026/09/27 01:45:22.585, 67, 30.12 W, 660 MHz, 6001 MHz, 100 %, 4969 MiB, 8188 MiB, P4, 0x0000000000000004
2026-09-27 01:45:32,2026/09/27 01:45:32.630, 67, 29.77 W, 1125 MHz, 6001 MHz, 100 %, 4969 MiB, 8188 MiB, P4, 0x0000000000000004
2026-09-27 01:45:42,2026/09/27 01:45:42.684, 67, 30.17 W, 660 MHz, 6001 MHz, 100 %, 4969 MiB, 8188 MiB, P4, 0x0000000000000004
2026-09-27 01:45:52,2026/09/27 01:45:52.730, 67, 29.76 W, 990 MHz, 6001 MHz, 100 %, 4969 MiB, 8188 MiB, P4, 0x0000000000000004
2026-09-27 01:46:02,2026/09/27 01:46:02.781, 67, 30.02 W, 1035 MHz, 6001 MHz, 100 %, 4969 MiB, 8188 MiB, P4, 0x0000000000000004
2026-09-27 01:46:12,2026/09/27 01:46:12.837, 67, 29.92 W, 675 MHz, 6001 MHz, 100 %, 4969 MiB, 8188 MiB, P4, 0x0000000000000004
2026-09-27 01:46:22,2026/09/27 01:46:22.878, 67, 29.87 W, 1125 MHz, 6001 MHz, 100 %, 4969 MiB, 8188 MiB, P4, 0x0000000000000004
2026-09-27 01:46:32,2026/09/27 01:46:32.922, 67, 30.09 W, 690 MHz, 6001 MHz, 95 %, 4969 MiB, 8188 MiB, P4, 0x0000000000000004
2026-09-27 01:46:42,2026/09/27 01:46:42.981, 67, 29.86 W, 1080 MHz, 6001 MHz, 100 %, 4969 MiB, 8188 MiB, P4, 0x0000000000000004
2026-09-27 01:46:52,2026/09/27 01:46:53.043, 67, 29.89 W, 870 MHz, 6001 MHz, 100 %, 4969 MiB, 8188 MiB, P4, 0x0000000000000004
2026-09-27 01:47:03,2026/09/27 01:47:03.107, 67, 29.94 W, 720 MHz, 6001 MHz, 92 %, 4969 MiB, 8188 MiB, P4, 0x0000000000000004
2026-09-27 01:47:13,2026/09/27 01:47:13.168, 67, 29.98 W, 840 MHz, 6001 MHz, 100 %, 4969 MiB, 8188 MiB, P4, 0x0000000000000004
2026-09-27 01:47:23,2026/09/27 01:47:23.214, 67, 29.98 W, 900 MHz, 6001 MHz, 99 %, 4969 MiB, 8188 MiB, P4, 0x0000000000000004
2026-09-27 01:47:33,2026/09/27 01:47:33.272, 67, 29.93 W, 855 MHz, 6001 MHz, 100 %, 4969 MiB, 8188 MiB, P4, 0x0000000000000004
2026-09-27 01:47:43,2026/09/27 01:47:43.345, 67, 29.91 W, 885 MHz, 6001 MHz, 100 %, 4969 MiB, 8188 MiB, P4, 0x0000000000000004
2026-09-27 01:47:53,2026/09/27 01:47:53.395, 67, 29.92 W, 735 MHz, 6001 MHz, 100 %, 4969 MiB, 8188 MiB, P4, 0x0000000000000004
2026-09-27 01:48:03,2026/09/27 01:48:03.469, 67, 29.91 W, 1005 MHz, 6001 MHz, 96 %, 4969 MiB, 8188 MiB, P4, 0x0000000000000004
2026-09-27 01:48:13,2026/09/27 01:48:13.516, 67, 29.94 W, 885 MHz, 6001 MHz, 100 %, 4969 MiB, 8188 MiB, P4, 0x0000000000000004
2026-09-27 01:48:23,2026/09/27 01:48:23.578, 67, 29.92 W, 930 MHz, 6001 MHz, 100 %, 4969 MiB, 8188 MiB, P4, 0x0000000000000004
2026-09-27 01:48:33,2026/09/27 01:48:33.645, 67, 29.78 W, 675 MHz, 7001 MHz, 100 %, 4987 MiB, 8188 MiB, P3, 0x0000000000000004
2026-09-27 01:48:43,2026/09/27 01:48:43.691, 67, 29.88 W, 870 MHz, 6001 MHz, 100 %, 4987 MiB, 8188 MiB, P4, 0x0000000000000004
2026-09-27 01:48:53,2026/09/27 01:48:53.760, 67, 29.95 W, 855 MHz, 6001 MHz, 100 %, 4987 MiB, 8188 MiB, P4, 0x0000000000000004
2026-09-27 01:49:03,2026/09/27 01:49:03.827, 67, 29.99 W, 855 MHz, 6001 MHz, 100 %, 4987 MiB, 8188 MiB, P4, 0x0000000000000004
2026-09-27 01:49:13,2026/09/27 01:49:13.885, 67, 29.94 W, 870 MHz, 6001 MHz, 100 %, 4987 MiB, 8188 MiB, P4, 0x0000000000000004
2026-09-27 01:49:23,2026/09/27 01:49:23.944, 67, 30.05 W, 840 MHz, 6001 MHz, 100 %, 4987 MiB, 8188 MiB, P4, 0x0000000000000004
2026-09-27 01:49:33,2026/09/27 01:49:34.008, 67, 29.93 W, 930 MHz, 6001 MHz, 96 %, 4987 MiB, 8188 MiB, P4, 0x0000000000000004
2026-09-27 01:49:44,2026/09/27 01:49:44.070, 67, 29.96 W, 840 MHz, 6001 MHz, 100 %, 4987 MiB, 8188 MiB, P4, 0x0000000000000004
2026-09-27 01:49:54,2026/09/27 01:49:54.116, 67, 29.92 W, 855 MHz, 6001 MHz, 100 %, 4987 MiB, 8188 MiB, P4, 0x0000000000000004
2026-09-27 01:50:04,2026/09/27 01:50:04.178, 67, 29.83 W, 870 MHz, 6001 MHz, 96 %, 4987 MiB, 8188 MiB, P4, 0x0000000000000004
2026-09-27 01:50:14,2026/09/27 01:50:14.239, 67, 29.94 W, 810 MHz, 6001 MHz, 100 %, 4987 MiB, 8188 MiB, P4, 0x0000000000000004
2026-09-27 01:50:24,2026/09/27 01:50:24.303, 67, 29.93 W, 840 MHz, 6001 MHz, 100 %, 4987 MiB, 8188 MiB, P4, 0x0000000000000004
2026-09-27 01:50:34,2026/09/27 01:50:34.378, 67, 29.96 W, 870 MHz, 6001 MHz, 100 %, 4987 MiB, 8188 MiB, P4, 0x0000000000000004
2026-09-27 01:50:44,2026/09/27 01:50:44.443, 67, 29.81 W, 930 MHz, 6001 MHz, 94 %, 4987 MiB, 8188 MiB, P4, 0x0000000000000004
2026-09-27 01:50:54,2026/09/27 01:50:54.490, 67, 30.00 W, 840 MHz, 6001 MHz, 100 %, 4987 MiB, 8188 MiB, P4, 0x0000000000000004
2026-09-27 01:51:04,2026/09/27 01:51:04.551, 67, 29.97 W, 870 MHz, 6001 MHz, 100 %, 4987 MiB, 8188 MiB, P4, 0x0000000000000004
2026-09-27 01:51:14,2026/09/27 01:51:14.616, 67, 29.94 W, 1185 MHz, 6001 MHz, 95 %, 4987 MiB, 8188 MiB, P4, 0x0000000000000004
2026-09-27 01:51:24,2026/09/27 01:51:24.659, 67, 29.94 W, 900 MHz, 6001 MHz, 100 %, 4987 MiB, 8188 MiB, P4, 0x0000000000000004
2026-09-27 01:51:34,2026/09/27 01:51:34.709, 67, 29.99 W, 750 MHz, 6001 MHz, 100 %, 4987 MiB, 8188 MiB, P4, 0x0000000000000004
2026-09-27 01:51:44,2026/09/27 01:51:44.772, 67, 30.05 W, 810 MHz, 6001 MHz, 96 %, 4987 MiB, 8188 MiB, P4, 0x0000000000000004
2026-09-27 01:51:54,2026/09/27 01:51:54.844, 67, 29.84 W, 690 MHz, 6001 MHz, 100 %, 4987 MiB, 8188 MiB, P4, 0x0000000000000004
2026-09-27 01:52:04,2026/09/27 01:52:04.913, 67, 29.89 W, 870 MHz, 6001 MHz, 100 %, 4987 MiB, 8188 MiB, P4, 0x0000000000000004
2026-09-27 01:52:14,2026/09/27 01:52:15.027, 67, 29.87 W, 960 MHz, 6001 MHz, 93 %, 4987 MiB, 8188 MiB, P4, 0x0000000000000004
2026-09-27 01:52:25,2026/09/27 01:52:25.106, 67, 29.89 W, 825 MHz, 6001 MHz, 100 %, 4987 MiB, 8188 MiB, P4, 0x0000000000000004
2026-09-27 01:52:35,2026/09/27 01:52:35.158, 67, 29.99 W, 885 MHz, 6001 MHz, 100 %, 4987 MiB, 8188 MiB, P4, 0x0000000000000004
2026-09-27 01:52:45,2026/09/27 01:52:45.229, 67, 29.93 W, 960 MHz, 6001 MHz, 91 %, 4987 MiB, 8188 MiB, P4, 0x0000000000000004
2026-09-27 01:52:55,2026/09/27 01:52:55.292, 66, 29.95 W, 855 MHz, 6001 MHz, 100 %, 4987 MiB, 8188 MiB, P4, 0x0000000000000004
2026-09-27 01:53:05,2026/09/27 01:53:05.351, 67, 29.96 W, 840 MHz, 6001 MHz, 100 %, 4987 MiB, 8188 MiB, P4, 0x0000000000000004
2026-09-27 01:53:15,2026/09/27 01:53:15.412, 67, 29.85 W, 900 MHz, 6001 MHz, 100 %, 4987 MiB, 8188 MiB, P4, 0x0000000000000004
2026-09-27 01:53:25,2026/09/27 01:53:25.471, 67, 29.85 W, 945 MHz, 6001 MHz, 95 %, 4987 MiB, 8188 MiB, P4, 0x0000000000000004
2026-09-27 01:53:35,2026/09/27 01:53:35.521, 67, 29.95 W, 840 MHz, 6001 MHz, 100 %, 4987 MiB, 8188 MiB, P4, 0x0000000000000004
2026-09-27 01:53:45,2026/09/27 01:53:45.583, 66, 30.03 W, 1110 MHz, 6001 MHz, 100 %, 4987 MiB, 8188 MiB, P4, 0x0000000000000004
2026-09-27 01:53:55,2026/09/27 01:53:55.635, 67, 29.94 W, 885 MHz, 6001 MHz, 100 %, 4987 MiB, 8188 MiB, P4, 0x0000000000000004
2026-09-27 01:54:05,2026/09/27 01:54:05.696, 67, 29.89 W, 915 MHz, 6001 MHz, 95 %, 4987 MiB, 8188 MiB, P4, 0x0000000000000004
2026-09-27 01:54:15,2026/09/27 01:54:15.767, 67, 29.97 W, 840 MHz, 6001 MHz, 100 %, 4987 MiB, 8188 MiB, P4, 0x0000000000000004
2026-09-27 01:54:25,2026/09/27 01:54:25.830, 67, 29.89 W, 885 MHz, 6001 MHz, 100 %, 4987 MiB, 8188 MiB, P4, 0x0000000000000004
2026-09-27 01:54:35,2026/09/27 01:54:35.901, 67, 29.88 W, 840 MHz, 6001 MHz, 100 %, 4987 MiB, 8188 MiB, P4, 0x0000000000000004
2026-09-27 01:54:45,2026/09/27 01:54:45.944, 67, 29.94 W, 765 MHz, 6001 MHz, 100 %, 4987 MiB, 8188 MiB, P4, 0x0000000000000004
2026-09-27 01:54:55,2026/09/27 01:54:55.992, 67, 29.89 W, 1185 MHz, 6001 MHz, 95 %, 4987 MiB, 8188 MiB, P4, 0x0000000000000004
2026-09-27 01:55:06,2026/09/27 01:55:06.058, 67, 29.89 W, 840 MHz, 6001 MHz, 100 %, 4987 MiB, 8188 MiB, P4, 0x0000000000000004
2026-09-27 01:55:16,2026/09/27 01:55:16.124, 67, 29.89 W, 930 MHz, 6001 MHz, 100 %, 4987 MiB, 8188 MiB, P4, 0x0000000000000004
2026-09-27 01:55:26,2026/09/27 01:55:26.188, 66, 29.91 W, 735 MHz, 6001 MHz, 100 %, 4987 MiB, 8188 MiB, P4, 0x0000000000000004
2026-09-27 01:55:36,2026/09/27 01:55:36.258, 79, 88.32 W, 2385 MHz, 7001 MHz, 100 %, 4987 MiB, 8188 MiB, P3, 0x0000000000000020
2026-09-27 01:55:46,2026/09/27 01:55:46.321, 67, 26.20 W, 2595 MHz, 8001 MHz, 0 %, 4987 MiB, 8188 MiB, P4, 0x0000000000000000
2026-09-27 01:55:56,2026/09/27 01:55:56.395, 79, 86.35 W, 2295 MHz, 8001 MHz, 100 %, 4987 MiB, 8188 MiB, P0, 0x0000000000000020
2026-09-27 01:56:06,2026/09/27 01:56:06.464, 68, 29.69 W, 900 MHz, 6001 MHz, 100 %, 4987 MiB, 8188 MiB, P4, 0x0000000000000004
2026-09-27 01:56:16,2026/09/27 01:56:16.529, 67, 29.84 W, 1020 MHz, 6001 MHz, 96 %, 4987 MiB, 8188 MiB, P4, 0x0000000000000004
2026-09-27 01:56:26,2026/09/27 01:56:26.600, 67, 29.97 W, 870 MHz, 6001 MHz, 99 %, 4987 MiB, 8188 MiB, P4, 0x0000000000000004
2026-09-27 01:56:36,2026/09/27 01:56:36.672, 67, 29.99 W, 945 MHz, 6001 MHz, 100 %, 4987 MiB, 8188 MiB, P4, 0x0000000000000004
2026-09-27 01:56:46,2026/09/27 01:56:46.734, 67, 29.93 W, 945 MHz, 6001 MHz, 99 %, 4987 MiB, 8188 MiB, P4, 0x0000000000000004
2026-09-27 01:56:56,2026/09/27 01:56:56.795, 67, 30.00 W, 810 MHz, 6001 MHz, 100 %, 4987 MiB, 8188 MiB, P4, 0x0000000000000004
2026-09-27 01:57:06,2026/09/27 01:57:06.865, 67, 29.86 W, 900 MHz, 6001 MHz, 92 %, 4987 MiB, 8188 MiB, P4, 0x0000000000000004
2026-09-27 01:57:16,2026/09/27 01:57:16.933, 67, 29.95 W, 990 MHz, 6001 MHz, 99 %, 4987 MiB, 8188 MiB, P4, 0x0000000000000004
2026-09-27 01:57:26,2026/09/27 01:57:27.004, 67, 29.99 W, 810 MHz, 6001 MHz, 99 %, 4987 MiB, 8188 MiB, P4, 0x0000000000000004
2026-09-27 01:57:37,2026/09/27 01:57:37.074, 67, 29.97 W, 930 MHz, 6001 MHz, 99 %, 4987 MiB, 8188 MiB, P4, 0x0000000000000004
2026-09-27 01:57:47,2026/09/27 01:57:47.138, 67, 30.00 W, 930 MHz, 6001 MHz, 100 %, 4987 MiB, 8188 MiB, P4, 0x0000000000000004
2026-09-27 01:57:57,2026/09/27 01:57:57.211, 67, 29.93 W, 870 MHz, 6001 MHz, 99 %, 4987 MiB, 8188 MiB, P4, 0x0000000000000004
2026-09-27 01:58:07,2026/09/27 01:58:07.272, 67, 29.93 W, 945 MHz, 6001 MHz, 99 %, 4987 MiB, 8188 MiB, P4, 0x0000000000000004
2026-09-27 01:58:17,2026/09/27 01:58:17.334, 67, 30.02 W, 885 MHz, 6001 MHz, 100 %, 4987 MiB, 8188 MiB, P4, 0x0000000000000004
2026-09-27 01:58:27,2026/09/27 01:58:27.406, 66, 29.87 W, 1020 MHz, 6001 MHz, 93 %, 4987 MiB, 8188 MiB, P4, 0x0000000000000004
2026-09-27 01:58:37,2026/09/27 01:58:37.478, 67, 29.75 W, 840 MHz, 6001 MHz, 93 %, 4987 MiB, 8188 MiB, P4, 0x0000000000000004
2026-09-27 01:58:47,2026/09/27 01:58:47.545, 67, 29.98 W, 795 MHz, 6001 MHz, 100 %, 4987 MiB, 8188 MiB, P4, 0x0000000000000004
2026-09-27 01:58:57,2026/09/27 01:58:57.609, 67, 29.99 W, 885 MHz, 6001 MHz, 99 %, 4987 MiB, 8188 MiB, P4, 0x0000000000000004
2026-09-27 01:59:07,2026/09/27 01:59:07.682, 67, 29.99 W, 945 MHz, 6001 MHz, 99 %, 4987 MiB, 8188 MiB, P4, 0x0000000000000004
2026-09-27 01:59:17,2026/09/27 01:59:17.746, 76, 63.66 W, 2295 MHz, 8001 MHz, 89 %, 4987 MiB, 8188 MiB, P0, 0x0000000000000020
2026-09-27 01:59:27,2026/09/27 01:59:27.814, 76, 63.98 W, 2295 MHz, 8001 MHz, 91 %, 4987 MiB, 8188 MiB, P0, 0x0000000000000020
2026-09-27 01:59:37,2026/09/27 01:59:37.885, 76, 62.87 W, 2295 MHz, 8001 MHz, 91 %, 4987 MiB, 8188 MiB, P0, 0x0000000000000020
2026-09-27 01:59:47,2026/09/27 01:59:47.951, 75, 63.48 W, 2295 MHz, 8001 MHz, 90 %, 4987 MiB, 8188 MiB, P0, 0x0000000000000020
2026-09-27 01:59:57,2026/09/27 01:59:58.020, 76, 63.53 W, 2295 MHz, 8001 MHz, 89 %, 4987 MiB, 8188 MiB, P0, 0x0000000000000020
2026-09-27 02:00:08,2026/09/27 02:00:08.084, 71, 58.07 W, 2595 MHz, 8001 MHz, 6 %, 4987 MiB, 8188 MiB, P0, 0x0000000000000000
2026-09-27 02:00:18,2026/09/27 02:00:18.150, 65, 18.69 W, 390 MHz, 6001 MHz, 0 %, 4987 MiB, 8188 MiB, P4, 0x0000000000000001
2026-09-27 02:00:28,2026/09/27 02:00:28.211, 77, 70.31 W, 2295 MHz, 8001 MHz, 100 %, 4987 MiB, 8188 MiB, P0, 0x0000000000000020
2026-09-27 02:00:38,2026/09/27 02:00:38.269, 76, 67.82 W, 2295 MHz, 8001 MHz, 88 %, 4987 MiB, 8188 MiB, P0, 0x0000000000000020
2026-09-27 02:00:48,2026/09/27 02:00:48.329, 76, 63.06 W, 2295 MHz, 8001 MHz, 87 %, 4987 MiB, 8188 MiB, P0, 0x0000000000000020
2026-09-27 02:00:58,2026/09/27 02:00:58.393, 77, 63.27 W, 2295 MHz, 8001 MHz, 88 %, 4987 MiB, 8188 MiB, P0, 0x0000000000000020
2026-09-27 02:01:08,2026/09/27 02:01:08.458, 76, 63.18 W, 2295 MHz, 8001 MHz, 90 %, 4987 MiB, 8188 MiB, P0, 0x0000000000000020
2026-09-27 02:01:18,2026/09/27 02:01:18.532, 77, 63.42 W, 2295 MHz, 8001 MHz, 91 %, 4987 MiB, 8188 MiB, P0, 0x0000000000000020
2026-09-27 02:01:28,2026/09/27 02:01:28.606, 77, 63.15 W, 2295 MHz, 8001 MHz, 91 %, 4987 MiB, 8188 MiB, P0, 0x0000000000000020
2026-09-27 02:01:38,2026/09/27 02:01:38.665, 77, 63.63 W, 2295 MHz, 8001 MHz, 90 %, 4987 MiB, 8188 MiB, P0, 0x0000000000000020
2026-09-27 02:01:48,2026/09/27 02:01:48.738, 77, 63.81 W, 2295 MHz, 8001 MHz, 91 %, 4987 MiB, 8188 MiB, P0, 0x0000000000000020
2026-09-27 02:01:58,2026/09/27 02:01:58.803, 70, 36.07 W, 2535 MHz, 8001 MHz, 0 %, 4987 MiB, 8188 MiB, P0, 0x0000000000000001
2026-09-27 02:02:08,2026/09/27 02:02:08.876, 65, 18.78 W, 405 MHz, 6001 MHz, 0 %, 4987 MiB, 8188 MiB, P4, 0x0000000000000001
2026-09-27 02:02:18,2026/09/27 02:02:18.929, 77, 70.48 W, 2295 MHz, 8001 MHz, 100 %, 4987 MiB, 8188 MiB, P0, 0x0000000000000020
2026-09-27 02:02:28,2026/09/27 02:02:28.992, 76, 64.22 W, 2295 MHz, 8001 MHz, 89 %, 4987 MiB, 8188 MiB, P0, 0x0000000000000020
2026-09-27 02:02:39,2026/09/27 02:02:39.064, 77, 63.14 W, 2295 MHz, 8001 MHz, 89 %, 4987 MiB, 8188 MiB, P0, 0x0000000000000020
2026-09-27 02:02:49,2026/09/27 02:02:49.137, 77, 62.47 W, 2295 MHz, 8001 MHz, 91 %, 4987 MiB, 8188 MiB, P0, 0x0000000000000020
2026-09-27 02:02:59,2026/09/27 02:02:59.201, 76, 63.44 W, 2295 MHz, 8001 MHz, 89 %, 4987 MiB, 8188 MiB, P0, 0x0000000000000020
2026-09-27 02:03:09,2026/09/27 02:03:09.261, 78, 63.61 W, 2295 MHz, 8001 MHz, 89 %, 4987 MiB, 8188 MiB, P0, 0x0000000000000020
2026-09-27 02:03:19,2026/09/27 02:03:19.336, 77, 63.59 W, 2295 MHz, 8001 MHz, 89 %, 4987 MiB, 8188 MiB, P0, 0x0000000000000020
2026-09-27 02:03:29,2026/09/27 02:03:29.407, 77, 63.24 W, 2295 MHz, 8001 MHz, 83 %, 4987 MiB, 8188 MiB, P0, 0x0000000000000020
2026-09-27 02:03:39,2026/09/27 02:03:39.468, 77, 63.08 W, 2295 MHz, 8001 MHz, 90 %, 4987 MiB, 8188 MiB, P0, 0x0000000000000020
2026-09-27 02:03:49,2026/09/27 02:03:49.530, 78, 63.59 W, 2295 MHz, 8001 MHz, 90 %, 4987 MiB, 8188 MiB, P0, 0x0000000000000020
2026-09-27 02:03:59,2026/09/27 02:03:59.603, 78, 63.62 W, 2295 MHz, 8001 MHz, 90 %, 4987 MiB, 8188 MiB, P0, 0x0000000000000020
2026-09-27 02:04:09,2026/09/27 02:04:09.677, 78, 63.26 W, 2295 MHz, 8001 MHz, 87 %, 4987 MiB, 8188 MiB, P0, 0x0000000000000020
2026-09-27 02:04:19,2026/09/27 02:04:19.741, 78, 63.41 W, 2295 MHz, 8001 MHz, 85 %, 4987 MiB, 8188 MiB, P0, 0x0000000000000020
2026-09-27 02:04:29,2026/09/27 02:04:29.802, 69, 32.80 W, 2595 MHz, 8001 MHz, 0 %, 4987 MiB, 8188 MiB, P0, 0x0000000000000000
2026-09-27 02:04:39,2026/09/27 02:04:39.868, 73, 61.40 W, 2295 MHz, 8001 MHz, 75 %, 4987 MiB, 8188 MiB, P0, 0x0000000000000020
2026-09-27 02:04:49,2026/09/27 02:04:49.940, 70, 28.81 W, 1035 MHz, 6001 MHz, 100 %, 4987 MiB, 8188 MiB, P4, 0x0000000000000004
2026-09-27 02:04:59,2026/09/27 02:05:00.011, 69, 28.73 W, 1365 MHz, 6001 MHz, 89 %, 4987 MiB, 8188 MiB, P4, 0x0000000000000004
2026-09-27 02:05:10,2026/09/27 02:05:10.077, 68, 29.12 W, 1320 MHz, 6001 MHz, 87 %, 4987 MiB, 8188 MiB, P4, 0x0000000000000004
2026-09-27 02:05:20,2026/09/27 02:05:20.149, 68, 29.12 W, 1350 MHz, 6001 MHz, 89 %, 4987 MiB, 8188 MiB, P4, 0x0000000000000004
2026-09-27 02:05:30,2026/09/27 02:05:30.210, 67, 31.13 W, 2595 MHz, 8001 MHz, 0 %, 4987 MiB, 8188 MiB, P0, 0x0000000000000000
2026-09-27 02:05:40,2026/09/27 02:05:40.269, 63, 3.57 W, 210 MHz, 405 MHz, 0 %, 4987 MiB, 8188 MiB, P8, 0x0000000000000001
2026-09-27 02:05:50,2026/09/27 02:05:50.333, 78, 53.86 W, 2385 MHz, 8001 MHz, 81 %, 4987 MiB, 8188 MiB, P0, 0x0000000000000020
2026-09-27 02:06:00,2026/09/27 02:06:00.404, 77, 62.85 W, 2295 MHz, 8001 MHz, 82 %, 4987 MiB, 8188 MiB, P0, 0x0000000000000020
2026-09-27 02:06:10,2026/09/27 02:06:10.474, 76, 63.61 W, 2295 MHz, 8001 MHz, 83 %, 4987 MiB, 8188 MiB, P0, 0x0000000000000020
2026-09-27 02:06:20,2026/09/27 02:06:20.536, 66, 24.69 W, 555 MHz, 6001 MHz, 0 %, 4987 MiB, 8188 MiB, P4, 0x0000000000000001
2026-09-27 02:06:30,2026/09/27 02:06:30.605, 77, 72.56 W, 2295 MHz, 8001 MHz, 100 %, 4987 MiB, 8188 MiB, P0, 0x0000000000000020
2026-09-27 02:06:40,2026/09/27 02:06:40.675, 76, 63.48 W, 2295 MHz, 8001 MHz, 81 %, 4987 MiB, 8188 MiB, P0, 0x0000000000000020
2026-09-27 02:06:50,2026/09/27 02:06:50.742, 76, 64.08 W, 2295 MHz, 8001 MHz, 82 %, 4987 MiB, 8188 MiB, P0, 0x0000000000000020
2026-09-27 02:07:00,2026/09/27 02:07:00.805, 77, 63.76 W, 2295 MHz, 8001 MHz, 79 %, 4987 MiB, 8188 MiB, P0, 0x0000000000000020
2026-09-27 02:07:10,2026/09/27 02:07:10.877, 77, 64.27 W, 2295 MHz, 8001 MHz, 84 %, 4987 MiB, 8188 MiB, P0, 0x0000000000000020
2026-09-27 02:07:20,2026/09/27 02:07:20.947, 70, 53.42 W, 2595 MHz, 8001 MHz, 0 %, 4987 MiB, 8188 MiB, P0, 0x0000000000000000
2026-09-27 02:07:30,2026/09/27 02:07:31.023, 65, 8.13 W, 225 MHz, 810 MHz, 0 %, 4987 MiB, 8188 MiB, P5, 0x0000000000000001
2026-09-27 02:07:41,2026/09/27 02:07:41.089, 78, 72.83 W, 2295 MHz, 8001 MHz, 100 %, 4987 MiB, 8188 MiB, P0, 0x0000000000000020
2026-09-27 02:07:51,2026/09/27 02:07:51.161, 79, 86.18 W, 2295 MHz, 8001 MHz, 97 %, 4987 MiB, 8188 MiB, P0, 0x0000000000000020
2026-09-27 02:08:01,2026/09/27 02:08:01.229, 78, 87.38 W, 2295 MHz, 8001 MHz, 96 %, 4987 MiB, 8188 MiB, P0, 0x0000000000000020
2026-09-27 02:08:11,2026/09/27 02:08:11.304, 68, 29.92 W, 300 MHz, 6001 MHz, 100 %, 4987 MiB, 8188 MiB, P4, 0x0000000000000004
2026-09-27 02:08:21,2026/09/27 02:08:21.372, 68, 29.66 W, 510 MHz, 6001 MHz, 97 %, 4987 MiB, 8188 MiB, P4, 0x0000000000000004
2026-09-27 02:08:31,2026/09/27 02:08:31.440, 68, 29.88 W, 270 MHz, 6001 MHz, 100 %, 4987 MiB, 8188 MiB, P4, 0x0000000000000004
2026-09-27 02:08:41,2026/09/27 02:08:41.515, 67, 29.82 W, 600 MHz, 6001 MHz, 100 %, 4987 MiB, 8188 MiB, P4, 0x0000000000000004
2026-09-27 02:08:51,2026/09/27 02:08:51.575, 67, 30.01 W, 330 MHz, 6001 MHz, 100 %, 4987 MiB, 8188 MiB, P4, 0x0000000000000004
2026-09-27 02:09:01,2026/09/27 02:09:01.641, 68, 29.93 W, 555 MHz, 6001 MHz, 96 %, 4987 MiB, 8188 MiB, P4, 0x0000000000000004
2026-09-27 02:09:11,2026/09/27 02:09:11.711, 67, 29.86 W, 360 MHz, 6001 MHz, 100 %, 4987 MiB, 8188 MiB, P4, 0x0000000000000004
2026-09-27 02:09:21,2026/09/27 02:09:21.772, 67, 29.96 W, 435 MHz, 6001 MHz, 100 %, 4987 MiB, 8188 MiB, P4, 0x0000000000000004
2026-09-27 02:09:31,2026/09/27 02:09:31.833, 67, 29.90 W, 510 MHz, 6001 MHz, 100 %, 4987 MiB, 8188 MiB, P4, 0x0000000000000004
2026-09-27 02:09:41,2026/09/27 02:09:41.905, 67, 29.87 W, 345 MHz, 6001 MHz, 100 %, 4987 MiB, 8188 MiB, P4, 0x0000000000000004
2026-09-27 02:09:51,2026/09/27 02:09:51.974, 67, 30.00 W, 315 MHz, 6001 MHz, 100 %, 4987 MiB, 8188 MiB, P4, 0x0000000000000004
2026-09-27 02:10:02,2026/09/27 02:10:02.048, 67, 29.95 W, 525 MHz, 6001 MHz, 96 %, 4987 MiB, 8188 MiB, P4, 0x0000000000000004
2026-09-27 02:10:12,2026/09/27 02:10:12.122, 67, 29.77 W, 405 MHz, 6001 MHz, 97 %, 4987 MiB, 8188 MiB, P4, 0x0000000000000004
2026-09-27 02:10:22,2026/09/27 02:10:22.191, 67, 29.92 W, 315 MHz, 6001 MHz, 100 %, 4987 MiB, 8188 MiB, P4, 0x0000000000000004
2026-09-27 02:10:32,2026/09/27 02:10:32.254, 67, 29.96 W, 525 MHz, 6001 MHz, 97 %, 4987 MiB, 8188 MiB, P4, 0x0000000000000004
2026-09-27 02:10:42,2026/09/27 02:10:42.313, 67, 29.74 W, 600 MHz, 6001 MHz, 96 %, 4987 MiB, 8188 MiB, P4, 0x0000000000000004
2026-09-27 02:10:52,2026/09/27 02:10:52.372, 67, 29.87 W, 390 MHz, 6001 MHz, 100 %, 4987 MiB, 8188 MiB, P4, 0x0000000000000004
2026-09-27 02:11:02,2026/09/27 02:11:02.439, 67, 29.84 W, 540 MHz, 6001 MHz, 99 %, 4987 MiB, 8188 MiB, P4, 0x0000000000000004
2026-09-27 02:11:12,2026/09/27 02:11:12.504, 67, 30.08 W, 585 MHz, 6001 MHz, 100 %, 4987 MiB, 8188 MiB, P4, 0x0000000000000004
2026-09-27 02:11:22,2026/09/27 02:11:22.569, 67, 29.96 W, 315 MHz, 6001 MHz, 100 %, 4987 MiB, 8188 MiB, P4, 0x0000000000000004
2026-09-27 02:11:32,2026/09/27 02:11:32.642, 67, 29.86 W, 480 MHz, 6001 MHz, 98 %, 4987 MiB, 8188 MiB, P4, 0x0000000000000004
2026-09-27 02:11:42,2026/09/27 02:11:42.710, 66, 29.86 W, 555 MHz, 6001 MHz, 100 %, 4987 MiB, 8188 MiB, P4, 0x0000000000000004
2026-09-27 02:11:52,2026/09/27 02:11:52.763, 66, 29.98 W, 330 MHz, 6001 MHz, 100 %, 4987 MiB, 8188 MiB, P4, 0x0000000000000004
2026-09-27 02:12:02,2026/09/27 02:12:02.831, 67, 29.85 W, 495 MHz, 6001 MHz, 97 %, 4987 MiB, 8188 MiB, P4, 0x0000000000000004
2026-09-27 02:12:12,2026/09/27 02:12:12.898, 66, 29.86 W, 570 MHz, 6001 MHz, 100 %, 4987 MiB, 8188 MiB, P4, 0x0000000000000004
2026-09-27 02:12:22,2026/09/27 02:12:22.969, 67, 29.90 W, 270 MHz, 6001 MHz, 100 %, 4987 MiB, 8188 MiB, P4, 0x0000000000000004
2026-09-27 02:12:32,2026/09/27 02:12:33.040, 67, 29.95 W, 360 MHz, 6001 MHz, 95 %, 4987 MiB, 8188 MiB, P4, 0x0000000000000004
2026-09-27 02:12:43,2026/09/27 02:12:43.104, 66, 29.85 W, 570 MHz, 6001 MHz, 100 %, 4987 MiB, 8188 MiB, P4, 0x0000000000000004
2026-09-27 02:12:53,2026/09/27 02:12:53.168, 66, 29.89 W, 330 MHz, 6001 MHz, 100 %, 4987 MiB, 8188 MiB, P4, 0x0000000000000004
2026-09-27 02:13:03,2026/09/27 02:13:03.234, 67, 29.98 W, 435 MHz, 6001 MHz, 100 %, 4987 MiB, 8188 MiB, P4, 0x0000000000000004
2026-09-27 02:13:13,2026/09/27 02:13:13.300, 66, 29.86 W, 510 MHz, 6001 MHz, 100 %, 4987 MiB, 8188 MiB, P4, 0x0000000000000004
2026-09-27 02:13:23,2026/09/27 02:13:23.367, 77, 86.06 W, 2295 MHz, 8001 MHz, 96 %, 4987 MiB, 8188 MiB, P0, 0x0000000000000020
2026-09-27 02:13:33,2026/09/27 02:13:33.436, 79, 85.97 W, 2295 MHz, 8001 MHz, 96 %, 4987 MiB, 8188 MiB, P0, 0x0000000000000020
2026-09-27 02:13:43,2026/09/27 02:13:43.508, 79, 83.15 W, 2295 MHz, 8001 MHz, 96 %, 4987 MiB, 8188 MiB, P0, 0x0000000000000020
2026-09-27 02:13:53,2026/09/27 02:13:53.577, 79, 86.97 W, 2295 MHz, 8001 MHz, 97 %, 4987 MiB, 8188 MiB, P0, 0x0000000000000020
2026-09-27 02:14:03,2026/09/27 02:14:03.646, 68, 16.61 W, 330 MHz, 6001 MHz, 82 %, 4987 MiB, 8188 MiB, P4, 0x0000000000000024
2026-09-27 02:14:13,2026/09/27 02:14:13.720, 65, 4.68 W, 210 MHz, 405 MHz, 0 %, 4987 MiB, 8188 MiB, P8, 0x0000000000000001
2026-09-27 02:14:23,2026/09/27 02:14:23.837, 65, 7.14 W, 210 MHz, 810 MHz, 0 %, 4987 MiB, 8188 MiB, P5, 0x0000000000000001
2026-09-27 02:14:33,2026/09/27 02:14:33.916, 67, 29.30 W, 210 MHz, 8001 MHz, 100 %, 4987 MiB, 8188 MiB, P0, 0x0000000000000004
2026-09-27 02:14:43,2026/09/27 02:14:43.989, 67, 29.94 W, 525 MHz, 6001 MHz, 100 %, 4987 MiB, 8188 MiB, P4, 0x0000000000000004
2026-09-27 02:14:54,2026/09/27 02:14:54.054, 67, 29.91 W, 570 MHz, 6001 MHz, 100 %, 4987 MiB, 8188 MiB, P4, 0x0000000000000004
2026-09-27 02:15:04,2026/09/27 02:15:04.114, 67, 30.00 W, 600 MHz, 6001 MHz, 100 %, 4987 MiB, 8188 MiB, P4, 0x0000000000000004
2026-09-27 02:15:14,2026/09/27 02:15:14.181, 67, 29.93 W, 525 MHz, 6001 MHz, 100 %, 4987 MiB, 8188 MiB, P4, 0x0000000000000004
2026-09-27 02:15:24,2026/09/27 02:15:24.245, 67, 29.90 W, 585 MHz, 6001 MHz, 100 %, 4987 MiB, 8188 MiB, P4, 0x0000000000000004
2026-09-27 02:15:34,2026/09/27 02:15:34.306, 67, 29.95 W, 540 MHz, 6001 MHz, 100 %, 4987 MiB, 8188 MiB, P4, 0x0000000000000004
2026-09-27 02:15:44,2026/09/27 02:15:44.369, 67, 29.93 W, 495 MHz, 6001 MHz, 97 %, 4987 MiB, 8188 MiB, P4, 0x0000000000000004
2026-09-27 02:15:54,2026/09/27 02:15:54.434, 67, 29.86 W, 540 MHz, 6001 MHz, 100 %, 4987 MiB, 8188 MiB, P4, 0x0000000000000004
2026-09-27 02:16:04,2026/09/27 02:16:04.506, 68, 29.90 W, 345 MHz, 6001 MHz, 100 %, 4987 MiB, 8188 MiB, P4, 0x0000000000000024
2026-09-27 02:16:14,2026/09/27 02:16:14.579, 67, 29.85 W, 585 MHz, 6001 MHz, 100 %, 4987 MiB, 8188 MiB, P4, 0x0000000000000004
2026-09-27 02:16:24,2026/09/27 02:16:24.649, 67, 29.77 W, 255 MHz, 6001 MHz, 100 %, 4987 MiB, 8188 MiB, P4, 0x0000000000000004
2026-09-27 02:16:34,2026/09/27 02:16:34.716, 67, 30.00 W, 435 MHz, 6001 MHz, 100 %, 4987 MiB, 8188 MiB, P4, 0x0000000000000004
2026-09-27 02:16:44,2026/09/27 02:16:44.779, 67, 29.89 W, 525 MHz, 6001 MHz, 100 %, 4987 MiB, 8188 MiB, P4, 0x0000000000000004
2026-09-27 02:16:54,2026/09/27 02:16:54.840, 67, 29.89 W, 525 MHz, 6001 MHz, 98 %, 4987 MiB, 8188 MiB, P4, 0x0000000000000004
2026-09-27 02:17:04,2026/09/27 02:17:04.910, 67, 29.83 W, 330 MHz, 6001 MHz, 97 %, 4987 MiB, 8188 MiB, P4, 0x0000000000000004
2026-09-27 02:17:14,2026/09/27 02:17:14.980, 67, 29.83 W, 300 MHz, 6001 MHz, 100 %, 4987 MiB, 8188 MiB, P4, 0x0000000000000004
2026-09-27 02:17:24,2026/09/27 02:17:25.042, 67, 29.94 W, 420 MHz, 6001 MHz, 100 %, 4987 MiB, 8188 MiB, P4, 0x0000000000000004
2026-09-27 02:17:35,2026/09/27 02:17:35.103, 67, 29.92 W, 570 MHz, 6001 MHz, 97 %, 4987 MiB, 8188 MiB, P4, 0x0000000000000004
2026-09-27 02:17:45,2026/09/27 02:17:45.162, 67, 29.86 W, 315 MHz, 6001 MHz, 100 %, 4987 MiB, 8188 MiB, P4, 0x0000000000000004
2026-09-27 02:17:55,2026/09/27 02:17:55.228, 67, 29.98 W, 375 MHz, 6001 MHz, 100 %, 4987 MiB, 8188 MiB, P4, 0x0000000000000004
2026-09-27 02:18:05,2026/09/27 02:18:05.298, 67, 29.90 W, 510 MHz, 6001 MHz, 100 %, 4987 MiB, 8188 MiB, P4, 0x0000000000000004
2026-09-27 02:18:15,2026/09/27 02:18:15.371, 67, 29.73 W, 570 MHz, 6001 MHz, 97 %, 4987 MiB, 8188 MiB, P4, 0x0000000000000004
2026-09-27 02:18:25,2026/09/27 02:18:25.438, 66, 29.87 W, 600 MHz, 6001 MHz, 100 %, 4987 MiB, 8188 MiB, P4, 0x0000000000000004
2026-09-27 02:18:35,2026/09/27 02:18:35.496, 66, 30.00 W, 300 MHz, 6001 MHz, 100 %, 4987 MiB, 8188 MiB, P4, 0x0000000000000004
2026-09-27 02:18:45,2026/09/27 02:18:45.568, 67, 29.90 W, 540 MHz, 6001 MHz, 99 %, 4987 MiB, 8188 MiB, P4, 0x0000000000000004
2026-09-27 02:18:55,2026/09/27 02:18:55.626, 66, 29.86 W, 510 MHz, 6001 MHz, 100 %, 4987 MiB, 8188 MiB, P4, 0x0000000000000004
2026-09-27 02:19:05,2026/09/27 02:19:05.693, 66, 29.85 W, 615 MHz, 6001 MHz, 100 %, 4987 MiB, 8188 MiB, P4, 0x0000000000000004
2026-09-27 02:19:15,2026/09/27 02:19:15.754, 66, 30.00 W, 345 MHz, 6001 MHz, 100 %, 4987 MiB, 8188 MiB, P4, 0x0000000000000004
2026-09-27 02:19:25,2026/09/27 02:19:25.824, 67, 29.88 W, 435 MHz, 6001 MHz, 100 %, 4987 MiB, 8188 MiB, P4, 0x0000000000000004
2026-09-27 02:19:35,2026/09/27 02:19:35.882, 67, 29.83 W, 510 MHz, 6001 MHz, 96 %, 4987 MiB, 8188 MiB, P4, 0x0000000000000004
2026-09-27 02:19:45,2026/09/27 02:19:45.952, 66, 29.89 W, 585 MHz, 6001 MHz, 100 %, 4987 MiB, 8188 MiB, P4, 0x0000000000000004
2026-09-27 02:19:55,2026/09/27 02:19:56.020, 66, 29.86 W, 345 MHz, 6001 MHz, 100 %, 4987 MiB, 8188 MiB, P4, 0x0000000000000004
2026-09-27 02:20:06,2026/09/27 02:20:06.080, 67, 29.94 W, 510 MHz, 6001 MHz, 100 %, 4987 MiB, 8188 MiB, P4, 0x0000000000000004
2026-09-27 02:20:16,2026/09/27 02:20:16.155, 66, 29.88 W, 570 MHz, 6001 MHz, 100 %, 4987 MiB, 8188 MiB, P4, 0x0000000000000004
2026-09-27 02:20:26,2026/09/27 02:20:26.226, 66, 29.89 W, 600 MHz, 6001 MHz, 97 %, 4987 MiB, 8188 MiB, P4, 0x0000000000000004
2026-09-27 02:20:36,2026/09/27 02:20:36.287, 67, 29.90 W, 315 MHz, 6001 MHz, 100 %, 4987 MiB, 8188 MiB, P4, 0x0000000000000004
2026-09-27 02:20:46,2026/09/27 02:20:46.360, 67, 30.03 W, 285 MHz, 6001 MHz, 100 %, 4987 MiB, 8188 MiB, P4, 0x0000000000000004
2026-09-27 02:20:56,2026/09/27 02:20:56.421, 67, 29.82 W, 300 MHz, 6001 MHz, 100 %, 4987 MiB, 8188 MiB, P4, 0x0000000000000004
2026-09-27 02:21:06,2026/09/27 02:21:06.494, 77, 80.46 W, 2295 MHz, 8001 MHz, 97 %, 4987 MiB, 8188 MiB, P0, 0x0000000000000020
2026-09-27 02:21:16,2026/09/27 02:21:16.558, 79, 85.64 W, 2475 MHz, 8001 MHz, 96 %, 4987 MiB, 8188 MiB, P0, 0x0000000000000020
2026-09-27 02:21:26,2026/09/27 02:21:26.622, 78, 86.99 W, 2295 MHz, 8001 MHz, 97 %, 4987 MiB, 8188 MiB, P0, 0x0000000000000020
2026-09-27 02:21:36,2026/09/27 02:21:36.688, 70, 29.82 W, 615 MHz, 6001 MHz, 97 %, 4987 MiB, 8188 MiB, P4, 0x0000000000000004
2026-09-27 02:21:46,2026/09/27 02:21:46.755, 68, 29.75 W, 645 MHz, 6001 MHz, 96 %, 4987 MiB, 8188 MiB, P4, 0x0000000000000004
2026-09-27 02:21:56,2026/09/27 02:21:56.825, 68, 29.86 W, 675 MHz, 6001 MHz, 100 %, 4987 MiB, 8188 MiB, P4, 0x0000000000000004
2026-09-27 02:22:06,2026/09/27 02:22:06.894, 68, 29.36 W, 795 MHz, 6001 MHz, 83 %, 4987 MiB, 8188 MiB, P4, 0x0000000000000004
2026-09-27 02:22:16,2026/09/27 02:22:16.959, 68, 29.99 W, 405 MHz, 6001 MHz, 100 %, 4987 MiB, 8188 MiB, P4, 0x0000000000000004
2026-09-27 02:22:26,2026/09/27 02:22:27.030, 68, 29.93 W, 510 MHz, 6001 MHz, 97 %, 4987 MiB, 8188 MiB, P4, 0x0000000000000004
2026-09-27 02:22:37,2026/09/27 02:22:37.105, 68, 29.68 W, 525 MHz, 6001 MHz, 95 %, 4987 MiB, 8188 MiB, P4, 0x0000000000000004
2026-09-27 02:22:47,2026/09/27 02:22:47.166, 67, 29.93 W, 405 MHz, 6001 MHz, 100 %, 4987 MiB, 8188 MiB, P4, 0x0000000000000004
2026-09-27 02:22:57,2026/09/27 02:22:57.240, 67, 29.92 W, 330 MHz, 6001 MHz, 100 %, 4987 MiB, 8188 MiB, P4, 0x0000000000000004
2026-09-27 02:23:07,2026/09/27 02:23:07.308, 67, 29.83 W, 270 MHz, 6001 MHz, 100 %, 4987 MiB, 8188 MiB, P4, 0x0000000000000004
2026-09-27 02:23:17,2026/09/27 02:23:17.374, 67, 29.93 W, 270 MHz, 6001 MHz, 97 %, 4987 MiB, 8188 MiB, P4, 0x0000000000000004
2026-09-27 02:23:27,2026/09/27 02:23:27.431, 67, 29.95 W, 285 MHz, 6001 MHz, 99 %, 4987 MiB, 8188 MiB, P4, 0x0000000000000004
2026-09-27 02:23:37,2026/09/27 02:23:37.493, 67, 29.91 W, 360 MHz, 6001 MHz, 97 %, 4987 MiB, 8188 MiB, P4, 0x0000000000000004
2026-09-27 02:23:47,2026/09/27 02:23:47.554, 67, 29.90 W, 525 MHz, 6001 MHz, 100 %, 4987 MiB, 8188 MiB, P4, 0x0000000000000004
2026-09-27 02:23:57,2026/09/27 02:23:57.628, 67, 29.66 W, 570 MHz, 6001 MHz, 96 %, 4987 MiB, 8188 MiB, P4, 0x0000000000000004
2026-09-27 02:24:07,2026/09/27 02:24:07.686, 67, 29.87 W, 330 MHz, 6001 MHz, 100 %, 4987 MiB, 8188 MiB, P4, 0x0000000000000004
2026-09-27 02:24:17,2026/09/27 02:24:17.762, 67, 29.99 W, 285 MHz, 6001 MHz, 100 %, 4987 MiB, 8188 MiB, P4, 0x0000000000000004
2026-09-27 02:24:27,2026/09/27 02:24:27.821, 67, 29.96 W, 420 MHz, 6001 MHz, 100 %, 4987 MiB, 8188 MiB, P4, 0x0000000000000004
2026-09-27 02:24:37,2026/09/27 02:24:37.885, 67, 29.67 W, 630 MHz, 6001 MHz, 95 %, 4987 MiB, 8188 MiB, P4, 0x0000000000000004
2026-09-27 02:24:47,2026/09/27 02:24:47.951, 67, 29.65 W, 600 MHz, 6001 MHz, 97 %, 4987 MiB, 8188 MiB, P4, 0x0000000000000004
2026-09-27 02:24:57,2026/09/27 02:24:58.015, 67, 29.90 W, 285 MHz, 6001 MHz, 100 %, 4987 MiB, 8188 MiB, P4, 0x0000000000000004
2026-09-27 02:25:08,2026/09/27 02:25:08.076, 67, 29.88 W, 570 MHz, 6001 MHz, 97 %, 4987 MiB, 8188 MiB, P4, 0x0000000000000004
2026-09-27 02:25:18,2026/09/27 02:25:18.137, 67, 29.94 W, 420 MHz, 6001 MHz, 97 %, 4987 MiB, 8188 MiB, P4, 0x0000000000000004
2026-09-27 02:25:28,2026/09/27 02:25:28.210, 67, 29.96 W, 300 MHz, 6001 MHz, 100 %, 4987 MiB, 8188 MiB, P4, 0x0000000000000004
2026-09-27 02:25:38,2026/09/27 02:25:38.284, 67, 29.97 W, 420 MHz, 6001 MHz, 99 %, 4987 MiB, 8188 MiB, P4, 0x0000000000000004
2026-09-27 02:25:48,2026/09/27 02:25:48.350, 67, 30.03 W, 555 MHz, 6001 MHz, 100 %, 4987 MiB, 8188 MiB, P4, 0x0000000000000004
2026-09-27 02:25:58,2026/09/27 02:25:58.415, 67, 29.81 W, 345 MHz, 6001 MHz, 100 %, 4987 MiB, 8188 MiB, P4, 0x0000000000000004
2026-09-27 02:26:08,2026/09/27 02:26:08.481, 67, 29.81 W, 555 MHz, 6001 MHz, 100 %, 4987 MiB, 8188 MiB, P4, 0x0000000000000004
2026-09-27 02:26:18,2026/09/27 02:26:18.547, 67, 29.54 W, 345 MHz, 6001 MHz, 96 %, 4987 MiB, 8188 MiB, P4, 0x0000000000000004
2026-09-27 02:26:28,2026/09/27 02:26:28.611, 67, 29.67 W, 540 MHz, 6001 MHz, 97 %, 4987 MiB, 8188 MiB, P4, 0x0000000000000004
2026-09-27 02:26:38,2026/09/27 02:26:38.679, 67, 29.92 W, 285 MHz, 6001 MHz, 100 %, 4987 MiB, 8188 MiB, P4, 0x0000000000000004
2026-09-27 02:26:48,2026/09/27 02:26:48.742, 67, 29.79 W, 585 MHz, 6001 MHz, 100 %, 4987 MiB, 8188 MiB, P4, 0x0000000000000004
2026-09-27 02:26:58,2026/09/27 02:26:58.804, 66, 29.78 W, 630 MHz, 6001 MHz, 100 %, 4987 MiB, 8188 MiB, P4, 0x0000000000000004
2026-09-27 02:27:08,2026/09/27 02:27:08.875, 67, 29.78 W, 435 MHz, 6001 MHz, 97 %, 4987 MiB, 8188 MiB, P4, 0x0000000000000004
2026-09-27 02:27:18,2026/09/27 02:27:18.944, 67, 29.81 W, 345 MHz, 6001 MHz, 97 %, 4987 MiB, 8188 MiB, P4, 0x0000000000000004
2026-09-27 02:27:28,2026/09/27 02:27:29.001, 66, 29.85 W, 600 MHz, 6001 MHz, 97 %, 4987 MiB, 8188 MiB, P4, 0x0000000000000004
2026-09-27 02:27:39,2026/09/27 02:27:39.061, 66, 29.92 W, 600 MHz, 6001 MHz, 97 %, 4987 MiB, 8188 MiB, P4, 0x0000000000000004
2026-09-27 02:27:49,2026/09/27 02:27:49.129, 67, 29.94 W, 405 MHz, 6001 MHz, 100 %, 4987 MiB, 8188 MiB, P4, 0x0000000000000004
2026-09-27 02:27:59,2026/09/27 02:27:59.179, 67, 29.81 W, 345 MHz, 6001 MHz, 100 %, 4987 MiB, 8188 MiB, P4, 0x0000000000000004
2026-09-27 02:28:09,2026/09/27 02:28:09.253, 80, 78.13 W, 2295 MHz, 7001 MHz, 97 %, 4987 MiB, 8188 MiB, P3, 0x0000000000000020
2026-09-27 02:28:19,2026/09/27 02:28:19.317, 78, 86.31 W, 2295 MHz, 8001 MHz, 97 %, 4987 MiB, 8188 MiB, P0, 0x0000000000000020
2026-09-27 02:28:29,2026/09/27 02:28:29.380, 80, 86.78 W, 2295 MHz, 8001 MHz, 95 %, 4987 MiB, 8188 MiB, P0, 0x0000000000000020
2026-09-27 02:28:39,2026/09/27 02:28:39.453, 79, 87.53 W, 2295 MHz, 8001 MHz, 97 %, 4987 MiB, 8188 MiB, P0, 0x0000000000000020
2026-09-27 02:28:49,2026/09/27 02:28:49.517, 69, 29.88 W, 525 MHz, 6001 MHz, 100 %, 4987 MiB, 8188 MiB, P4, 0x0000000000000004
2026-09-27 02:28:59,2026/09/27 02:28:59.586, 68, 29.76 W, 555 MHz, 6001 MHz, 100 %, 4987 MiB, 8188 MiB, P4, 0x0000000000000004
2026-09-27 02:29:09,2026/09/27 02:29:09.657, 68, 29.76 W, 240 MHz, 6001 MHz, 100 %, 4987 MiB, 8188 MiB, P4, 0x0000000000000004
2026-09-27 02:29:19,2026/09/27 02:29:19.723, 68, 29.85 W, 510 MHz, 6001 MHz, 97 %, 4987 MiB, 8188 MiB, P4, 0x0000000000000004
2026-09-27 02:29:29,2026/09/27 02:29:29.781, 68, 29.73 W, 570 MHz, 6001 MHz, 97 %, 4987 MiB, 8188 MiB, P4, 0x0000000000000004
2026-09-27 02:29:39,2026/09/27 02:29:39.839, 68, 29.98 W, 585 MHz, 6001 MHz, 100 %, 4987 MiB, 8188 MiB, P4, 0x0000000000000004
2026-09-27 02:29:49,2026/09/27 02:29:49.905, 67, 29.95 W, 345 MHz, 6001 MHz, 100 %, 4987 MiB, 8188 MiB, P4, 0x0000000000000004
2026-09-27 02:29:59,2026/09/27 02:29:59.978, 67, 29.77 W, 630 MHz, 6001 MHz, 97 %, 4987 MiB, 8188 MiB, P4, 0x0000000000000004
2026-09-27 02:30:09,2026/09/27 02:30:10.043, 68, 29.47 W, 765 MHz, 6001 MHz, 92 %, 4987 MiB, 8188 MiB, P4, 0x0000000000000004
2026-09-27 02:30:20,2026/09/27 02:30:20.101, 65, 25.78 W, 525 MHz, 6001 MHz, 0 %, 4987 MiB, 8188 MiB, P4, 0x0000000000000001
2026-09-27 02:30:30,2026/09/27 02:30:30.191, 68, 31.96 W, 2595 MHz, 8001 MHz, 0 %, 4987 MiB, 8188 MiB, P0, 0x0000000000000000
2026-09-27 02:30:40,2026/09/27 02:30:40.268, 71, 8.79 W, 2370 MHz, 8001 MHz, 100 %, 4987 MiB, 8188 MiB, P0, 0x0000000000000001
2026-09-27 02:30:50,2026/09/27 02:30:50.325, 67, 29.85 W, 555 MHz, 6001 MHz, 100 %, 4987 MiB, 8188 MiB, P4, 0x0000000000000004
2026-09-27 02:31:00,2026/09/27 02:31:00.383, 67, 29.93 W, 585 MHz, 6001 MHz, 100 %, 4987 MiB, 8188 MiB, P4, 0x0000000000000004
2026-09-27 02:31:10,2026/09/27 02:31:10.452, 67, 29.93 W, 585 MHz, 6001 MHz, 100 %, 4987 MiB, 8188 MiB, P4, 0x0000000000000004
2026-09-27 02:31:20,2026/09/27 02:31:20.506, 67, 29.90 W, 600 MHz, 6001 MHz, 100 %, 4987 MiB, 8188 MiB, P4, 0x0000000000000004
2026-09-27 02:31:30,2026/09/27 02:31:30.570, 67, 29.88 W, 600 MHz, 6001 MHz, 100 %, 4987 MiB, 8188 MiB, P4, 0x0000000000000004
2026-09-27 02:31:40,2026/09/27 02:31:40.643, 67, 29.99 W, 480 MHz, 6001 MHz, 100 %, 4987 MiB, 8188 MiB, P4, 0x0000000000000004
2026-09-27 02:31:50,2026/09/27 02:31:50.705, 67, 29.89 W, 585 MHz, 6001 MHz, 100 %, 4987 MiB, 8188 MiB, P4, 0x0000000000000004
2026-09-27 02:32:00,2026/09/27 02:32:00.764, 67, 29.90 W, 540 MHz, 6001 MHz, 100 %, 4987 MiB, 8188 MiB, P4, 0x0000000000000004
2026-09-27 02:32:10,2026/09/27 02:32:10.830, 78, 85.77 W, 2295 MHz, 8001 MHz, 97 %, 4987 MiB, 8188 MiB, P0, 0x0000000000000020
2026-09-27 02:32:20,2026/09/27 02:32:20.900, 78, 87.08 W, 2295 MHz, 8001 MHz, 97 %, 4987 MiB, 8188 MiB, P0, 0x0000000000000020
2026-09-27 02:32:30,2026/09/27 02:32:30.969, 79, 87.11 W, 2295 MHz, 8001 MHz, 96 %, 4987 MiB, 8188 MiB, P0, 0x0000000000000020
2026-09-27 02:32:40,2026/09/27 02:32:41.031, 69, 29.80 W, 360 MHz, 6001 MHz, 100 %, 4987 MiB, 8188 MiB, P4, 0x0000000000000004
2026-09-27 02:32:51,2026/09/27 02:32:51.101, 68, 29.94 W, 300 MHz, 6001 MHz, 100 %, 4987 MiB, 8188 MiB, P4, 0x0000000000000004
2026-09-27 02:33:01,2026/09/27 02:33:01.169, 68, 29.94 W, 615 MHz, 6001 MHz, 98 %, 4987 MiB, 8188 MiB, P4, 0x0000000000000004
2026-09-27 02:33:11,2026/09/27 02:33:11.244, 68, 29.83 W, 345 MHz, 6001 MHz, 100 %, 4987 MiB, 8188 MiB, P4, 0x0000000000000004
2026-09-27 02:33:21,2026/09/27 02:33:21.303, 68, 29.88 W, 270 MHz, 6001 MHz, 100 %, 4987 MiB, 8188 MiB, P4, 0x0000000000000004
2026-09-27 02:33:31,2026/09/27 02:33:31.363, 68, 29.79 W, 270 MHz, 6001 MHz, 100 %, 4987 MiB, 8188 MiB, P4, 0x0000000000000004
2026-09-27 02:33:41,2026/09/27 02:33:41.427, 68, 29.82 W, 450 MHz, 6001 MHz, 97 %, 4987 MiB, 8188 MiB, P4, 0x0000000000000004
2026-09-27 02:33:51,2026/09/27 02:33:51.489, 67, 29.81 W, 615 MHz, 6001 MHz, 99 %, 4987 MiB, 8188 MiB, P4, 0x0000000000000004
2026-09-27 02:34:01,2026/09/27 02:34:01.558, 67, 29.86 W, 375 MHz, 6001 MHz, 100 %, 4987 MiB, 8188 MiB, P4, 0x0000000000000004
2026-09-27 02:34:11,2026/09/27 02:34:11.629, 67, 29.80 W, 525 MHz, 6001 MHz, 96 %, 4987 MiB, 8188 MiB, P4, 0x0000000000000004
2026-09-27 02:34:21,2026/09/27 02:34:21.701, 67, 29.90 W, 555 MHz, 6001 MHz, 97 %, 4987 MiB, 8188 MiB, P4, 0x0000000000000004
2026-09-27 02:34:31,2026/09/27 02:34:31.770, 67, 29.88 W, 300 MHz, 6001 MHz, 100 %, 4987 MiB, 8188 MiB, P4, 0x0000000000000004
2026-09-27 02:34:41,2026/09/27 02:34:41.834, 67, 30.01 W, 420 MHz, 6001 MHz, 100 %, 4987 MiB, 8188 MiB, P4, 0x0000000000000004
2026-09-27 02:34:51,2026/09/27 02:34:51.905, 67, 29.75 W, 525 MHz, 6001 MHz, 97 %, 4987 MiB, 8188 MiB, P4, 0x0000000000000004
2026-09-27 02:35:01,2026/09/27 02:35:01.977, 67, 29.86 W, 360 MHz, 6001 MHz, 97 %, 4987 MiB, 8188 MiB, P4, 0x0000000000000004
2026-09-27 02:35:11,2026/09/27 02:35:12.043, 67, 29.90 W, 330 MHz, 6001 MHz, 100 %, 4987 MiB, 8188 MiB, P4, 0x0000000000000004
2026-09-27 02:35:22,2026/09/27 02:35:22.111, 67, 29.94 W, 540 MHz, 6001 MHz, 100 %, 4987 MiB, 8188 MiB, P4, 0x0000000000000004
2026-09-27 02:35:32,2026/09/27 02:35:32.183, 67, 29.72 W, 600 MHz, 6001 MHz, 97 %, 4987 MiB, 8188 MiB, P4, 0x0000000000000004
2026-09-27 02:35:42,2026/09/27 02:35:42.250, 67, 29.90 W, 585 MHz, 6001 MHz, 97 %, 4987 MiB, 8188 MiB, P4, 0x0000000000000004
2026-09-27 02:35:52,2026/09/27 02:35:52.318, 67, 29.85 W, 495 MHz, 6001 MHz, 100 %, 4987 MiB, 8188 MiB, P4, 0x0000000000000004
2026-09-27 02:36:02,2026/09/27 02:36:02.383, 67, 29.95 W, 330 MHz, 6001 MHz, 100 %, 4987 MiB, 8188 MiB, P4, 0x0000000000000004
2026-09-27 02:36:12,2026/09/27 02:36:12.449, 67, 29.83 W, 540 MHz, 6001 MHz, 97 %, 4987 MiB, 8188 MiB, P4, 0x0000000000000004
2026-09-27 02:36:22,2026/09/27 02:36:22.521, 67, 29.80 W, 480 MHz, 6001 MHz, 100 %, 4987 MiB, 8188 MiB, P4, 0x0000000000000004
2026-09-27 02:36:32,2026/09/27 02:36:32.589, 67, 29.78 W, 510 MHz, 6001 MHz, 97 %, 4987 MiB, 8188 MiB, P4, 0x0000000000000004
2026-09-27 02:36:42,2026/09/27 02:36:42.663, 67, 29.97 W, 330 MHz, 6001 MHz, 100 %, 4987 MiB, 8188 MiB, P4, 0x0000000000000004
2026-09-27 02:36:52,2026/09/27 02:36:52.732, 67, 29.83 W, 540 MHz, 6001 MHz, 97 %, 4987 MiB, 8188 MiB, P4, 0x0000000000000004
2026-09-27 02:37:02,2026/09/27 02:37:02.780, 67, 29.89 W, 345 MHz, 6001 MHz, 100 %, 4987 MiB, 8188 MiB, P4, 0x0000000000000004
2026-09-27 02:37:12,2026/09/27 02:37:12.849, 65, 24.59 W, 615 MHz, 6001 MHz, 0 %, 4987 MiB, 8188 MiB, P4, 0x0000000000000001
2026-09-27 02:37:22,2026/09/27 02:37:22.914, 63, 3.56 W, 210 MHz, 405 MHz, 0 %, 4987 MiB, 8188 MiB, P8, 0x0000000000000001
2026-09-27 02:37:32,2026/09/27 02:37:32.975, 63, 4.61 W, 210 MHz, 405 MHz, 0 %, 4987 MiB, 8188 MiB, P8, 0x0000000000000001
2026-09-27 02:37:42,2026/09/27 02:37:43.039, 79, 95.04 W, 2295 MHz, 8001 MHz, 98 %, 4987 MiB, 8188 MiB, P0, 0x0000000000000020
2026-09-27 02:37:53,2026/09/27 02:37:53.103, 67, 30.05 W, 540 MHz, 6001 MHz, 100 %, 4987 MiB, 8188 MiB, P4, 0x0000000000000004
2026-09-27 02:38:03,2026/09/27 02:38:03.163, 67, 30.00 W, 525 MHz, 6001 MHz, 100 %, 4987 MiB, 8188 MiB, P4, 0x0000000000000004
2026-09-27 02:38:13,2026/09/27 02:38:13.223, 67, 29.98 W, 435 MHz, 6001 MHz, 100 %, 4987 MiB, 8188 MiB, P4, 0x0000000000000004
2026-09-27 02:38:23,2026/09/27 02:38:23.292, 67, 29.88 W, 495 MHz, 6001 MHz, 100 %, 4987 MiB, 8188 MiB, P4, 0x0000000000000004
2026-09-27 02:38:33,2026/09/27 02:38:33.356, 67, 30.02 W, 540 MHz, 6001 MHz, 100 %, 4987 MiB, 8188 MiB, P4, 0x0000000000000004
2026-09-27 02:38:43,2026/09/27 02:38:43.420, 67, 30.05 W, 480 MHz, 6001 MHz, 100 %, 4987 MiB, 8188 MiB, P4, 0x0000000000000004
2026-09-27 02:38:53,2026/09/27 02:38:53.481, 68, 29.87 W, 930 MHz, 6001 MHz, 99 %, 4987 MiB, 8188 MiB, P4, 0x0000000000000004
2026-09-27 02:39:03,2026/09/27 02:39:03.542, 68, 29.98 W, 1035 MHz, 6001 MHz, 100 %, 4987 MiB, 8188 MiB, P4, 0x0000000000000004
2026-09-27 02:39:13,2026/09/27 02:39:13.606, 68, 30.00 W, 1185 MHz, 6001 MHz, 99 %, 4987 MiB, 8188 MiB, P4, 0x0000000000000004
2026-09-27 02:39:23,2026/09/27 02:39:23.677, 67, 30.03 W, 690 MHz, 6001 MHz, 96 %, 4987 MiB, 8188 MiB, P4, 0x0000000000000004
2026-09-27 02:39:33,2026/09/27 02:39:33.729, 67, 29.95 W, 1005 MHz, 6001 MHz, 99 %, 4987 MiB, 8188 MiB, P4, 0x0000000000000004
2026-09-27 02:39:43,2026/09/27 02:39:43.788, 67, 29.84 W, 1050 MHz, 6001 MHz, 100 %, 4987 MiB, 8188 MiB, P4, 0x0000000000000004
2026-09-27 02:39:53,2026/09/27 02:39:53.857, 68, 29.71 W, 795 MHz, 6001 MHz, 96 %, 4987 MiB, 8188 MiB, P4, 0x0000000000000004
2026-09-27 02:40:03,2026/09/27 02:40:03.926, 67, 29.92 W, 1035 MHz, 6001 MHz, 100 %, 4987 MiB, 8188 MiB, P4, 0x0000000000000004
2026-09-27 02:40:13,2026/09/27 02:40:13.999, 68, 29.95 W, 810 MHz, 6001 MHz, 100 %, 4987 MiB, 8188 MiB, P4, 0x0000000000000004
2026-09-27 02:40:24,2026/09/27 02:40:24.070, 67, 29.95 W, 975 MHz, 6001 MHz, 99 %, 4987 MiB, 8188 MiB, P4, 0x0000000000000004
2026-09-27 02:40:34,2026/09/27 02:40:34.139, 67, 29.84 W, 1155 MHz, 6001 MHz, 100 %, 4987 MiB, 8188 MiB, P4, 0x0000000000000004
2026-09-27 02:40:44,2026/09/27 02:40:44.206, 67, 30.01 W, 975 MHz, 6001 MHz, 100 %, 4987 MiB, 8188 MiB, P4, 0x0000000000000004
2026-09-27 02:40:54,2026/09/27 02:40:54.277, 67, 29.88 W, 975 MHz, 6001 MHz, 98 %, 4987 MiB, 8188 MiB, P4, 0x0000000000000004
2026-09-27 02:41:04,2026/09/27 02:41:04.345, 67, 29.91 W, 1320 MHz, 6001 MHz, 99 %, 4987 MiB, 8188 MiB, P4, 0x0000000000000004
2026-09-27 02:41:14,2026/09/27 02:41:14.417, 68, 29.73 W, 915 MHz, 6001 MHz, 96 %, 4987 MiB, 8188 MiB, P4, 0x0000000000000004
2026-09-27 02:41:24,2026/09/27 02:41:24.482, 67, 29.80 W, 960 MHz, 6001 MHz, 99 %, 4987 MiB, 8188 MiB, P4, 0x0000000000000004
2026-09-27 02:41:34,2026/09/27 02:41:34.545, 67, 29.94 W, 765 MHz, 6001 MHz, 96 %, 4987 MiB, 8188 MiB, P4, 0x0000000000000004
2026-09-27 02:41:44,2026/09/27 02:41:44.613, 67, 29.93 W, 1020 MHz, 6001 MHz, 99 %, 4987 MiB, 8188 MiB, P4, 0x0000000000000004
2026-09-27 02:41:54,2026/09/27 02:41:54.676, 67, 29.85 W, 1125 MHz, 6001 MHz, 100 %, 4987 MiB, 8188 MiB, P4, 0x0000000000000004
2026-09-27 02:42:04,2026/09/27 02:42:04.746, 67, 29.92 W, 1080 MHz, 6001 MHz, 99 %, 4987 MiB, 8188 MiB, P4, 0x0000000000000004
2026-09-27 02:42:14,2026/09/27 02:42:14.814, 67, 29.92 W, 765 MHz, 6001 MHz, 94 %, 4987 MiB, 8188 MiB, P4, 0x0000000000000004
2026-09-27 02:42:24,2026/09/27 02:42:24.874, 67, 29.98 W, 1020 MHz, 6001 MHz, 99 %, 4987 MiB, 8188 MiB, P4, 0x0000000000000004
2026-09-27 02:42:34,2026/09/27 02:42:34.934, 68, 29.70 W, 1200 MHz, 6001 MHz, 95 %, 4987 MiB, 8188 MiB, P4, 0x0000000000000004
2026-09-27 02:42:44,2026/09/27 02:42:45.002, 67, 29.83 W, 960 MHz, 6001 MHz, 100 %, 4987 MiB, 8188 MiB, P4, 0x0000000000000004
2026-09-27 02:42:55,2026/09/27 02:42:55.075, 67, 29.88 W, 810 MHz, 6001 MHz, 96 %, 4987 MiB, 8188 MiB, P4, 0x0000000000000004
2026-09-27 02:43:05,2026/09/27 02:43:05.151, 67, 29.90 W, 975 MHz, 6001 MHz, 99 %, 4987 MiB, 8188 MiB, P4, 0x0000000000000004
2026-09-27 02:43:15,2026/09/27 02:43:15.219, 67, 29.90 W, 900 MHz, 6001 MHz, 99 %, 4987 MiB, 8188 MiB, P4, 0x0000000000000004
2026-09-27 02:43:25,2026/09/27 02:43:25.285, 67, 30.01 W, 615 MHz, 6001 MHz, 100 %, 4987 MiB, 8188 MiB, P4, 0x0000000000000004
2026-09-27 02:43:35,2026/09/27 02:43:35.347, 67, 29.88 W, 840 MHz, 6001 MHz, 96 %, 4987 MiB, 8188 MiB, P4, 0x0000000000000004
2026-09-27 02:43:45,2026/09/27 02:43:45.418, 67, 30.00 W, 960 MHz, 6001 MHz, 99 %, 4987 MiB, 8188 MiB, P4, 0x0000000000000004
2026-09-27 02:43:55,2026/09/27 02:43:55.477, 67, 29.88 W, 765 MHz, 6001 MHz, 100 %, 4987 MiB, 8188 MiB, P4, 0x0000000000000004
2026-09-27 02:44:05,2026/09/27 02:44:05.543, 67, 29.78 W, 690 MHz, 6001 MHz, 95 %, 4987 MiB, 8188 MiB, P4, 0x0000000000000004
2026-09-27 02:44:15,2026/09/27 02:44:15.608, 67, 29.82 W, 1080 MHz, 6001 MHz, 100 %, 4987 MiB, 8188 MiB, P4, 0x0000000000000004
2026-09-27 02:44:25,2026/09/27 02:44:25.677, 67, 29.71 W, 810 MHz, 6001 MHz, 96 %, 4987 MiB, 8188 MiB, P4, 0x0000000000000004
2026-09-27 02:44:35,2026/09/27 02:44:35.741, 68, 29.72 W, 780 MHz, 6001 MHz, 96 %, 4987 MiB, 8188 MiB, P4, 0x0000000000000004
2026-09-27 02:44:45,2026/09/27 02:44:45.810, 67, 29.98 W, 1005 MHz, 6001 MHz, 100 %, 4987 MiB, 8188 MiB, P4, 0x0000000000000004
2026-09-27 02:44:55,2026/09/27 02:44:55.878, 67, 29.98 W, 780 MHz, 6001 MHz, 99 %, 4987 MiB, 8188 MiB, P4, 0x0000000000000004
2026-09-27 02:45:05,2026/09/27 02:45:05.941, 67, 29.81 W, 930 MHz, 6001 MHz, 99 %, 4987 MiB, 8188 MiB, P4, 0x0000000000000004
2026-09-27 02:45:15,2026/09/27 02:45:16.011, 67, 29.70 W, 1125 MHz, 6001 MHz, 97 %, 4987 MiB, 8188 MiB, P4, 0x0000000000000004
2026-09-27 02:45:26,2026/09/27 02:45:26.072, 67, 29.95 W, 960 MHz, 6001 MHz, 100 %, 4987 MiB, 8188 MiB, P4, 0x0000000000000004
2026-09-27 02:45:36,2026/09/27 02:45:36.136, 67, 29.97 W, 1035 MHz, 6001 MHz, 100 %, 4987 MiB, 8188 MiB, P4, 0x0000000000000004
2026-09-27 02:45:46,2026/09/27 02:45:46.200, 67, 29.88 W, 1110 MHz, 6001 MHz, 99 %, 4987 MiB, 8188 MiB, P4, 0x0000000000000004
2026-09-27 02:45:56,2026/09/27 02:45:56.264, 67, 29.96 W, 1020 MHz, 6001 MHz, 99 %, 4987 MiB, 8188 MiB, P4, 0x0000000000000004
2026-09-27 02:46:06,2026/09/27 02:46:06.321, 67, 30.01 W, 675 MHz, 6001 MHz, 97 %, 4987 MiB, 8188 MiB, P4, 0x0000000000000004
2026-09-27 02:46:16,2026/09/27 02:46:16.387, 67, 29.92 W, 1080 MHz, 6001 MHz, 99 %, 4987 MiB, 8188 MiB, P4, 0x0000000000000004
2026-09-27 02:46:26,2026/09/27 02:46:26.454, 68, 29.66 W, 1305 MHz, 6001 MHz, 96 %, 4987 MiB, 8188 MiB, P4, 0x0000000000000004
2026-09-27 02:46:36,2026/09/27 02:46:36.517, 67, 29.93 W, 840 MHz, 6001 MHz, 99 %, 4987 MiB, 8188 MiB, P4, 0x0000000000000004
2026-09-27 02:46:46,2026/09/27 02:46:46.578, 67, 30.13 W, 585 MHz, 6001 MHz, 100 %, 4987 MiB, 8188 MiB, P4, 0x0000000000000004
2026-09-27 02:46:56,2026/09/27 02:46:56.638, 68, 26.19 W, 2595 MHz, 8001 MHz, 0 %, 4987 MiB, 8188 MiB, P0, 0x0000000000000000
2026-09-27 02:47:06,2026/09/27 02:47:06.703, 80, 32.53 W, 2310 MHz, 8001 MHz, 90 %, 4987 MiB, 8188 MiB, P0, 0x0000000000000020
2026-09-27 02:47:16,2026/09/27 02:47:16.772, 67, 29.86 W, 630 MHz, 6001 MHz, 100 %, 4987 MiB, 8188 MiB, P4, 0x0000000000000004
2026-09-27 02:47:26,2026/09/27 02:47:26.819, 67, 29.83 W, 1110 MHz, 6001 MHz, 100 %, 4987 MiB, 8188 MiB, P4, 0x0000000000000004
2026-09-27 02:47:36,2026/09/27 02:47:36.890, 67, 30.07 W, 735 MHz, 6001 MHz, 95 %, 4987 MiB, 8188 MiB, P4, 0x0000000000000004
2026-09-27 02:47:46,2026/09/27 02:47:46.956, 67, 30.03 W, 1110 MHz, 6001 MHz, 100 %, 4987 MiB, 8188 MiB, P4, 0x0000000000000004
2026-09-27 02:47:56,2026/09/27 02:47:57.018, 67, 30.11 W, 735 MHz, 6001 MHz, 100 %, 4987 MiB, 8188 MiB, P4, 0x0000000000000004
2026-09-27 02:48:07,2026/09/27 02:48:07.066, 67, 29.70 W, 1080 MHz, 6001 MHz, 100 %, 4987 MiB, 8188 MiB, P4, 0x0000000000000004
2026-09-27 02:48:17,2026/09/27 02:48:17.121, 67, 30.08 W, 675 MHz, 6001 MHz, 100 %, 4987 MiB, 8188 MiB, P4, 0x0000000000000004
2026-09-27 02:48:27,2026/09/27 02:48:27.171, 67, 30.06 W, 1095 MHz, 6001 MHz, 100 %, 4987 MiB, 8188 MiB, P4, 0x0000000000000004
2026-09-27 02:48:37,2026/09/27 02:48:37.221, 67, 30.05 W, 1125 MHz, 6001 MHz, 100 %, 4987 MiB, 8188 MiB, P4, 0x0000000000000004
2026-09-27 02:48:47,2026/09/27 02:48:47.277, 67, 29.70 W, 1140 MHz, 6001 MHz, 100 %, 4987 MiB, 8188 MiB, P4, 0x0000000000000004
2026-09-27 02:48:57,2026/09/27 02:48:57.324, 67, 30.17 W, 705 MHz, 6001 MHz, 100 %, 4987 MiB, 8188 MiB, P4, 0x0000000000000004
2026-09-27 02:49:07,2026/09/27 02:49:07.374, 67, 29.88 W, 1080 MHz, 6001 MHz, 100 %, 4987 MiB, 8188 MiB, P4, 0x0000000000000004
2026-09-27 02:49:17,2026/09/27 02:49:17.428, 68, 30.19 W, 675 MHz, 6001 MHz, 100 %, 4987 MiB, 8188 MiB, P4, 0x0000000000000004
2026-09-27 02:49:27,2026/09/27 02:49:27.490, 67, 26.01 W, 2370 MHz, 7001 MHz, 91 %, 4987 MiB, 8188 MiB, P3, 0x0000000000000004
2026-09-27 02:49:37,2026/09/27 02:49:37.552, 68, 30.05 W, 795 MHz, 6001 MHz, 100 %, 4987 MiB, 8188 MiB, P4, 0x0000000000000004
2026-09-27 02:49:47,2026/09/27 02:49:47.611, 67, 29.94 W, 900 MHz, 6001 MHz, 100 %, 4987 MiB, 8188 MiB, P4, 0x0000000000000004
2026-09-27 02:49:57,2026/09/27 02:49:57.680, 67, 29.89 W, 1005 MHz, 6001 MHz, 100 %, 4987 MiB, 8188 MiB, P4, 0x0000000000000004
2026-09-27 02:50:07,2026/09/27 02:50:07.748, 67, 29.80 W, 1200 MHz, 6001 MHz, 100 %, 4987 MiB, 8188 MiB, P4, 0x0000000000000004
2026-09-27 02:50:17,2026/09/27 02:50:17.809, 67, 30.02 W, 975 MHz, 6001 MHz, 100 %, 4987 MiB, 8188 MiB, P4, 0x0000000000000004
2026-09-27 02:50:27,2026/09/27 02:50:27.874, 68, 29.75 W, 1290 MHz, 6001 MHz, 96 %, 4987 MiB, 8188 MiB, P4, 0x0000000000000004
2026-09-27 02:50:37,2026/09/27 02:50:37.939, 67, 29.90 W, 945 MHz, 6001 MHz, 100 %, 4987 MiB, 8188 MiB, P4, 0x0000000000000004
2026-09-27 02:50:47,2026/09/27 02:50:48.006, 67, 30.00 W, 990 MHz, 6001 MHz, 99 %, 4987 MiB, 8188 MiB, P4, 0x0000000000000004
2026-09-27 02:50:58,2026/09/27 02:50:58.070, 67, 29.88 W, 750 MHz, 6001 MHz, 97 %, 4987 MiB, 8188 MiB, P4, 0x0000000000000004
2026-09-27 02:51:08,2026/09/27 02:51:08.114, 67, 29.81 W, 885 MHz, 6001 MHz, 99 %, 4987 MiB, 8188 MiB, P4, 0x0000000000000004
2026-09-27 02:51:18,2026/09/27 02:51:18.175, 67, 29.84 W, 990 MHz, 6001 MHz, 100 %, 4987 MiB, 8188 MiB, P4, 0x0000000000000004
2026-09-27 02:51:28,2026/09/27 02:51:28.239, 67, 29.91 W, 945 MHz, 6001 MHz, 97 %, 4987 MiB, 8188 MiB, P4, 0x0000000000000004
2026-09-27 02:51:38,2026/09/27 02:51:38.310, 67, 29.93 W, 1020 MHz, 6001 MHz, 100 %, 4987 MiB, 8188 MiB, P4, 0x0000000000000004
2026-09-27 02:51:48,2026/09/27 02:51:48.380, 67, 29.95 W, 1230 MHz, 6001 MHz, 99 %, 4987 MiB, 8188 MiB, P4, 0x0000000000000004
2026-09-27 02:51:58,2026/09/27 02:51:58.439, 67, 29.78 W, 645 MHz, 6001 MHz, 96 %, 4987 MiB, 8188 MiB, P4, 0x0000000000000004
2026-09-27 02:52:08,2026/09/27 02:52:08.510, 67, 29.90 W, 975 MHz, 6001 MHz, 100 %, 4987 MiB, 8188 MiB, P4, 0x0000000000000004
2026-09-27 02:52:18,2026/09/27 02:52:18.578, 67, 29.99 W, 705 MHz, 6001 MHz, 99 %, 4987 MiB, 8188 MiB, P4, 0x0000000000000004
2026-09-27 02:52:28,2026/09/27 02:52:28.647, 67, 29.94 W, 1065 MHz, 6001 MHz, 100 %, 4987 MiB, 8188 MiB, P4, 0x0000000000000004
2026-09-27 02:52:38,2026/09/27 02:52:38.711, 67, 29.61 W, 1215 MHz, 6001 MHz, 95 %, 4987 MiB, 8188 MiB, P4, 0x0000000000000004
2026-09-27 02:52:48,2026/09/27 02:52:48.776, 67, 29.94 W, 1050 MHz, 6001 MHz, 99 %, 4987 MiB, 8188 MiB, P4, 0x0000000000000004
2026-09-27 02:52:58,2026/09/27 02:52:58.823, 67, 29.87 W, 960 MHz, 6001 MHz, 100 %, 4987 MiB, 8188 MiB, P4, 0x0000000000000004
2026-09-27 02:53:08,2026/09/27 02:53:08.894, 67, 29.96 W, 1125 MHz, 6001 MHz, 100 %, 4987 MiB, 8188 MiB, P4, 0x0000000000000004
2026-09-27 02:53:18,2026/09/27 02:53:18.971, 67, 29.95 W, 675 MHz, 6001 MHz, 97 %, 4987 MiB, 8188 MiB, P4, 0x0000000000000004
2026-09-27 02:53:28,2026/09/27 02:53:29.034, 67, 29.98 W, 945 MHz, 6001 MHz, 99 %, 4987 MiB, 8188 MiB, P4, 0x0000000000000004
2026-09-27 02:53:39,2026/09/27 02:53:39.103, 67, 29.81 W, 795 MHz, 6001 MHz, 96 %, 4987 MiB, 8188 MiB, P4, 0x0000000000000004
2026-09-27 02:53:49,2026/09/27 02:53:49.173, 67, 30.08 W, 870 MHz, 6001 MHz, 99 %, 4987 MiB, 8188 MiB, P4, 0x0000000000000004
2026-09-27 02:53:59,2026/09/27 02:53:59.235, 67, 29.98 W, 1185 MHz, 6001 MHz, 99 %, 4987 MiB, 8188 MiB, P4, 0x0000000000000004
2026-09-27 02:54:09,2026/09/27 02:54:09.294, 67, 30.03 W, 930 MHz, 6001 MHz, 99 %, 4987 MiB, 8188 MiB, P4, 0x0000000000000004
2026-09-27 02:54:19,2026/09/27 02:54:19.356, 67, 29.88 W, 1005 MHz, 6001 MHz, 100 %, 4987 MiB, 8188 MiB, P4, 0x0000000000000004
2026-09-27 02:54:29,2026/09/27 02:54:29.421, 67, 29.66 W, 1260 MHz, 6001 MHz, 96 %, 4987 MiB, 8188 MiB, P4, 0x0000000000000004
2026-09-27 02:54:39,2026/09/27 02:54:39.485, 67, 29.89 W, 1050 MHz, 6001 MHz, 100 %, 4987 MiB, 8188 MiB, P4, 0x0000000000000004
2026-09-27 02:54:49,2026/09/27 02:54:49.548, 67, 29.69 W, 765 MHz, 6001 MHz, 96 %, 4987 MiB, 8188 MiB, P4, 0x0000000000000004
2026-09-27 02:54:59,2026/09/27 02:54:59.618, 67, 29.95 W, 1005 MHz, 6001 MHz, 100 %, 4987 MiB, 8188 MiB, P4, 0x0000000000000004
2026-09-27 02:55:09,2026/09/27 02:55:09.678, 67, 29.93 W, 1140 MHz, 6001 MHz, 99 %, 4987 MiB, 8188 MiB, P4, 0x0000000000000004
2026-09-27 02:55:19,2026/09/27 02:55:19.738, 67, 29.96 W, 975 MHz, 6001 MHz, 96 %, 4987 MiB, 8188 MiB, P4, 0x0000000000000004
2026-09-27 02:55:29,2026/09/27 02:55:29.797, 78, 85.24 W, 2295 MHz, 8001 MHz, 98 %, 4987 MiB, 8188 MiB, P0, 0x0000000000000020
2026-09-27 02:55:39,2026/09/27 02:55:39.869, 63, 7.16 W, 210 MHz, 810 MHz, 0 %, 4987 MiB, 8188 MiB, P5, 0x0000000000000001
2026-09-27 02:55:49,2026/09/27 02:55:49.938, 67, 29.81 W, 510 MHz, 6001 MHz, 100 %, 4987 MiB, 8188 MiB, P4, 0x0000000000000004
2026-09-27 02:55:59,2026/09/27 02:55:59.990, 67, 29.99 W, 705 MHz, 6001 MHz, 100 %, 4987 MiB, 8188 MiB, P4, 0x0000000000000004
2026-09-27 02:56:09,2026/09/27 02:56:10.031, 67, 29.71 W, 1125 MHz, 6001 MHz, 100 %, 4987 MiB, 8188 MiB, P4, 0x0000000000000004
2026-09-27 02:56:20,2026/09/27 02:56:20.074, 67, 30.07 W, 735 MHz, 6001 MHz, 100 %, 4987 MiB, 8188 MiB, P4, 0x0000000000000004
2026-09-27 02:56:30,2026/09/27 02:56:30.121, 67, 29.89 W, 1125 MHz, 6001 MHz, 100 %, 4987 MiB, 8188 MiB, P4, 0x0000000000000004
2026-09-27 02:56:40,2026/09/27 02:56:40.171, 67, 29.87 W, 1095 MHz, 6001 MHz, 100 %, 4987 MiB, 8188 MiB, P4, 0x0000000000000004
2026-09-27 02:56:50,2026/09/27 02:56:50.221, 67, 30.13 W, 750 MHz, 6001 MHz, 100 %, 4987 MiB, 8188 MiB, P4, 0x0000000000000004
2026-09-27 02:57:00,2026/09/27 02:57:00.279, 67, 29.71 W, 1095 MHz, 6001 MHz, 100 %, 4987 MiB, 8188 MiB, P4, 0x0000000000000004
2026-09-27 02:57:10,2026/09/27 02:57:10.334, 67, 29.98 W, 1110 MHz, 6001 MHz, 100 %, 4987 MiB, 8188 MiB, P4, 0x0000000000000004
2026-09-27 02:57:20,2026/09/27 02:57:20.378, 67, 30.10 W, 720 MHz, 6001 MHz, 100 %, 4987 MiB, 8188 MiB, P4, 0x0000000000000004
2026-09-27 02:57:30,2026/09/27 02:57:30.432, 67, 29.61 W, 1095 MHz, 6001 MHz, 100 %, 4987 MiB, 8188 MiB, P4, 0x0000000000000004
2026-09-27 02:57:40,2026/09/27 02:57:40.476, 67, 30.14 W, 690 MHz, 6001 MHz, 100 %, 4987 MiB, 8188 MiB, P4, 0x0000000000000004
2026-09-27 02:57:50,2026/09/27 02:57:50.523, 67, 29.80 W, 1080 MHz, 6001 MHz, 100 %, 4987 MiB, 8188 MiB, P4, 0x0000000000000004
2026-09-27 02:58:00,2026/09/27 02:58:00.592, 67, 30.10 W, 690 MHz, 6001 MHz, 99 %, 4987 MiB, 8188 MiB, P4, 0x0000000000000004
2026-09-27 02:58:10,2026/09/27 02:58:10.661, 67, 29.87 W, 1260 MHz, 6001 MHz, 99 %, 4987 MiB, 8188 MiB, P4, 0x0000000000000004
2026-09-27 02:58:20,2026/09/27 02:58:20.734, 67, 29.95 W, 915 MHz, 6001 MHz, 96 %, 4987 MiB, 8188 MiB, P4, 0x0000000000000004
2026-09-27 02:58:30,2026/09/27 02:58:30.798, 67, 29.90 W, 1035 MHz, 6001 MHz, 100 %, 4987 MiB, 8188 MiB, P4, 0x0000000000000004
2026-09-27 02:58:40,2026/09/27 02:58:40.866, 67, 29.83 W, 1065 MHz, 6001 MHz, 100 %, 4987 MiB, 8188 MiB, P4, 0x0000000000000004
2026-09-27 02:58:50,2026/09/27 02:58:50.936, 67, 29.89 W, 930 MHz, 6001 MHz, 97 %, 4987 MiB, 8188 MiB, P4, 0x0000000000000004
2026-09-27 02:59:00,2026/09/27 02:59:00.998, 67, 30.00 W, 975 MHz, 6001 MHz, 99 %, 4987 MiB, 8188 MiB, P4, 0x0000000000000004
2026-09-27 02:59:11,2026/09/27 02:59:11.067, 67, 29.81 W, 780 MHz, 6001 MHz, 98 %, 4987 MiB, 8188 MiB, P4, 0x0000000000000004
2026-09-27 02:59:21,2026/09/27 02:59:21.132, 67, 30.04 W, 675 MHz, 6001 MHz, 100 %, 4987 MiB, 8188 MiB, P4, 0x0000000000000004
2026-09-27 02:59:31,2026/09/27 02:59:31.190, 68, 29.85 W, 855 MHz, 6001 MHz, 95 %, 4987 MiB, 8188 MiB, P4, 0x0000000000000004
2026-09-27 02:59:41,2026/09/27 02:59:41.256, 67, 29.97 W, 1020 MHz, 6001 MHz, 99 %, 4987 MiB, 8188 MiB, P4, 0x0000000000000004
2026-09-27 02:59:51,2026/09/27 02:59:51.321, 67, 29.93 W, 1275 MHz, 6001 MHz, 96 %, 4987 MiB, 8188 MiB, P4, 0x0000000000000004
2026-09-27 03:00:01,2026/09/27 03:00:01.385, 67, 29.67 W, 630 MHz, 6001 MHz, 99 %, 4987 MiB, 8188 MiB, P4, 0x0000000000000004
2026-09-27 03:00:11,2026/09/27 03:00:11.451, 67, 29.89 W, 1020 MHz, 6001 MHz, 99 %, 4987 MiB, 8188 MiB, P4, 0x0000000000000004
2026-09-27 03:00:21,2026/09/27 03:00:21.522, 67, 29.74 W, 1185 MHz, 6001 MHz, 97 %, 4987 MiB, 8188 MiB, P4, 0x0000000000000004
2026-09-27 03:00:31,2026/09/27 03:00:31.596, 67, 29.88 W, 870 MHz, 6001 MHz, 100 %, 4987 MiB, 8188 MiB, P4, 0x0000000000000004
2026-09-27 03:00:41,2026/09/27 03:00:41.666, 67, 29.85 W, 1230 MHz, 6001 MHz, 96 %, 4987 MiB, 8188 MiB, P4, 0x0000000000000004
2026-09-27 03:00:51,2026/09/27 03:00:51.724, 67, 29.95 W, 705 MHz, 6001 MHz, 96 %, 4987 MiB, 8188 MiB, P4, 0x0000000000000004
2026-09-27 03:01:01,2026/09/27 03:01:01.813, 67, 29.86 W, 1050 MHz, 6001 MHz, 100 %, 4987 MiB, 8188 MiB, P4, 0x0000000000000004
2026-09-27 03:01:11,2026/09/27 03:01:11.882, 67, 29.96 W, 885 MHz, 6001 MHz, 99 %, 4987 MiB, 8188 MiB, P4, 0x0000000000000004
2026-09-27 03:01:21,2026/09/27 03:01:21.955, 67, 29.69 W, 810 MHz, 6001 MHz, 98 %, 4987 MiB, 8188 MiB, P4, 0x0000000000000004
2026-09-27 03:01:31,2026/09/27 03:01:32.026, 67, 30.00 W, 930 MHz, 6001 MHz, 95 %, 4987 MiB, 8188 MiB, P4, 0x0000000000000004
2026-09-27 03:01:42,2026/09/27 03:01:42.088, 67, 29.86 W, 1050 MHz, 6001 MHz, 100 %, 4987 MiB, 8188 MiB, P4, 0x0000000000000004
2026-09-27 03:01:52,2026/09/27 03:01:52.159, 67, 29.68 W, 780 MHz, 6001 MHz, 97 %, 4987 MiB, 8188 MiB, P4, 0x0000000000000004
2026-09-27 03:02:02,2026/09/27 03:02:02.222, 67, 30.07 W, 1005 MHz, 6001 MHz, 100 %, 4987 MiB, 8188 MiB, P4, 0x0000000000000004
2026-09-27 03:02:12,2026/09/27 03:02:12.292, 67, 29.90 W, 945 MHz, 6001 MHz, 100 %, 4987 MiB, 8188 MiB, P4, 0x0000000000000004
2026-09-27 03:02:22,2026/09/27 03:02:22.363, 67, 29.87 W, 1065 MHz, 6001 MHz, 100 %, 4987 MiB, 8188 MiB, P4, 0x0000000000000004
2026-09-27 03:02:32,2026/09/27 03:02:32.432, 67, 29.89 W, 1170 MHz, 6001 MHz, 100 %, 4987 MiB, 8188 MiB, P4, 0x0000000000000004
2026-09-27 03:02:42,2026/09/27 03:02:42.502, 67, 29.94 W, 945 MHz, 6001 MHz, 97 %, 4987 MiB, 8188 MiB, P4, 0x0000000000000004
2026-09-27 03:02:52,2026/09/27 03:02:52.564, 67, 29.81 W, 1020 MHz, 6001 MHz, 100 %, 4987 MiB, 8188 MiB, P4, 0x0000000000000004
2026-09-27 03:03:02,2026/09/27 03:03:02.625, 67, 29.83 W, 1110 MHz, 6001 MHz, 100 %, 4987 MiB, 8188 MiB, P4, 0x0000000000000004
2026-09-27 03:03:12,2026/09/27 03:03:12.685, 67, 30.00 W, 1230 MHz, 6001 MHz, 96 %, 4987 MiB, 8188 MiB, P4, 0x0000000000000004
2026-09-27 03:03:22,2026/09/27 03:03:22.753, 67, 29.83 W, 1035 MHz, 6001 MHz, 100 %, 4987 MiB, 8188 MiB, P4, 0x0000000000000004
2026-09-27 03:03:32,2026/09/27 03:03:32.816, 67, 29.88 W, 1125 MHz, 6001 MHz, 99 %, 4987 MiB, 8188 MiB, P4, 0x0000000000000004
2026-09-27 03:03:42,2026/09/27 03:03:42.889, 67, 29.98 W, 960 MHz, 6001 MHz, 99 %, 4987 MiB, 8188 MiB, P4, 0x0000000000000004
2026-09-27 03:03:52,2026/09/27 03:03:52.962, 67, 29.91 W, 720 MHz, 6001 MHz, 96 %, 4987 MiB, 8188 MiB, P4, 0x0000000000000004
2026-09-27 03:04:02,2026/09/27 03:04:03.021, 67, 29.97 W, 1020 MHz, 6001 MHz, 99 %, 4987 MiB, 8188 MiB, P4, 0x0000000000000004
2026-09-27 03:04:13,2026/09/27 03:04:13.087, 67, 29.67 W, 1230 MHz, 6001 MHz, 95 %, 4987 MiB, 8188 MiB, P4, 0x0000000000000004
2026-09-27 03:04:23,2026/09/27 03:04:23.147, 67, 29.77 W, 870 MHz, 6001 MHz, 100 %, 4987 MiB, 8188 MiB, P4, 0x0000000000000004
2026-09-27 03:04:33,2026/09/27 03:04:33.217, 67, 29.95 W, 1020 MHz, 6001 MHz, 100 %, 4987 MiB, 8188 MiB, P4, 0x0000000000000004
2026-09-27 03:04:43,2026/09/27 03:04:43.283, 67, 29.86 W, 780 MHz, 6001 MHz, 97 %, 4987 MiB, 8188 MiB, P4, 0x0000000000000004
2026-09-27 03:04:53,2026/09/27 03:04:53.350, 67, 30.03 W, 1005 MHz, 6001 MHz, 100 %, 4987 MiB, 8188 MiB, P4, 0x0000000000000004
2026-09-27 03:05:03,2026/09/27 03:05:03.409, 67, 29.90 W, 1020 MHz, 6001 MHz, 99 %, 4987 MiB, 8188 MiB, P4, 0x0000000000000004
2026-09-27 03:05:13,2026/09/27 03:05:13.477, 66, 29.97 W, 1245 MHz, 6001 MHz, 100 %, 4987 MiB, 8188 MiB, P4, 0x0000000000000004
2026-09-27 03:05:23,2026/09/27 03:05:23.550, 64, 17.52 W, 480 MHz, 6001 MHz, 0 %, 4987 MiB, 8188 MiB, P4, 0x0000000000000024
2026-09-27 03:05:33,2026/09/27 03:05:33.615, 64, 12.87 W, 210 MHz, 6001 MHz, 0 %, 4987 MiB, 8188 MiB, P4, 0x0000000000000024
2026-09-27 03:05:43,2026/09/27 03:05:43.673, 67, 30.03 W, 480 MHz, 7001 MHz, 100 %, 4987 MiB, 8188 MiB, P3, 0x0000000000000004
2026-09-27 03:05:53,2026/09/27 03:05:53.741, 68, 29.78 W, 690 MHz, 6001 MHz, 100 %, 4987 MiB, 8188 MiB, P4, 0x0000000000000004
2026-09-27 03:06:03,2026/09/27 03:06:03.796, 67, 29.97 W, 1125 MHz, 6001 MHz, 100 %, 4987 MiB, 8188 MiB, P4, 0x0000000000000004
2026-09-27 03:06:13,2026/09/27 03:06:13.845, 67, 29.75 W, 705 MHz, 6001 MHz, 100 %, 4987 MiB, 8188 MiB, P4, 0x0000000000000004
2026-09-27 03:06:23,2026/09/27 03:06:23.892, 67, 29.95 W, 1095 MHz, 6001 MHz, 100 %, 4987 MiB, 8188 MiB, P4, 0x0000000000000004
2026-09-27 03:06:33,2026/09/27 03:06:33.942, 67, 30.12 W, 600 MHz, 6001 MHz, 100 %, 4987 MiB, 8188 MiB, P4, 0x0000000000000004
2026-09-27 03:06:43,2026/09/27 03:06:43.992, 67, 29.81 W, 1125 MHz, 6001 MHz, 100 %, 4987 MiB, 8188 MiB, P4, 0x0000000000000004
2026-09-27 03:06:54,2026/09/27 03:06:54.044, 67, 30.22 W, 1080 MHz, 6001 MHz, 100 %, 4987 MiB, 8188 MiB, P4, 0x0000000000000004
2026-09-27 03:07:04,2026/09/27 03:07:04.092, 67, 30.03 W, 1110 MHz, 6001 MHz, 100 %, 4987 MiB, 8188 MiB, P4, 0x0000000000000004
2026-09-27 03:07:14,2026/09/27 03:07:14.140, 67, 30.01 W, 1110 MHz, 6001 MHz, 100 %, 4987 MiB, 8188 MiB, P4, 0x0000000000000004
2026-09-27 03:07:24,2026/09/27 03:07:24.187, 67, 30.06 W, 645 MHz, 6001 MHz, 100 %, 4987 MiB, 8188 MiB, P4, 0x0000000000000004
2026-09-27 03:07:34,2026/09/27 03:07:34.233, 67, 29.60 W, 1110 MHz, 6001 MHz, 100 %, 4987 MiB, 8188 MiB, P4, 0x0000000000000004
2026-09-27 03:07:44,2026/09/27 03:07:44.277, 67, 30.14 W, 675 MHz, 6001 MHz, 100 %, 4987 MiB, 8188 MiB, P4, 0x0000000000000004
2026-09-27 03:07:54,2026/09/27 03:07:54.324, 67, 29.81 W, 1065 MHz, 6001 MHz, 100 %, 4987 MiB, 8188 MiB, P4, 0x0000000000000004
2026-09-27 03:08:04,2026/09/27 03:08:04.376, 67, 29.97 W, 915 MHz, 6001 MHz, 96 %, 4987 MiB, 8188 MiB, P4, 0x0000000000000004
2026-09-27 03:08:14,2026/09/27 03:08:14.433, 67, 29.91 W, 945 MHz, 6001 MHz, 96 %, 4987 MiB, 8188 MiB, P4, 0x0000000000000004
2026-09-27 03:08:24,2026/09/27 03:08:24.505, 67, 29.87 W, 855 MHz, 6001 MHz, 100 %, 4987 MiB, 8188 MiB, P4, 0x0000000000000004
2026-09-27 03:08:34,2026/09/27 03:08:34.570, 67, 29.93 W, 945 MHz, 6001 MHz, 96 %, 4987 MiB, 8188 MiB, P4, 0x0000000000000004
2026-09-27 03:08:44,2026/09/27 03:08:44.617, 67, 29.91 W, 870 MHz, 6001 MHz, 100 %, 4987 MiB, 8188 MiB, P4, 0x0000000000000004
2026-09-27 03:08:54,2026/09/27 03:08:54.669, 67, 29.91 W, 870 MHz, 6001 MHz, 100 %, 4987 MiB, 8188 MiB, P4, 0x0000000000000004
2026-09-27 03:09:04,2026/09/27 03:09:04.731, 67, 29.97 W, 930 MHz, 6001 MHz, 94 %, 4987 MiB, 8188 MiB, P4, 0x0000000000000004
2026-09-27 03:09:14,2026/09/27 03:09:14.793, 67, 29.99 W, 795 MHz, 6001 MHz, 100 %, 4987 MiB, 8188 MiB, P4, 0x0000000000000004
2026-09-27 03:09:24,2026/09/27 03:09:24.857, 67, 29.96 W, 885 MHz, 6001 MHz, 100 %, 4987 MiB, 8188 MiB, P4, 0x0000000000000004
2026-09-27 03:09:34,2026/09/27 03:09:34.917, 67, 29.93 W, 870 MHz, 6001 MHz, 100 %, 4987 MiB, 8188 MiB, P4, 0x0000000000000004
2026-09-27 03:09:44,2026/09/27 03:09:44.978, 67, 30.00 W, 840 MHz, 6001 MHz, 100 %, 4987 MiB, 8188 MiB, P4, 0x0000000000000004
2026-09-27 03:09:55,2026/09/27 03:09:55.050, 67, 29.89 W, 915 MHz, 6001 MHz, 96 %, 4987 MiB, 8188 MiB, P4, 0x0000000000000004
2026-09-27 03:10:05,2026/09/27 03:10:05.122, 67, 29.97 W, 855 MHz, 6001 MHz, 100 %, 4987 MiB, 8188 MiB, P4, 0x0000000000000004
2026-09-27 03:10:15,2026/09/27 03:10:15.189, 67, 29.85 W, 840 MHz, 6001 MHz, 98 %, 4987 MiB, 8188 MiB, P4, 0x0000000000000004
2026-09-27 03:10:25,2026/09/27 03:10:25.258, 67, 29.93 W, 1020 MHz, 6001 MHz, 100 %, 4987 MiB, 8188 MiB, P4, 0x0000000000000004
2026-09-27 03:10:35,2026/09/27 03:10:35.310, 67, 29.93 W, 885 MHz, 6001 MHz, 100 %, 4987 MiB, 8188 MiB, P4, 0x0000000000000004
2026-09-27 03:10:45,2026/09/27 03:10:45.382, 67, 29.94 W, 870 MHz, 6001 MHz, 100 %, 4987 MiB, 8188 MiB, P4, 0x0000000000000004
2026-09-27 03:10:55,2026/09/27 03:10:55.443, 67, 29.93 W, 810 MHz, 6001 MHz, 100 %, 4987 MiB, 8188 MiB, P4, 0x0000000000000004
2026-09-27 03:11:05,2026/09/27 03:11:05.510, 67, 30.01 W, 825 MHz, 6001 MHz, 100 %, 4987 MiB, 8188 MiB, P4, 0x0000000000000004
2026-09-27 03:11:15,2026/09/27 03:11:15.579, 67, 29.89 W, 825 MHz, 6001 MHz, 100 %, 4987 MiB, 8188 MiB, P4, 0x0000000000000004
2026-09-27 03:11:25,2026/09/27 03:11:25.642, 67, 29.93 W, 960 MHz, 6001 MHz, 95 %, 4987 MiB, 8188 MiB, P4, 0x0000000000000004
2026-09-27 03:11:35,2026/09/27 03:11:35.691, 67, 29.86 W, 870 MHz, 6001 MHz, 92 %, 4987 MiB, 8188 MiB, P4, 0x0000000000000004
2026-09-27 03:11:45,2026/09/27 03:11:45.758, 67, 29.85 W, 900 MHz, 6001 MHz, 100 %, 4987 MiB, 8188 MiB, P4, 0x0000000000000004
2026-09-27 03:11:55,2026/09/27 03:11:55.823, 67, 29.94 W, 900 MHz, 6001 MHz, 96 %, 4987 MiB, 8188 MiB, P4, 0x0000000000000004
2026-09-27 03:12:05,2026/09/27 03:12:05.883, 67, 29.91 W, 885 MHz, 6001 MHz, 100 %, 4987 MiB, 8188 MiB, P4, 0x0000000000000004
2026-09-27 03:12:15,2026/09/27 03:12:15.954, 67, 29.93 W, 885 MHz, 6001 MHz, 100 %, 4987 MiB, 8188 MiB, P4, 0x0000000000000004
2026-09-27 03:12:25,2026/09/27 03:12:26.025, 67, 29.90 W, 780 MHz, 6001 MHz, 100 %, 4987 MiB, 8188 MiB, P4, 0x0000000000000004
2026-09-27 03:12:36,2026/09/27 03:12:36.088, 67, 30.08 W, 960 MHz, 6001 MHz, 100 %, 4987 MiB, 8188 MiB, P4, 0x0000000000000004
2026-09-27 03:12:46,2026/09/27 03:12:46.133, 67, 29.87 W, 885 MHz, 6001 MHz, 100 %, 4987 MiB, 8188 MiB, P4, 0x0000000000000004
2026-09-27 03:12:56,2026/09/27 03:12:56.196, 67, 29.97 W, 900 MHz, 6001 MHz, 95 %, 4987 MiB, 8188 MiB, P4, 0x0000000000000004
2026-09-27 03:13:06,2026/09/27 03:13:06.266, 67, 29.94 W, 795 MHz, 6001 MHz, 100 %, 4987 MiB, 8188 MiB, P4, 0x0000000000000004
2026-09-27 03:13:16,2026/09/27 03:13:16.324, 67, 29.83 W, 930 MHz, 6001 MHz, 100 %, 4987 MiB, 8188 MiB, P4, 0x0000000000000004
2026-09-27 03:13:26,2026/09/27 03:13:26.391, 67, 29.96 W, 765 MHz, 6001 MHz, 100 %, 4987 MiB, 8188 MiB, P4, 0x0000000000000004
2026-09-27 03:13:36,2026/09/27 03:13:36.446, 67, 29.83 W, 855 MHz, 6001 MHz, 95 %, 4987 MiB, 8188 MiB, P4, 0x0000000000000004
2026-09-27 03:13:46,2026/09/27 03:13:46.503, 67, 29.97 W, 1215 MHz, 6001 MHz, 100 %, 4987 MiB, 8188 MiB, P4, 0x0000000000000004
2026-09-27 03:13:56,2026/09/27 03:13:56.573, 67, 29.91 W, 855 MHz, 6001 MHz, 100 %, 4987 MiB, 8188 MiB, P4, 0x0000000000000004
2026-09-27 03:14:06,2026/09/27 03:14:06.640, 67, 29.96 W, 810 MHz, 6001 MHz, 93 %, 4987 MiB, 8188 MiB, P4, 0x0000000000000004
2026-09-27 03:14:16,2026/09/27 03:14:16.712, 67, 29.95 W, 735 MHz, 6001 MHz, 96 %, 4987 MiB, 8188 MiB, P4, 0x0000000000000004
2026-09-27 03:14:26,2026/09/27 03:14:26.782, 67, 29.87 W, 885 MHz, 6001 MHz, 96 %, 4987 MiB, 8188 MiB, P4, 0x0000000000000004
2026-09-27 03:14:36,2026/09/27 03:14:36.851, 67, 29.90 W, 840 MHz, 6001 MHz, 100 %, 4987 MiB, 8188 MiB, P4, 0x0000000000000004
2026-09-27 03:14:46,2026/09/27 03:14:46.896, 67, 29.93 W, 945 MHz, 6001 MHz, 100 %, 4987 MiB, 8188 MiB, P4, 0x0000000000000004
2026-09-27 03:14:56,2026/09/27 03:14:56.957, 67, 29.85 W, 930 MHz, 6001 MHz, 100 %, 4987 MiB, 8188 MiB, P4, 0x0000000000000004
2026-09-27 03:15:06,2026/09/27 03:15:07.026, 66, 30.05 W, 990 MHz, 6001 MHz, 92 %, 4987 MiB, 8188 MiB, P4, 0x0000000000000004
2026-09-27 03:15:17,2026/09/27 03:15:17.087, 67, 29.94 W, 855 MHz, 6001 MHz, 100 %, 4987 MiB, 8188 MiB, P4, 0x0000000000000004
2026-09-27 03:15:27,2026/09/27 03:15:27.154, 67, 29.95 W, 795 MHz, 6001 MHz, 100 %, 4987 MiB, 8188 MiB, P4, 0x0000000000000004
2026-09-27 03:15:37,2026/09/27 03:15:37.217, 67, 29.80 W, 975 MHz, 6001 MHz, 96 %, 4987 MiB, 8188 MiB, P4, 0x0000000000000004
2026-09-27 03:15:47,2026/09/27 03:15:47.263, 67, 29.92 W, 885 MHz, 6001 MHz, 100 %, 4987 MiB, 8188 MiB, P4, 0x0000000000000004
2026-09-27 03:15:57,2026/09/27 03:15:57.334, 67, 29.71 W, 900 MHz, 6001 MHz, 100 %, 4987 MiB, 8188 MiB, P4, 0x0000000000000004
2026-09-27 03:16:07,2026/09/27 03:16:07.406, 65, 25.33 W, 1800 MHz, 6001 MHz, 0 %, 4987 MiB, 8188 MiB, P4, 0x0000000000000024
2026-09-27 03:16:17,2026/09/27 03:16:17.470, 64, 12.91 W, 210 MHz, 6001 MHz, 0 %, 4987 MiB, 8188 MiB, P4, 0x0000000000000001
2026-09-27 03:16:27,2026/09/27 03:16:27.538, 80, 85.50 W, 2295 MHz, 8001 MHz, 90 %, 4987 MiB, 8188 MiB, P0, 0x0000000000000020
2026-09-27 03:16:37,2026/09/27 03:16:37.612, 68, 30.02 W, 975 MHz, 6001 MHz, 99 %, 4987 MiB, 8188 MiB, P4, 0x0000000000000004
2026-09-27 03:16:47,2026/09/27 03:16:47.675, 68, 29.79 W, 975 MHz, 6001 MHz, 94 %, 4987 MiB, 8188 MiB, P4, 0x0000000000000004
2026-09-27 03:16:57,2026/09/27 03:16:57.739, 67, 29.96 W, 780 MHz, 6001 MHz, 100 %, 4987 MiB, 8188 MiB, P4, 0x0000000000000004
2026-09-27 03:17:07,2026/09/27 03:17:07.811, 67, 29.87 W, 960 MHz, 6001 MHz, 99 %, 4987 MiB, 8188 MiB, P4, 0x0000000000000004
2026-09-27 03:17:17,2026/09/27 03:17:17.871, 67, 30.01 W, 915 MHz, 6001 MHz, 100 %, 4987 MiB, 8188 MiB, P4, 0x0000000000000004
2026-09-27 03:17:27,2026/09/27 03:17:27.944, 67, 29.95 W, 885 MHz, 6001 MHz, 99 %, 4987 MiB, 8188 MiB, P4, 0x0000000000000004
2026-09-27 03:17:37,2026/09/27 03:17:38.008, 67, 29.85 W, 900 MHz, 6001 MHz, 100 %, 4987 MiB, 8188 MiB, P4, 0x0000000000000004
2026-09-27 03:17:48,2026/09/27 03:17:48.082, 67, 29.76 W, 930 MHz, 6001 MHz, 92 %, 4987 MiB, 8188 MiB, P4, 0x0000000000000004
2026-09-27 03:17:58,2026/09/27 03:17:58.154, 67, 29.99 W, 810 MHz, 6001 MHz, 99 %, 4987 MiB, 8188 MiB, P4, 0x0000000000000004
2026-09-27 03:18:08,2026/09/27 03:18:08.223, 67, 29.99 W, 900 MHz, 6001 MHz, 100 %, 4987 MiB, 8188 MiB, P4, 0x0000000000000004
2026-09-27 03:18:18,2026/09/27 03:18:18.293, 67, 29.90 W, 840 MHz, 6001 MHz, 99 %, 4987 MiB, 8188 MiB, P4, 0x0000000000000004
2026-09-27 03:18:28,2026/09/27 03:18:28.356, 67, 30.01 W, 915 MHz, 6001 MHz, 100 %, 4987 MiB, 8188 MiB, P4, 0x0000000000000004
2026-09-27 03:18:38,2026/09/27 03:18:38.417, 67, 29.97 W, 990 MHz, 6001 MHz, 99 %, 4987 MiB, 8188 MiB, P4, 0x0000000000000004
2026-09-27 03:18:48,2026/09/27 03:18:48.484, 67, 29.88 W, 825 MHz, 6001 MHz, 99 %, 4987 MiB, 8188 MiB, P4, 0x0000000000000004
2026-09-27 03:18:58,2026/09/27 03:18:58.548, 67, 29.86 W, 1020 MHz, 6001 MHz, 93 %, 4987 MiB, 8188 MiB, P4, 0x0000000000000004
2026-09-27 03:19:08,2026/09/27 03:19:08.609, 67, 29.94 W, 810 MHz, 6001 MHz, 100 %, 4987 MiB, 8188 MiB, P4, 0x0000000000000004
2026-09-27 03:19:18,2026/09/27 03:19:18.679, 67, 29.99 W, 885 MHz, 6001 MHz, 99 %, 4987 MiB, 8188 MiB, P4, 0x0000000000000004
2026-09-27 03:19:28,2026/09/27 03:19:28.741, 67, 29.94 W, 945 MHz, 6001 MHz, 100 %, 4987 MiB, 8188 MiB, P4, 0x0000000000000004
2026-09-27 03:19:38,2026/09/27 03:19:38.893, 65, 18.89 W, 2370 MHz, 6001 MHz, 0 %, 0 MiB, 8188 MiB, P4, 0x0000000000000024
2026-09-27 03:19:48,2026/09/27 03:19:50.470, 64, 21.70 W, 2370 MHz, 8001 MHz, 0 %, 0 MiB, 8188 MiB, P0, 0x0000000000000004
